ISO-10303-21;
HEADER;
FILE_DESCRIPTION(('FreeCAD Model'),'2;1');
FILE_NAME('Open CASCADE Shape Model','2023-03-22T16:29:41',(''),(''),
  'Open CASCADE STEP processor 7.6','FreeCAD','Unknown');
FILE_SCHEMA(('AUTOMOTIVE_DESIGN { 1 0 10303 214 1 1 1 1 }'));
ENDSEC;
DATA;
#1 = APPLICATION_PROTOCOL_DEFINITION('international standard',
  'automotive_design',2000,#2);
#2 = APPLICATION_CONTEXT(
  'core data for automotive mechanical design processes');
#3 = SHAPE_DEFINITION_REPRESENTATION(#4,#10);
#4 = PRODUCT_DEFINITION_SHAPE('','',#5);
#5 = PRODUCT_DEFINITION('design','',#6,#9);
#6 = PRODUCT_DEFINITION_FORMATION('','',#7);
#7 = PRODUCT('Fillet','Fillet','',(#8));
#8 = PRODUCT_CONTEXT('',#2,'mechanical');
#9 = PRODUCT_DEFINITION_CONTEXT('part definition',#2,'design');
#10 = ADVANCED_BREP_SHAPE_REPRESENTATION('',(#11,#15),#6865);
#11 = AXIS2_PLACEMENT_3D('',#12,#13,#14);
#12 = CARTESIAN_POINT('',(0.,0.,0.));
#13 = DIRECTION('',(0.,0.,1.));
#14 = DIRECTION('',(1.,0.,-0.));
#15 = MANIFOLD_SOLID_BREP('',#16);
#16 = CLOSED_SHELL('',(#17,#295,#465,#518,#623,#744,#951,#1833,#1938,
    #2118,#2145,#2172,#2254,#2447,#2539,#2646,#2673,#2751,#2904,#2980,
    #3030,#3079,#3106,#3182,#3231,#3280,#3307,#3383,#3432,#3481,#3508,
    #3563,#3639,#3689,#3738,#3765,#3842,#3891,#3940,#3967,#4043,#4092,
    #4141,#4168,#4244,#4293,#4342,#4370,#4509,#4650,#4757,#4784,#4835,
    #5212,#5239,#5361,#5368,#5460,#5517,#5574,#5581,#5588,#5595,#5599,
    #5606,#5613,#5620,#5627,#5654,#5661,#5716,#5771,#5826,#5881,#5936,
    #5991,#6046,#6101,#6156,#6211,#6238,#6245,#6303,#6361,#6419,#6477,
    #6535,#6593,#6651,#6709,#6767,#6825,#6829,#6833,#6837,#6841,#6845,
    #6849,#6853,#6857,#6861));
#17 = ADVANCED_FACE('',(#18),#32,.T.);
#18 = FACE_BOUND('',#19,.T.);
#19 = EDGE_LOOP('',(#20,#55,#78,#106,#134,#162,#190,#218,#246,#269));
#20 = ORIENTED_EDGE('',*,*,#21,.F.);
#21 = EDGE_CURVE('',#22,#24,#26,.T.);
#22 = VERTEX_POINT('',#23);
#23 = CARTESIAN_POINT('',(-4.8,9.5,1.));
#24 = VERTEX_POINT('',#25);
#25 = CARTESIAN_POINT('',(-4.75,9.5,1.1));
#26 = SURFACE_CURVE('',#27,(#31,#43),.PCURVE_S1.);
#27 = LINE('',#28,#29);
#28 = CARTESIAN_POINT('',(-5.4,9.5,-0.2));
#29 = VECTOR('',#30,1.);
#30 = DIRECTION('',(0.4472135955,-0.,0.894427191));
#31 = PCURVE('',#32,#37);
#32 = PLANE('',#33);
#33 = AXIS2_PLACEMENT_3D('',#34,#35,#36);
#34 = CARTESIAN_POINT('',(-6.3,9.5,0.));
#35 = DIRECTION('',(0.,1.,0.));
#36 = DIRECTION('',(1.,0.,0.));
#37 = DEFINITIONAL_REPRESENTATION('',(#38),#42);
#38 = LINE('',#39,#40);
#39 = CARTESIAN_POINT('',(0.9,0.2));
#40 = VECTOR('',#41,1.);
#41 = DIRECTION('',(0.4472135955,-0.894427191));
#42 = ( GEOMETRIC_REPRESENTATION_CONTEXT(2) 
PARAMETRIC_REPRESENTATION_CONTEXT() REPRESENTATION_CONTEXT('2D SPACE',''
  ) );
#43 = PCURVE('',#44,#49);
#44 = PLANE('',#45);
#45 = AXIS2_PLACEMENT_3D('',#46,#47,#48);
#46 = CARTESIAN_POINT('',(-5.3,-9.5,0.));
#47 = DIRECTION('',(0.894427191,-9.930136612989E-17,-0.4472135955));
#48 = DIRECTION('',(0.4472135955,1.986027322598E-16,0.894427191));
#49 = DEFINITIONAL_REPRESENTATION('',(#50),#54);
#50 = LINE('',#51,#52);
#51 = CARTESIAN_POINT('',(-0.22360679775,-19.));
#52 = VECTOR('',#53,1.);
#53 = DIRECTION('',(1.,1.986027322598E-16));
#54 = ( GEOMETRIC_REPRESENTATION_CONTEXT(2) 
PARAMETRIC_REPRESENTATION_CONTEXT() REPRESENTATION_CONTEXT('2D SPACE',''
  ) );
#55 = ORIENTED_EDGE('',*,*,#56,.F.);
#56 = EDGE_CURVE('',#57,#22,#59,.T.);
#57 = VERTEX_POINT('',#58);
#58 = CARTESIAN_POINT('',(-5.3,9.5,-4.218847493576E-15));
#59 = SURFACE_CURVE('',#60,(#64,#71),.PCURVE_S1.);
#60 = LINE('',#61,#62);
#61 = CARTESIAN_POINT('',(-5.3,9.5,-4.218847493576E-15));
#62 = VECTOR('',#63,1.);
#63 = DIRECTION('',(0.4472135955,1.986027322598E-16,0.894427191));
#64 = PCURVE('',#32,#65);
#65 = DEFINITIONAL_REPRESENTATION('',(#66),#70);
#66 = LINE('',#67,#68);
#67 = CARTESIAN_POINT('',(1.,4.218847493576E-15));
#68 = VECTOR('',#69,1.);
#69 = DIRECTION('',(0.4472135955,-0.894427191));
#70 = ( GEOMETRIC_REPRESENTATION_CONTEXT(2) 
PARAMETRIC_REPRESENTATION_CONTEXT() REPRESENTATION_CONTEXT('2D SPACE',''
  ) );
#71 = PCURVE('',#44,#72);
#72 = DEFINITIONAL_REPRESENTATION('',(#73),#77);
#73 = LINE('',#74,#75);
#74 = CARTESIAN_POINT('',(0.,-19.));
#75 = VECTOR('',#76,1.);
#76 = DIRECTION('',(1.,0.));
#77 = ( GEOMETRIC_REPRESENTATION_CONTEXT(2) 
PARAMETRIC_REPRESENTATION_CONTEXT() REPRESENTATION_CONTEXT('2D SPACE',''
  ) );
#78 = ORIENTED_EDGE('',*,*,#79,.F.);
#79 = EDGE_CURVE('',#80,#57,#82,.T.);
#80 = VERTEX_POINT('',#81);
#81 = CARTESIAN_POINT('',(-6.3,9.5,0.));
#82 = SURFACE_CURVE('',#83,(#87,#94),.PCURVE_S1.);
#83 = LINE('',#84,#85);
#84 = CARTESIAN_POINT('',(-6.3,9.5,0.));
#85 = VECTOR('',#86,1.);
#86 = DIRECTION('',(1.,0.,0.));
#87 = PCURVE('',#32,#88);
#88 = DEFINITIONAL_REPRESENTATION('',(#89),#93);
#89 = LINE('',#90,#91);
#90 = CARTESIAN_POINT('',(0.,0.));
#91 = VECTOR('',#92,1.);
#92 = DIRECTION('',(1.,0.));
#93 = ( GEOMETRIC_REPRESENTATION_CONTEXT(2) 
PARAMETRIC_REPRESENTATION_CONTEXT() REPRESENTATION_CONTEXT('2D SPACE',''
  ) );
#94 = PCURVE('',#95,#100);
#95 = PLANE('',#96);
#96 = AXIS2_PLACEMENT_3D('',#97,#98,#99);
#97 = CARTESIAN_POINT('',(1.798842369013E-15,0.,0.));
#98 = DIRECTION('',(0.,0.,1.));
#99 = DIRECTION('',(1.,0.,0.));
#100 = DEFINITIONAL_REPRESENTATION('',(#101),#105);
#101 = LINE('',#102,#103);
#102 = CARTESIAN_POINT('',(-6.3,9.5));
#103 = VECTOR('',#104,1.);
#104 = DIRECTION('',(1.,0.));
#105 = ( GEOMETRIC_REPRESENTATION_CONTEXT(2) 
PARAMETRIC_REPRESENTATION_CONTEXT() REPRESENTATION_CONTEXT('2D SPACE',''
  ) );
#106 = ORIENTED_EDGE('',*,*,#107,.T.);
#107 = EDGE_CURVE('',#80,#108,#110,.T.);
#108 = VERTEX_POINT('',#109);
#109 = CARTESIAN_POINT('',(-6.3,9.5,8.));
#110 = SURFACE_CURVE('',#111,(#115,#122),.PCURVE_S1.);
#111 = LINE('',#112,#113);
#112 = CARTESIAN_POINT('',(-6.3,9.5,0.));
#113 = VECTOR('',#114,1.);
#114 = DIRECTION('',(0.,0.,1.));
#115 = PCURVE('',#32,#116);
#116 = DEFINITIONAL_REPRESENTATION('',(#117),#121);
#117 = LINE('',#118,#119);
#118 = CARTESIAN_POINT('',(0.,0.));
#119 = VECTOR('',#120,1.);
#120 = DIRECTION('',(0.,-1.));
#121 = ( GEOMETRIC_REPRESENTATION_CONTEXT(2) 
PARAMETRIC_REPRESENTATION_CONTEXT() REPRESENTATION_CONTEXT('2D SPACE',''
  ) );
#122 = PCURVE('',#123,#128);
#123 = PLANE('',#124);
#124 = AXIS2_PLACEMENT_3D('',#125,#126,#127);
#125 = CARTESIAN_POINT('',(-6.3,-9.5,0.));
#126 = DIRECTION('',(-1.,0.,0.));
#127 = DIRECTION('',(0.,1.,0.));
#128 = DEFINITIONAL_REPRESENTATION('',(#129),#133);
#129 = LINE('',#130,#131);
#130 = CARTESIAN_POINT('',(19.,0.));
#131 = VECTOR('',#132,1.);
#132 = DIRECTION('',(0.,-1.));
#133 = ( GEOMETRIC_REPRESENTATION_CONTEXT(2) 
PARAMETRIC_REPRESENTATION_CONTEXT() REPRESENTATION_CONTEXT('2D SPACE',''
  ) );
#134 = ORIENTED_EDGE('',*,*,#135,.T.);
#135 = EDGE_CURVE('',#108,#136,#138,.T.);
#136 = VERTEX_POINT('',#137);
#137 = CARTESIAN_POINT('',(6.3,9.5,8.));
#138 = SURFACE_CURVE('',#139,(#143,#150),.PCURVE_S1.);
#139 = LINE('',#140,#141);
#140 = CARTESIAN_POINT('',(-6.3,9.5,8.));
#141 = VECTOR('',#142,1.);
#142 = DIRECTION('',(1.,0.,0.));
#143 = PCURVE('',#32,#144);
#144 = DEFINITIONAL_REPRESENTATION('',(#145),#149);
#145 = LINE('',#146,#147);
#146 = CARTESIAN_POINT('',(0.,-8.));
#147 = VECTOR('',#148,1.);
#148 = DIRECTION('',(1.,0.));
#149 = ( GEOMETRIC_REPRESENTATION_CONTEXT(2) 
PARAMETRIC_REPRESENTATION_CONTEXT() REPRESENTATION_CONTEXT('2D SPACE',''
  ) );
#150 = PCURVE('',#151,#156);
#151 = PLANE('',#152);
#152 = AXIS2_PLACEMENT_3D('',#153,#154,#155);
#153 = CARTESIAN_POINT('',(1.798842369013E-15,0.,8.));
#154 = DIRECTION('',(0.,0.,1.));
#155 = DIRECTION('',(1.,0.,0.));
#156 = DEFINITIONAL_REPRESENTATION('',(#157),#161);
#157 = LINE('',#158,#159);
#158 = CARTESIAN_POINT('',(-6.3,9.5));
#159 = VECTOR('',#160,1.);
#160 = DIRECTION('',(1.,0.));
#161 = ( GEOMETRIC_REPRESENTATION_CONTEXT(2) 
PARAMETRIC_REPRESENTATION_CONTEXT() REPRESENTATION_CONTEXT('2D SPACE',''
  ) );
#162 = ORIENTED_EDGE('',*,*,#163,.F.);
#163 = EDGE_CURVE('',#164,#136,#166,.T.);
#164 = VERTEX_POINT('',#165);
#165 = CARTESIAN_POINT('',(6.3,9.5,0.));
#166 = SURFACE_CURVE('',#167,(#171,#178),.PCURVE_S1.);
#167 = LINE('',#168,#169);
#168 = CARTESIAN_POINT('',(6.3,9.5,0.));
#169 = VECTOR('',#170,1.);
#170 = DIRECTION('',(0.,0.,1.));
#171 = PCURVE('',#32,#172);
#172 = DEFINITIONAL_REPRESENTATION('',(#173),#177);
#173 = LINE('',#174,#175);
#174 = CARTESIAN_POINT('',(12.6,0.));
#175 = VECTOR('',#176,1.);
#176 = DIRECTION('',(0.,-1.));
#177 = ( GEOMETRIC_REPRESENTATION_CONTEXT(2) 
PARAMETRIC_REPRESENTATION_CONTEXT() REPRESENTATION_CONTEXT('2D SPACE',''
  ) );
#178 = PCURVE('',#179,#184);
#179 = PLANE('',#180);
#180 = AXIS2_PLACEMENT_3D('',#181,#182,#183);
#181 = CARTESIAN_POINT('',(6.3,9.5,0.));
#182 = DIRECTION('',(1.,0.,0.));
#183 = DIRECTION('',(0.,-1.,0.));
#184 = DEFINITIONAL_REPRESENTATION('',(#185),#189);
#185 = LINE('',#186,#187);
#186 = CARTESIAN_POINT('',(0.,0.));
#187 = VECTOR('',#188,1.);
#188 = DIRECTION('',(0.,-1.));
#189 = ( GEOMETRIC_REPRESENTATION_CONTEXT(2) 
PARAMETRIC_REPRESENTATION_CONTEXT() REPRESENTATION_CONTEXT('2D SPACE',''
  ) );
#190 = ORIENTED_EDGE('',*,*,#191,.F.);
#191 = EDGE_CURVE('',#192,#164,#194,.T.);
#192 = VERTEX_POINT('',#193);
#193 = CARTESIAN_POINT('',(5.3,9.5,-4.218847493576E-15));
#194 = SURFACE_CURVE('',#195,(#199,#206),.PCURVE_S1.);
#195 = LINE('',#196,#197);
#196 = CARTESIAN_POINT('',(-6.3,9.5,0.));
#197 = VECTOR('',#198,1.);
#198 = DIRECTION('',(1.,0.,0.));
#199 = PCURVE('',#32,#200);
#200 = DEFINITIONAL_REPRESENTATION('',(#201),#205);
#201 = LINE('',#202,#203);
#202 = CARTESIAN_POINT('',(0.,0.));
#203 = VECTOR('',#204,1.);
#204 = DIRECTION('',(1.,0.));
#205 = ( GEOMETRIC_REPRESENTATION_CONTEXT(2) 
PARAMETRIC_REPRESENTATION_CONTEXT() REPRESENTATION_CONTEXT('2D SPACE',''
  ) );
#206 = PCURVE('',#207,#212);
#207 = PLANE('',#208);
#208 = AXIS2_PLACEMENT_3D('',#209,#210,#211);
#209 = CARTESIAN_POINT('',(1.798842369013E-15,0.,0.));
#210 = DIRECTION('',(0.,0.,1.));
#211 = DIRECTION('',(1.,0.,0.));
#212 = DEFINITIONAL_REPRESENTATION('',(#213),#217);
#213 = LINE('',#214,#215);
#214 = CARTESIAN_POINT('',(-6.3,9.5));
#215 = VECTOR('',#216,1.);
#216 = DIRECTION('',(1.,0.));
#217 = ( GEOMETRIC_REPRESENTATION_CONTEXT(2) 
PARAMETRIC_REPRESENTATION_CONTEXT() REPRESENTATION_CONTEXT('2D SPACE',''
  ) );
#218 = ORIENTED_EDGE('',*,*,#219,.F.);
#219 = EDGE_CURVE('',#220,#192,#222,.T.);
#220 = VERTEX_POINT('',#221);
#221 = CARTESIAN_POINT('',(4.8,9.5,1.));
#222 = SURFACE_CURVE('',#223,(#227,#234),.PCURVE_S1.);
#223 = LINE('',#224,#225);
#224 = CARTESIAN_POINT('',(4.8,9.5,1.));
#225 = VECTOR('',#226,1.);
#226 = DIRECTION('',(0.4472135955,-1.986027322598E-16,-0.894427191));
#227 = PCURVE('',#32,#228);
#228 = DEFINITIONAL_REPRESENTATION('',(#229),#233);
#229 = LINE('',#230,#231);
#230 = CARTESIAN_POINT('',(11.1,-1.));
#231 = VECTOR('',#232,1.);
#232 = DIRECTION('',(0.4472135955,0.894427191));
#233 = ( GEOMETRIC_REPRESENTATION_CONTEXT(2) 
PARAMETRIC_REPRESENTATION_CONTEXT() REPRESENTATION_CONTEXT('2D SPACE',''
  ) );
#234 = PCURVE('',#235,#240);
#235 = PLANE('',#236);
#236 = AXIS2_PLACEMENT_3D('',#237,#238,#239);
#237 = CARTESIAN_POINT('',(4.8,-9.5,1.));
#238 = DIRECTION('',(-0.894427191,-9.930136612989E-17,-0.4472135955));
#239 = DIRECTION('',(0.4472135955,-1.986027322598E-16,-0.894427191));
#240 = DEFINITIONAL_REPRESENTATION('',(#241),#245);
#241 = LINE('',#242,#243);
#242 = CARTESIAN_POINT('',(0.,-19.));
#243 = VECTOR('',#244,1.);
#244 = DIRECTION('',(1.,0.));
#245 = ( GEOMETRIC_REPRESENTATION_CONTEXT(2) 
PARAMETRIC_REPRESENTATION_CONTEXT() REPRESENTATION_CONTEXT('2D SPACE',''
  ) );
#246 = ORIENTED_EDGE('',*,*,#247,.T.);
#247 = EDGE_CURVE('',#220,#248,#250,.T.);
#248 = VERTEX_POINT('',#249);
#249 = CARTESIAN_POINT('',(4.75,9.5,1.1));
#250 = SURFACE_CURVE('',#251,(#255,#262),.PCURVE_S1.);
#251 = LINE('',#252,#253);
#252 = CARTESIAN_POINT('',(3.89,9.5,2.82));
#253 = VECTOR('',#254,1.);
#254 = DIRECTION('',(-0.4472135955,0.,0.894427191));
#255 = PCURVE('',#32,#256);
#256 = DEFINITIONAL_REPRESENTATION('',(#257),#261);
#257 = LINE('',#258,#259);
#258 = CARTESIAN_POINT('',(10.19,-2.82));
#259 = VECTOR('',#260,1.);
#260 = DIRECTION('',(-0.4472135955,-0.894427191));
#261 = ( GEOMETRIC_REPRESENTATION_CONTEXT(2) 
PARAMETRIC_REPRESENTATION_CONTEXT() REPRESENTATION_CONTEXT('2D SPACE',''
  ) );
#262 = PCURVE('',#235,#263);
#263 = DEFINITIONAL_REPRESENTATION('',(#264),#268);
#264 = LINE('',#265,#266);
#265 = CARTESIAN_POINT('',(-2.034821859525,-19.));
#266 = VECTOR('',#267,1.);
#267 = DIRECTION('',(-1.,1.986027322598E-16));
#268 = ( GEOMETRIC_REPRESENTATION_CONTEXT(2) 
PARAMETRIC_REPRESENTATION_CONTEXT() REPRESENTATION_CONTEXT('2D SPACE',''
  ) );
#269 = ORIENTED_EDGE('',*,*,#270,.F.);
#270 = EDGE_CURVE('',#24,#248,#271,.T.);
#271 = SURFACE_CURVE('',#272,(#276,#283),.PCURVE_S1.);
#272 = LINE('',#273,#274);
#273 = CARTESIAN_POINT('',(-4.8,9.5,1.1));
#274 = VECTOR('',#275,1.);
#275 = DIRECTION('',(1.,0.,0.));
#276 = PCURVE('',#32,#277);
#277 = DEFINITIONAL_REPRESENTATION('',(#278),#282);
#278 = LINE('',#279,#280);
#279 = CARTESIAN_POINT('',(1.5,-1.1));
#280 = VECTOR('',#281,1.);
#281 = DIRECTION('',(1.,0.));
#282 = ( GEOMETRIC_REPRESENTATION_CONTEXT(2) 
PARAMETRIC_REPRESENTATION_CONTEXT() REPRESENTATION_CONTEXT('2D SPACE',''
  ) );
#283 = PCURVE('',#284,#289);
#284 = CYLINDRICAL_SURFACE('',#285,0.1);
#285 = AXIS2_PLACEMENT_3D('',#286,#287,#288);
#286 = CARTESIAN_POINT('',(-4.8,9.4,1.1));
#287 = DIRECTION('',(1.,0.,0.));
#288 = DIRECTION('',(-0.,1.,0.));
#289 = DEFINITIONAL_REPRESENTATION('',(#290),#294);
#290 = LINE('',#291,#292);
#291 = CARTESIAN_POINT('',(-0.,0.));
#292 = VECTOR('',#293,1.);
#293 = DIRECTION('',(-0.,1.));
#294 = ( GEOMETRIC_REPRESENTATION_CONTEXT(2) 
PARAMETRIC_REPRESENTATION_CONTEXT() REPRESENTATION_CONTEXT('2D SPACE',''
  ) );
#295 = ADVANCED_FACE('',(#296),#44,.T.);
#296 = FACE_BOUND('',#297,.T.);
#297 = EDGE_LOOP('',(#298,#328,#364,#392,#413,#434,#435,#436));
#298 = ORIENTED_EDGE('',*,*,#299,.F.);
#299 = EDGE_CURVE('',#300,#302,#304,.T.);
#300 = VERTEX_POINT('',#301);
#301 = CARTESIAN_POINT('',(-4.8,8.95,1.));
#302 = VERTEX_POINT('',#303);
#303 = CARTESIAN_POINT('',(-4.8,9.4,1.));
#304 = SURFACE_CURVE('',#305,(#309,#316),.PCURVE_S1.);
#305 = LINE('',#306,#307);
#306 = CARTESIAN_POINT('',(-4.8,-9.5,1.));
#307 = VECTOR('',#308,1.);
#308 = DIRECTION('',(0.,1.,-2.22044604925E-16));
#309 = PCURVE('',#44,#310);
#310 = DEFINITIONAL_REPRESENTATION('',(#311),#315);
#311 = LINE('',#312,#313);
#312 = CARTESIAN_POINT('',(1.11803398875,2.22044604925E-16));
#313 = VECTOR('',#314,1.);
#314 = DIRECTION('',(0.,-1.));
#315 = ( GEOMETRIC_REPRESENTATION_CONTEXT(2) 
PARAMETRIC_REPRESENTATION_CONTEXT() REPRESENTATION_CONTEXT('2D SPACE',''
  ) );
#316 = PCURVE('',#317,#322);
#317 = PLANE('',#318);
#318 = AXIS2_PLACEMENT_3D('',#319,#320,#321);
#319 = CARTESIAN_POINT('',(4.272250626406E-15,2.248552961266E-16,1.));
#320 = DIRECTION('',(6.190549156711E-32,-1.05349489977E-16,-1.));
#321 = DIRECTION('',(0.,-1.,1.05349489977E-16));
#322 = DEFINITIONAL_REPRESENTATION('',(#323),#327);
#323 = LINE('',#324,#325);
#324 = CARTESIAN_POINT('',(9.5,4.8));
#325 = VECTOR('',#326,1.);
#326 = DIRECTION('',(-1.,7.224068454337E-48));
#327 = ( GEOMETRIC_REPRESENTATION_CONTEXT(2) 
PARAMETRIC_REPRESENTATION_CONTEXT() REPRESENTATION_CONTEXT('2D SPACE',''
  ) );
#328 = ORIENTED_EDGE('',*,*,#329,.T.);
#329 = EDGE_CURVE('',#300,#330,#332,.T.);
#330 = VERTEX_POINT('',#331);
#331 = CARTESIAN_POINT('',(-4.75,8.85,1.1));
#332 = SURFACE_CURVE('',#333,(#338,#349),.PCURVE_S1.);
#333 = ELLIPSE('',#334,0.111803398875,0.1);
#334 = AXIS2_PLACEMENT_3D('',#335,#336,#337);
#335 = CARTESIAN_POINT('',(-4.75,8.95,1.1));
#336 = DIRECTION('',(-0.894427191,9.930136612989E-17,0.4472135955));
#337 = DIRECTION('',(-0.4472135955,-1.986027322598E-16,-0.894427191));
#338 = PCURVE('',#44,#339);
#339 = DEFINITIONAL_REPRESENTATION('',(#340),#348);
#340 = ( BOUNDED_CURVE() B_SPLINE_CURVE(2,(#341,#342,#343,#344,#345,#346
,#347),.UNSPECIFIED.,.T.,.F.) B_SPLINE_CURVE_WITH_KNOTS((1,2,2,2,2,1),(
    -2.094395102393,0.,2.094395102393,4.188790204786,6.28318530718,
8.377580409573),.UNSPECIFIED.) CURVE() GEOMETRIC_REPRESENTATION_ITEM() 
RATIONAL_B_SPLINE_CURVE((1.,0.5,1.,0.5,1.,0.5,1.)) REPRESENTATION_ITEM(
  '') );
#341 = CARTESIAN_POINT('',(1.11803398875,-18.45));
#342 = CARTESIAN_POINT('',(1.11803398875,-18.27679491924));
#343 = CARTESIAN_POINT('',(1.285739087062,-18.36339745962));
#344 = CARTESIAN_POINT('',(1.453444185375,-18.45));
#345 = CARTESIAN_POINT('',(1.285739087062,-18.53660254037));
#346 = CARTESIAN_POINT('',(1.11803398875,-18.62320508075));
#347 = CARTESIAN_POINT('',(1.11803398875,-18.45));
#348 = ( GEOMETRIC_REPRESENTATION_CONTEXT(2) 
PARAMETRIC_REPRESENTATION_CONTEXT() REPRESENTATION_CONTEXT('2D SPACE',''
  ) );
#349 = PCURVE('',#350,#355);
#350 = CYLINDRICAL_SURFACE('',#351,0.1);
#351 = AXIS2_PLACEMENT_3D('',#352,#353,#354);
#352 = CARTESIAN_POINT('',(4.8,8.95,1.1));
#353 = DIRECTION('',(-1.,-0.,-6.190549156711E-32));
#354 = DIRECTION('',(6.190549156711E-32,-1.05349489977E-16,-1.));
#355 = DEFINITIONAL_REPRESENTATION('',(#356),#363);
#356 = B_SPLINE_CURVE_WITH_KNOTS('',5,(#357,#358,#359,#360,#361,#362),
  .UNSPECIFIED.,.F.,.F.,(6,6),(0.,1.570796326795),
  .PIECEWISE_BEZIER_KNOTS.);
#357 = CARTESIAN_POINT('',(1.110223024625E-16,9.6));
#358 = CARTESIAN_POINT('',(0.314159265359,9.6));
#359 = CARTESIAN_POINT('',(0.628312138194,9.593848820358));
#360 = CARTESIAN_POINT('',(0.942480040924,9.581429946668));
#361 = CARTESIAN_POINT('',(1.256637061436,9.565707963268));
#362 = CARTESIAN_POINT('',(1.570796326795,9.55));
#363 = ( GEOMETRIC_REPRESENTATION_CONTEXT(2) 
PARAMETRIC_REPRESENTATION_CONTEXT() REPRESENTATION_CONTEXT('2D SPACE',''
  ) );
#364 = ORIENTED_EDGE('',*,*,#365,.F.);
#365 = EDGE_CURVE('',#366,#330,#368,.T.);
#366 = VERTEX_POINT('',#367);
#367 = CARTESIAN_POINT('',(-4.8,8.85,1.));
#368 = SURFACE_CURVE('',#369,(#373,#380),.PCURVE_S1.);
#369 = LINE('',#370,#371);
#370 = CARTESIAN_POINT('',(-4.205,8.85,2.19));
#371 = VECTOR('',#372,1.);
#372 = DIRECTION('',(0.4472135955,0.,0.894427191));
#373 = PCURVE('',#44,#374);
#374 = DEFINITIONAL_REPRESENTATION('',(#375),#379);
#375 = LINE('',#376,#377);
#376 = CARTESIAN_POINT('',(2.448494435362,-18.35));
#377 = VECTOR('',#378,1.);
#378 = DIRECTION('',(1.,1.986027322598E-16));
#379 = ( GEOMETRIC_REPRESENTATION_CONTEXT(2) 
PARAMETRIC_REPRESENTATION_CONTEXT() REPRESENTATION_CONTEXT('2D SPACE',''
  ) );
#380 = PCURVE('',#381,#386);
#381 = PLANE('',#382);
#382 = AXIS2_PLACEMENT_3D('',#383,#384,#385);
#383 = CARTESIAN_POINT('',(5.65,8.85,0.));
#384 = DIRECTION('',(0.,-1.,0.));
#385 = DIRECTION('',(-1.,0.,0.));
#386 = DEFINITIONAL_REPRESENTATION('',(#387),#391);
#387 = LINE('',#388,#389);
#388 = CARTESIAN_POINT('',(9.855,-2.19));
#389 = VECTOR('',#390,1.);
#390 = DIRECTION('',(-0.4472135955,-0.894427191));
#391 = ( GEOMETRIC_REPRESENTATION_CONTEXT(2) 
PARAMETRIC_REPRESENTATION_CONTEXT() REPRESENTATION_CONTEXT('2D SPACE',''
  ) );
#392 = ORIENTED_EDGE('',*,*,#393,.T.);
#393 = EDGE_CURVE('',#366,#394,#396,.T.);
#394 = VERTEX_POINT('',#395);
#395 = CARTESIAN_POINT('',(-5.3,8.85,-2.037259250187E-15));
#396 = SURFACE_CURVE('',#397,(#401,#407),.PCURVE_S1.);
#397 = LINE('',#398,#399);
#398 = CARTESIAN_POINT('',(-4.205,8.85,2.19));
#399 = VECTOR('',#400,1.);
#400 = DIRECTION('',(-0.4472135955,-0.,-0.894427191));
#401 = PCURVE('',#44,#402);
#402 = DEFINITIONAL_REPRESENTATION('',(#403),#406);
#403 = B_SPLINE_CURVE_WITH_KNOTS('',1,(#404,#405),.UNSPECIFIED.,.F.,.F.,
  (2,2),(1.330460446612,2.448494435362),.PIECEWISE_BEZIER_KNOTS.);
#404 = CARTESIAN_POINT('',(1.11803398875,-18.35));
#405 = CARTESIAN_POINT('',(3.10862446895E-15,-18.35));
#406 = ( GEOMETRIC_REPRESENTATION_CONTEXT(2) 
PARAMETRIC_REPRESENTATION_CONTEXT() REPRESENTATION_CONTEXT('2D SPACE',''
  ) );
#407 = PCURVE('',#381,#408);
#408 = DEFINITIONAL_REPRESENTATION('',(#409),#412);
#409 = B_SPLINE_CURVE_WITH_KNOTS('',1,(#410,#411),.UNSPECIFIED.,.F.,.F.,
  (2,2),(1.330460446612,2.448494435362),.PIECEWISE_BEZIER_KNOTS.);
#410 = CARTESIAN_POINT('',(10.45,-1.));
#411 = CARTESIAN_POINT('',(10.95,1.33226762955E-15));
#412 = ( GEOMETRIC_REPRESENTATION_CONTEXT(2) 
PARAMETRIC_REPRESENTATION_CONTEXT() REPRESENTATION_CONTEXT('2D SPACE',''
  ) );
#413 = ORIENTED_EDGE('',*,*,#414,.T.);
#414 = EDGE_CURVE('',#394,#57,#415,.T.);
#415 = SURFACE_CURVE('',#416,(#420,#427),.PCURVE_S1.);
#416 = LINE('',#417,#418);
#417 = CARTESIAN_POINT('',(-5.3,-9.5,0.));
#418 = VECTOR('',#419,1.);
#419 = DIRECTION('',(0.,1.,-2.22044604925E-16));
#420 = PCURVE('',#44,#421);
#421 = DEFINITIONAL_REPRESENTATION('',(#422),#426);
#422 = LINE('',#423,#424);
#423 = CARTESIAN_POINT('',(0.,0.));
#424 = VECTOR('',#425,1.);
#425 = DIRECTION('',(0.,-1.));
#426 = ( GEOMETRIC_REPRESENTATION_CONTEXT(2) 
PARAMETRIC_REPRESENTATION_CONTEXT() REPRESENTATION_CONTEXT('2D SPACE',''
  ) );
#427 = PCURVE('',#95,#428);
#428 = DEFINITIONAL_REPRESENTATION('',(#429),#433);
#429 = LINE('',#430,#431);
#430 = CARTESIAN_POINT('',(-5.3,-9.5));
#431 = VECTOR('',#432,1.);
#432 = DIRECTION('',(0.,1.));
#433 = ( GEOMETRIC_REPRESENTATION_CONTEXT(2) 
PARAMETRIC_REPRESENTATION_CONTEXT() REPRESENTATION_CONTEXT('2D SPACE',''
  ) );
#434 = ORIENTED_EDGE('',*,*,#56,.T.);
#435 = ORIENTED_EDGE('',*,*,#21,.T.);
#436 = ORIENTED_EDGE('',*,*,#437,.T.);
#437 = EDGE_CURVE('',#24,#302,#438,.T.);
#438 = SURFACE_CURVE('',#439,(#444,#455),.PCURVE_S1.);
#439 = ELLIPSE('',#440,0.111803398875,0.1);
#440 = AXIS2_PLACEMENT_3D('',#441,#442,#443);
#441 = CARTESIAN_POINT('',(-4.75,9.4,1.1));
#442 = DIRECTION('',(-0.894427191,9.930136612989E-17,0.4472135955));
#443 = DIRECTION('',(0.4472135955,1.986027322598E-16,0.894427191));
#444 = PCURVE('',#44,#445);
#445 = DEFINITIONAL_REPRESENTATION('',(#446),#454);
#446 = ( BOUNDED_CURVE() B_SPLINE_CURVE(2,(#447,#448,#449,#450,#451,#452
,#453),.UNSPECIFIED.,.T.,.F.) B_SPLINE_CURVE_WITH_KNOTS((1,2,2,2,2,1),(
    -2.094395102393,0.,2.094395102393,4.188790204786,6.28318530718,
8.377580409573),.UNSPECIFIED.) CURVE() GEOMETRIC_REPRESENTATION_ITEM() 
RATIONAL_B_SPLINE_CURVE((1.,0.5,1.,0.5,1.,0.5,1.)) REPRESENTATION_ITEM(
  '') );
#447 = CARTESIAN_POINT('',(1.3416407865,-18.9));
#448 = CARTESIAN_POINT('',(1.3416407865,-19.07320508075));
#449 = CARTESIAN_POINT('',(1.173935688187,-18.98660254037));
#450 = CARTESIAN_POINT('',(1.006230589875,-18.9));
#451 = CARTESIAN_POINT('',(1.173935688187,-18.81339745962));
#452 = CARTESIAN_POINT('',(1.3416407865,-18.72679491924));
#453 = CARTESIAN_POINT('',(1.3416407865,-18.9));
#454 = ( GEOMETRIC_REPRESENTATION_CONTEXT(2) 
PARAMETRIC_REPRESENTATION_CONTEXT() REPRESENTATION_CONTEXT('2D SPACE',''
  ) );
#455 = PCURVE('',#284,#456);
#456 = DEFINITIONAL_REPRESENTATION('',(#457),#464);
#457 = B_SPLINE_CURVE_WITH_KNOTS('',5,(#458,#459,#460,#461,#462,#463),
  .UNSPECIFIED.,.F.,.F.,(6,6),(1.570796326795,3.14159265359),
  .PIECEWISE_BEZIER_KNOTS.);
#458 = CARTESIAN_POINT('',(0.,5.E-02));
#459 = CARTESIAN_POINT('',(-0.314159265359,3.429203673205E-02));
#460 = CARTESIAN_POINT('',(-0.628316285871,1.857005333181E-02));
#461 = CARTESIAN_POINT('',(-0.942484188601,6.151179641766E-03));
#462 = CARTESIAN_POINT('',(-1.256637061436,1.497702425043E-15));
#463 = CARTESIAN_POINT('',(-1.570796326795,1.7763568394E-15));
#464 = ( GEOMETRIC_REPRESENTATION_CONTEXT(2) 
PARAMETRIC_REPRESENTATION_CONTEXT() REPRESENTATION_CONTEXT('2D SPACE',''
  ) );
#465 = ADVANCED_FACE('',(#466),#284,.T.);
#466 = FACE_BOUND('',#467,.F.);
#467 = EDGE_LOOP('',(#468,#469,#492,#517));
#468 = ORIENTED_EDGE('',*,*,#437,.T.);
#469 = ORIENTED_EDGE('',*,*,#470,.T.);
#470 = EDGE_CURVE('',#302,#471,#473,.T.);
#471 = VERTEX_POINT('',#472);
#472 = CARTESIAN_POINT('',(4.8,9.4,1.));
#473 = SURFACE_CURVE('',#474,(#478,#485),.PCURVE_S1.);
#474 = LINE('',#475,#476);
#475 = CARTESIAN_POINT('',(-4.8,9.4,1.));
#476 = VECTOR('',#477,1.);
#477 = DIRECTION('',(1.,0.,0.));
#478 = PCURVE('',#284,#479);
#479 = DEFINITIONAL_REPRESENTATION('',(#480),#484);
#480 = LINE('',#481,#482);
#481 = CARTESIAN_POINT('',(-1.570796326795,0.));
#482 = VECTOR('',#483,1.);
#483 = DIRECTION('',(-0.,1.));
#484 = ( GEOMETRIC_REPRESENTATION_CONTEXT(2) 
PARAMETRIC_REPRESENTATION_CONTEXT() REPRESENTATION_CONTEXT('2D SPACE',''
  ) );
#485 = PCURVE('',#317,#486);
#486 = DEFINITIONAL_REPRESENTATION('',(#487),#491);
#487 = LINE('',#488,#489);
#488 = CARTESIAN_POINT('',(-9.4,4.8));
#489 = VECTOR('',#490,1.);
#490 = DIRECTION('',(0.,-1.));
#491 = ( GEOMETRIC_REPRESENTATION_CONTEXT(2) 
PARAMETRIC_REPRESENTATION_CONTEXT() REPRESENTATION_CONTEXT('2D SPACE',''
  ) );
#492 = ORIENTED_EDGE('',*,*,#493,.F.);
#493 = EDGE_CURVE('',#248,#471,#494,.T.);
#494 = SURFACE_CURVE('',#495,(#500,#510),.PCURVE_S1.);
#495 = ELLIPSE('',#496,0.111803398875,0.1);
#496 = AXIS2_PLACEMENT_3D('',#497,#498,#499);
#497 = CARTESIAN_POINT('',(4.75,9.4,1.1));
#498 = DIRECTION('',(-0.894427191,-9.930136612989E-17,-0.4472135955));
#499 = DIRECTION('',(0.4472135955,-1.986027322598E-16,-0.894427191));
#500 = PCURVE('',#284,#501);
#501 = DEFINITIONAL_REPRESENTATION('',(#502),#509);
#502 = B_SPLINE_CURVE_WITH_KNOTS('',5,(#503,#504,#505,#506,#507,#508),
  .UNSPECIFIED.,.F.,.F.,(6,6),(4.712388980385,6.28318530718),
  .PIECEWISE_BEZIER_KNOTS.);
#503 = CARTESIAN_POINT('',(0.,9.55));
#504 = CARTESIAN_POINT('',(-0.314159265359,9.565707963268));
#505 = CARTESIAN_POINT('',(-0.628316285871,9.581429946668));
#506 = CARTESIAN_POINT('',(-0.942484188601,9.593848820358));
#507 = CARTESIAN_POINT('',(-1.256637061436,9.6));
#508 = CARTESIAN_POINT('',(-1.570796326795,9.6));
#509 = ( GEOMETRIC_REPRESENTATION_CONTEXT(2) 
PARAMETRIC_REPRESENTATION_CONTEXT() REPRESENTATION_CONTEXT('2D SPACE',''
  ) );
#510 = PCURVE('',#235,#511);
#511 = DEFINITIONAL_REPRESENTATION('',(#512),#516);
#512 = ELLIPSE('',#513,0.111803398875,0.1);
#513 = AXIS2_PLACEMENT_2D('',#514,#515);
#514 = CARTESIAN_POINT('',(-0.111803398875,-18.9));
#515 = DIRECTION('',(1.,0.));
#516 = ( GEOMETRIC_REPRESENTATION_CONTEXT(2) 
PARAMETRIC_REPRESENTATION_CONTEXT() REPRESENTATION_CONTEXT('2D SPACE',''
  ) );
#517 = ORIENTED_EDGE('',*,*,#270,.F.);
#518 = ADVANCED_FACE('',(#519),#95,.F.);
#519 = FACE_BOUND('',#520,.F.);
#520 = EDGE_LOOP('',(#521,#522,#545,#573,#601,#622));
#521 = ORIENTED_EDGE('',*,*,#79,.F.);
#522 = ORIENTED_EDGE('',*,*,#523,.F.);
#523 = EDGE_CURVE('',#524,#80,#526,.T.);
#524 = VERTEX_POINT('',#525);
#525 = CARTESIAN_POINT('',(-6.3,8.5,0.));
#526 = SURFACE_CURVE('',#527,(#531,#538),.PCURVE_S1.);
#527 = LINE('',#528,#529);
#528 = CARTESIAN_POINT('',(-6.3,-9.5,0.));
#529 = VECTOR('',#530,1.);
#530 = DIRECTION('',(0.,1.,0.));
#531 = PCURVE('',#95,#532);
#532 = DEFINITIONAL_REPRESENTATION('',(#533),#537);
#533 = LINE('',#534,#535);
#534 = CARTESIAN_POINT('',(-6.3,-9.5));
#535 = VECTOR('',#536,1.);
#536 = DIRECTION('',(0.,1.));
#537 = ( GEOMETRIC_REPRESENTATION_CONTEXT(2) 
PARAMETRIC_REPRESENTATION_CONTEXT() REPRESENTATION_CONTEXT('2D SPACE',''
  ) );
#538 = PCURVE('',#123,#539);
#539 = DEFINITIONAL_REPRESENTATION('',(#540),#544);
#540 = LINE('',#541,#542);
#541 = CARTESIAN_POINT('',(0.,0.));
#542 = VECTOR('',#543,1.);
#543 = DIRECTION('',(1.,0.));
#544 = ( GEOMETRIC_REPRESENTATION_CONTEXT(2) 
PARAMETRIC_REPRESENTATION_CONTEXT() REPRESENTATION_CONTEXT('2D SPACE',''
  ) );
#545 = ORIENTED_EDGE('',*,*,#546,.F.);
#546 = EDGE_CURVE('',#547,#524,#549,.T.);
#547 = VERTEX_POINT('',#548);
#548 = CARTESIAN_POINT('',(-5.65,8.5,0.));
#549 = SURFACE_CURVE('',#550,(#554,#561),.PCURVE_S1.);
#550 = LINE('',#551,#552);
#551 = CARTESIAN_POINT('',(6.3,8.5,0.));
#552 = VECTOR('',#553,1.);
#553 = DIRECTION('',(-1.,-0.,-0.));
#554 = PCURVE('',#95,#555);
#555 = DEFINITIONAL_REPRESENTATION('',(#556),#560);
#556 = LINE('',#557,#558);
#557 = CARTESIAN_POINT('',(6.3,8.5));
#558 = VECTOR('',#559,1.);
#559 = DIRECTION('',(-1.,0.));
#560 = ( GEOMETRIC_REPRESENTATION_CONTEXT(2) 
PARAMETRIC_REPRESENTATION_CONTEXT() REPRESENTATION_CONTEXT('2D SPACE',''
  ) );
#561 = PCURVE('',#562,#567);
#562 = PLANE('',#563);
#563 = AXIS2_PLACEMENT_3D('',#564,#565,#566);
#564 = CARTESIAN_POINT('',(6.3,8.,1.));
#565 = DIRECTION('',(0.,-0.894427191,-0.4472135955));
#566 = DIRECTION('',(0.,0.4472135955,-0.894427191));
#567 = DEFINITIONAL_REPRESENTATION('',(#568),#572);
#568 = LINE('',#569,#570);
#569 = CARTESIAN_POINT('',(1.11803398875,0.));
#570 = VECTOR('',#571,1.);
#571 = DIRECTION('',(0.,-1.));
#572 = ( GEOMETRIC_REPRESENTATION_CONTEXT(2) 
PARAMETRIC_REPRESENTATION_CONTEXT() REPRESENTATION_CONTEXT('2D SPACE',''
  ) );
#573 = ORIENTED_EDGE('',*,*,#574,.F.);
#574 = EDGE_CURVE('',#575,#547,#577,.T.);
#575 = VERTEX_POINT('',#576);
#576 = CARTESIAN_POINT('',(-5.65,8.85,0.));
#577 = SURFACE_CURVE('',#578,(#582,#589),.PCURVE_S1.);
#578 = LINE('',#579,#580);
#579 = CARTESIAN_POINT('',(-5.65,8.85,0.));
#580 = VECTOR('',#581,1.);
#581 = DIRECTION('',(0.,-1.,0.));
#582 = PCURVE('',#95,#583);
#583 = DEFINITIONAL_REPRESENTATION('',(#584),#588);
#584 = LINE('',#585,#586);
#585 = CARTESIAN_POINT('',(-5.65,8.85));
#586 = VECTOR('',#587,1.);
#587 = DIRECTION('',(0.,-1.));
#588 = ( GEOMETRIC_REPRESENTATION_CONTEXT(2) 
PARAMETRIC_REPRESENTATION_CONTEXT() REPRESENTATION_CONTEXT('2D SPACE',''
  ) );
#589 = PCURVE('',#590,#595);
#590 = PLANE('',#591);
#591 = AXIS2_PLACEMENT_3D('',#592,#593,#594);
#592 = CARTESIAN_POINT('',(-5.65,8.85,0.));
#593 = DIRECTION('',(1.,0.,0.));
#594 = DIRECTION('',(0.,-1.,0.));
#595 = DEFINITIONAL_REPRESENTATION('',(#596),#600);
#596 = LINE('',#597,#598);
#597 = CARTESIAN_POINT('',(0.,0.));
#598 = VECTOR('',#599,1.);
#599 = DIRECTION('',(1.,0.));
#600 = ( GEOMETRIC_REPRESENTATION_CONTEXT(2) 
PARAMETRIC_REPRESENTATION_CONTEXT() REPRESENTATION_CONTEXT('2D SPACE',''
  ) );
#601 = ORIENTED_EDGE('',*,*,#602,.F.);
#602 = EDGE_CURVE('',#394,#575,#603,.T.);
#603 = SURFACE_CURVE('',#604,(#608,#615),.PCURVE_S1.);
#604 = LINE('',#605,#606);
#605 = CARTESIAN_POINT('',(5.65,8.85,0.));
#606 = VECTOR('',#607,1.);
#607 = DIRECTION('',(-1.,0.,0.));
#608 = PCURVE('',#95,#609);
#609 = DEFINITIONAL_REPRESENTATION('',(#610),#614);
#610 = LINE('',#611,#612);
#611 = CARTESIAN_POINT('',(5.65,8.85));
#612 = VECTOR('',#613,1.);
#613 = DIRECTION('',(-1.,0.));
#614 = ( GEOMETRIC_REPRESENTATION_CONTEXT(2) 
PARAMETRIC_REPRESENTATION_CONTEXT() REPRESENTATION_CONTEXT('2D SPACE',''
  ) );
#615 = PCURVE('',#381,#616);
#616 = DEFINITIONAL_REPRESENTATION('',(#617),#621);
#617 = LINE('',#618,#619);
#618 = CARTESIAN_POINT('',(0.,-0.));
#619 = VECTOR('',#620,1.);
#620 = DIRECTION('',(1.,0.));
#621 = ( GEOMETRIC_REPRESENTATION_CONTEXT(2) 
PARAMETRIC_REPRESENTATION_CONTEXT() REPRESENTATION_CONTEXT('2D SPACE',''
  ) );
#622 = ORIENTED_EDGE('',*,*,#414,.T.);
#623 = ADVANCED_FACE('',(#624),#235,.T.);
#624 = FACE_BOUND('',#625,.T.);
#625 = EDGE_LOOP('',(#626,#649,#650,#651,#652,#675,#696,#719));
#626 = ORIENTED_EDGE('',*,*,#627,.T.);
#627 = EDGE_CURVE('',#628,#471,#630,.T.);
#628 = VERTEX_POINT('',#629);
#629 = CARTESIAN_POINT('',(4.8,8.95,1.));
#630 = SURFACE_CURVE('',#631,(#635,#642),.PCURVE_S1.);
#631 = LINE('',#632,#633);
#632 = CARTESIAN_POINT('',(4.8,-9.5,1.));
#633 = VECTOR('',#634,1.);
#634 = DIRECTION('',(0.,1.,-2.22044604925E-16));
#635 = PCURVE('',#235,#636);
#636 = DEFINITIONAL_REPRESENTATION('',(#637),#641);
#637 = LINE('',#638,#639);
#638 = CARTESIAN_POINT('',(0.,0.));
#639 = VECTOR('',#640,1.);
#640 = DIRECTION('',(0.,-1.));
#641 = ( GEOMETRIC_REPRESENTATION_CONTEXT(2) 
PARAMETRIC_REPRESENTATION_CONTEXT() REPRESENTATION_CONTEXT('2D SPACE',''
  ) );
#642 = PCURVE('',#317,#643);
#643 = DEFINITIONAL_REPRESENTATION('',(#644),#648);
#644 = LINE('',#645,#646);
#645 = CARTESIAN_POINT('',(9.5,-4.8));
#646 = VECTOR('',#647,1.);
#647 = DIRECTION('',(-1.,7.224068454337E-48));
#648 = ( GEOMETRIC_REPRESENTATION_CONTEXT(2) 
PARAMETRIC_REPRESENTATION_CONTEXT() REPRESENTATION_CONTEXT('2D SPACE',''
  ) );
#649 = ORIENTED_EDGE('',*,*,#493,.F.);
#650 = ORIENTED_EDGE('',*,*,#247,.F.);
#651 = ORIENTED_EDGE('',*,*,#219,.T.);
#652 = ORIENTED_EDGE('',*,*,#653,.F.);
#653 = EDGE_CURVE('',#654,#192,#656,.T.);
#654 = VERTEX_POINT('',#655);
#655 = CARTESIAN_POINT('',(5.3,8.85,-2.037259250187E-15));
#656 = SURFACE_CURVE('',#657,(#661,#668),.PCURVE_S1.);
#657 = LINE('',#658,#659);
#658 = CARTESIAN_POINT('',(5.3,-9.5,0.));
#659 = VECTOR('',#660,1.);
#660 = DIRECTION('',(0.,1.,-2.22044604925E-16));
#661 = PCURVE('',#235,#662);
#662 = DEFINITIONAL_REPRESENTATION('',(#663),#667);
#663 = LINE('',#664,#665);
#664 = CARTESIAN_POINT('',(1.11803398875,-2.22044604925E-16));
#665 = VECTOR('',#666,1.);
#666 = DIRECTION('',(0.,-1.));
#667 = ( GEOMETRIC_REPRESENTATION_CONTEXT(2) 
PARAMETRIC_REPRESENTATION_CONTEXT() REPRESENTATION_CONTEXT('2D SPACE',''
  ) );
#668 = PCURVE('',#207,#669);
#669 = DEFINITIONAL_REPRESENTATION('',(#670),#674);
#670 = LINE('',#671,#672);
#671 = CARTESIAN_POINT('',(5.3,-9.5));
#672 = VECTOR('',#673,1.);
#673 = DIRECTION('',(0.,1.));
#674 = ( GEOMETRIC_REPRESENTATION_CONTEXT(2) 
PARAMETRIC_REPRESENTATION_CONTEXT() REPRESENTATION_CONTEXT('2D SPACE',''
  ) );
#675 = ORIENTED_EDGE('',*,*,#676,.T.);
#676 = EDGE_CURVE('',#654,#677,#679,.T.);
#677 = VERTEX_POINT('',#678);
#678 = CARTESIAN_POINT('',(4.8,8.85,1.));
#679 = SURFACE_CURVE('',#680,(#684,#690),.PCURVE_S1.);
#680 = LINE('',#681,#682);
#681 = CARTESIAN_POINT('',(5.085,8.85,0.43));
#682 = VECTOR('',#683,1.);
#683 = DIRECTION('',(-0.4472135955,0.,0.894427191));
#684 = PCURVE('',#235,#685);
#685 = DEFINITIONAL_REPRESENTATION('',(#686),#689);
#686 = B_SPLINE_CURVE_WITH_KNOTS('',1,(#687,#688),.UNSPECIFIED.,.F.,.F.,
  (2,2),(-0.480754615162,0.637279373587),.PIECEWISE_BEZIER_KNOTS.);
#687 = CARTESIAN_POINT('',(1.11803398875,-18.35));
#688 = CARTESIAN_POINT('',(0.,-18.35));
#689 = ( GEOMETRIC_REPRESENTATION_CONTEXT(2) 
PARAMETRIC_REPRESENTATION_CONTEXT() REPRESENTATION_CONTEXT('2D SPACE',''
  ) );
#690 = PCURVE('',#381,#691);
#691 = DEFINITIONAL_REPRESENTATION('',(#692),#695);
#692 = B_SPLINE_CURVE_WITH_KNOTS('',1,(#693,#694),.UNSPECIFIED.,.F.,.F.,
  (2,2),(-0.480754615162,0.637279373587),.PIECEWISE_BEZIER_KNOTS.);
#693 = CARTESIAN_POINT('',(0.35,5.551115123126E-17));
#694 = CARTESIAN_POINT('',(0.85,-1.));
#695 = ( GEOMETRIC_REPRESENTATION_CONTEXT(2) 
PARAMETRIC_REPRESENTATION_CONTEXT() REPRESENTATION_CONTEXT('2D SPACE',''
  ) );
#696 = ORIENTED_EDGE('',*,*,#697,.T.);
#697 = EDGE_CURVE('',#677,#698,#700,.T.);
#698 = VERTEX_POINT('',#699);
#699 = CARTESIAN_POINT('',(4.75,8.85,1.1));
#700 = SURFACE_CURVE('',#701,(#705,#712),.PCURVE_S1.);
#701 = LINE('',#702,#703);
#702 = CARTESIAN_POINT('',(5.085,8.85,0.43));
#703 = VECTOR('',#704,1.);
#704 = DIRECTION('',(-0.4472135955,-0.,0.894427191));
#705 = PCURVE('',#235,#706);
#706 = DEFINITIONAL_REPRESENTATION('',(#707),#711);
#707 = LINE('',#708,#709);
#708 = CARTESIAN_POINT('',(0.637279373587,-18.35));
#709 = VECTOR('',#710,1.);
#710 = DIRECTION('',(-1.,1.986027322598E-16));
#711 = ( GEOMETRIC_REPRESENTATION_CONTEXT(2) 
PARAMETRIC_REPRESENTATION_CONTEXT() REPRESENTATION_CONTEXT('2D SPACE',''
  ) );
#712 = PCURVE('',#381,#713);
#713 = DEFINITIONAL_REPRESENTATION('',(#714),#718);
#714 = LINE('',#715,#716);
#715 = CARTESIAN_POINT('',(0.565,-0.43));
#716 = VECTOR('',#717,1.);
#717 = DIRECTION('',(0.4472135955,-0.894427191));
#718 = ( GEOMETRIC_REPRESENTATION_CONTEXT(2) 
PARAMETRIC_REPRESENTATION_CONTEXT() REPRESENTATION_CONTEXT('2D SPACE',''
  ) );
#719 = ORIENTED_EDGE('',*,*,#720,.F.);
#720 = EDGE_CURVE('',#628,#698,#721,.T.);
#721 = SURFACE_CURVE('',#722,(#727,#734),.PCURVE_S1.);
#722 = ELLIPSE('',#723,0.111803398875,0.1);
#723 = AXIS2_PLACEMENT_3D('',#724,#725,#726);
#724 = CARTESIAN_POINT('',(4.75,8.95,1.1));
#725 = DIRECTION('',(-0.894427191,-9.930136612989E-17,-0.4472135955));
#726 = DIRECTION('',(-0.4472135955,1.986027322598E-16,0.894427191));
#727 = PCURVE('',#235,#728);
#728 = DEFINITIONAL_REPRESENTATION('',(#729),#733);
#729 = ELLIPSE('',#730,0.111803398875,0.1);
#730 = AXIS2_PLACEMENT_2D('',#731,#732);
#731 = CARTESIAN_POINT('',(-0.111803398875,-18.45));
#732 = DIRECTION('',(-1.,0.));
#733 = ( GEOMETRIC_REPRESENTATION_CONTEXT(2) 
PARAMETRIC_REPRESENTATION_CONTEXT() REPRESENTATION_CONTEXT('2D SPACE',''
  ) );
#734 = PCURVE('',#350,#735);
#735 = DEFINITIONAL_REPRESENTATION('',(#736),#743);
#736 = B_SPLINE_CURVE_WITH_KNOTS('',5,(#737,#738,#739,#740,#741,#742),
  .UNSPECIFIED.,.F.,.F.,(6,6),(3.14159265359,4.712388980385),
  .PIECEWISE_BEZIER_KNOTS.);
#737 = CARTESIAN_POINT('',(0.,1.778091562876E-15));
#738 = CARTESIAN_POINT('',(0.314159265359,1.763416717065E-15));
#739 = CARTESIAN_POINT('',(0.628312138194,6.151179641766E-03));
#740 = CARTESIAN_POINT('',(0.942480040924,1.857005333181E-02));
#741 = CARTESIAN_POINT('',(1.256637061436,3.429203673205E-02));
#742 = CARTESIAN_POINT('',(1.570796326795,5.E-02));
#743 = ( GEOMETRIC_REPRESENTATION_CONTEXT(2) 
PARAMETRIC_REPRESENTATION_CONTEXT() REPRESENTATION_CONTEXT('2D SPACE',''
  ) );
#744 = ADVANCED_FACE('',(#745),#123,.T.);
#745 = FACE_BOUND('',#746,.T.);
#746 = EDGE_LOOP('',(#747,#777,#800,#828,#856,#877,#878,#879,#902,#925)
  );
#747 = ORIENTED_EDGE('',*,*,#748,.F.);
#748 = EDGE_CURVE('',#749,#751,#753,.T.);
#749 = VERTEX_POINT('',#750);
#750 = CARTESIAN_POINT('',(-6.3,-8.,1.));
#751 = VERTEX_POINT('',#752);
#752 = CARTESIAN_POINT('',(-6.3,-7.95,1.1));
#753 = SURFACE_CURVE('',#754,(#758,#765),.PCURVE_S1.);
#754 = LINE('',#755,#756);
#755 = CARTESIAN_POINT('',(-6.3,-8.6,-0.2));
#756 = VECTOR('',#757,1.);
#757 = DIRECTION('',(0.,0.4472135955,0.894427191));
#758 = PCURVE('',#123,#759);
#759 = DEFINITIONAL_REPRESENTATION('',(#760),#764);
#760 = LINE('',#761,#762);
#761 = CARTESIAN_POINT('',(0.9,0.2));
#762 = VECTOR('',#763,1.);
#763 = DIRECTION('',(0.4472135955,-0.894427191));
#764 = ( GEOMETRIC_REPRESENTATION_CONTEXT(2) 
PARAMETRIC_REPRESENTATION_CONTEXT() REPRESENTATION_CONTEXT('2D SPACE',''
  ) );
#765 = PCURVE('',#766,#771);
#766 = PLANE('',#767);
#767 = AXIS2_PLACEMENT_3D('',#768,#769,#770);
#768 = CARTESIAN_POINT('',(6.3,-8.5,0.));
#769 = DIRECTION('',(0.,0.894427191,-0.4472135955));
#770 = DIRECTION('',(0.,0.4472135955,0.894427191));
#771 = DEFINITIONAL_REPRESENTATION('',(#772),#776);
#772 = LINE('',#773,#774);
#773 = CARTESIAN_POINT('',(-0.22360679775,-12.6));
#774 = VECTOR('',#775,1.);
#775 = DIRECTION('',(1.,0.));
#776 = ( GEOMETRIC_REPRESENTATION_CONTEXT(2) 
PARAMETRIC_REPRESENTATION_CONTEXT() REPRESENTATION_CONTEXT('2D SPACE',''
  ) );
#777 = ORIENTED_EDGE('',*,*,#778,.F.);
#778 = EDGE_CURVE('',#779,#749,#781,.T.);
#779 = VERTEX_POINT('',#780);
#780 = CARTESIAN_POINT('',(-6.3,-8.5,0.));
#781 = SURFACE_CURVE('',#782,(#786,#793),.PCURVE_S1.);
#782 = LINE('',#783,#784);
#783 = CARTESIAN_POINT('',(-6.3,-8.5,0.));
#784 = VECTOR('',#785,1.);
#785 = DIRECTION('',(0.,0.4472135955,0.894427191));
#786 = PCURVE('',#123,#787);
#787 = DEFINITIONAL_REPRESENTATION('',(#788),#792);
#788 = LINE('',#789,#790);
#789 = CARTESIAN_POINT('',(1.,0.));
#790 = VECTOR('',#791,1.);
#791 = DIRECTION('',(0.4472135955,-0.894427191));
#792 = ( GEOMETRIC_REPRESENTATION_CONTEXT(2) 
PARAMETRIC_REPRESENTATION_CONTEXT() REPRESENTATION_CONTEXT('2D SPACE',''
  ) );
#793 = PCURVE('',#766,#794);
#794 = DEFINITIONAL_REPRESENTATION('',(#795),#799);
#795 = LINE('',#796,#797);
#796 = CARTESIAN_POINT('',(0.,-12.6));
#797 = VECTOR('',#798,1.);
#798 = DIRECTION('',(1.,0.));
#799 = ( GEOMETRIC_REPRESENTATION_CONTEXT(2) 
PARAMETRIC_REPRESENTATION_CONTEXT() REPRESENTATION_CONTEXT('2D SPACE',''
  ) );
#800 = ORIENTED_EDGE('',*,*,#801,.F.);
#801 = EDGE_CURVE('',#802,#779,#804,.T.);
#802 = VERTEX_POINT('',#803);
#803 = CARTESIAN_POINT('',(-6.3,-9.5,0.));
#804 = SURFACE_CURVE('',#805,(#809,#816),.PCURVE_S1.);
#805 = LINE('',#806,#807);
#806 = CARTESIAN_POINT('',(-6.3,-9.5,0.));
#807 = VECTOR('',#808,1.);
#808 = DIRECTION('',(0.,1.,0.));
#809 = PCURVE('',#123,#810);
#810 = DEFINITIONAL_REPRESENTATION('',(#811),#815);
#811 = LINE('',#812,#813);
#812 = CARTESIAN_POINT('',(0.,0.));
#813 = VECTOR('',#814,1.);
#814 = DIRECTION('',(1.,0.));
#815 = ( GEOMETRIC_REPRESENTATION_CONTEXT(2) 
PARAMETRIC_REPRESENTATION_CONTEXT() REPRESENTATION_CONTEXT('2D SPACE',''
  ) );
#816 = PCURVE('',#817,#822);
#817 = PLANE('',#818);
#818 = AXIS2_PLACEMENT_3D('',#819,#820,#821);
#819 = CARTESIAN_POINT('',(1.798842369013E-15,0.,0.));
#820 = DIRECTION('',(0.,0.,1.));
#821 = DIRECTION('',(1.,0.,0.));
#822 = DEFINITIONAL_REPRESENTATION('',(#823),#827);
#823 = LINE('',#824,#825);
#824 = CARTESIAN_POINT('',(-6.3,-9.5));
#825 = VECTOR('',#826,1.);
#826 = DIRECTION('',(0.,1.));
#827 = ( GEOMETRIC_REPRESENTATION_CONTEXT(2) 
PARAMETRIC_REPRESENTATION_CONTEXT() REPRESENTATION_CONTEXT('2D SPACE',''
  ) );
#828 = ORIENTED_EDGE('',*,*,#829,.T.);
#829 = EDGE_CURVE('',#802,#830,#832,.T.);
#830 = VERTEX_POINT('',#831);
#831 = CARTESIAN_POINT('',(-6.3,-9.5,8.));
#832 = SURFACE_CURVE('',#833,(#837,#844),.PCURVE_S1.);
#833 = LINE('',#834,#835);
#834 = CARTESIAN_POINT('',(-6.3,-9.5,0.));
#835 = VECTOR('',#836,1.);
#836 = DIRECTION('',(0.,0.,1.));
#837 = PCURVE('',#123,#838);
#838 = DEFINITIONAL_REPRESENTATION('',(#839),#843);
#839 = LINE('',#840,#841);
#840 = CARTESIAN_POINT('',(0.,0.));
#841 = VECTOR('',#842,1.);
#842 = DIRECTION('',(0.,-1.));
#843 = ( GEOMETRIC_REPRESENTATION_CONTEXT(2) 
PARAMETRIC_REPRESENTATION_CONTEXT() REPRESENTATION_CONTEXT('2D SPACE',''
  ) );
#844 = PCURVE('',#845,#850);
#845 = PLANE('',#846);
#846 = AXIS2_PLACEMENT_3D('',#847,#848,#849);
#847 = CARTESIAN_POINT('',(6.3,-9.5,0.));
#848 = DIRECTION('',(0.,-1.,0.));
#849 = DIRECTION('',(-1.,0.,0.));
#850 = DEFINITIONAL_REPRESENTATION('',(#851),#855);
#851 = LINE('',#852,#853);
#852 = CARTESIAN_POINT('',(12.6,0.));
#853 = VECTOR('',#854,1.);
#854 = DIRECTION('',(0.,-1.));
#855 = ( GEOMETRIC_REPRESENTATION_CONTEXT(2) 
PARAMETRIC_REPRESENTATION_CONTEXT() REPRESENTATION_CONTEXT('2D SPACE',''
  ) );
#856 = ORIENTED_EDGE('',*,*,#857,.T.);
#857 = EDGE_CURVE('',#830,#108,#858,.T.);
#858 = SURFACE_CURVE('',#859,(#863,#870),.PCURVE_S1.);
#859 = LINE('',#860,#861);
#860 = CARTESIAN_POINT('',(-6.3,-9.5,8.));
#861 = VECTOR('',#862,1.);
#862 = DIRECTION('',(0.,1.,0.));
#863 = PCURVE('',#123,#864);
#864 = DEFINITIONAL_REPRESENTATION('',(#865),#869);
#865 = LINE('',#866,#867);
#866 = CARTESIAN_POINT('',(0.,-8.));
#867 = VECTOR('',#868,1.);
#868 = DIRECTION('',(1.,0.));
#869 = ( GEOMETRIC_REPRESENTATION_CONTEXT(2) 
PARAMETRIC_REPRESENTATION_CONTEXT() REPRESENTATION_CONTEXT('2D SPACE',''
  ) );
#870 = PCURVE('',#151,#871);
#871 = DEFINITIONAL_REPRESENTATION('',(#872),#876);
#872 = LINE('',#873,#874);
#873 = CARTESIAN_POINT('',(-6.3,-9.5));
#874 = VECTOR('',#875,1.);
#875 = DIRECTION('',(0.,1.));
#876 = ( GEOMETRIC_REPRESENTATION_CONTEXT(2) 
PARAMETRIC_REPRESENTATION_CONTEXT() REPRESENTATION_CONTEXT('2D SPACE',''
  ) );
#877 = ORIENTED_EDGE('',*,*,#107,.F.);
#878 = ORIENTED_EDGE('',*,*,#523,.F.);
#879 = ORIENTED_EDGE('',*,*,#880,.F.);
#880 = EDGE_CURVE('',#881,#524,#883,.T.);
#881 = VERTEX_POINT('',#882);
#882 = CARTESIAN_POINT('',(-6.3,8.,1.));
#883 = SURFACE_CURVE('',#884,(#888,#895),.PCURVE_S1.);
#884 = LINE('',#885,#886);
#885 = CARTESIAN_POINT('',(-6.3,8.,1.));
#886 = VECTOR('',#887,1.);
#887 = DIRECTION('',(0.,0.4472135955,-0.894427191));
#888 = PCURVE('',#123,#889);
#889 = DEFINITIONAL_REPRESENTATION('',(#890),#894);
#890 = LINE('',#891,#892);
#891 = CARTESIAN_POINT('',(17.5,-1.));
#892 = VECTOR('',#893,1.);
#893 = DIRECTION('',(0.4472135955,0.894427191));
#894 = ( GEOMETRIC_REPRESENTATION_CONTEXT(2) 
PARAMETRIC_REPRESENTATION_CONTEXT() REPRESENTATION_CONTEXT('2D SPACE',''
  ) );
#895 = PCURVE('',#562,#896);
#896 = DEFINITIONAL_REPRESENTATION('',(#897),#901);
#897 = LINE('',#898,#899);
#898 = CARTESIAN_POINT('',(0.,-12.6));
#899 = VECTOR('',#900,1.);
#900 = DIRECTION('',(1.,0.));
#901 = ( GEOMETRIC_REPRESENTATION_CONTEXT(2) 
PARAMETRIC_REPRESENTATION_CONTEXT() REPRESENTATION_CONTEXT('2D SPACE',''
  ) );
#902 = ORIENTED_EDGE('',*,*,#903,.T.);
#903 = EDGE_CURVE('',#881,#904,#906,.T.);
#904 = VERTEX_POINT('',#905);
#905 = CARTESIAN_POINT('',(-6.3,7.95,1.1));
#906 = SURFACE_CURVE('',#907,(#911,#918),.PCURVE_S1.);
#907 = LINE('',#908,#909);
#908 = CARTESIAN_POINT('',(-6.3,6.45,4.1));
#909 = VECTOR('',#910,1.);
#910 = DIRECTION('',(0.,-0.4472135955,0.894427191));
#911 = PCURVE('',#123,#912);
#912 = DEFINITIONAL_REPRESENTATION('',(#913),#917);
#913 = LINE('',#914,#915);
#914 = CARTESIAN_POINT('',(15.95,-4.1));
#915 = VECTOR('',#916,1.);
#916 = DIRECTION('',(-0.4472135955,-0.894427191));
#917 = ( GEOMETRIC_REPRESENTATION_CONTEXT(2) 
PARAMETRIC_REPRESENTATION_CONTEXT() REPRESENTATION_CONTEXT('2D SPACE',''
  ) );
#918 = PCURVE('',#562,#919);
#919 = DEFINITIONAL_REPRESENTATION('',(#920),#924);
#920 = LINE('',#921,#922);
#921 = CARTESIAN_POINT('',(-3.465905365125,-12.6));
#922 = VECTOR('',#923,1.);
#923 = DIRECTION('',(-1.,0.));
#924 = ( GEOMETRIC_REPRESENTATION_CONTEXT(2) 
PARAMETRIC_REPRESENTATION_CONTEXT() REPRESENTATION_CONTEXT('2D SPACE',''
  ) );
#925 = ORIENTED_EDGE('',*,*,#926,.F.);
#926 = EDGE_CURVE('',#751,#904,#927,.T.);
#927 = SURFACE_CURVE('',#928,(#932,#939),.PCURVE_S1.);
#928 = LINE('',#929,#930);
#929 = CARTESIAN_POINT('',(-6.3,-8.,1.1));
#930 = VECTOR('',#931,1.);
#931 = DIRECTION('',(0.,1.,0.));
#932 = PCURVE('',#123,#933);
#933 = DEFINITIONAL_REPRESENTATION('',(#934),#938);
#934 = LINE('',#935,#936);
#935 = CARTESIAN_POINT('',(1.5,-1.1));
#936 = VECTOR('',#937,1.);
#937 = DIRECTION('',(1.,0.));
#938 = ( GEOMETRIC_REPRESENTATION_CONTEXT(2) 
PARAMETRIC_REPRESENTATION_CONTEXT() REPRESENTATION_CONTEXT('2D SPACE',''
  ) );
#939 = PCURVE('',#940,#945);
#940 = CYLINDRICAL_SURFACE('',#941,0.1);
#941 = AXIS2_PLACEMENT_3D('',#942,#943,#944);
#942 = CARTESIAN_POINT('',(-6.2,-8.,1.1));
#943 = DIRECTION('',(0.,1.,0.));
#944 = DIRECTION('',(-1.,0.,0.));
#945 = DEFINITIONAL_REPRESENTATION('',(#946),#950);
#946 = LINE('',#947,#948);
#947 = CARTESIAN_POINT('',(-0.,0.));
#948 = VECTOR('',#949,1.);
#949 = DIRECTION('',(-0.,1.));
#950 = ( GEOMETRIC_REPRESENTATION_CONTEXT(2) 
PARAMETRIC_REPRESENTATION_CONTEXT() REPRESENTATION_CONTEXT('2D SPACE',''
  ) );
#951 = ADVANCED_FACE('',(#952,#1000,#1115,#1229,#1343,#1374,#1489,#1604,
    #1718),#151,.T.);
#952 = FACE_BOUND('',#953,.T.);
#953 = EDGE_LOOP('',(#954,#955,#956,#979));
#954 = ORIENTED_EDGE('',*,*,#135,.F.);
#955 = ORIENTED_EDGE('',*,*,#857,.F.);
#956 = ORIENTED_EDGE('',*,*,#957,.F.);
#957 = EDGE_CURVE('',#958,#830,#960,.T.);
#958 = VERTEX_POINT('',#959);
#959 = CARTESIAN_POINT('',(6.3,-9.5,8.));
#960 = SURFACE_CURVE('',#961,(#965,#972),.PCURVE_S1.);
#961 = LINE('',#962,#963);
#962 = CARTESIAN_POINT('',(6.3,-9.5,8.));
#963 = VECTOR('',#964,1.);
#964 = DIRECTION('',(-1.,0.,0.));
#965 = PCURVE('',#151,#966);
#966 = DEFINITIONAL_REPRESENTATION('',(#967),#971);
#967 = LINE('',#968,#969);
#968 = CARTESIAN_POINT('',(6.3,-9.5));
#969 = VECTOR('',#970,1.);
#970 = DIRECTION('',(-1.,0.));
#971 = ( GEOMETRIC_REPRESENTATION_CONTEXT(2) 
PARAMETRIC_REPRESENTATION_CONTEXT() REPRESENTATION_CONTEXT('2D SPACE',''
  ) );
#972 = PCURVE('',#845,#973);
#973 = DEFINITIONAL_REPRESENTATION('',(#974),#978);
#974 = LINE('',#975,#976);
#975 = CARTESIAN_POINT('',(0.,-8.));
#976 = VECTOR('',#977,1.);
#977 = DIRECTION('',(1.,0.));
#978 = ( GEOMETRIC_REPRESENTATION_CONTEXT(2) 
PARAMETRIC_REPRESENTATION_CONTEXT() REPRESENTATION_CONTEXT('2D SPACE',''
  ) );
#979 = ORIENTED_EDGE('',*,*,#980,.F.);
#980 = EDGE_CURVE('',#136,#958,#981,.T.);
#981 = SURFACE_CURVE('',#982,(#986,#993),.PCURVE_S1.);
#982 = LINE('',#983,#984);
#983 = CARTESIAN_POINT('',(6.3,9.5,8.));
#984 = VECTOR('',#985,1.);
#985 = DIRECTION('',(0.,-1.,0.));
#986 = PCURVE('',#151,#987);
#987 = DEFINITIONAL_REPRESENTATION('',(#988),#992);
#988 = LINE('',#989,#990);
#989 = CARTESIAN_POINT('',(6.3,9.5));
#990 = VECTOR('',#991,1.);
#991 = DIRECTION('',(0.,-1.));
#992 = ( GEOMETRIC_REPRESENTATION_CONTEXT(2) 
PARAMETRIC_REPRESENTATION_CONTEXT() REPRESENTATION_CONTEXT('2D SPACE',''
  ) );
#993 = PCURVE('',#179,#994);
#994 = DEFINITIONAL_REPRESENTATION('',(#995),#999);
#995 = LINE('',#996,#997);
#996 = CARTESIAN_POINT('',(0.,-8.));
#997 = VECTOR('',#998,1.);
#998 = DIRECTION('',(1.,0.));
#999 = ( GEOMETRIC_REPRESENTATION_CONTEXT(2) 
PARAMETRIC_REPRESENTATION_CONTEXT() REPRESENTATION_CONTEXT('2D SPACE',''
  ) );
#1000 = FACE_BOUND('',#1001,.T.);
#1001 = EDGE_LOOP('',(#1002,#1032,#1060,#1088));
#1002 = ORIENTED_EDGE('',*,*,#1003,.T.);
#1003 = EDGE_CURVE('',#1004,#1006,#1008,.T.);
#1004 = VERTEX_POINT('',#1005);
#1005 = CARTESIAN_POINT('',(-4.825925446398,-5.52099642813,8.));
#1006 = VERTEX_POINT('',#1007);
#1007 = CARTESIAN_POINT('',(-4.150829491512,-0.717439111027,8.));
#1008 = SURFACE_CURVE('',#1009,(#1013,#1020),.PCURVE_S1.);
#1009 = LINE('',#1010,#1011);
#1010 = CARTESIAN_POINT('',(-4.825925446398,-5.52099642813,8.));
#1011 = VECTOR('',#1012,1.);
#1012 = DIRECTION('',(0.13917310096,0.990268068742,0.));
#1013 = PCURVE('',#151,#1014);
#1014 = DEFINITIONAL_REPRESENTATION('',(#1015),#1019);
#1015 = LINE('',#1016,#1017);
#1016 = CARTESIAN_POINT('',(-4.825925446398,-5.52099642813));
#1017 = VECTOR('',#1018,1.);
#1018 = DIRECTION('',(0.13917310096,0.990268068742));
#1019 = ( GEOMETRIC_REPRESENTATION_CONTEXT(2) 
PARAMETRIC_REPRESENTATION_CONTEXT() REPRESENTATION_CONTEXT('2D SPACE',''
  ) );
#1020 = PCURVE('',#1021,#1026);
#1021 = PLANE('',#1022);
#1022 = AXIS2_PLACEMENT_3D('',#1023,#1024,#1025);
#1023 = CARTESIAN_POINT('',(-4.825925446398,-5.52099642813,8.));
#1024 = DIRECTION('',(0.990268068742,-0.13917310096,0.));
#1025 = DIRECTION('',(0.13917310096,0.990268068742,0.));
#1026 = DEFINITIONAL_REPRESENTATION('',(#1027),#1031);
#1027 = LINE('',#1028,#1029);
#1028 = CARTESIAN_POINT('',(0.,0.));
#1029 = VECTOR('',#1030,1.);
#1030 = DIRECTION('',(1.,0.));
#1031 = ( GEOMETRIC_REPRESENTATION_CONTEXT(2) 
PARAMETRIC_REPRESENTATION_CONTEXT() REPRESENTATION_CONTEXT('2D SPACE',''
  ) );
#1032 = ORIENTED_EDGE('',*,*,#1033,.T.);
#1033 = EDGE_CURVE('',#1006,#1034,#1036,.T.);
#1034 = VERTEX_POINT('',#1035);
#1035 = CARTESIAN_POINT('',(-2.800829491512,-0.717439111027,8.));
#1036 = SURFACE_CURVE('',#1037,(#1041,#1048),.PCURVE_S1.);
#1037 = LINE('',#1038,#1039);
#1038 = CARTESIAN_POINT('',(-4.150829491512,-0.717439111027,8.));
#1039 = VECTOR('',#1040,1.);
#1040 = DIRECTION('',(1.,0.,0.));
#1041 = PCURVE('',#151,#1042);
#1042 = DEFINITIONAL_REPRESENTATION('',(#1043),#1047);
#1043 = LINE('',#1044,#1045);
#1044 = CARTESIAN_POINT('',(-4.150829491512,-0.717439111027));
#1045 = VECTOR('',#1046,1.);
#1046 = DIRECTION('',(1.,0.));
#1047 = ( GEOMETRIC_REPRESENTATION_CONTEXT(2) 
PARAMETRIC_REPRESENTATION_CONTEXT() REPRESENTATION_CONTEXT('2D SPACE',''
  ) );
#1048 = PCURVE('',#1049,#1054);
#1049 = PLANE('',#1050);
#1050 = AXIS2_PLACEMENT_3D('',#1051,#1052,#1053);
#1051 = CARTESIAN_POINT('',(-4.150829491512,-0.717439111027,8.));
#1052 = DIRECTION('',(0.,-1.,0.));
#1053 = DIRECTION('',(1.,0.,0.));
#1054 = DEFINITIONAL_REPRESENTATION('',(#1055),#1059);
#1055 = LINE('',#1056,#1057);
#1056 = CARTESIAN_POINT('',(0.,0.));
#1057 = VECTOR('',#1058,1.);
#1058 = DIRECTION('',(1.,0.));
#1059 = ( GEOMETRIC_REPRESENTATION_CONTEXT(2) 
PARAMETRIC_REPRESENTATION_CONTEXT() REPRESENTATION_CONTEXT('2D SPACE',''
  ) );
#1060 = ORIENTED_EDGE('',*,*,#1061,.T.);
#1061 = EDGE_CURVE('',#1034,#1062,#1064,.T.);
#1062 = VERTEX_POINT('',#1063);
#1063 = CARTESIAN_POINT('',(-3.688129016816,-7.030903288065,8.));
#1064 = SURFACE_CURVE('',#1065,(#1069,#1076),.PCURVE_S1.);
#1065 = LINE('',#1066,#1067);
#1066 = CARTESIAN_POINT('',(-2.800829491512,-0.717439111027,8.));
#1067 = VECTOR('',#1068,1.);
#1068 = DIRECTION('',(-0.13917310096,-0.990268068742,0.));
#1069 = PCURVE('',#151,#1070);
#1070 = DEFINITIONAL_REPRESENTATION('',(#1071),#1075);
#1071 = LINE('',#1072,#1073);
#1072 = CARTESIAN_POINT('',(-2.800829491512,-0.717439111027));
#1073 = VECTOR('',#1074,1.);
#1074 = DIRECTION('',(-0.13917310096,-0.990268068742));
#1075 = ( GEOMETRIC_REPRESENTATION_CONTEXT(2) 
PARAMETRIC_REPRESENTATION_CONTEXT() REPRESENTATION_CONTEXT('2D SPACE',''
  ) );
#1076 = PCURVE('',#1077,#1082);
#1077 = PLANE('',#1078);
#1078 = AXIS2_PLACEMENT_3D('',#1079,#1080,#1081);
#1079 = CARTESIAN_POINT('',(-2.800829491512,-0.717439111027,8.));
#1080 = DIRECTION('',(-0.990268068742,0.13917310096,0.));
#1081 = DIRECTION('',(-0.13917310096,-0.990268068742,0.));
#1082 = DEFINITIONAL_REPRESENTATION('',(#1083),#1087);
#1083 = LINE('',#1084,#1085);
#1084 = CARTESIAN_POINT('',(0.,0.));
#1085 = VECTOR('',#1086,1.);
#1086 = DIRECTION('',(1.,0.));
#1087 = ( GEOMETRIC_REPRESENTATION_CONTEXT(2) 
PARAMETRIC_REPRESENTATION_CONTEXT() REPRESENTATION_CONTEXT('2D SPACE',''
  ) );
#1088 = ORIENTED_EDGE('',*,*,#1089,.F.);
#1089 = EDGE_CURVE('',#1004,#1062,#1090,.T.);
#1090 = SURFACE_CURVE('',#1091,(#1096,#1103),.PCURVE_S1.);
#1091 = CIRCLE('',#1092,1.336861892801);
#1092 = AXIS2_PLACEMENT_3D('',#1093,#1094,#1095);
#1093 = CARTESIAN_POINT('',(-3.50207380164,-5.707051643307,8.));
#1094 = DIRECTION('',(0.,0.,1.));
#1095 = DIRECTION('',(1.,0.,0.));
#1096 = PCURVE('',#151,#1097);
#1097 = DEFINITIONAL_REPRESENTATION('',(#1098),#1102);
#1098 = CIRCLE('',#1099,1.336861892801);
#1099 = AXIS2_PLACEMENT_2D('',#1100,#1101);
#1100 = CARTESIAN_POINT('',(-3.50207380164,-5.707051643307));
#1101 = DIRECTION('',(1.,0.));
#1102 = ( GEOMETRIC_REPRESENTATION_CONTEXT(2) 
PARAMETRIC_REPRESENTATION_CONTEXT() REPRESENTATION_CONTEXT('2D SPACE',''
  ) );
#1103 = PCURVE('',#1104,#1109);
#1104 = CYLINDRICAL_SURFACE('',#1105,1.336861892801);
#1105 = AXIS2_PLACEMENT_3D('',#1106,#1107,#1108);
#1106 = CARTESIAN_POINT('',(-3.50207380164,-5.707051643307,8.));
#1107 = DIRECTION('',(0.,0.,1.));
#1108 = DIRECTION('',(1.,0.,0.));
#1109 = DEFINITIONAL_REPRESENTATION('',(#1110),#1114);
#1110 = LINE('',#1111,#1112);
#1111 = CARTESIAN_POINT('',(0.,0.));
#1112 = VECTOR('',#1113,1.);
#1113 = DIRECTION('',(1.,0.));
#1114 = ( GEOMETRIC_REPRESENTATION_CONTEXT(2) 
PARAMETRIC_REPRESENTATION_CONTEXT() REPRESENTATION_CONTEXT('2D SPACE',''
  ) );
#1115 = FACE_BOUND('',#1116,.T.);
#1116 = EDGE_LOOP('',(#1117,#1147,#1175,#1203));
#1117 = ORIENTED_EDGE('',*,*,#1118,.T.);
#1118 = EDGE_CURVE('',#1119,#1121,#1123,.T.);
#1119 = VERTEX_POINT('',#1120);
#1120 = CARTESIAN_POINT('',(-3.013129016816,-7.030903288065,8.));
#1121 = VERTEX_POINT('',#1122);
#1122 = CARTESIAN_POINT('',(-2.815503213453,-5.624722630452,8.));
#1123 = SURFACE_CURVE('',#1124,(#1128,#1135),.PCURVE_S1.);
#1124 = LINE('',#1125,#1126);
#1125 = CARTESIAN_POINT('',(-3.013129016816,-7.030903288065,8.));
#1126 = VECTOR('',#1127,1.);
#1127 = DIRECTION('',(0.13917310096,0.990268068742,0.));
#1128 = PCURVE('',#151,#1129);
#1129 = DEFINITIONAL_REPRESENTATION('',(#1130),#1134);
#1130 = LINE('',#1131,#1132);
#1131 = CARTESIAN_POINT('',(-3.013129016816,-7.030903288065));
#1132 = VECTOR('',#1133,1.);
#1133 = DIRECTION('',(0.13917310096,0.990268068742));
#1134 = ( GEOMETRIC_REPRESENTATION_CONTEXT(2) 
PARAMETRIC_REPRESENTATION_CONTEXT() REPRESENTATION_CONTEXT('2D SPACE',''
  ) );
#1135 = PCURVE('',#1136,#1141);
#1136 = PLANE('',#1137);
#1137 = AXIS2_PLACEMENT_3D('',#1138,#1139,#1140);
#1138 = CARTESIAN_POINT('',(-3.013129016816,-7.030903288065,8.));
#1139 = DIRECTION('',(0.990268068742,-0.13917310096,0.));
#1140 = DIRECTION('',(0.13917310096,0.990268068742,0.));
#1141 = DEFINITIONAL_REPRESENTATION('',(#1142),#1146);
#1142 = LINE('',#1143,#1144);
#1143 = CARTESIAN_POINT('',(0.,0.));
#1144 = VECTOR('',#1145,1.);
#1145 = DIRECTION('',(1.,0.));
#1146 = ( GEOMETRIC_REPRESENTATION_CONTEXT(2) 
PARAMETRIC_REPRESENTATION_CONTEXT() REPRESENTATION_CONTEXT('2D SPACE',''
  ) );
#1147 = ORIENTED_EDGE('',*,*,#1148,.T.);
#1148 = EDGE_CURVE('',#1121,#1149,#1151,.T.);
#1149 = VERTEX_POINT('',#1150);
#1150 = CARTESIAN_POINT('',(1.234496786547,-5.624722630452,8.));
#1151 = SURFACE_CURVE('',#1152,(#1156,#1163),.PCURVE_S1.);
#1152 = LINE('',#1153,#1154);
#1153 = CARTESIAN_POINT('',(-2.815503213453,-5.624722630452,8.));
#1154 = VECTOR('',#1155,1.);
#1155 = DIRECTION('',(1.,0.,0.));
#1156 = PCURVE('',#151,#1157);
#1157 = DEFINITIONAL_REPRESENTATION('',(#1158),#1162);
#1158 = LINE('',#1159,#1160);
#1159 = CARTESIAN_POINT('',(-2.815503213453,-5.624722630452));
#1160 = VECTOR('',#1161,1.);
#1161 = DIRECTION('',(1.,0.));
#1162 = ( GEOMETRIC_REPRESENTATION_CONTEXT(2) 
PARAMETRIC_REPRESENTATION_CONTEXT() REPRESENTATION_CONTEXT('2D SPACE',''
  ) );
#1163 = PCURVE('',#1164,#1169);
#1164 = PLANE('',#1165);
#1165 = AXIS2_PLACEMENT_3D('',#1166,#1167,#1168);
#1166 = CARTESIAN_POINT('',(-2.815503213453,-5.624722630452,8.));
#1167 = DIRECTION('',(0.,-1.,0.));
#1168 = DIRECTION('',(1.,0.,0.));
#1169 = DEFINITIONAL_REPRESENTATION('',(#1170),#1174);
#1170 = LINE('',#1171,#1172);
#1171 = CARTESIAN_POINT('',(0.,0.));
#1172 = VECTOR('',#1173,1.);
#1173 = DIRECTION('',(1.,0.));
#1174 = ( GEOMETRIC_REPRESENTATION_CONTEXT(2) 
PARAMETRIC_REPRESENTATION_CONTEXT() REPRESENTATION_CONTEXT('2D SPACE',''
  ) );
#1175 = ORIENTED_EDGE('',*,*,#1176,.T.);
#1176 = EDGE_CURVE('',#1149,#1177,#1179,.T.);
#1177 = VERTEX_POINT('',#1178);
#1178 = CARTESIAN_POINT('',(1.036870983184,-7.030903288065,8.));
#1179 = SURFACE_CURVE('',#1180,(#1184,#1191),.PCURVE_S1.);
#1180 = LINE('',#1181,#1182);
#1181 = CARTESIAN_POINT('',(1.234496786547,-5.624722630452,8.));
#1182 = VECTOR('',#1183,1.);
#1183 = DIRECTION('',(-0.13917310096,-0.990268068742,0.));
#1184 = PCURVE('',#151,#1185);
#1185 = DEFINITIONAL_REPRESENTATION('',(#1186),#1190);
#1186 = LINE('',#1187,#1188);
#1187 = CARTESIAN_POINT('',(1.234496786547,-5.624722630452));
#1188 = VECTOR('',#1189,1.);
#1189 = DIRECTION('',(-0.13917310096,-0.990268068742));
#1190 = ( GEOMETRIC_REPRESENTATION_CONTEXT(2) 
PARAMETRIC_REPRESENTATION_CONTEXT() REPRESENTATION_CONTEXT('2D SPACE',''
  ) );
#1191 = PCURVE('',#1192,#1197);
#1192 = PLANE('',#1193);
#1193 = AXIS2_PLACEMENT_3D('',#1194,#1195,#1196);
#1194 = CARTESIAN_POINT('',(1.234496786547,-5.624722630452,8.));
#1195 = DIRECTION('',(-0.990268068742,0.13917310096,0.));
#1196 = DIRECTION('',(-0.13917310096,-0.990268068742,0.));
#1197 = DEFINITIONAL_REPRESENTATION('',(#1198),#1202);
#1198 = LINE('',#1199,#1200);
#1199 = CARTESIAN_POINT('',(0.,0.));
#1200 = VECTOR('',#1201,1.);
#1201 = DIRECTION('',(1.,0.));
#1202 = ( GEOMETRIC_REPRESENTATION_CONTEXT(2) 
PARAMETRIC_REPRESENTATION_CONTEXT() REPRESENTATION_CONTEXT('2D SPACE',''
  ) );
#1203 = ORIENTED_EDGE('',*,*,#1204,.T.);
#1204 = EDGE_CURVE('',#1177,#1119,#1205,.T.);
#1205 = SURFACE_CURVE('',#1206,(#1210,#1217),.PCURVE_S1.);
#1206 = LINE('',#1207,#1208);
#1207 = CARTESIAN_POINT('',(1.036870983184,-7.030903288065,8.));
#1208 = VECTOR('',#1209,1.);
#1209 = DIRECTION('',(-1.,0.,0.));
#1210 = PCURVE('',#151,#1211);
#1211 = DEFINITIONAL_REPRESENTATION('',(#1212),#1216);
#1212 = LINE('',#1213,#1214);
#1213 = CARTESIAN_POINT('',(1.036870983184,-7.030903288065));
#1214 = VECTOR('',#1215,1.);
#1215 = DIRECTION('',(-1.,0.));
#1216 = ( GEOMETRIC_REPRESENTATION_CONTEXT(2) 
PARAMETRIC_REPRESENTATION_CONTEXT() REPRESENTATION_CONTEXT('2D SPACE',''
  ) );
#1217 = PCURVE('',#1218,#1223);
#1218 = PLANE('',#1219);
#1219 = AXIS2_PLACEMENT_3D('',#1220,#1221,#1222);
#1220 = CARTESIAN_POINT('',(1.036870983184,-7.030903288065,8.));
#1221 = DIRECTION('',(0.,1.,0.));
#1222 = DIRECTION('',(-1.,0.,0.));
#1223 = DEFINITIONAL_REPRESENTATION('',(#1224),#1228);
#1224 = LINE('',#1225,#1226);
#1225 = CARTESIAN_POINT('',(0.,0.));
#1226 = VECTOR('',#1227,1.);
#1227 = DIRECTION('',(1.,0.));
#1228 = ( GEOMETRIC_REPRESENTATION_CONTEXT(2) 
PARAMETRIC_REPRESENTATION_CONTEXT() REPRESENTATION_CONTEXT('2D SPACE',''
  ) );
#1229 = FACE_BOUND('',#1230,.T.);
#1230 = EDGE_LOOP('',(#1231,#1261,#1289,#1317));
#1231 = ORIENTED_EDGE('',*,*,#1232,.F.);
#1232 = EDGE_CURVE('',#1233,#1235,#1237,.T.);
#1233 = VERTEX_POINT('',#1234);
#1234 = CARTESIAN_POINT('',(-1.928203688149,0.688741546586,8.));
#1235 = VERTEX_POINT('',#1236);
#1236 = CARTESIAN_POINT('',(-2.125829491512,-0.717439111027,8.));
#1237 = SURFACE_CURVE('',#1238,(#1242,#1249),.PCURVE_S1.);
#1238 = LINE('',#1239,#1240);
#1239 = CARTESIAN_POINT('',(-1.928203688149,0.688741546586,8.));
#1240 = VECTOR('',#1241,1.);
#1241 = DIRECTION('',(-0.13917310096,-0.990268068742,0.));
#1242 = PCURVE('',#151,#1243);
#1243 = DEFINITIONAL_REPRESENTATION('',(#1244),#1248);
#1244 = LINE('',#1245,#1246);
#1245 = CARTESIAN_POINT('',(-1.928203688149,0.688741546586));
#1246 = VECTOR('',#1247,1.);
#1247 = DIRECTION('',(-0.13917310096,-0.990268068742));
#1248 = ( GEOMETRIC_REPRESENTATION_CONTEXT(2) 
PARAMETRIC_REPRESENTATION_CONTEXT() REPRESENTATION_CONTEXT('2D SPACE',''
  ) );
#1249 = PCURVE('',#1250,#1255);
#1250 = PLANE('',#1251);
#1251 = AXIS2_PLACEMENT_3D('',#1252,#1253,#1254);
#1252 = CARTESIAN_POINT('',(-1.928203688149,0.688741546586,8.));
#1253 = DIRECTION('',(-0.990268068742,0.13917310096,0.));
#1254 = DIRECTION('',(-0.13917310096,-0.990268068742,0.));
#1255 = DEFINITIONAL_REPRESENTATION('',(#1256),#1260);
#1256 = LINE('',#1257,#1258);
#1257 = CARTESIAN_POINT('',(0.,0.));
#1258 = VECTOR('',#1259,1.);
#1259 = DIRECTION('',(1.,0.));
#1260 = ( GEOMETRIC_REPRESENTATION_CONTEXT(2) 
PARAMETRIC_REPRESENTATION_CONTEXT() REPRESENTATION_CONTEXT('2D SPACE',''
  ) );
#1261 = ORIENTED_EDGE('',*,*,#1262,.F.);
#1262 = EDGE_CURVE('',#1263,#1233,#1265,.T.);
#1263 = VERTEX_POINT('',#1264);
#1264 = CARTESIAN_POINT('',(2.121796311851,0.688741546586,8.));
#1265 = SURFACE_CURVE('',#1266,(#1270,#1277),.PCURVE_S1.);
#1266 = LINE('',#1267,#1268);
#1267 = CARTESIAN_POINT('',(2.121796311851,0.688741546586,8.));
#1268 = VECTOR('',#1269,1.);
#1269 = DIRECTION('',(-1.,0.,0.));
#1270 = PCURVE('',#151,#1271);
#1271 = DEFINITIONAL_REPRESENTATION('',(#1272),#1276);
#1272 = LINE('',#1273,#1274);
#1273 = CARTESIAN_POINT('',(2.121796311851,0.688741546586));
#1274 = VECTOR('',#1275,1.);
#1275 = DIRECTION('',(-1.,0.));
#1276 = ( GEOMETRIC_REPRESENTATION_CONTEXT(2) 
PARAMETRIC_REPRESENTATION_CONTEXT() REPRESENTATION_CONTEXT('2D SPACE',''
  ) );
#1277 = PCURVE('',#1278,#1283);
#1278 = PLANE('',#1279);
#1279 = AXIS2_PLACEMENT_3D('',#1280,#1281,#1282);
#1280 = CARTESIAN_POINT('',(2.121796311851,0.688741546586,8.));
#1281 = DIRECTION('',(0.,1.,0.));
#1282 = DIRECTION('',(-1.,0.,0.));
#1283 = DEFINITIONAL_REPRESENTATION('',(#1284),#1288);
#1284 = LINE('',#1285,#1286);
#1285 = CARTESIAN_POINT('',(0.,0.));
#1286 = VECTOR('',#1287,1.);
#1287 = DIRECTION('',(1.,0.));
#1288 = ( GEOMETRIC_REPRESENTATION_CONTEXT(2) 
PARAMETRIC_REPRESENTATION_CONTEXT() REPRESENTATION_CONTEXT('2D SPACE',''
  ) );
#1289 = ORIENTED_EDGE('',*,*,#1290,.F.);
#1290 = EDGE_CURVE('',#1291,#1263,#1293,.T.);
#1291 = VERTEX_POINT('',#1292);
#1292 = CARTESIAN_POINT('',(1.924170508488,-0.717439111027,8.));
#1293 = SURFACE_CURVE('',#1294,(#1298,#1305),.PCURVE_S1.);
#1294 = LINE('',#1295,#1296);
#1295 = CARTESIAN_POINT('',(1.924170508488,-0.717439111027,8.));
#1296 = VECTOR('',#1297,1.);
#1297 = DIRECTION('',(0.13917310096,0.990268068742,0.));
#1298 = PCURVE('',#151,#1299);
#1299 = DEFINITIONAL_REPRESENTATION('',(#1300),#1304);
#1300 = LINE('',#1301,#1302);
#1301 = CARTESIAN_POINT('',(1.924170508488,-0.717439111027));
#1302 = VECTOR('',#1303,1.);
#1303 = DIRECTION('',(0.13917310096,0.990268068742));
#1304 = ( GEOMETRIC_REPRESENTATION_CONTEXT(2) 
PARAMETRIC_REPRESENTATION_CONTEXT() REPRESENTATION_CONTEXT('2D SPACE',''
  ) );
#1305 = PCURVE('',#1306,#1311);
#1306 = PLANE('',#1307);
#1307 = AXIS2_PLACEMENT_3D('',#1308,#1309,#1310);
#1308 = CARTESIAN_POINT('',(1.924170508488,-0.717439111027,8.));
#1309 = DIRECTION('',(0.990268068742,-0.13917310096,0.));
#1310 = DIRECTION('',(0.13917310096,0.990268068742,0.));
#1311 = DEFINITIONAL_REPRESENTATION('',(#1312),#1316);
#1312 = LINE('',#1313,#1314);
#1313 = CARTESIAN_POINT('',(0.,0.));
#1314 = VECTOR('',#1315,1.);
#1315 = DIRECTION('',(1.,0.));
#1316 = ( GEOMETRIC_REPRESENTATION_CONTEXT(2) 
PARAMETRIC_REPRESENTATION_CONTEXT() REPRESENTATION_CONTEXT('2D SPACE',''
  ) );
#1317 = ORIENTED_EDGE('',*,*,#1318,.F.);
#1318 = EDGE_CURVE('',#1235,#1291,#1319,.T.);
#1319 = SURFACE_CURVE('',#1320,(#1324,#1331),.PCURVE_S1.);
#1320 = LINE('',#1321,#1322);
#1321 = CARTESIAN_POINT('',(-2.125829491512,-0.717439111027,8.));
#1322 = VECTOR('',#1323,1.);
#1323 = DIRECTION('',(1.,0.,0.));
#1324 = PCURVE('',#151,#1325);
#1325 = DEFINITIONAL_REPRESENTATION('',(#1326),#1330);
#1326 = LINE('',#1327,#1328);
#1327 = CARTESIAN_POINT('',(-2.125829491512,-0.717439111027));
#1328 = VECTOR('',#1329,1.);
#1329 = DIRECTION('',(1.,0.));
#1330 = ( GEOMETRIC_REPRESENTATION_CONTEXT(2) 
PARAMETRIC_REPRESENTATION_CONTEXT() REPRESENTATION_CONTEXT('2D SPACE',''
  ) );
#1331 = PCURVE('',#1332,#1337);
#1332 = PLANE('',#1333);
#1333 = AXIS2_PLACEMENT_3D('',#1334,#1335,#1336);
#1334 = CARTESIAN_POINT('',(-2.125829491512,-0.717439111027,8.));
#1335 = DIRECTION('',(0.,-1.,0.));
#1336 = DIRECTION('',(1.,0.,0.));
#1337 = DEFINITIONAL_REPRESENTATION('',(#1338),#1342);
#1338 = LINE('',#1339,#1340);
#1339 = CARTESIAN_POINT('',(0.,0.));
#1340 = VECTOR('',#1341,1.);
#1341 = DIRECTION('',(1.,0.));
#1342 = ( GEOMETRIC_REPRESENTATION_CONTEXT(2) 
PARAMETRIC_REPRESENTATION_CONTEXT() REPRESENTATION_CONTEXT('2D SPACE',''
  ) );
#1343 = FACE_BOUND('',#1344,.T.);
#1344 = EDGE_LOOP('',(#1345));
#1345 = ORIENTED_EDGE('',*,*,#1346,.F.);
#1346 = EDGE_CURVE('',#1347,#1347,#1349,.T.);
#1347 = VERTEX_POINT('',#1348);
#1348 = CARTESIAN_POINT('',(4.826360779102,-6.306413492147,8.));
#1349 = SURFACE_CURVE('',#1350,(#1355,#1362),.PCURVE_S1.);
#1350 = CIRCLE('',#1351,0.724489795918);
#1351 = AXIS2_PLACEMENT_3D('',#1352,#1353,#1354);
#1352 = CARTESIAN_POINT('',(4.101870983184,-6.306413492147,8.));
#1353 = DIRECTION('',(0.,0.,1.));
#1354 = DIRECTION('',(1.,0.,0.));
#1355 = PCURVE('',#151,#1356);
#1356 = DEFINITIONAL_REPRESENTATION('',(#1357),#1361);
#1357 = CIRCLE('',#1358,0.724489795918);
#1358 = AXIS2_PLACEMENT_2D('',#1359,#1360);
#1359 = CARTESIAN_POINT('',(4.101870983184,-6.306413492147));
#1360 = DIRECTION('',(1.,0.));
#1361 = ( GEOMETRIC_REPRESENTATION_CONTEXT(2) 
PARAMETRIC_REPRESENTATION_CONTEXT() REPRESENTATION_CONTEXT('2D SPACE',''
  ) );
#1362 = PCURVE('',#1363,#1368);
#1363 = CYLINDRICAL_SURFACE('',#1364,0.724489795918);
#1364 = AXIS2_PLACEMENT_3D('',#1365,#1366,#1367);
#1365 = CARTESIAN_POINT('',(4.101870983184,-6.306413492147,8.));
#1366 = DIRECTION('',(0.,0.,1.));
#1367 = DIRECTION('',(1.,0.,0.));
#1368 = DEFINITIONAL_REPRESENTATION('',(#1369),#1373);
#1369 = LINE('',#1370,#1371);
#1370 = CARTESIAN_POINT('',(0.,0.));
#1371 = VECTOR('',#1372,1.);
#1372 = DIRECTION('',(1.,0.));
#1373 = ( GEOMETRIC_REPRESENTATION_CONTEXT(2) 
PARAMETRIC_REPRESENTATION_CONTEXT() REPRESENTATION_CONTEXT('2D SPACE',''
  ) );
#1374 = FACE_BOUND('',#1375,.T.);
#1375 = EDGE_LOOP('',(#1376,#1406,#1434,#1462));
#1376 = ORIENTED_EDGE('',*,*,#1377,.T.);
#1377 = EDGE_CURVE('',#1378,#1380,#1382,.T.);
#1378 = VERTEX_POINT('',#1379);
#1379 = CARTESIAN_POINT('',(1.711870983184,-7.030903288065,8.));
#1380 = VERTEX_POINT('',#1381);
#1381 = CARTESIAN_POINT('',(2.599170508488,-0.717439111027,8.));
#1382 = SURFACE_CURVE('',#1383,(#1387,#1394),.PCURVE_S1.);
#1383 = LINE('',#1384,#1385);
#1384 = CARTESIAN_POINT('',(1.711870983184,-7.030903288065,8.));
#1385 = VECTOR('',#1386,1.);
#1386 = DIRECTION('',(0.13917310096,0.990268068742,0.));
#1387 = PCURVE('',#151,#1388);
#1388 = DEFINITIONAL_REPRESENTATION('',(#1389),#1393);
#1389 = LINE('',#1390,#1391);
#1390 = CARTESIAN_POINT('',(1.711870983184,-7.030903288065));
#1391 = VECTOR('',#1392,1.);
#1392 = DIRECTION('',(0.13917310096,0.990268068742));
#1393 = ( GEOMETRIC_REPRESENTATION_CONTEXT(2) 
PARAMETRIC_REPRESENTATION_CONTEXT() REPRESENTATION_CONTEXT('2D SPACE',''
  ) );
#1394 = PCURVE('',#1395,#1400);
#1395 = PLANE('',#1396);
#1396 = AXIS2_PLACEMENT_3D('',#1397,#1398,#1399);
#1397 = CARTESIAN_POINT('',(1.711870983184,-7.030903288065,8.));
#1398 = DIRECTION('',(0.990268068742,-0.13917310096,0.));
#1399 = DIRECTION('',(0.13917310096,0.990268068742,0.));
#1400 = DEFINITIONAL_REPRESENTATION('',(#1401),#1405);
#1401 = LINE('',#1402,#1403);
#1402 = CARTESIAN_POINT('',(0.,0.));
#1403 = VECTOR('',#1404,1.);
#1404 = DIRECTION('',(1.,0.));
#1405 = ( GEOMETRIC_REPRESENTATION_CONTEXT(2) 
PARAMETRIC_REPRESENTATION_CONTEXT() REPRESENTATION_CONTEXT('2D SPACE',''
  ) );
#1406 = ORIENTED_EDGE('',*,*,#1407,.T.);
#1407 = EDGE_CURVE('',#1380,#1408,#1410,.T.);
#1408 = VERTEX_POINT('',#1409);
#1409 = CARTESIAN_POINT('',(3.949170508488,-0.717439111027,8.));
#1410 = SURFACE_CURVE('',#1411,(#1415,#1422),.PCURVE_S1.);
#1411 = LINE('',#1412,#1413);
#1412 = CARTESIAN_POINT('',(2.599170508488,-0.717439111027,8.));
#1413 = VECTOR('',#1414,1.);
#1414 = DIRECTION('',(1.,0.,0.));
#1415 = PCURVE('',#151,#1416);
#1416 = DEFINITIONAL_REPRESENTATION('',(#1417),#1421);
#1417 = LINE('',#1418,#1419);
#1418 = CARTESIAN_POINT('',(2.599170508488,-0.717439111027));
#1419 = VECTOR('',#1420,1.);
#1420 = DIRECTION('',(1.,0.));
#1421 = ( GEOMETRIC_REPRESENTATION_CONTEXT(2) 
PARAMETRIC_REPRESENTATION_CONTEXT() REPRESENTATION_CONTEXT('2D SPACE',''
  ) );
#1422 = PCURVE('',#1423,#1428);
#1423 = PLANE('',#1424);
#1424 = AXIS2_PLACEMENT_3D('',#1425,#1426,#1427);
#1425 = CARTESIAN_POINT('',(2.599170508488,-0.717439111027,8.));
#1426 = DIRECTION('',(0.,-1.,0.));
#1427 = DIRECTION('',(1.,0.,0.));
#1428 = DEFINITIONAL_REPRESENTATION('',(#1429),#1433);
#1429 = LINE('',#1430,#1431);
#1430 = CARTESIAN_POINT('',(0.,0.));
#1431 = VECTOR('',#1432,1.);
#1432 = DIRECTION('',(1.,0.));
#1433 = ( GEOMETRIC_REPRESENTATION_CONTEXT(2) 
PARAMETRIC_REPRESENTATION_CONTEXT() REPRESENTATION_CONTEXT('2D SPACE',''
  ) );
#1434 = ORIENTED_EDGE('',*,*,#1435,.T.);
#1435 = EDGE_CURVE('',#1408,#1436,#1438,.T.);
#1436 = VERTEX_POINT('',#1437);
#1437 = CARTESIAN_POINT('',(3.221777843118,-5.893106858483,8.));
#1438 = SURFACE_CURVE('',#1439,(#1443,#1450),.PCURVE_S1.);
#1439 = LINE('',#1440,#1441);
#1440 = CARTESIAN_POINT('',(3.949170508488,-0.717439111027,8.));
#1441 = VECTOR('',#1442,1.);
#1442 = DIRECTION('',(-0.13917310096,-0.990268068742,0.));
#1443 = PCURVE('',#151,#1444);
#1444 = DEFINITIONAL_REPRESENTATION('',(#1445),#1449);
#1445 = LINE('',#1446,#1447);
#1446 = CARTESIAN_POINT('',(3.949170508488,-0.717439111027));
#1447 = VECTOR('',#1448,1.);
#1448 = DIRECTION('',(-0.13917310096,-0.990268068742));
#1449 = ( GEOMETRIC_REPRESENTATION_CONTEXT(2) 
PARAMETRIC_REPRESENTATION_CONTEXT() REPRESENTATION_CONTEXT('2D SPACE',''
  ) );
#1450 = PCURVE('',#1451,#1456);
#1451 = PLANE('',#1452);
#1452 = AXIS2_PLACEMENT_3D('',#1453,#1454,#1455);
#1453 = CARTESIAN_POINT('',(3.949170508488,-0.717439111027,8.));
#1454 = DIRECTION('',(-0.990268068742,0.13917310096,0.));
#1455 = DIRECTION('',(-0.13917310096,-0.990268068742,0.));
#1456 = DEFINITIONAL_REPRESENTATION('',(#1457),#1461);
#1457 = LINE('',#1458,#1459);
#1458 = CARTESIAN_POINT('',(0.,0.));
#1459 = VECTOR('',#1460,1.);
#1460 = DIRECTION('',(1.,0.));
#1461 = ( GEOMETRIC_REPRESENTATION_CONTEXT(2) 
PARAMETRIC_REPRESENTATION_CONTEXT() REPRESENTATION_CONTEXT('2D SPACE',''
  ) );
#1462 = ORIENTED_EDGE('',*,*,#1463,.F.);
#1463 = EDGE_CURVE('',#1378,#1436,#1464,.T.);
#1464 = SURFACE_CURVE('',#1465,(#1470,#1477),.PCURVE_S1.);
#1465 = CIRCLE('',#1466,1.336861892801);
#1466 = AXIS2_PLACEMENT_3D('',#1467,#1468,#1469);
#1467 = CARTESIAN_POINT('',(1.89792619836,-5.707051643307,8.));
#1468 = DIRECTION('',(0.,0.,1.));
#1469 = DIRECTION('',(1.,0.,0.));
#1470 = PCURVE('',#151,#1471);
#1471 = DEFINITIONAL_REPRESENTATION('',(#1472),#1476);
#1472 = CIRCLE('',#1473,1.336861892801);
#1473 = AXIS2_PLACEMENT_2D('',#1474,#1475);
#1474 = CARTESIAN_POINT('',(1.89792619836,-5.707051643307));
#1475 = DIRECTION('',(1.,0.));
#1476 = ( GEOMETRIC_REPRESENTATION_CONTEXT(2) 
PARAMETRIC_REPRESENTATION_CONTEXT() REPRESENTATION_CONTEXT('2D SPACE',''
  ) );
#1477 = PCURVE('',#1478,#1483);
#1478 = CYLINDRICAL_SURFACE('',#1479,1.336861892801);
#1479 = AXIS2_PLACEMENT_3D('',#1480,#1481,#1482);
#1480 = CARTESIAN_POINT('',(1.89792619836,-5.707051643307,8.));
#1481 = DIRECTION('',(0.,0.,1.));
#1482 = DIRECTION('',(1.,0.,0.));
#1483 = DEFINITIONAL_REPRESENTATION('',(#1484),#1488);
#1484 = LINE('',#1485,#1486);
#1485 = CARTESIAN_POINT('',(0.,0.));
#1486 = VECTOR('',#1487,1.);
#1487 = DIRECTION('',(1.,0.));
#1488 = ( GEOMETRIC_REPRESENTATION_CONTEXT(2) 
PARAMETRIC_REPRESENTATION_CONTEXT() REPRESENTATION_CONTEXT('2D SPACE',''
  ) );
#1489 = FACE_BOUND('',#1490,.T.);
#1490 = EDGE_LOOP('',(#1491,#1522,#1550,#1578));
#1491 = ORIENTED_EDGE('',*,*,#1492,.F.);
#1492 = EDGE_CURVE('',#1493,#1495,#1497,.T.);
#1493 = VERTEX_POINT('',#1494);
#1494 = CARTESIAN_POINT('',(-1.711870983184,7.030903288065,8.));
#1495 = VERTEX_POINT('',#1496);
#1496 = CARTESIAN_POINT('',(-3.221777843118,5.893106858483,8.));
#1497 = SURFACE_CURVE('',#1498,(#1503,#1510),.PCURVE_S1.);
#1498 = CIRCLE('',#1499,1.336861892801);
#1499 = AXIS2_PLACEMENT_3D('',#1500,#1501,#1502);
#1500 = CARTESIAN_POINT('',(-1.89792619836,5.707051643307,8.));
#1501 = DIRECTION('',(0.,0.,1.));
#1502 = DIRECTION('',(1.,0.,0.));
#1503 = PCURVE('',#151,#1504);
#1504 = DEFINITIONAL_REPRESENTATION('',(#1505),#1509);
#1505 = CIRCLE('',#1506,1.336861892801);
#1506 = AXIS2_PLACEMENT_2D('',#1507,#1508);
#1507 = CARTESIAN_POINT('',(-1.89792619836,5.707051643307));
#1508 = DIRECTION('',(1.,0.));
#1509 = ( GEOMETRIC_REPRESENTATION_CONTEXT(2) 
PARAMETRIC_REPRESENTATION_CONTEXT() REPRESENTATION_CONTEXT('2D SPACE',''
  ) );
#1510 = PCURVE('',#1511,#1516);
#1511 = CYLINDRICAL_SURFACE('',#1512,1.336861892801);
#1512 = AXIS2_PLACEMENT_3D('',#1513,#1514,#1515);
#1513 = CARTESIAN_POINT('',(-1.89792619836,5.707051643307,8.));
#1514 = DIRECTION('',(0.,0.,1.));
#1515 = DIRECTION('',(1.,0.,0.));
#1516 = DEFINITIONAL_REPRESENTATION('',(#1517),#1521);
#1517 = LINE('',#1518,#1519);
#1518 = CARTESIAN_POINT('',(0.,0.));
#1519 = VECTOR('',#1520,1.);
#1520 = DIRECTION('',(1.,0.));
#1521 = ( GEOMETRIC_REPRESENTATION_CONTEXT(2) 
PARAMETRIC_REPRESENTATION_CONTEXT() REPRESENTATION_CONTEXT('2D SPACE',''
  ) );
#1522 = ORIENTED_EDGE('',*,*,#1523,.T.);
#1523 = EDGE_CURVE('',#1493,#1524,#1526,.T.);
#1524 = VERTEX_POINT('',#1525);
#1525 = CARTESIAN_POINT('',(-2.599170508488,0.717439111027,8.));
#1526 = SURFACE_CURVE('',#1527,(#1531,#1538),.PCURVE_S1.);
#1527 = LINE('',#1528,#1529);
#1528 = CARTESIAN_POINT('',(-1.711870983184,7.030903288065,8.));
#1529 = VECTOR('',#1530,1.);
#1530 = DIRECTION('',(-0.13917310096,-0.990268068742,0.));
#1531 = PCURVE('',#151,#1532);
#1532 = DEFINITIONAL_REPRESENTATION('',(#1533),#1537);
#1533 = LINE('',#1534,#1535);
#1534 = CARTESIAN_POINT('',(-1.711870983184,7.030903288065));
#1535 = VECTOR('',#1536,1.);
#1536 = DIRECTION('',(-0.13917310096,-0.990268068742));
#1537 = ( GEOMETRIC_REPRESENTATION_CONTEXT(2) 
PARAMETRIC_REPRESENTATION_CONTEXT() REPRESENTATION_CONTEXT('2D SPACE',''
  ) );
#1538 = PCURVE('',#1539,#1544);
#1539 = PLANE('',#1540);
#1540 = AXIS2_PLACEMENT_3D('',#1541,#1542,#1543);
#1541 = CARTESIAN_POINT('',(-1.711870983184,7.030903288065,8.));
#1542 = DIRECTION('',(-0.990268068742,0.13917310096,0.));
#1543 = DIRECTION('',(-0.13917310096,-0.990268068742,0.));
#1544 = DEFINITIONAL_REPRESENTATION('',(#1545),#1549);
#1545 = LINE('',#1546,#1547);
#1546 = CARTESIAN_POINT('',(0.,0.));
#1547 = VECTOR('',#1548,1.);
#1548 = DIRECTION('',(1.,0.));
#1549 = ( GEOMETRIC_REPRESENTATION_CONTEXT(2) 
PARAMETRIC_REPRESENTATION_CONTEXT() REPRESENTATION_CONTEXT('2D SPACE',''
  ) );
#1550 = ORIENTED_EDGE('',*,*,#1551,.T.);
#1551 = EDGE_CURVE('',#1524,#1552,#1554,.T.);
#1552 = VERTEX_POINT('',#1553);
#1553 = CARTESIAN_POINT('',(-3.949170508488,0.717439111027,8.));
#1554 = SURFACE_CURVE('',#1555,(#1559,#1566),.PCURVE_S1.);
#1555 = LINE('',#1556,#1557);
#1556 = CARTESIAN_POINT('',(-2.599170508488,0.717439111027,8.));
#1557 = VECTOR('',#1558,1.);
#1558 = DIRECTION('',(-1.,0.,0.));
#1559 = PCURVE('',#151,#1560);
#1560 = DEFINITIONAL_REPRESENTATION('',(#1561),#1565);
#1561 = LINE('',#1562,#1563);
#1562 = CARTESIAN_POINT('',(-2.599170508488,0.717439111027));
#1563 = VECTOR('',#1564,1.);
#1564 = DIRECTION('',(-1.,0.));
#1565 = ( GEOMETRIC_REPRESENTATION_CONTEXT(2) 
PARAMETRIC_REPRESENTATION_CONTEXT() REPRESENTATION_CONTEXT('2D SPACE',''
  ) );
#1566 = PCURVE('',#1567,#1572);
#1567 = PLANE('',#1568);
#1568 = AXIS2_PLACEMENT_3D('',#1569,#1570,#1571);
#1569 = CARTESIAN_POINT('',(-2.599170508488,0.717439111027,8.));
#1570 = DIRECTION('',(0.,1.,0.));
#1571 = DIRECTION('',(-1.,0.,0.));
#1572 = DEFINITIONAL_REPRESENTATION('',(#1573),#1577);
#1573 = LINE('',#1574,#1575);
#1574 = CARTESIAN_POINT('',(0.,0.));
#1575 = VECTOR('',#1576,1.);
#1576 = DIRECTION('',(1.,0.));
#1577 = ( GEOMETRIC_REPRESENTATION_CONTEXT(2) 
PARAMETRIC_REPRESENTATION_CONTEXT() REPRESENTATION_CONTEXT('2D SPACE',''
  ) );
#1578 = ORIENTED_EDGE('',*,*,#1579,.T.);
#1579 = EDGE_CURVE('',#1552,#1495,#1580,.T.);
#1580 = SURFACE_CURVE('',#1581,(#1585,#1592),.PCURVE_S1.);
#1581 = LINE('',#1582,#1583);
#1582 = CARTESIAN_POINT('',(-3.949170508488,0.717439111027,8.));
#1583 = VECTOR('',#1584,1.);
#1584 = DIRECTION('',(0.13917310096,0.990268068742,0.));
#1585 = PCURVE('',#151,#1586);
#1586 = DEFINITIONAL_REPRESENTATION('',(#1587),#1591);
#1587 = LINE('',#1588,#1589);
#1588 = CARTESIAN_POINT('',(-3.949170508488,0.717439111027));
#1589 = VECTOR('',#1590,1.);
#1590 = DIRECTION('',(0.13917310096,0.990268068742));
#1591 = ( GEOMETRIC_REPRESENTATION_CONTEXT(2) 
PARAMETRIC_REPRESENTATION_CONTEXT() REPRESENTATION_CONTEXT('2D SPACE',''
  ) );
#1592 = PCURVE('',#1593,#1598);
#1593 = PLANE('',#1594);
#1594 = AXIS2_PLACEMENT_3D('',#1595,#1596,#1597);
#1595 = CARTESIAN_POINT('',(-3.949170508488,0.717439111027,8.));
#1596 = DIRECTION('',(0.990268068742,-0.13917310096,0.));
#1597 = DIRECTION('',(0.13917310096,0.990268068742,0.));
#1598 = DEFINITIONAL_REPRESENTATION('',(#1599),#1603);
#1599 = LINE('',#1600,#1601);
#1600 = CARTESIAN_POINT('',(0.,0.));
#1601 = VECTOR('',#1602,1.);
#1602 = DIRECTION('',(1.,0.));
#1603 = ( GEOMETRIC_REPRESENTATION_CONTEXT(2) 
PARAMETRIC_REPRESENTATION_CONTEXT() REPRESENTATION_CONTEXT('2D SPACE',''
  ) );
#1604 = FACE_BOUND('',#1605,.T.);
#1605 = EDGE_LOOP('',(#1606,#1636,#1664,#1692));
#1606 = ORIENTED_EDGE('',*,*,#1607,.F.);
#1607 = EDGE_CURVE('',#1608,#1610,#1612,.T.);
#1608 = VERTEX_POINT('',#1609);
#1609 = CARTESIAN_POINT('',(-1.036870983184,7.030903288065,8.));
#1610 = VERTEX_POINT('',#1611);
#1611 = CARTESIAN_POINT('',(-1.234496786547,5.624722630452,8.));
#1612 = SURFACE_CURVE('',#1613,(#1617,#1624),.PCURVE_S1.);
#1613 = LINE('',#1614,#1615);
#1614 = CARTESIAN_POINT('',(-1.036870983184,7.030903288065,8.));
#1615 = VECTOR('',#1616,1.);
#1616 = DIRECTION('',(-0.13917310096,-0.990268068742,0.));
#1617 = PCURVE('',#151,#1618);
#1618 = DEFINITIONAL_REPRESENTATION('',(#1619),#1623);
#1619 = LINE('',#1620,#1621);
#1620 = CARTESIAN_POINT('',(-1.036870983184,7.030903288065));
#1621 = VECTOR('',#1622,1.);
#1622 = DIRECTION('',(-0.13917310096,-0.990268068742));
#1623 = ( GEOMETRIC_REPRESENTATION_CONTEXT(2) 
PARAMETRIC_REPRESENTATION_CONTEXT() REPRESENTATION_CONTEXT('2D SPACE',''
  ) );
#1624 = PCURVE('',#1625,#1630);
#1625 = PLANE('',#1626);
#1626 = AXIS2_PLACEMENT_3D('',#1627,#1628,#1629);
#1627 = CARTESIAN_POINT('',(-1.036870983184,7.030903288065,8.));
#1628 = DIRECTION('',(-0.990268068742,0.13917310096,0.));
#1629 = DIRECTION('',(-0.13917310096,-0.990268068742,0.));
#1630 = DEFINITIONAL_REPRESENTATION('',(#1631),#1635);
#1631 = LINE('',#1632,#1633);
#1632 = CARTESIAN_POINT('',(0.,0.));
#1633 = VECTOR('',#1634,1.);
#1634 = DIRECTION('',(1.,0.));
#1635 = ( GEOMETRIC_REPRESENTATION_CONTEXT(2) 
PARAMETRIC_REPRESENTATION_CONTEXT() REPRESENTATION_CONTEXT('2D SPACE',''
  ) );
#1636 = ORIENTED_EDGE('',*,*,#1637,.F.);
#1637 = EDGE_CURVE('',#1638,#1608,#1640,.T.);
#1638 = VERTEX_POINT('',#1639);
#1639 = CARTESIAN_POINT('',(3.013129016816,7.030903288065,8.));
#1640 = SURFACE_CURVE('',#1641,(#1645,#1652),.PCURVE_S1.);
#1641 = LINE('',#1642,#1643);
#1642 = CARTESIAN_POINT('',(3.013129016816,7.030903288065,8.));
#1643 = VECTOR('',#1644,1.);
#1644 = DIRECTION('',(-1.,0.,0.));
#1645 = PCURVE('',#151,#1646);
#1646 = DEFINITIONAL_REPRESENTATION('',(#1647),#1651);
#1647 = LINE('',#1648,#1649);
#1648 = CARTESIAN_POINT('',(3.013129016816,7.030903288065));
#1649 = VECTOR('',#1650,1.);
#1650 = DIRECTION('',(-1.,0.));
#1651 = ( GEOMETRIC_REPRESENTATION_CONTEXT(2) 
PARAMETRIC_REPRESENTATION_CONTEXT() REPRESENTATION_CONTEXT('2D SPACE',''
  ) );
#1652 = PCURVE('',#1653,#1658);
#1653 = PLANE('',#1654);
#1654 = AXIS2_PLACEMENT_3D('',#1655,#1656,#1657);
#1655 = CARTESIAN_POINT('',(3.013129016816,7.030903288065,8.));
#1656 = DIRECTION('',(0.,1.,0.));
#1657 = DIRECTION('',(-1.,0.,0.));
#1658 = DEFINITIONAL_REPRESENTATION('',(#1659),#1663);
#1659 = LINE('',#1660,#1661);
#1660 = CARTESIAN_POINT('',(0.,0.));
#1661 = VECTOR('',#1662,1.);
#1662 = DIRECTION('',(1.,0.));
#1663 = ( GEOMETRIC_REPRESENTATION_CONTEXT(2) 
PARAMETRIC_REPRESENTATION_CONTEXT() REPRESENTATION_CONTEXT('2D SPACE',''
  ) );
#1664 = ORIENTED_EDGE('',*,*,#1665,.F.);
#1665 = EDGE_CURVE('',#1666,#1638,#1668,.T.);
#1666 = VERTEX_POINT('',#1667);
#1667 = CARTESIAN_POINT('',(2.815503213453,5.624722630452,8.));
#1668 = SURFACE_CURVE('',#1669,(#1673,#1680),.PCURVE_S1.);
#1669 = LINE('',#1670,#1671);
#1670 = CARTESIAN_POINT('',(2.815503213453,5.624722630452,8.));
#1671 = VECTOR('',#1672,1.);
#1672 = DIRECTION('',(0.13917310096,0.990268068742,0.));
#1673 = PCURVE('',#151,#1674);
#1674 = DEFINITIONAL_REPRESENTATION('',(#1675),#1679);
#1675 = LINE('',#1676,#1677);
#1676 = CARTESIAN_POINT('',(2.815503213453,5.624722630452));
#1677 = VECTOR('',#1678,1.);
#1678 = DIRECTION('',(0.13917310096,0.990268068742));
#1679 = ( GEOMETRIC_REPRESENTATION_CONTEXT(2) 
PARAMETRIC_REPRESENTATION_CONTEXT() REPRESENTATION_CONTEXT('2D SPACE',''
  ) );
#1680 = PCURVE('',#1681,#1686);
#1681 = PLANE('',#1682);
#1682 = AXIS2_PLACEMENT_3D('',#1683,#1684,#1685);
#1683 = CARTESIAN_POINT('',(2.815503213453,5.624722630452,8.));
#1684 = DIRECTION('',(0.990268068742,-0.13917310096,0.));
#1685 = DIRECTION('',(0.13917310096,0.990268068742,0.));
#1686 = DEFINITIONAL_REPRESENTATION('',(#1687),#1691);
#1687 = LINE('',#1688,#1689);
#1688 = CARTESIAN_POINT('',(0.,0.));
#1689 = VECTOR('',#1690,1.);
#1690 = DIRECTION('',(1.,0.));
#1691 = ( GEOMETRIC_REPRESENTATION_CONTEXT(2) 
PARAMETRIC_REPRESENTATION_CONTEXT() REPRESENTATION_CONTEXT('2D SPACE',''
  ) );
#1692 = ORIENTED_EDGE('',*,*,#1693,.F.);
#1693 = EDGE_CURVE('',#1610,#1666,#1694,.T.);
#1694 = SURFACE_CURVE('',#1695,(#1699,#1706),.PCURVE_S1.);
#1695 = LINE('',#1696,#1697);
#1696 = CARTESIAN_POINT('',(-1.234496786547,5.624722630452,8.));
#1697 = VECTOR('',#1698,1.);
#1698 = DIRECTION('',(1.,0.,0.));
#1699 = PCURVE('',#151,#1700);
#1700 = DEFINITIONAL_REPRESENTATION('',(#1701),#1705);
#1701 = LINE('',#1702,#1703);
#1702 = CARTESIAN_POINT('',(-1.234496786547,5.624722630452));
#1703 = VECTOR('',#1704,1.);
#1704 = DIRECTION('',(1.,0.));
#1705 = ( GEOMETRIC_REPRESENTATION_CONTEXT(2) 
PARAMETRIC_REPRESENTATION_CONTEXT() REPRESENTATION_CONTEXT('2D SPACE',''
  ) );
#1706 = PCURVE('',#1707,#1712);
#1707 = PLANE('',#1708);
#1708 = AXIS2_PLACEMENT_3D('',#1709,#1710,#1711);
#1709 = CARTESIAN_POINT('',(-1.234496786547,5.624722630452,8.));
#1710 = DIRECTION('',(0.,-1.,0.));
#1711 = DIRECTION('',(1.,0.,0.));
#1712 = DEFINITIONAL_REPRESENTATION('',(#1713),#1717);
#1713 = LINE('',#1714,#1715);
#1714 = CARTESIAN_POINT('',(0.,0.));
#1715 = VECTOR('',#1716,1.);
#1716 = DIRECTION('',(1.,0.));
#1717 = ( GEOMETRIC_REPRESENTATION_CONTEXT(2) 
PARAMETRIC_REPRESENTATION_CONTEXT() REPRESENTATION_CONTEXT('2D SPACE',''
  ) );
#1718 = FACE_BOUND('',#1719,.T.);
#1719 = EDGE_LOOP('',(#1720,#1750,#1779,#1807));
#1720 = ORIENTED_EDGE('',*,*,#1721,.F.);
#1721 = EDGE_CURVE('',#1722,#1724,#1726,.T.);
#1722 = VERTEX_POINT('',#1723);
#1723 = CARTESIAN_POINT('',(3.688129016816,7.030903288065,8.));
#1724 = VERTEX_POINT('',#1725);
#1725 = CARTESIAN_POINT('',(2.800829491512,0.717439111027,8.));
#1726 = SURFACE_CURVE('',#1727,(#1731,#1738),.PCURVE_S1.);
#1727 = LINE('',#1728,#1729);
#1728 = CARTESIAN_POINT('',(3.688129016816,7.030903288065,8.));
#1729 = VECTOR('',#1730,1.);
#1730 = DIRECTION('',(-0.13917310096,-0.990268068742,0.));
#1731 = PCURVE('',#151,#1732);
#1732 = DEFINITIONAL_REPRESENTATION('',(#1733),#1737);
#1733 = LINE('',#1734,#1735);
#1734 = CARTESIAN_POINT('',(3.688129016816,7.030903288065));
#1735 = VECTOR('',#1736,1.);
#1736 = DIRECTION('',(-0.13917310096,-0.990268068742));
#1737 = ( GEOMETRIC_REPRESENTATION_CONTEXT(2) 
PARAMETRIC_REPRESENTATION_CONTEXT() REPRESENTATION_CONTEXT('2D SPACE',''
  ) );
#1738 = PCURVE('',#1739,#1744);
#1739 = PLANE('',#1740);
#1740 = AXIS2_PLACEMENT_3D('',#1741,#1742,#1743);
#1741 = CARTESIAN_POINT('',(3.688129016816,7.030903288065,8.));
#1742 = DIRECTION('',(-0.990268068742,0.13917310096,0.));
#1743 = DIRECTION('',(-0.13917310096,-0.990268068742,0.));
#1744 = DEFINITIONAL_REPRESENTATION('',(#1745),#1749);
#1745 = LINE('',#1746,#1747);
#1746 = CARTESIAN_POINT('',(0.,0.));
#1747 = VECTOR('',#1748,1.);
#1748 = DIRECTION('',(1.,0.));
#1749 = ( GEOMETRIC_REPRESENTATION_CONTEXT(2) 
PARAMETRIC_REPRESENTATION_CONTEXT() REPRESENTATION_CONTEXT('2D SPACE',''
  ) );
#1750 = ORIENTED_EDGE('',*,*,#1751,.F.);
#1751 = EDGE_CURVE('',#1752,#1722,#1754,.T.);
#1752 = VERTEX_POINT('',#1753);
#1753 = CARTESIAN_POINT('',(4.825925446398,5.52099642813,8.));
#1754 = SURFACE_CURVE('',#1755,(#1760,#1767),.PCURVE_S1.);
#1755 = CIRCLE('',#1756,1.336861892801);
#1756 = AXIS2_PLACEMENT_3D('',#1757,#1758,#1759);
#1757 = CARTESIAN_POINT('',(3.50207380164,5.707051643307,8.));
#1758 = DIRECTION('',(0.,0.,1.));
#1759 = DIRECTION('',(1.,0.,0.));
#1760 = PCURVE('',#151,#1761);
#1761 = DEFINITIONAL_REPRESENTATION('',(#1762),#1766);
#1762 = CIRCLE('',#1763,1.336861892801);
#1763 = AXIS2_PLACEMENT_2D('',#1764,#1765);
#1764 = CARTESIAN_POINT('',(3.50207380164,5.707051643307));
#1765 = DIRECTION('',(1.,0.));
#1766 = ( GEOMETRIC_REPRESENTATION_CONTEXT(2) 
PARAMETRIC_REPRESENTATION_CONTEXT() REPRESENTATION_CONTEXT('2D SPACE',''
  ) );
#1767 = PCURVE('',#1768,#1773);
#1768 = CYLINDRICAL_SURFACE('',#1769,1.336861892801);
#1769 = AXIS2_PLACEMENT_3D('',#1770,#1771,#1772);
#1770 = CARTESIAN_POINT('',(3.50207380164,5.707051643307,8.));
#1771 = DIRECTION('',(0.,0.,1.));
#1772 = DIRECTION('',(1.,0.,0.));
#1773 = DEFINITIONAL_REPRESENTATION('',(#1774),#1778);
#1774 = LINE('',#1775,#1776);
#1775 = CARTESIAN_POINT('',(0.,0.));
#1776 = VECTOR('',#1777,1.);
#1777 = DIRECTION('',(1.,0.));
#1778 = ( GEOMETRIC_REPRESENTATION_CONTEXT(2) 
PARAMETRIC_REPRESENTATION_CONTEXT() REPRESENTATION_CONTEXT('2D SPACE',''
  ) );
#1779 = ORIENTED_EDGE('',*,*,#1780,.F.);
#1780 = EDGE_CURVE('',#1781,#1752,#1783,.T.);
#1781 = VERTEX_POINT('',#1782);
#1782 = CARTESIAN_POINT('',(4.150829491512,0.717439111027,8.));
#1783 = SURFACE_CURVE('',#1784,(#1788,#1795),.PCURVE_S1.);
#1784 = LINE('',#1785,#1786);
#1785 = CARTESIAN_POINT('',(4.150829491512,0.717439111027,8.));
#1786 = VECTOR('',#1787,1.);
#1787 = DIRECTION('',(0.13917310096,0.990268068742,0.));
#1788 = PCURVE('',#151,#1789);
#1789 = DEFINITIONAL_REPRESENTATION('',(#1790),#1794);
#1790 = LINE('',#1791,#1792);
#1791 = CARTESIAN_POINT('',(4.150829491512,0.717439111027));
#1792 = VECTOR('',#1793,1.);
#1793 = DIRECTION('',(0.13917310096,0.990268068742));
#1794 = ( GEOMETRIC_REPRESENTATION_CONTEXT(2) 
PARAMETRIC_REPRESENTATION_CONTEXT() REPRESENTATION_CONTEXT('2D SPACE',''
  ) );
#1795 = PCURVE('',#1796,#1801);
#1796 = PLANE('',#1797);
#1797 = AXIS2_PLACEMENT_3D('',#1798,#1799,#1800);
#1798 = CARTESIAN_POINT('',(4.150829491512,0.717439111027,8.));
#1799 = DIRECTION('',(0.990268068742,-0.13917310096,0.));
#1800 = DIRECTION('',(0.13917310096,0.990268068742,0.));
#1801 = DEFINITIONAL_REPRESENTATION('',(#1802),#1806);
#1802 = LINE('',#1803,#1804);
#1803 = CARTESIAN_POINT('',(0.,0.));
#1804 = VECTOR('',#1805,1.);
#1805 = DIRECTION('',(1.,0.));
#1806 = ( GEOMETRIC_REPRESENTATION_CONTEXT(2) 
PARAMETRIC_REPRESENTATION_CONTEXT() REPRESENTATION_CONTEXT('2D SPACE',''
  ) );
#1807 = ORIENTED_EDGE('',*,*,#1808,.F.);
#1808 = EDGE_CURVE('',#1724,#1781,#1809,.T.);
#1809 = SURFACE_CURVE('',#1810,(#1814,#1821),.PCURVE_S1.);
#1810 = LINE('',#1811,#1812);
#1811 = CARTESIAN_POINT('',(2.800829491512,0.717439111027,8.));
#1812 = VECTOR('',#1813,1.);
#1813 = DIRECTION('',(1.,0.,0.));
#1814 = PCURVE('',#151,#1815);
#1815 = DEFINITIONAL_REPRESENTATION('',(#1816),#1820);
#1816 = LINE('',#1817,#1818);
#1817 = CARTESIAN_POINT('',(2.800829491512,0.717439111027));
#1818 = VECTOR('',#1819,1.);
#1819 = DIRECTION('',(1.,0.));
#1820 = ( GEOMETRIC_REPRESENTATION_CONTEXT(2) 
PARAMETRIC_REPRESENTATION_CONTEXT() REPRESENTATION_CONTEXT('2D SPACE',''
  ) );
#1821 = PCURVE('',#1822,#1827);
#1822 = PLANE('',#1823);
#1823 = AXIS2_PLACEMENT_3D('',#1824,#1825,#1826);
#1824 = CARTESIAN_POINT('',(2.800829491512,0.717439111027,8.));
#1825 = DIRECTION('',(0.,-1.,0.));
#1826 = DIRECTION('',(1.,0.,0.));
#1827 = DEFINITIONAL_REPRESENTATION('',(#1828),#1832);
#1828 = LINE('',#1829,#1830);
#1829 = CARTESIAN_POINT('',(0.,0.));
#1830 = VECTOR('',#1831,1.);
#1831 = DIRECTION('',(1.,0.));
#1832 = ( GEOMETRIC_REPRESENTATION_CONTEXT(2) 
PARAMETRIC_REPRESENTATION_CONTEXT() REPRESENTATION_CONTEXT('2D SPACE',''
  ) );
#1833 = ADVANCED_FACE('',(#1834),#207,.F.);
#1834 = FACE_BOUND('',#1835,.F.);
#1835 = EDGE_LOOP('',(#1836,#1837,#1838,#1861,#1889,#1917));
#1836 = ORIENTED_EDGE('',*,*,#191,.F.);
#1837 = ORIENTED_EDGE('',*,*,#653,.F.);
#1838 = ORIENTED_EDGE('',*,*,#1839,.F.);
#1839 = EDGE_CURVE('',#1840,#654,#1842,.T.);
#1840 = VERTEX_POINT('',#1841);
#1841 = CARTESIAN_POINT('',(5.65,8.85,0.));
#1842 = SURFACE_CURVE('',#1843,(#1847,#1854),.PCURVE_S1.);
#1843 = LINE('',#1844,#1845);
#1844 = CARTESIAN_POINT('',(5.65,8.85,0.));
#1845 = VECTOR('',#1846,1.);
#1846 = DIRECTION('',(-1.,0.,0.));
#1847 = PCURVE('',#207,#1848);
#1848 = DEFINITIONAL_REPRESENTATION('',(#1849),#1853);
#1849 = LINE('',#1850,#1851);
#1850 = CARTESIAN_POINT('',(5.65,8.85));
#1851 = VECTOR('',#1852,1.);
#1852 = DIRECTION('',(-1.,0.));
#1853 = ( GEOMETRIC_REPRESENTATION_CONTEXT(2) 
PARAMETRIC_REPRESENTATION_CONTEXT() REPRESENTATION_CONTEXT('2D SPACE',''
  ) );
#1854 = PCURVE('',#381,#1855);
#1855 = DEFINITIONAL_REPRESENTATION('',(#1856),#1860);
#1856 = LINE('',#1857,#1858);
#1857 = CARTESIAN_POINT('',(0.,-0.));
#1858 = VECTOR('',#1859,1.);
#1859 = DIRECTION('',(1.,0.));
#1860 = ( GEOMETRIC_REPRESENTATION_CONTEXT(2) 
PARAMETRIC_REPRESENTATION_CONTEXT() REPRESENTATION_CONTEXT('2D SPACE',''
  ) );
#1861 = ORIENTED_EDGE('',*,*,#1862,.F.);
#1862 = EDGE_CURVE('',#1863,#1840,#1865,.T.);
#1863 = VERTEX_POINT('',#1864);
#1864 = CARTESIAN_POINT('',(5.65,8.5,0.));
#1865 = SURFACE_CURVE('',#1866,(#1870,#1877),.PCURVE_S1.);
#1866 = LINE('',#1867,#1868);
#1867 = CARTESIAN_POINT('',(5.65,-8.85,0.));
#1868 = VECTOR('',#1869,1.);
#1869 = DIRECTION('',(0.,1.,0.));
#1870 = PCURVE('',#207,#1871);
#1871 = DEFINITIONAL_REPRESENTATION('',(#1872),#1876);
#1872 = LINE('',#1873,#1874);
#1873 = CARTESIAN_POINT('',(5.65,-8.85));
#1874 = VECTOR('',#1875,1.);
#1875 = DIRECTION('',(0.,1.));
#1876 = ( GEOMETRIC_REPRESENTATION_CONTEXT(2) 
PARAMETRIC_REPRESENTATION_CONTEXT() REPRESENTATION_CONTEXT('2D SPACE',''
  ) );
#1877 = PCURVE('',#1878,#1883);
#1878 = PLANE('',#1879);
#1879 = AXIS2_PLACEMENT_3D('',#1880,#1881,#1882);
#1880 = CARTESIAN_POINT('',(5.65,-8.85,0.));
#1881 = DIRECTION('',(-1.,0.,0.));
#1882 = DIRECTION('',(0.,1.,0.));
#1883 = DEFINITIONAL_REPRESENTATION('',(#1884),#1888);
#1884 = LINE('',#1885,#1886);
#1885 = CARTESIAN_POINT('',(0.,0.));
#1886 = VECTOR('',#1887,1.);
#1887 = DIRECTION('',(1.,0.));
#1888 = ( GEOMETRIC_REPRESENTATION_CONTEXT(2) 
PARAMETRIC_REPRESENTATION_CONTEXT() REPRESENTATION_CONTEXT('2D SPACE',''
  ) );
#1889 = ORIENTED_EDGE('',*,*,#1890,.F.);
#1890 = EDGE_CURVE('',#1891,#1863,#1893,.T.);
#1891 = VERTEX_POINT('',#1892);
#1892 = CARTESIAN_POINT('',(6.3,8.5,0.));
#1893 = SURFACE_CURVE('',#1894,(#1898,#1905),.PCURVE_S1.);
#1894 = LINE('',#1895,#1896);
#1895 = CARTESIAN_POINT('',(6.3,8.5,0.));
#1896 = VECTOR('',#1897,1.);
#1897 = DIRECTION('',(-1.,-0.,-0.));
#1898 = PCURVE('',#207,#1899);
#1899 = DEFINITIONAL_REPRESENTATION('',(#1900),#1904);
#1900 = LINE('',#1901,#1902);
#1901 = CARTESIAN_POINT('',(6.3,8.5));
#1902 = VECTOR('',#1903,1.);
#1903 = DIRECTION('',(-1.,0.));
#1904 = ( GEOMETRIC_REPRESENTATION_CONTEXT(2) 
PARAMETRIC_REPRESENTATION_CONTEXT() REPRESENTATION_CONTEXT('2D SPACE',''
  ) );
#1905 = PCURVE('',#1906,#1911);
#1906 = PLANE('',#1907);
#1907 = AXIS2_PLACEMENT_3D('',#1908,#1909,#1910);
#1908 = CARTESIAN_POINT('',(6.3,8.,1.));
#1909 = DIRECTION('',(0.,-0.894427191,-0.4472135955));
#1910 = DIRECTION('',(0.,0.4472135955,-0.894427191));
#1911 = DEFINITIONAL_REPRESENTATION('',(#1912),#1916);
#1912 = LINE('',#1913,#1914);
#1913 = CARTESIAN_POINT('',(1.11803398875,0.));
#1914 = VECTOR('',#1915,1.);
#1915 = DIRECTION('',(0.,-1.));
#1916 = ( GEOMETRIC_REPRESENTATION_CONTEXT(2) 
PARAMETRIC_REPRESENTATION_CONTEXT() REPRESENTATION_CONTEXT('2D SPACE',''
  ) );
#1917 = ORIENTED_EDGE('',*,*,#1918,.F.);
#1918 = EDGE_CURVE('',#164,#1891,#1919,.T.);
#1919 = SURFACE_CURVE('',#1920,(#1924,#1931),.PCURVE_S1.);
#1920 = LINE('',#1921,#1922);
#1921 = CARTESIAN_POINT('',(6.3,9.5,0.));
#1922 = VECTOR('',#1923,1.);
#1923 = DIRECTION('',(0.,-1.,0.));
#1924 = PCURVE('',#207,#1925);
#1925 = DEFINITIONAL_REPRESENTATION('',(#1926),#1930);
#1926 = LINE('',#1927,#1928);
#1927 = CARTESIAN_POINT('',(6.3,9.5));
#1928 = VECTOR('',#1929,1.);
#1929 = DIRECTION('',(0.,-1.));
#1930 = ( GEOMETRIC_REPRESENTATION_CONTEXT(2) 
PARAMETRIC_REPRESENTATION_CONTEXT() REPRESENTATION_CONTEXT('2D SPACE',''
  ) );
#1931 = PCURVE('',#179,#1932);
#1932 = DEFINITIONAL_REPRESENTATION('',(#1933),#1937);
#1933 = LINE('',#1934,#1935);
#1934 = CARTESIAN_POINT('',(0.,0.));
#1935 = VECTOR('',#1936,1.);
#1936 = DIRECTION('',(1.,0.));
#1937 = ( GEOMETRIC_REPRESENTATION_CONTEXT(2) 
PARAMETRIC_REPRESENTATION_CONTEXT() REPRESENTATION_CONTEXT('2D SPACE',''
  ) );
#1938 = ADVANCED_FACE('',(#1939),#179,.T.);
#1939 = FACE_BOUND('',#1940,.T.);
#1940 = EDGE_LOOP('',(#1941,#1971,#1999,#2022,#2043,#2044,#2045,#2046,
    #2069,#2097));
#1941 = ORIENTED_EDGE('',*,*,#1942,.T.);
#1942 = EDGE_CURVE('',#1943,#1945,#1947,.T.);
#1943 = VERTEX_POINT('',#1944);
#1944 = CARTESIAN_POINT('',(6.3,-8.,1.));
#1945 = VERTEX_POINT('',#1946);
#1946 = CARTESIAN_POINT('',(6.3,-7.95,1.1));
#1947 = SURFACE_CURVE('',#1948,(#1952,#1959),.PCURVE_S1.);
#1948 = LINE('',#1949,#1950);
#1949 = CARTESIAN_POINT('',(6.3,-6.7,3.6));
#1950 = VECTOR('',#1951,1.);
#1951 = DIRECTION('',(-0.,0.4472135955,0.894427191));
#1952 = PCURVE('',#179,#1953);
#1953 = DEFINITIONAL_REPRESENTATION('',(#1954),#1958);
#1954 = LINE('',#1955,#1956);
#1955 = CARTESIAN_POINT('',(16.2,-3.6));
#1956 = VECTOR('',#1957,1.);
#1957 = DIRECTION('',(-0.4472135955,-0.894427191));
#1958 = ( GEOMETRIC_REPRESENTATION_CONTEXT(2) 
PARAMETRIC_REPRESENTATION_CONTEXT() REPRESENTATION_CONTEXT('2D SPACE',''
  ) );
#1959 = PCURVE('',#1960,#1965);
#1960 = PLANE('',#1961);
#1961 = AXIS2_PLACEMENT_3D('',#1962,#1963,#1964);
#1962 = CARTESIAN_POINT('',(6.3,-8.5,0.));
#1963 = DIRECTION('',(0.,0.894427191,-0.4472135955));
#1964 = DIRECTION('',(0.,0.4472135955,0.894427191));
#1965 = DEFINITIONAL_REPRESENTATION('',(#1966),#1970);
#1966 = LINE('',#1967,#1968);
#1967 = CARTESIAN_POINT('',(4.0249223595,0.));
#1968 = VECTOR('',#1969,1.);
#1969 = DIRECTION('',(1.,0.));
#1970 = ( GEOMETRIC_REPRESENTATION_CONTEXT(2) 
PARAMETRIC_REPRESENTATION_CONTEXT() REPRESENTATION_CONTEXT('2D SPACE',''
  ) );
#1971 = ORIENTED_EDGE('',*,*,#1972,.T.);
#1972 = EDGE_CURVE('',#1945,#1973,#1975,.T.);
#1973 = VERTEX_POINT('',#1974);
#1974 = CARTESIAN_POINT('',(6.3,7.95,1.1));
#1975 = SURFACE_CURVE('',#1976,(#1980,#1987),.PCURVE_S1.);
#1976 = LINE('',#1977,#1978);
#1977 = CARTESIAN_POINT('',(6.3,-8.,1.1));
#1978 = VECTOR('',#1979,1.);
#1979 = DIRECTION('',(0.,1.,0.));
#1980 = PCURVE('',#179,#1981);
#1981 = DEFINITIONAL_REPRESENTATION('',(#1982),#1986);
#1982 = LINE('',#1983,#1984);
#1983 = CARTESIAN_POINT('',(17.5,-1.1));
#1984 = VECTOR('',#1985,1.);
#1985 = DIRECTION('',(-1.,0.));
#1986 = ( GEOMETRIC_REPRESENTATION_CONTEXT(2) 
PARAMETRIC_REPRESENTATION_CONTEXT() REPRESENTATION_CONTEXT('2D SPACE',''
  ) );
#1987 = PCURVE('',#1988,#1993);
#1988 = CYLINDRICAL_SURFACE('',#1989,0.1);
#1989 = AXIS2_PLACEMENT_3D('',#1990,#1991,#1992);
#1990 = CARTESIAN_POINT('',(6.2,-8.,1.1));
#1991 = DIRECTION('',(0.,1.,0.));
#1992 = DIRECTION('',(1.,0.,0.));
#1993 = DEFINITIONAL_REPRESENTATION('',(#1994),#1998);
#1994 = LINE('',#1995,#1996);
#1995 = CARTESIAN_POINT('',(0.,0.));
#1996 = VECTOR('',#1997,1.);
#1997 = DIRECTION('',(0.,1.));
#1998 = ( GEOMETRIC_REPRESENTATION_CONTEXT(2) 
PARAMETRIC_REPRESENTATION_CONTEXT() REPRESENTATION_CONTEXT('2D SPACE',''
  ) );
#1999 = ORIENTED_EDGE('',*,*,#2000,.F.);
#2000 = EDGE_CURVE('',#2001,#1973,#2003,.T.);
#2001 = VERTEX_POINT('',#2002);
#2002 = CARTESIAN_POINT('',(6.3,8.,1.));
#2003 = SURFACE_CURVE('',#2004,(#2008,#2015),.PCURVE_S1.);
#2004 = LINE('',#2005,#2006);
#2005 = CARTESIAN_POINT('',(6.3,8.35,0.3));
#2006 = VECTOR('',#2007,1.);
#2007 = DIRECTION('',(-0.,-0.4472135955,0.894427191));
#2008 = PCURVE('',#179,#2009);
#2009 = DEFINITIONAL_REPRESENTATION('',(#2010),#2014);
#2010 = LINE('',#2011,#2012);
#2011 = CARTESIAN_POINT('',(1.15,-0.3));
#2012 = VECTOR('',#2013,1.);
#2013 = DIRECTION('',(0.4472135955,-0.894427191));
#2014 = ( GEOMETRIC_REPRESENTATION_CONTEXT(2) 
PARAMETRIC_REPRESENTATION_CONTEXT() REPRESENTATION_CONTEXT('2D SPACE',''
  ) );
#2015 = PCURVE('',#1906,#2016);
#2016 = DEFINITIONAL_REPRESENTATION('',(#2017),#2021);
#2017 = LINE('',#2018,#2019);
#2018 = CARTESIAN_POINT('',(0.782623792125,0.));
#2019 = VECTOR('',#2020,1.);
#2020 = DIRECTION('',(-1.,0.));
#2021 = ( GEOMETRIC_REPRESENTATION_CONTEXT(2) 
PARAMETRIC_REPRESENTATION_CONTEXT() REPRESENTATION_CONTEXT('2D SPACE',''
  ) );
#2022 = ORIENTED_EDGE('',*,*,#2023,.T.);
#2023 = EDGE_CURVE('',#2001,#1891,#2024,.T.);
#2024 = SURFACE_CURVE('',#2025,(#2029,#2036),.PCURVE_S1.);
#2025 = LINE('',#2026,#2027);
#2026 = CARTESIAN_POINT('',(6.3,8.,1.));
#2027 = VECTOR('',#2028,1.);
#2028 = DIRECTION('',(0.,0.4472135955,-0.894427191));
#2029 = PCURVE('',#179,#2030);
#2030 = DEFINITIONAL_REPRESENTATION('',(#2031),#2035);
#2031 = LINE('',#2032,#2033);
#2032 = CARTESIAN_POINT('',(1.5,-1.));
#2033 = VECTOR('',#2034,1.);
#2034 = DIRECTION('',(-0.4472135955,0.894427191));
#2035 = ( GEOMETRIC_REPRESENTATION_CONTEXT(2) 
PARAMETRIC_REPRESENTATION_CONTEXT() REPRESENTATION_CONTEXT('2D SPACE',''
  ) );
#2036 = PCURVE('',#1906,#2037);
#2037 = DEFINITIONAL_REPRESENTATION('',(#2038),#2042);
#2038 = LINE('',#2039,#2040);
#2039 = CARTESIAN_POINT('',(0.,0.));
#2040 = VECTOR('',#2041,1.);
#2041 = DIRECTION('',(1.,0.));
#2042 = ( GEOMETRIC_REPRESENTATION_CONTEXT(2) 
PARAMETRIC_REPRESENTATION_CONTEXT() REPRESENTATION_CONTEXT('2D SPACE',''
  ) );
#2043 = ORIENTED_EDGE('',*,*,#1918,.F.);
#2044 = ORIENTED_EDGE('',*,*,#163,.T.);
#2045 = ORIENTED_EDGE('',*,*,#980,.T.);
#2046 = ORIENTED_EDGE('',*,*,#2047,.F.);
#2047 = EDGE_CURVE('',#2048,#958,#2050,.T.);
#2048 = VERTEX_POINT('',#2049);
#2049 = CARTESIAN_POINT('',(6.3,-9.5,0.));
#2050 = SURFACE_CURVE('',#2051,(#2055,#2062),.PCURVE_S1.);
#2051 = LINE('',#2052,#2053);
#2052 = CARTESIAN_POINT('',(6.3,-9.5,0.));
#2053 = VECTOR('',#2054,1.);
#2054 = DIRECTION('',(0.,0.,1.));
#2055 = PCURVE('',#179,#2056);
#2056 = DEFINITIONAL_REPRESENTATION('',(#2057),#2061);
#2057 = LINE('',#2058,#2059);
#2058 = CARTESIAN_POINT('',(19.,0.));
#2059 = VECTOR('',#2060,1.);
#2060 = DIRECTION('',(0.,-1.));
#2061 = ( GEOMETRIC_REPRESENTATION_CONTEXT(2) 
PARAMETRIC_REPRESENTATION_CONTEXT() REPRESENTATION_CONTEXT('2D SPACE',''
  ) );
#2062 = PCURVE('',#845,#2063);
#2063 = DEFINITIONAL_REPRESENTATION('',(#2064),#2068);
#2064 = LINE('',#2065,#2066);
#2065 = CARTESIAN_POINT('',(0.,-0.));
#2066 = VECTOR('',#2067,1.);
#2067 = DIRECTION('',(0.,-1.));
#2068 = ( GEOMETRIC_REPRESENTATION_CONTEXT(2) 
PARAMETRIC_REPRESENTATION_CONTEXT() REPRESENTATION_CONTEXT('2D SPACE',''
  ) );
#2069 = ORIENTED_EDGE('',*,*,#2070,.F.);
#2070 = EDGE_CURVE('',#2071,#2048,#2073,.T.);
#2071 = VERTEX_POINT('',#2072);
#2072 = CARTESIAN_POINT('',(6.3,-8.5,0.));
#2073 = SURFACE_CURVE('',#2074,(#2078,#2085),.PCURVE_S1.);
#2074 = LINE('',#2075,#2076);
#2075 = CARTESIAN_POINT('',(6.3,9.5,0.));
#2076 = VECTOR('',#2077,1.);
#2077 = DIRECTION('',(0.,-1.,0.));
#2078 = PCURVE('',#179,#2079);
#2079 = DEFINITIONAL_REPRESENTATION('',(#2080),#2084);
#2080 = LINE('',#2081,#2082);
#2081 = CARTESIAN_POINT('',(0.,0.));
#2082 = VECTOR('',#2083,1.);
#2083 = DIRECTION('',(1.,0.));
#2084 = ( GEOMETRIC_REPRESENTATION_CONTEXT(2) 
PARAMETRIC_REPRESENTATION_CONTEXT() REPRESENTATION_CONTEXT('2D SPACE',''
  ) );
#2085 = PCURVE('',#2086,#2091);
#2086 = PLANE('',#2087);
#2087 = AXIS2_PLACEMENT_3D('',#2088,#2089,#2090);
#2088 = CARTESIAN_POINT('',(1.798842369013E-15,0.,0.));
#2089 = DIRECTION('',(0.,0.,1.));
#2090 = DIRECTION('',(1.,0.,0.));
#2091 = DEFINITIONAL_REPRESENTATION('',(#2092),#2096);
#2092 = LINE('',#2093,#2094);
#2093 = CARTESIAN_POINT('',(6.3,9.5));
#2094 = VECTOR('',#2095,1.);
#2095 = DIRECTION('',(0.,-1.));
#2096 = ( GEOMETRIC_REPRESENTATION_CONTEXT(2) 
PARAMETRIC_REPRESENTATION_CONTEXT() REPRESENTATION_CONTEXT('2D SPACE',''
  ) );
#2097 = ORIENTED_EDGE('',*,*,#2098,.T.);
#2098 = EDGE_CURVE('',#2071,#1943,#2099,.T.);
#2099 = SURFACE_CURVE('',#2100,(#2104,#2111),.PCURVE_S1.);
#2100 = LINE('',#2101,#2102);
#2101 = CARTESIAN_POINT('',(6.3,-8.5,0.));
#2102 = VECTOR('',#2103,1.);
#2103 = DIRECTION('',(0.,0.4472135955,0.894427191));
#2104 = PCURVE('',#179,#2105);
#2105 = DEFINITIONAL_REPRESENTATION('',(#2106),#2110);
#2106 = LINE('',#2107,#2108);
#2107 = CARTESIAN_POINT('',(18.,0.));
#2108 = VECTOR('',#2109,1.);
#2109 = DIRECTION('',(-0.4472135955,-0.894427191));
#2110 = ( GEOMETRIC_REPRESENTATION_CONTEXT(2) 
PARAMETRIC_REPRESENTATION_CONTEXT() REPRESENTATION_CONTEXT('2D SPACE',''
  ) );
#2111 = PCURVE('',#1960,#2112);
#2112 = DEFINITIONAL_REPRESENTATION('',(#2113),#2117);
#2113 = LINE('',#2114,#2115);
#2114 = CARTESIAN_POINT('',(0.,0.));
#2115 = VECTOR('',#2116,1.);
#2116 = DIRECTION('',(1.,0.));
#2117 = ( GEOMETRIC_REPRESENTATION_CONTEXT(2) 
PARAMETRIC_REPRESENTATION_CONTEXT() REPRESENTATION_CONTEXT('2D SPACE',''
  ) );
#2118 = ADVANCED_FACE('',(#2119),#317,.T.);
#2119 = FACE_BOUND('',#2120,.T.);
#2120 = EDGE_LOOP('',(#2121,#2122,#2143,#2144));
#2121 = ORIENTED_EDGE('',*,*,#627,.F.);
#2122 = ORIENTED_EDGE('',*,*,#2123,.T.);
#2123 = EDGE_CURVE('',#628,#300,#2124,.T.);
#2124 = SURFACE_CURVE('',#2125,(#2129,#2136),.PCURVE_S1.);
#2125 = LINE('',#2126,#2127);
#2126 = CARTESIAN_POINT('',(4.8,8.95,1.));
#2127 = VECTOR('',#2128,1.);
#2128 = DIRECTION('',(-1.,-0.,-6.190549156711E-32));
#2129 = PCURVE('',#317,#2130);
#2130 = DEFINITIONAL_REPRESENTATION('',(#2131),#2135);
#2131 = LINE('',#2132,#2133);
#2132 = CARTESIAN_POINT('',(-8.95,-4.8));
#2133 = VECTOR('',#2134,1.);
#2134 = DIRECTION('',(-6.521711963371E-48,1.));
#2135 = ( GEOMETRIC_REPRESENTATION_CONTEXT(2) 
PARAMETRIC_REPRESENTATION_CONTEXT() REPRESENTATION_CONTEXT('2D SPACE',''
  ) );
#2136 = PCURVE('',#350,#2137);
#2137 = DEFINITIONAL_REPRESENTATION('',(#2138),#2142);
#2138 = LINE('',#2139,#2140);
#2139 = CARTESIAN_POINT('',(0.,0.));
#2140 = VECTOR('',#2141,1.);
#2141 = DIRECTION('',(0.,1.));
#2142 = ( GEOMETRIC_REPRESENTATION_CONTEXT(2) 
PARAMETRIC_REPRESENTATION_CONTEXT() REPRESENTATION_CONTEXT('2D SPACE',''
  ) );
#2143 = ORIENTED_EDGE('',*,*,#299,.T.);
#2144 = ORIENTED_EDGE('',*,*,#470,.T.);
#2145 = ADVANCED_FACE('',(#2146),#350,.T.);
#2146 = FACE_BOUND('',#2147,.T.);
#2147 = EDGE_LOOP('',(#2148,#2149,#2170,#2171));
#2148 = ORIENTED_EDGE('',*,*,#720,.T.);
#2149 = ORIENTED_EDGE('',*,*,#2150,.T.);
#2150 = EDGE_CURVE('',#698,#330,#2151,.T.);
#2151 = SURFACE_CURVE('',#2152,(#2156,#2163),.PCURVE_S1.);
#2152 = LINE('',#2153,#2154);
#2153 = CARTESIAN_POINT('',(4.8,8.85,1.1));
#2154 = VECTOR('',#2155,1.);
#2155 = DIRECTION('',(-1.,-0.,-6.190549156711E-32));
#2156 = PCURVE('',#350,#2157);
#2157 = DEFINITIONAL_REPRESENTATION('',(#2158),#2162);
#2158 = LINE('',#2159,#2160);
#2159 = CARTESIAN_POINT('',(1.570796326795,0.));
#2160 = VECTOR('',#2161,1.);
#2161 = DIRECTION('',(0.,1.));
#2162 = ( GEOMETRIC_REPRESENTATION_CONTEXT(2) 
PARAMETRIC_REPRESENTATION_CONTEXT() REPRESENTATION_CONTEXT('2D SPACE',''
  ) );
#2163 = PCURVE('',#381,#2164);
#2164 = DEFINITIONAL_REPRESENTATION('',(#2165),#2169);
#2165 = LINE('',#2166,#2167);
#2166 = CARTESIAN_POINT('',(0.85,-1.1));
#2167 = VECTOR('',#2168,1.);
#2168 = DIRECTION('',(1.,6.190549156711E-32));
#2169 = ( GEOMETRIC_REPRESENTATION_CONTEXT(2) 
PARAMETRIC_REPRESENTATION_CONTEXT() REPRESENTATION_CONTEXT('2D SPACE',''
  ) );
#2170 = ORIENTED_EDGE('',*,*,#329,.F.);
#2171 = ORIENTED_EDGE('',*,*,#2123,.F.);
#2172 = ADVANCED_FACE('',(#2173),#381,.T.);
#2173 = FACE_BOUND('',#2174,.T.);
#2174 = EDGE_LOOP('',(#2175,#2176,#2177,#2178,#2201,#2229,#2250,#2251,
    #2252,#2253));
#2175 = ORIENTED_EDGE('',*,*,#697,.F.);
#2176 = ORIENTED_EDGE('',*,*,#676,.F.);
#2177 = ORIENTED_EDGE('',*,*,#1839,.F.);
#2178 = ORIENTED_EDGE('',*,*,#2179,.T.);
#2179 = EDGE_CURVE('',#1840,#2180,#2182,.T.);
#2180 = VERTEX_POINT('',#2181);
#2181 = CARTESIAN_POINT('',(5.65,8.85,1.65));
#2182 = SURFACE_CURVE('',#2183,(#2187,#2194),.PCURVE_S1.);
#2183 = LINE('',#2184,#2185);
#2184 = CARTESIAN_POINT('',(5.65,8.85,0.));
#2185 = VECTOR('',#2186,1.);
#2186 = DIRECTION('',(0.,0.,1.));
#2187 = PCURVE('',#381,#2188);
#2188 = DEFINITIONAL_REPRESENTATION('',(#2189),#2193);
#2189 = LINE('',#2190,#2191);
#2190 = CARTESIAN_POINT('',(0.,-0.));
#2191 = VECTOR('',#2192,1.);
#2192 = DIRECTION('',(0.,-1.));
#2193 = ( GEOMETRIC_REPRESENTATION_CONTEXT(2) 
PARAMETRIC_REPRESENTATION_CONTEXT() REPRESENTATION_CONTEXT('2D SPACE',''
  ) );
#2194 = PCURVE('',#1878,#2195);
#2195 = DEFINITIONAL_REPRESENTATION('',(#2196),#2200);
#2196 = LINE('',#2197,#2198);
#2197 = CARTESIAN_POINT('',(17.7,0.));
#2198 = VECTOR('',#2199,1.);
#2199 = DIRECTION('',(0.,-1.));
#2200 = ( GEOMETRIC_REPRESENTATION_CONTEXT(2) 
PARAMETRIC_REPRESENTATION_CONTEXT() REPRESENTATION_CONTEXT('2D SPACE',''
  ) );
#2201 = ORIENTED_EDGE('',*,*,#2202,.T.);
#2202 = EDGE_CURVE('',#2180,#2203,#2205,.T.);
#2203 = VERTEX_POINT('',#2204);
#2204 = CARTESIAN_POINT('',(-5.65,8.85,1.65));
#2205 = SURFACE_CURVE('',#2206,(#2210,#2217),.PCURVE_S1.);
#2206 = LINE('',#2207,#2208);
#2207 = CARTESIAN_POINT('',(5.65,8.85,1.65));
#2208 = VECTOR('',#2209,1.);
#2209 = DIRECTION('',(-1.,0.,0.));
#2210 = PCURVE('',#381,#2211);
#2211 = DEFINITIONAL_REPRESENTATION('',(#2212),#2216);
#2212 = LINE('',#2213,#2214);
#2213 = CARTESIAN_POINT('',(0.,-1.65));
#2214 = VECTOR('',#2215,1.);
#2215 = DIRECTION('',(1.,0.));
#2216 = ( GEOMETRIC_REPRESENTATION_CONTEXT(2) 
PARAMETRIC_REPRESENTATION_CONTEXT() REPRESENTATION_CONTEXT('2D SPACE',''
  ) );
#2217 = PCURVE('',#2218,#2223);
#2218 = PLANE('',#2219);
#2219 = AXIS2_PLACEMENT_3D('',#2220,#2221,#2222);
#2220 = CARTESIAN_POINT('',(1.960117891752E-15,-2.205132628221E-15,1.65)
  );
#2221 = DIRECTION('',(0.,0.,1.));
#2222 = DIRECTION('',(1.,0.,0.));
#2223 = DEFINITIONAL_REPRESENTATION('',(#2224),#2228);
#2224 = LINE('',#2225,#2226);
#2225 = CARTESIAN_POINT('',(5.65,8.85));
#2226 = VECTOR('',#2227,1.);
#2227 = DIRECTION('',(-1.,0.));
#2228 = ( GEOMETRIC_REPRESENTATION_CONTEXT(2) 
PARAMETRIC_REPRESENTATION_CONTEXT() REPRESENTATION_CONTEXT('2D SPACE',''
  ) );
#2229 = ORIENTED_EDGE('',*,*,#2230,.F.);
#2230 = EDGE_CURVE('',#575,#2203,#2231,.T.);
#2231 = SURFACE_CURVE('',#2232,(#2236,#2243),.PCURVE_S1.);
#2232 = LINE('',#2233,#2234);
#2233 = CARTESIAN_POINT('',(-5.65,8.85,0.));
#2234 = VECTOR('',#2235,1.);
#2235 = DIRECTION('',(0.,0.,1.));
#2236 = PCURVE('',#381,#2237);
#2237 = DEFINITIONAL_REPRESENTATION('',(#2238),#2242);
#2238 = LINE('',#2239,#2240);
#2239 = CARTESIAN_POINT('',(11.3,0.));
#2240 = VECTOR('',#2241,1.);
#2241 = DIRECTION('',(0.,-1.));
#2242 = ( GEOMETRIC_REPRESENTATION_CONTEXT(2) 
PARAMETRIC_REPRESENTATION_CONTEXT() REPRESENTATION_CONTEXT('2D SPACE',''
  ) );
#2243 = PCURVE('',#590,#2244);
#2244 = DEFINITIONAL_REPRESENTATION('',(#2245),#2249);
#2245 = LINE('',#2246,#2247);
#2246 = CARTESIAN_POINT('',(0.,0.));
#2247 = VECTOR('',#2248,1.);
#2248 = DIRECTION('',(0.,-1.));
#2249 = ( GEOMETRIC_REPRESENTATION_CONTEXT(2) 
PARAMETRIC_REPRESENTATION_CONTEXT() REPRESENTATION_CONTEXT('2D SPACE',''
  ) );
#2250 = ORIENTED_EDGE('',*,*,#602,.F.);
#2251 = ORIENTED_EDGE('',*,*,#393,.F.);
#2252 = ORIENTED_EDGE('',*,*,#365,.T.);
#2253 = ORIENTED_EDGE('',*,*,#2150,.F.);
#2254 = ADVANCED_FACE('',(#2255),#590,.T.);
#2255 = FACE_BOUND('',#2256,.T.);
#2256 = EDGE_LOOP('',(#2257,#2282,#2301,#2302,#2303,#2326,#2354,#2377,
    #2398,#2421));
#2257 = ORIENTED_EDGE('',*,*,#2258,.F.);
#2258 = EDGE_CURVE('',#2259,#2261,#2263,.T.);
#2259 = VERTEX_POINT('',#2260);
#2260 = CARTESIAN_POINT('',(-5.65,8.,1.));
#2261 = VERTEX_POINT('',#2262);
#2262 = CARTESIAN_POINT('',(-5.65,7.95,1.1));
#2263 = SURFACE_CURVE('',#2264,(#2268,#2275),.PCURVE_S1.);
#2264 = LINE('',#2265,#2266);
#2265 = CARTESIAN_POINT('',(-5.65,8.285,0.43));
#2266 = VECTOR('',#2267,1.);
#2267 = DIRECTION('',(-0.,-0.4472135955,0.894427191));
#2268 = PCURVE('',#590,#2269);
#2269 = DEFINITIONAL_REPRESENTATION('',(#2270),#2274);
#2270 = LINE('',#2271,#2272);
#2271 = CARTESIAN_POINT('',(0.565,-0.43));
#2272 = VECTOR('',#2273,1.);
#2273 = DIRECTION('',(0.4472135955,-0.894427191));
#2274 = ( GEOMETRIC_REPRESENTATION_CONTEXT(2) 
PARAMETRIC_REPRESENTATION_CONTEXT() REPRESENTATION_CONTEXT('2D SPACE',''
  ) );
#2275 = PCURVE('',#562,#2276);
#2276 = DEFINITIONAL_REPRESENTATION('',(#2277),#2281);
#2277 = LINE('',#2278,#2279);
#2278 = CARTESIAN_POINT('',(0.637279373587,-11.95));
#2279 = VECTOR('',#2280,1.);
#2280 = DIRECTION('',(-1.,0.));
#2281 = ( GEOMETRIC_REPRESENTATION_CONTEXT(2) 
PARAMETRIC_REPRESENTATION_CONTEXT() REPRESENTATION_CONTEXT('2D SPACE',''
  ) );
#2282 = ORIENTED_EDGE('',*,*,#2283,.F.);
#2283 = EDGE_CURVE('',#547,#2259,#2284,.T.);
#2284 = SURFACE_CURVE('',#2285,(#2289,#2295),.PCURVE_S1.);
#2285 = LINE('',#2286,#2287);
#2286 = CARTESIAN_POINT('',(-5.65,8.285,0.43));
#2287 = VECTOR('',#2288,1.);
#2288 = DIRECTION('',(0.,-0.4472135955,0.894427191));
#2289 = PCURVE('',#590,#2290);
#2290 = DEFINITIONAL_REPRESENTATION('',(#2291),#2294);
#2291 = B_SPLINE_CURVE_WITH_KNOTS('',1,(#2292,#2293),.UNSPECIFIED.,.F.,
  .F.,(2,2),(-0.480754615162,0.637279373587),.PIECEWISE_BEZIER_KNOTS.);
#2292 = CARTESIAN_POINT('',(0.35,5.551115123126E-17));
#2293 = CARTESIAN_POINT('',(0.85,-1.));
#2294 = ( GEOMETRIC_REPRESENTATION_CONTEXT(2) 
PARAMETRIC_REPRESENTATION_CONTEXT() REPRESENTATION_CONTEXT('2D SPACE',''
  ) );
#2295 = PCURVE('',#562,#2296);
#2296 = DEFINITIONAL_REPRESENTATION('',(#2297),#2300);
#2297 = B_SPLINE_CURVE_WITH_KNOTS('',1,(#2298,#2299),.UNSPECIFIED.,.F.,
  .F.,(2,2),(-0.480754615162,0.637279373587),.PIECEWISE_BEZIER_KNOTS.);
#2298 = CARTESIAN_POINT('',(1.11803398875,-11.95));
#2299 = CARTESIAN_POINT('',(0.,-11.95));
#2300 = ( GEOMETRIC_REPRESENTATION_CONTEXT(2) 
PARAMETRIC_REPRESENTATION_CONTEXT() REPRESENTATION_CONTEXT('2D SPACE',''
  ) );
#2301 = ORIENTED_EDGE('',*,*,#574,.F.);
#2302 = ORIENTED_EDGE('',*,*,#2230,.T.);
#2303 = ORIENTED_EDGE('',*,*,#2304,.T.);
#2304 = EDGE_CURVE('',#2203,#2305,#2307,.T.);
#2305 = VERTEX_POINT('',#2306);
#2306 = CARTESIAN_POINT('',(-5.65,-8.85,1.65));
#2307 = SURFACE_CURVE('',#2308,(#2312,#2319),.PCURVE_S1.);
#2308 = LINE('',#2309,#2310);
#2309 = CARTESIAN_POINT('',(-5.65,8.85,1.65));
#2310 = VECTOR('',#2311,1.);
#2311 = DIRECTION('',(0.,-1.,0.));
#2312 = PCURVE('',#590,#2313);
#2313 = DEFINITIONAL_REPRESENTATION('',(#2314),#2318);
#2314 = LINE('',#2315,#2316);
#2315 = CARTESIAN_POINT('',(0.,-1.65));
#2316 = VECTOR('',#2317,1.);
#2317 = DIRECTION('',(1.,0.));
#2318 = ( GEOMETRIC_REPRESENTATION_CONTEXT(2) 
PARAMETRIC_REPRESENTATION_CONTEXT() REPRESENTATION_CONTEXT('2D SPACE',''
  ) );
#2319 = PCURVE('',#2218,#2320);
#2320 = DEFINITIONAL_REPRESENTATION('',(#2321),#2325);
#2321 = LINE('',#2322,#2323);
#2322 = CARTESIAN_POINT('',(-5.65,8.85));
#2323 = VECTOR('',#2324,1.);
#2324 = DIRECTION('',(0.,-1.));
#2325 = ( GEOMETRIC_REPRESENTATION_CONTEXT(2) 
PARAMETRIC_REPRESENTATION_CONTEXT() REPRESENTATION_CONTEXT('2D SPACE',''
  ) );
#2326 = ORIENTED_EDGE('',*,*,#2327,.F.);
#2327 = EDGE_CURVE('',#2328,#2305,#2330,.T.);
#2328 = VERTEX_POINT('',#2329);
#2329 = CARTESIAN_POINT('',(-5.65,-8.85,0.));
#2330 = SURFACE_CURVE('',#2331,(#2335,#2342),.PCURVE_S1.);
#2331 = LINE('',#2332,#2333);
#2332 = CARTESIAN_POINT('',(-5.65,-8.85,0.));
#2333 = VECTOR('',#2334,1.);
#2334 = DIRECTION('',(0.,0.,1.));
#2335 = PCURVE('',#590,#2336);
#2336 = DEFINITIONAL_REPRESENTATION('',(#2337),#2341);
#2337 = LINE('',#2338,#2339);
#2338 = CARTESIAN_POINT('',(17.7,0.));
#2339 = VECTOR('',#2340,1.);
#2340 = DIRECTION('',(0.,-1.));
#2341 = ( GEOMETRIC_REPRESENTATION_CONTEXT(2) 
PARAMETRIC_REPRESENTATION_CONTEXT() REPRESENTATION_CONTEXT('2D SPACE',''
  ) );
#2342 = PCURVE('',#2343,#2348);
#2343 = PLANE('',#2344);
#2344 = AXIS2_PLACEMENT_3D('',#2345,#2346,#2347);
#2345 = CARTESIAN_POINT('',(-5.65,-8.85,0.));
#2346 = DIRECTION('',(0.,1.,0.));
#2347 = DIRECTION('',(1.,0.,0.));
#2348 = DEFINITIONAL_REPRESENTATION('',(#2349),#2353);
#2349 = LINE('',#2350,#2351);
#2350 = CARTESIAN_POINT('',(0.,0.));
#2351 = VECTOR('',#2352,1.);
#2352 = DIRECTION('',(0.,-1.));
#2353 = ( GEOMETRIC_REPRESENTATION_CONTEXT(2) 
PARAMETRIC_REPRESENTATION_CONTEXT() REPRESENTATION_CONTEXT('2D SPACE',''
  ) );
#2354 = ORIENTED_EDGE('',*,*,#2355,.F.);
#2355 = EDGE_CURVE('',#2356,#2328,#2358,.T.);
#2356 = VERTEX_POINT('',#2357);
#2357 = CARTESIAN_POINT('',(-5.65,-8.5,0.));
#2358 = SURFACE_CURVE('',#2359,(#2363,#2370),.PCURVE_S1.);
#2359 = LINE('',#2360,#2361);
#2360 = CARTESIAN_POINT('',(-5.65,8.85,0.));
#2361 = VECTOR('',#2362,1.);
#2362 = DIRECTION('',(0.,-1.,0.));
#2363 = PCURVE('',#590,#2364);
#2364 = DEFINITIONAL_REPRESENTATION('',(#2365),#2369);
#2365 = LINE('',#2366,#2367);
#2366 = CARTESIAN_POINT('',(0.,0.));
#2367 = VECTOR('',#2368,1.);
#2368 = DIRECTION('',(1.,0.));
#2369 = ( GEOMETRIC_REPRESENTATION_CONTEXT(2) 
PARAMETRIC_REPRESENTATION_CONTEXT() REPRESENTATION_CONTEXT('2D SPACE',''
  ) );
#2370 = PCURVE('',#817,#2371);
#2371 = DEFINITIONAL_REPRESENTATION('',(#2372),#2376);
#2372 = LINE('',#2373,#2374);
#2373 = CARTESIAN_POINT('',(-5.65,8.85));
#2374 = VECTOR('',#2375,1.);
#2375 = DIRECTION('',(0.,-1.));
#2376 = ( GEOMETRIC_REPRESENTATION_CONTEXT(2) 
PARAMETRIC_REPRESENTATION_CONTEXT() REPRESENTATION_CONTEXT('2D SPACE',''
  ) );
#2377 = ORIENTED_EDGE('',*,*,#2378,.F.);
#2378 = EDGE_CURVE('',#2379,#2356,#2381,.T.);
#2379 = VERTEX_POINT('',#2380);
#2380 = CARTESIAN_POINT('',(-5.65,-8.,1.));
#2381 = SURFACE_CURVE('',#2382,(#2386,#2392),.PCURVE_S1.);
#2382 = LINE('',#2383,#2384);
#2383 = CARTESIAN_POINT('',(-5.65,-6.765,3.47));
#2384 = VECTOR('',#2385,1.);
#2385 = DIRECTION('',(0.,-0.4472135955,-0.894427191));
#2386 = PCURVE('',#590,#2387);
#2387 = DEFINITIONAL_REPRESENTATION('',(#2388),#2391);
#2388 = B_SPLINE_CURVE_WITH_KNOTS('',1,(#2389,#2390),.UNSPECIFIED.,.F.,
  .F.,(2,2),(2.761543952212,3.879577940962),.PIECEWISE_BEZIER_KNOTS.);
#2389 = CARTESIAN_POINT('',(16.85,-1.));
#2390 = CARTESIAN_POINT('',(17.35,-4.440892098501E-16));
#2391 = ( GEOMETRIC_REPRESENTATION_CONTEXT(2) 
PARAMETRIC_REPRESENTATION_CONTEXT() REPRESENTATION_CONTEXT('2D SPACE',''
  ) );
#2392 = PCURVE('',#766,#2393);
#2393 = DEFINITIONAL_REPRESENTATION('',(#2394),#2397);
#2394 = B_SPLINE_CURVE_WITH_KNOTS('',1,(#2395,#2396),.UNSPECIFIED.,.F.,
  .F.,(2,2),(2.761543952212,3.879577940962),.PIECEWISE_BEZIER_KNOTS.);
#2395 = CARTESIAN_POINT('',(1.11803398875,-11.95));
#2396 = CARTESIAN_POINT('',(0.,-11.95));
#2397 = ( GEOMETRIC_REPRESENTATION_CONTEXT(2) 
PARAMETRIC_REPRESENTATION_CONTEXT() REPRESENTATION_CONTEXT('2D SPACE',''
  ) );
#2398 = ORIENTED_EDGE('',*,*,#2399,.T.);
#2399 = EDGE_CURVE('',#2379,#2400,#2402,.T.);
#2400 = VERTEX_POINT('',#2401);
#2401 = CARTESIAN_POINT('',(-5.65,-7.95,1.1));
#2402 = SURFACE_CURVE('',#2403,(#2407,#2414),.PCURVE_S1.);
#2403 = LINE('',#2404,#2405);
#2404 = CARTESIAN_POINT('',(-5.65,-6.765,3.47));
#2405 = VECTOR('',#2406,1.);
#2406 = DIRECTION('',(-0.,0.4472135955,0.894427191));
#2407 = PCURVE('',#590,#2408);
#2408 = DEFINITIONAL_REPRESENTATION('',(#2409),#2413);
#2409 = LINE('',#2410,#2411);
#2410 = CARTESIAN_POINT('',(15.615,-3.47));
#2411 = VECTOR('',#2412,1.);
#2412 = DIRECTION('',(-0.4472135955,-0.894427191));
#2413 = ( GEOMETRIC_REPRESENTATION_CONTEXT(2) 
PARAMETRIC_REPRESENTATION_CONTEXT() REPRESENTATION_CONTEXT('2D SPACE',''
  ) );
#2414 = PCURVE('',#766,#2415);
#2415 = DEFINITIONAL_REPRESENTATION('',(#2416),#2420);
#2416 = LINE('',#2417,#2418);
#2417 = CARTESIAN_POINT('',(3.879577940962,-11.95));
#2418 = VECTOR('',#2419,1.);
#2419 = DIRECTION('',(1.,0.));
#2420 = ( GEOMETRIC_REPRESENTATION_CONTEXT(2) 
PARAMETRIC_REPRESENTATION_CONTEXT() REPRESENTATION_CONTEXT('2D SPACE',''
  ) );
#2421 = ORIENTED_EDGE('',*,*,#2422,.F.);
#2422 = EDGE_CURVE('',#2261,#2400,#2423,.T.);
#2423 = SURFACE_CURVE('',#2424,(#2428,#2435),.PCURVE_S1.);
#2424 = LINE('',#2425,#2426);
#2425 = CARTESIAN_POINT('',(-5.65,8.,1.1));
#2426 = VECTOR('',#2427,1.);
#2427 = DIRECTION('',(0.,-1.,1.05349489977E-16));
#2428 = PCURVE('',#590,#2429);
#2429 = DEFINITIONAL_REPRESENTATION('',(#2430),#2434);
#2430 = LINE('',#2431,#2432);
#2431 = CARTESIAN_POINT('',(0.85,-1.1));
#2432 = VECTOR('',#2433,1.);
#2433 = DIRECTION('',(1.,-1.05349489977E-16));
#2434 = ( GEOMETRIC_REPRESENTATION_CONTEXT(2) 
PARAMETRIC_REPRESENTATION_CONTEXT() REPRESENTATION_CONTEXT('2D SPACE',''
  ) );
#2435 = PCURVE('',#2436,#2441);
#2436 = CYLINDRICAL_SURFACE('',#2437,0.1);
#2437 = AXIS2_PLACEMENT_3D('',#2438,#2439,#2440);
#2438 = CARTESIAN_POINT('',(-5.75,8.,1.1));
#2439 = DIRECTION('',(0.,-1.,1.05349489977E-16));
#2440 = DIRECTION('',(1.,0.,0.));
#2441 = DEFINITIONAL_REPRESENTATION('',(#2442),#2446);
#2442 = LINE('',#2443,#2444);
#2443 = CARTESIAN_POINT('',(-0.,0.));
#2444 = VECTOR('',#2445,1.);
#2445 = DIRECTION('',(-0.,1.));
#2446 = ( GEOMETRIC_REPRESENTATION_CONTEXT(2) 
PARAMETRIC_REPRESENTATION_CONTEXT() REPRESENTATION_CONTEXT('2D SPACE',''
  ) );
#2447 = ADVANCED_FACE('',(#2448),#562,.T.);
#2448 = FACE_BOUND('',#2449,.T.);
#2449 = EDGE_LOOP('',(#2450,#2480,#2505,#2506,#2507,#2508,#2509,#2510));
#2450 = ORIENTED_EDGE('',*,*,#2451,.T.);
#2451 = EDGE_CURVE('',#2452,#2454,#2456,.T.);
#2452 = VERTEX_POINT('',#2453);
#2453 = CARTESIAN_POINT('',(-5.75,8.,1.));
#2454 = VERTEX_POINT('',#2455);
#2455 = CARTESIAN_POINT('',(-6.2,8.,1.));
#2456 = SURFACE_CURVE('',#2457,(#2461,#2468),.PCURVE_S1.);
#2457 = LINE('',#2458,#2459);
#2458 = CARTESIAN_POINT('',(6.3,8.,1.));
#2459 = VECTOR('',#2460,1.);
#2460 = DIRECTION('',(-1.,-0.,-0.));
#2461 = PCURVE('',#562,#2462);
#2462 = DEFINITIONAL_REPRESENTATION('',(#2463),#2467);
#2463 = LINE('',#2464,#2465);
#2464 = CARTESIAN_POINT('',(0.,0.));
#2465 = VECTOR('',#2466,1.);
#2466 = DIRECTION('',(0.,-1.));
#2467 = ( GEOMETRIC_REPRESENTATION_CONTEXT(2) 
PARAMETRIC_REPRESENTATION_CONTEXT() REPRESENTATION_CONTEXT('2D SPACE',''
  ) );
#2468 = PCURVE('',#2469,#2474);
#2469 = PLANE('',#2470);
#2470 = AXIS2_PLACEMENT_3D('',#2471,#2472,#2473);
#2471 = CARTESIAN_POINT('',(4.272250626406E-15,2.248552961266E-16,1.));
#2472 = DIRECTION('',(6.190549156711E-32,-1.05349489977E-16,-1.));
#2473 = DIRECTION('',(0.,-1.,1.05349489977E-16));
#2474 = DEFINITIONAL_REPRESENTATION('',(#2475),#2479);
#2475 = LINE('',#2476,#2477);
#2476 = CARTESIAN_POINT('',(-8.,-6.3));
#2477 = VECTOR('',#2478,1.);
#2478 = DIRECTION('',(0.,1.));
#2479 = ( GEOMETRIC_REPRESENTATION_CONTEXT(2) 
PARAMETRIC_REPRESENTATION_CONTEXT() REPRESENTATION_CONTEXT('2D SPACE',''
  ) );
#2480 = ORIENTED_EDGE('',*,*,#2481,.F.);
#2481 = EDGE_CURVE('',#904,#2454,#2482,.T.);
#2482 = SURFACE_CURVE('',#2483,(#2488,#2495),.PCURVE_S1.);
#2483 = ELLIPSE('',#2484,0.111803398875,0.1);
#2484 = AXIS2_PLACEMENT_3D('',#2485,#2486,#2487);
#2485 = CARTESIAN_POINT('',(-6.2,7.95,1.1));
#2486 = DIRECTION('',(0.,-0.894427191,-0.4472135955));
#2487 = DIRECTION('',(0.,0.4472135955,-0.894427191));
#2488 = PCURVE('',#562,#2489);
#2489 = DEFINITIONAL_REPRESENTATION('',(#2490),#2494);
#2490 = ELLIPSE('',#2491,0.111803398875,0.1);
#2491 = AXIS2_PLACEMENT_2D('',#2492,#2493);
#2492 = CARTESIAN_POINT('',(-0.111803398875,-12.5));
#2493 = DIRECTION('',(1.,0.));
#2494 = ( GEOMETRIC_REPRESENTATION_CONTEXT(2) 
PARAMETRIC_REPRESENTATION_CONTEXT() REPRESENTATION_CONTEXT('2D SPACE',''
  ) );
#2495 = PCURVE('',#940,#2496);
#2496 = DEFINITIONAL_REPRESENTATION('',(#2497),#2504);
#2497 = B_SPLINE_CURVE_WITH_KNOTS('',5,(#2498,#2499,#2500,#2501,#2502,
    #2503),.UNSPECIFIED.,.F.,.F.,(6,6),(4.712388980385,6.28318530718),
  .PIECEWISE_BEZIER_KNOTS.);
#2498 = CARTESIAN_POINT('',(2.775557561563E-15,15.95));
#2499 = CARTESIAN_POINT('',(-0.314159265359,15.965707963268));
#2500 = CARTESIAN_POINT('',(-0.62831628587,15.981429946668));
#2501 = CARTESIAN_POINT('',(-0.942484188601,15.993848820358));
#2502 = CARTESIAN_POINT('',(-1.256637061436,16.));
#2503 = CARTESIAN_POINT('',(-1.570796326795,16.));
#2504 = ( GEOMETRIC_REPRESENTATION_CONTEXT(2) 
PARAMETRIC_REPRESENTATION_CONTEXT() REPRESENTATION_CONTEXT('2D SPACE',''
  ) );
#2505 = ORIENTED_EDGE('',*,*,#903,.F.);
#2506 = ORIENTED_EDGE('',*,*,#880,.T.);
#2507 = ORIENTED_EDGE('',*,*,#546,.F.);
#2508 = ORIENTED_EDGE('',*,*,#2283,.T.);
#2509 = ORIENTED_EDGE('',*,*,#2258,.T.);
#2510 = ORIENTED_EDGE('',*,*,#2511,.T.);
#2511 = EDGE_CURVE('',#2261,#2452,#2512,.T.);
#2512 = SURFACE_CURVE('',#2513,(#2518,#2529),.PCURVE_S1.);
#2513 = ELLIPSE('',#2514,0.111803398875,0.1);
#2514 = AXIS2_PLACEMENT_3D('',#2515,#2516,#2517);
#2515 = CARTESIAN_POINT('',(-5.75,7.95,1.1));
#2516 = DIRECTION('',(-0.,0.894427191,0.4472135955));
#2517 = DIRECTION('',(0.,-0.4472135955,0.894427191));
#2518 = PCURVE('',#562,#2519);
#2519 = DEFINITIONAL_REPRESENTATION('',(#2520),#2528);
#2520 = ( BOUNDED_CURVE() B_SPLINE_CURVE(2,(#2521,#2522,#2523,#2524,
#2525,#2526,#2527),.UNSPECIFIED.,.T.,.F.) B_SPLINE_CURVE_WITH_KNOTS((1,2
    ,2,2,2,1),(-2.094395102393,0.,2.094395102393,4.188790204786,
6.28318530718,8.377580409573),.UNSPECIFIED.) CURVE() 
GEOMETRIC_REPRESENTATION_ITEM() RATIONAL_B_SPLINE_CURVE((1.,0.5,1.,0.5,
1.,0.5,1.)) REPRESENTATION_ITEM('') );
#2521 = CARTESIAN_POINT('',(-0.22360679775,-12.05));
#2522 = CARTESIAN_POINT('',(-0.22360679775,-11.87679491924));
#2523 = CARTESIAN_POINT('',(-5.590169943749E-02,-11.96339745962));
#2524 = CARTESIAN_POINT('',(0.111803398875,-12.05));
#2525 = CARTESIAN_POINT('',(-5.590169943749E-02,-12.13660254037));
#2526 = CARTESIAN_POINT('',(-0.22360679775,-12.22320508075));
#2527 = CARTESIAN_POINT('',(-0.22360679775,-12.05));
#2528 = ( GEOMETRIC_REPRESENTATION_CONTEXT(2) 
PARAMETRIC_REPRESENTATION_CONTEXT() REPRESENTATION_CONTEXT('2D SPACE',''
  ) );
#2529 = PCURVE('',#2436,#2530);
#2530 = DEFINITIONAL_REPRESENTATION('',(#2531),#2538);
#2531 = B_SPLINE_CURVE_WITH_KNOTS('',5,(#2532,#2533,#2534,#2535,#2536,
    #2537),.UNSPECIFIED.,.F.,.F.,(6,6),(1.570796326795,3.14159265359),
  .PIECEWISE_BEZIER_KNOTS.);
#2532 = CARTESIAN_POINT('',(2.6645352591E-15,5.E-02));
#2533 = CARTESIAN_POINT('',(-0.314159265359,3.429203673205E-02));
#2534 = CARTESIAN_POINT('',(-0.628316285871,1.857005333181E-02));
#2535 = CARTESIAN_POINT('',(-0.942484188601,6.151179641766E-03));
#2536 = CARTESIAN_POINT('',(-1.256637061436,-1.776400207487E-15));
#2537 = CARTESIAN_POINT('',(-1.570796326795,-1.774622115924E-15));
#2538 = ( GEOMETRIC_REPRESENTATION_CONTEXT(2) 
PARAMETRIC_REPRESENTATION_CONTEXT() REPRESENTATION_CONTEXT('2D SPACE',''
  ) );
#2539 = ADVANCED_FACE('',(#2540),#766,.T.);
#2540 = FACE_BOUND('',#2541,.T.);
#2541 = EDGE_LOOP('',(#2542,#2567,#2592,#2593,#2594,#2615,#2616,#2617));
#2542 = ORIENTED_EDGE('',*,*,#2543,.F.);
#2543 = EDGE_CURVE('',#2544,#2546,#2548,.T.);
#2544 = VERTEX_POINT('',#2545);
#2545 = CARTESIAN_POINT('',(-5.75,-8.,1.));
#2546 = VERTEX_POINT('',#2547);
#2547 = CARTESIAN_POINT('',(-6.2,-8.,1.));
#2548 = SURFACE_CURVE('',#2549,(#2553,#2560),.PCURVE_S1.);
#2549 = LINE('',#2550,#2551);
#2550 = CARTESIAN_POINT('',(6.3,-8.,1.));
#2551 = VECTOR('',#2552,1.);
#2552 = DIRECTION('',(-1.,-0.,-0.));
#2553 = PCURVE('',#766,#2554);
#2554 = DEFINITIONAL_REPRESENTATION('',(#2555),#2559);
#2555 = LINE('',#2556,#2557);
#2556 = CARTESIAN_POINT('',(1.11803398875,0.));
#2557 = VECTOR('',#2558,1.);
#2558 = DIRECTION('',(0.,-1.));
#2559 = ( GEOMETRIC_REPRESENTATION_CONTEXT(2) 
PARAMETRIC_REPRESENTATION_CONTEXT() REPRESENTATION_CONTEXT('2D SPACE',''
  ) );
#2560 = PCURVE('',#2469,#2561);
#2561 = DEFINITIONAL_REPRESENTATION('',(#2562),#2566);
#2562 = LINE('',#2563,#2564);
#2563 = CARTESIAN_POINT('',(8.,-6.3));
#2564 = VECTOR('',#2565,1.);
#2565 = DIRECTION('',(0.,1.));
#2566 = ( GEOMETRIC_REPRESENTATION_CONTEXT(2) 
PARAMETRIC_REPRESENTATION_CONTEXT() REPRESENTATION_CONTEXT('2D SPACE',''
  ) );
#2567 = ORIENTED_EDGE('',*,*,#2568,.F.);
#2568 = EDGE_CURVE('',#2400,#2544,#2569,.T.);
#2569 = SURFACE_CURVE('',#2570,(#2575,#2582),.PCURVE_S1.);
#2570 = ELLIPSE('',#2571,0.111803398875,0.1);
#2571 = AXIS2_PLACEMENT_3D('',#2572,#2573,#2574);
#2572 = CARTESIAN_POINT('',(-5.75,-7.95,1.1));
#2573 = DIRECTION('',(0.,0.894427191,-0.4472135955));
#2574 = DIRECTION('',(0.,-0.4472135955,-0.894427191));
#2575 = PCURVE('',#766,#2576);
#2576 = DEFINITIONAL_REPRESENTATION('',(#2577),#2581);
#2577 = ELLIPSE('',#2578,0.111803398875,0.1);
#2578 = AXIS2_PLACEMENT_2D('',#2579,#2580);
#2579 = CARTESIAN_POINT('',(1.229837387625,-12.05));
#2580 = DIRECTION('',(-1.,0.));
#2581 = ( GEOMETRIC_REPRESENTATION_CONTEXT(2) 
PARAMETRIC_REPRESENTATION_CONTEXT() REPRESENTATION_CONTEXT('2D SPACE',''
  ) );
#2582 = PCURVE('',#2436,#2583);
#2583 = DEFINITIONAL_REPRESENTATION('',(#2584),#2591);
#2584 = B_SPLINE_CURVE_WITH_KNOTS('',5,(#2585,#2586,#2587,#2588,#2589,
    #2590),.UNSPECIFIED.,.F.,.F.,(6,6),(4.712388980385,6.28318530718),
  .PIECEWISE_BEZIER_KNOTS.);
#2585 = CARTESIAN_POINT('',(-1.998401444325E-15,15.95));
#2586 = CARTESIAN_POINT('',(-0.314159265359,15.965707963268));
#2587 = CARTESIAN_POINT('',(-0.628316285871,15.981429946668));
#2588 = CARTESIAN_POINT('',(-0.9424841886,15.993848820358));
#2589 = CARTESIAN_POINT('',(-1.256637061436,16.));
#2590 = CARTESIAN_POINT('',(-1.570796326795,16.));
#2591 = ( GEOMETRIC_REPRESENTATION_CONTEXT(2) 
PARAMETRIC_REPRESENTATION_CONTEXT() REPRESENTATION_CONTEXT('2D SPACE',''
  ) );
#2592 = ORIENTED_EDGE('',*,*,#2399,.F.);
#2593 = ORIENTED_EDGE('',*,*,#2378,.T.);
#2594 = ORIENTED_EDGE('',*,*,#2595,.T.);
#2595 = EDGE_CURVE('',#2356,#779,#2596,.T.);
#2596 = SURFACE_CURVE('',#2597,(#2601,#2608),.PCURVE_S1.);
#2597 = LINE('',#2598,#2599);
#2598 = CARTESIAN_POINT('',(6.3,-8.5,0.));
#2599 = VECTOR('',#2600,1.);
#2600 = DIRECTION('',(-1.,-0.,-0.));
#2601 = PCURVE('',#766,#2602);
#2602 = DEFINITIONAL_REPRESENTATION('',(#2603),#2607);
#2603 = LINE('',#2604,#2605);
#2604 = CARTESIAN_POINT('',(0.,0.));
#2605 = VECTOR('',#2606,1.);
#2606 = DIRECTION('',(0.,-1.));
#2607 = ( GEOMETRIC_REPRESENTATION_CONTEXT(2) 
PARAMETRIC_REPRESENTATION_CONTEXT() REPRESENTATION_CONTEXT('2D SPACE',''
  ) );
#2608 = PCURVE('',#817,#2609);
#2609 = DEFINITIONAL_REPRESENTATION('',(#2610),#2614);
#2610 = LINE('',#2611,#2612);
#2611 = CARTESIAN_POINT('',(6.3,-8.5));
#2612 = VECTOR('',#2613,1.);
#2613 = DIRECTION('',(-1.,0.));
#2614 = ( GEOMETRIC_REPRESENTATION_CONTEXT(2) 
PARAMETRIC_REPRESENTATION_CONTEXT() REPRESENTATION_CONTEXT('2D SPACE',''
  ) );
#2615 = ORIENTED_EDGE('',*,*,#778,.T.);
#2616 = ORIENTED_EDGE('',*,*,#748,.T.);
#2617 = ORIENTED_EDGE('',*,*,#2618,.T.);
#2618 = EDGE_CURVE('',#751,#2546,#2619,.T.);
#2619 = SURFACE_CURVE('',#2620,(#2625,#2636),.PCURVE_S1.);
#2620 = ELLIPSE('',#2621,0.111803398875,0.1);
#2621 = AXIS2_PLACEMENT_3D('',#2622,#2623,#2624);
#2622 = CARTESIAN_POINT('',(-6.2,-7.95,1.1));
#2623 = DIRECTION('',(0.,-0.894427191,0.4472135955));
#2624 = DIRECTION('',(0.,0.4472135955,0.894427191));
#2625 = PCURVE('',#766,#2626);
#2626 = DEFINITIONAL_REPRESENTATION('',(#2627),#2635);
#2627 = ( BOUNDED_CURVE() B_SPLINE_CURVE(2,(#2628,#2629,#2630,#2631,
#2632,#2633,#2634),.UNSPECIFIED.,.T.,.F.) B_SPLINE_CURVE_WITH_KNOTS((1,2
    ,2,2,2,1),(-2.094395102393,0.,2.094395102393,4.188790204786,
6.28318530718,8.377580409573),.UNSPECIFIED.) CURVE() 
GEOMETRIC_REPRESENTATION_ITEM() RATIONAL_B_SPLINE_CURVE((1.,0.5,1.,0.5,
1.,0.5,1.)) REPRESENTATION_ITEM('') );
#2628 = CARTESIAN_POINT('',(1.3416407865,-12.5));
#2629 = CARTESIAN_POINT('',(1.3416407865,-12.67320508075));
#2630 = CARTESIAN_POINT('',(1.173935688187,-12.58660254037));
#2631 = CARTESIAN_POINT('',(1.006230589875,-12.5));
#2632 = CARTESIAN_POINT('',(1.173935688187,-12.41339745962));
#2633 = CARTESIAN_POINT('',(1.3416407865,-12.32679491924));
#2634 = CARTESIAN_POINT('',(1.3416407865,-12.5));
#2635 = ( GEOMETRIC_REPRESENTATION_CONTEXT(2) 
PARAMETRIC_REPRESENTATION_CONTEXT() REPRESENTATION_CONTEXT('2D SPACE',''
  ) );
#2636 = PCURVE('',#940,#2637);
#2637 = DEFINITIONAL_REPRESENTATION('',(#2638),#2645);
#2638 = B_SPLINE_CURVE_WITH_KNOTS('',5,(#2639,#2640,#2641,#2642,#2643,
    #2644),.UNSPECIFIED.,.F.,.F.,(6,6),(1.570796326795,3.14159265359),
  .PIECEWISE_BEZIER_KNOTS.);
#2639 = CARTESIAN_POINT('',(-2.109423746788E-15,5.E-02));
#2640 = CARTESIAN_POINT('',(-0.314159265359,3.429203673205E-02));
#2641 = CARTESIAN_POINT('',(-0.628316285871,1.857005333181E-02));
#2642 = CARTESIAN_POINT('',(-0.942484188601,6.151179641767E-03));
#2643 = CARTESIAN_POINT('',(-1.256637061436,-1.620520847142E-17));
#2644 = CARTESIAN_POINT('',(-1.570796326795,-1.734723475977E-18));
#2645 = ( GEOMETRIC_REPRESENTATION_CONTEXT(2) 
PARAMETRIC_REPRESENTATION_CONTEXT() REPRESENTATION_CONTEXT('2D SPACE',''
  ) );
#2646 = ADVANCED_FACE('',(#2647),#940,.T.);
#2647 = FACE_BOUND('',#2648,.F.);
#2648 = EDGE_LOOP('',(#2649,#2650,#2671,#2672));
#2649 = ORIENTED_EDGE('',*,*,#2618,.T.);
#2650 = ORIENTED_EDGE('',*,*,#2651,.T.);
#2651 = EDGE_CURVE('',#2546,#2454,#2652,.T.);
#2652 = SURFACE_CURVE('',#2653,(#2657,#2664),.PCURVE_S1.);
#2653 = LINE('',#2654,#2655);
#2654 = CARTESIAN_POINT('',(-6.2,-8.,1.));
#2655 = VECTOR('',#2656,1.);
#2656 = DIRECTION('',(0.,1.,0.));
#2657 = PCURVE('',#940,#2658);
#2658 = DEFINITIONAL_REPRESENTATION('',(#2659),#2663);
#2659 = LINE('',#2660,#2661);
#2660 = CARTESIAN_POINT('',(-1.570796326795,0.));
#2661 = VECTOR('',#2662,1.);
#2662 = DIRECTION('',(-0.,1.));
#2663 = ( GEOMETRIC_REPRESENTATION_CONTEXT(2) 
PARAMETRIC_REPRESENTATION_CONTEXT() REPRESENTATION_CONTEXT('2D SPACE',''
  ) );
#2664 = PCURVE('',#2469,#2665);
#2665 = DEFINITIONAL_REPRESENTATION('',(#2666),#2670);
#2666 = LINE('',#2667,#2668);
#2667 = CARTESIAN_POINT('',(8.,6.2));
#2668 = VECTOR('',#2669,1.);
#2669 = DIRECTION('',(-1.,-6.521711963371E-48));
#2670 = ( GEOMETRIC_REPRESENTATION_CONTEXT(2) 
PARAMETRIC_REPRESENTATION_CONTEXT() REPRESENTATION_CONTEXT('2D SPACE',''
  ) );
#2671 = ORIENTED_EDGE('',*,*,#2481,.F.);
#2672 = ORIENTED_EDGE('',*,*,#926,.F.);
#2673 = ADVANCED_FACE('',(#2674),#817,.F.);
#2674 = FACE_BOUND('',#2675,.F.);
#2675 = EDGE_LOOP('',(#2676,#2699,#2727,#2748,#2749,#2750));
#2676 = ORIENTED_EDGE('',*,*,#2677,.F.);
#2677 = EDGE_CURVE('',#2678,#802,#2680,.T.);
#2678 = VERTEX_POINT('',#2679);
#2679 = CARTESIAN_POINT('',(-5.3,-9.5,0.));
#2680 = SURFACE_CURVE('',#2681,(#2685,#2692),.PCURVE_S1.);
#2681 = LINE('',#2682,#2683);
#2682 = CARTESIAN_POINT('',(6.3,-9.5,0.));
#2683 = VECTOR('',#2684,1.);
#2684 = DIRECTION('',(-1.,0.,0.));
#2685 = PCURVE('',#817,#2686);
#2686 = DEFINITIONAL_REPRESENTATION('',(#2687),#2691);
#2687 = LINE('',#2688,#2689);
#2688 = CARTESIAN_POINT('',(6.3,-9.5));
#2689 = VECTOR('',#2690,1.);
#2690 = DIRECTION('',(-1.,0.));
#2691 = ( GEOMETRIC_REPRESENTATION_CONTEXT(2) 
PARAMETRIC_REPRESENTATION_CONTEXT() REPRESENTATION_CONTEXT('2D SPACE',''
  ) );
#2692 = PCURVE('',#845,#2693);
#2693 = DEFINITIONAL_REPRESENTATION('',(#2694),#2698);
#2694 = LINE('',#2695,#2696);
#2695 = CARTESIAN_POINT('',(0.,-0.));
#2696 = VECTOR('',#2697,1.);
#2697 = DIRECTION('',(1.,0.));
#2698 = ( GEOMETRIC_REPRESENTATION_CONTEXT(2) 
PARAMETRIC_REPRESENTATION_CONTEXT() REPRESENTATION_CONTEXT('2D SPACE',''
  ) );
#2699 = ORIENTED_EDGE('',*,*,#2700,.T.);
#2700 = EDGE_CURVE('',#2678,#2701,#2703,.T.);
#2701 = VERTEX_POINT('',#2702);
#2702 = CARTESIAN_POINT('',(-5.3,-8.85,-7.216449660063E-17));
#2703 = SURFACE_CURVE('',#2704,(#2708,#2715),.PCURVE_S1.);
#2704 = LINE('',#2705,#2706);
#2705 = CARTESIAN_POINT('',(-5.3,-9.5,0.));
#2706 = VECTOR('',#2707,1.);
#2707 = DIRECTION('',(0.,1.,-2.22044604925E-16));
#2708 = PCURVE('',#817,#2709);
#2709 = DEFINITIONAL_REPRESENTATION('',(#2710),#2714);
#2710 = LINE('',#2711,#2712);
#2711 = CARTESIAN_POINT('',(-5.3,-9.5));
#2712 = VECTOR('',#2713,1.);
#2713 = DIRECTION('',(0.,1.));
#2714 = ( GEOMETRIC_REPRESENTATION_CONTEXT(2) 
PARAMETRIC_REPRESENTATION_CONTEXT() REPRESENTATION_CONTEXT('2D SPACE',''
  ) );
#2715 = PCURVE('',#2716,#2721);
#2716 = PLANE('',#2717);
#2717 = AXIS2_PLACEMENT_3D('',#2718,#2719,#2720);
#2718 = CARTESIAN_POINT('',(-5.3,-9.5,0.));
#2719 = DIRECTION('',(0.894427191,-9.930136612989E-17,-0.4472135955));
#2720 = DIRECTION('',(0.4472135955,1.986027322598E-16,0.894427191));
#2721 = DEFINITIONAL_REPRESENTATION('',(#2722),#2726);
#2722 = LINE('',#2723,#2724);
#2723 = CARTESIAN_POINT('',(0.,0.));
#2724 = VECTOR('',#2725,1.);
#2725 = DIRECTION('',(0.,-1.));
#2726 = ( GEOMETRIC_REPRESENTATION_CONTEXT(2) 
PARAMETRIC_REPRESENTATION_CONTEXT() REPRESENTATION_CONTEXT('2D SPACE',''
  ) );
#2727 = ORIENTED_EDGE('',*,*,#2728,.F.);
#2728 = EDGE_CURVE('',#2328,#2701,#2729,.T.);
#2729 = SURFACE_CURVE('',#2730,(#2734,#2741),.PCURVE_S1.);
#2730 = LINE('',#2731,#2732);
#2731 = CARTESIAN_POINT('',(-5.65,-8.85,0.));
#2732 = VECTOR('',#2733,1.);
#2733 = DIRECTION('',(1.,0.,0.));
#2734 = PCURVE('',#817,#2735);
#2735 = DEFINITIONAL_REPRESENTATION('',(#2736),#2740);
#2736 = LINE('',#2737,#2738);
#2737 = CARTESIAN_POINT('',(-5.65,-8.85));
#2738 = VECTOR('',#2739,1.);
#2739 = DIRECTION('',(1.,0.));
#2740 = ( GEOMETRIC_REPRESENTATION_CONTEXT(2) 
PARAMETRIC_REPRESENTATION_CONTEXT() REPRESENTATION_CONTEXT('2D SPACE',''
  ) );
#2741 = PCURVE('',#2343,#2742);
#2742 = DEFINITIONAL_REPRESENTATION('',(#2743),#2747);
#2743 = LINE('',#2744,#2745);
#2744 = CARTESIAN_POINT('',(0.,0.));
#2745 = VECTOR('',#2746,1.);
#2746 = DIRECTION('',(1.,0.));
#2747 = ( GEOMETRIC_REPRESENTATION_CONTEXT(2) 
PARAMETRIC_REPRESENTATION_CONTEXT() REPRESENTATION_CONTEXT('2D SPACE',''
  ) );
#2748 = ORIENTED_EDGE('',*,*,#2355,.F.);
#2749 = ORIENTED_EDGE('',*,*,#2595,.T.);
#2750 = ORIENTED_EDGE('',*,*,#801,.F.);
#2751 = ADVANCED_FACE('',(#2752),#845,.T.);
#2752 = FACE_BOUND('',#2753,.T.);
#2753 = EDGE_LOOP('',(#2754,#2779,#2807,#2835,#2858,#2879,#2880,#2881,
    #2882,#2883));
#2754 = ORIENTED_EDGE('',*,*,#2755,.T.);
#2755 = EDGE_CURVE('',#2756,#2758,#2760,.T.);
#2756 = VERTEX_POINT('',#2757);
#2757 = CARTESIAN_POINT('',(-4.8,-9.5,1.));
#2758 = VERTEX_POINT('',#2759);
#2759 = CARTESIAN_POINT('',(-4.75,-9.5,1.1));
#2760 = SURFACE_CURVE('',#2761,(#2765,#2772),.PCURVE_S1.);
#2761 = LINE('',#2762,#2763);
#2762 = CARTESIAN_POINT('',(-4.14,-9.5,2.32));
#2763 = VECTOR('',#2764,1.);
#2764 = DIRECTION('',(0.4472135955,0.,0.894427191));
#2765 = PCURVE('',#845,#2766);
#2766 = DEFINITIONAL_REPRESENTATION('',(#2767),#2771);
#2767 = LINE('',#2768,#2769);
#2768 = CARTESIAN_POINT('',(10.44,-2.32));
#2769 = VECTOR('',#2770,1.);
#2770 = DIRECTION('',(-0.4472135955,-0.894427191));
#2771 = ( GEOMETRIC_REPRESENTATION_CONTEXT(2) 
PARAMETRIC_REPRESENTATION_CONTEXT() REPRESENTATION_CONTEXT('2D SPACE',''
  ) );
#2772 = PCURVE('',#2716,#2773);
#2773 = DEFINITIONAL_REPRESENTATION('',(#2774),#2778);
#2774 = LINE('',#2775,#2776);
#2775 = CARTESIAN_POINT('',(2.5938388539,5.151434834261E-16));
#2776 = VECTOR('',#2777,1.);
#2777 = DIRECTION('',(1.,1.986027322598E-16));
#2778 = ( GEOMETRIC_REPRESENTATION_CONTEXT(2) 
PARAMETRIC_REPRESENTATION_CONTEXT() REPRESENTATION_CONTEXT('2D SPACE',''
  ) );
#2779 = ORIENTED_EDGE('',*,*,#2780,.T.);
#2780 = EDGE_CURVE('',#2758,#2781,#2783,.T.);
#2781 = VERTEX_POINT('',#2782);
#2782 = CARTESIAN_POINT('',(4.75,-9.5,1.1));
#2783 = SURFACE_CURVE('',#2784,(#2788,#2795),.PCURVE_S1.);
#2784 = LINE('',#2785,#2786);
#2785 = CARTESIAN_POINT('',(-4.8,-9.5,1.1));
#2786 = VECTOR('',#2787,1.);
#2787 = DIRECTION('',(1.,0.,0.));
#2788 = PCURVE('',#845,#2789);
#2789 = DEFINITIONAL_REPRESENTATION('',(#2790),#2794);
#2790 = LINE('',#2791,#2792);
#2791 = CARTESIAN_POINT('',(11.1,-1.1));
#2792 = VECTOR('',#2793,1.);
#2793 = DIRECTION('',(-1.,-0.));
#2794 = ( GEOMETRIC_REPRESENTATION_CONTEXT(2) 
PARAMETRIC_REPRESENTATION_CONTEXT() REPRESENTATION_CONTEXT('2D SPACE',''
  ) );
#2795 = PCURVE('',#2796,#2801);
#2796 = CYLINDRICAL_SURFACE('',#2797,0.1);
#2797 = AXIS2_PLACEMENT_3D('',#2798,#2799,#2800);
#2798 = CARTESIAN_POINT('',(-4.8,-9.4,1.1));
#2799 = DIRECTION('',(1.,0.,0.));
#2800 = DIRECTION('',(0.,-1.,0.));
#2801 = DEFINITIONAL_REPRESENTATION('',(#2802),#2806);
#2802 = LINE('',#2803,#2804);
#2803 = CARTESIAN_POINT('',(0.,0.));
#2804 = VECTOR('',#2805,1.);
#2805 = DIRECTION('',(0.,1.));
#2806 = ( GEOMETRIC_REPRESENTATION_CONTEXT(2) 
PARAMETRIC_REPRESENTATION_CONTEXT() REPRESENTATION_CONTEXT('2D SPACE',''
  ) );
#2807 = ORIENTED_EDGE('',*,*,#2808,.F.);
#2808 = EDGE_CURVE('',#2809,#2781,#2811,.T.);
#2809 = VERTEX_POINT('',#2810);
#2810 = CARTESIAN_POINT('',(4.8,-9.5,1.));
#2811 = SURFACE_CURVE('',#2812,(#2816,#2823),.PCURVE_S1.);
#2812 = LINE('',#2813,#2814);
#2813 = CARTESIAN_POINT('',(5.15,-9.5,0.3));
#2814 = VECTOR('',#2815,1.);
#2815 = DIRECTION('',(-0.4472135955,-0.,0.894427191));
#2816 = PCURVE('',#845,#2817);
#2817 = DEFINITIONAL_REPRESENTATION('',(#2818),#2822);
#2818 = LINE('',#2819,#2820);
#2819 = CARTESIAN_POINT('',(1.15,-0.3));
#2820 = VECTOR('',#2821,1.);
#2821 = DIRECTION('',(0.4472135955,-0.894427191));
#2822 = ( GEOMETRIC_REPRESENTATION_CONTEXT(2) 
PARAMETRIC_REPRESENTATION_CONTEXT() REPRESENTATION_CONTEXT('2D SPACE',''
  ) );
#2823 = PCURVE('',#2824,#2829);
#2824 = PLANE('',#2825);
#2825 = AXIS2_PLACEMENT_3D('',#2826,#2827,#2828);
#2826 = CARTESIAN_POINT('',(4.8,-9.5,1.));
#2827 = DIRECTION('',(-0.894427191,-9.930136612989E-17,-0.4472135955));
#2828 = DIRECTION('',(0.4472135955,-1.986027322598E-16,-0.894427191));
#2829 = DEFINITIONAL_REPRESENTATION('',(#2830),#2834);
#2830 = LINE('',#2831,#2832);
#2831 = CARTESIAN_POINT('',(0.782623792125,-1.554312234475E-16));
#2832 = VECTOR('',#2833,1.);
#2833 = DIRECTION('',(-1.,1.986027322598E-16));
#2834 = ( GEOMETRIC_REPRESENTATION_CONTEXT(2) 
PARAMETRIC_REPRESENTATION_CONTEXT() REPRESENTATION_CONTEXT('2D SPACE',''
  ) );
#2835 = ORIENTED_EDGE('',*,*,#2836,.T.);
#2836 = EDGE_CURVE('',#2809,#2837,#2839,.T.);
#2837 = VERTEX_POINT('',#2838);
#2838 = CARTESIAN_POINT('',(5.3,-9.5,0.));
#2839 = SURFACE_CURVE('',#2840,(#2844,#2851),.PCURVE_S1.);
#2840 = LINE('',#2841,#2842);
#2841 = CARTESIAN_POINT('',(4.8,-9.5,1.));
#2842 = VECTOR('',#2843,1.);
#2843 = DIRECTION('',(0.4472135955,-1.986027322598E-16,-0.894427191));
#2844 = PCURVE('',#845,#2845);
#2845 = DEFINITIONAL_REPRESENTATION('',(#2846),#2850);
#2846 = LINE('',#2847,#2848);
#2847 = CARTESIAN_POINT('',(1.5,-1.));
#2848 = VECTOR('',#2849,1.);
#2849 = DIRECTION('',(-0.4472135955,0.894427191));
#2850 = ( GEOMETRIC_REPRESENTATION_CONTEXT(2) 
PARAMETRIC_REPRESENTATION_CONTEXT() REPRESENTATION_CONTEXT('2D SPACE',''
  ) );
#2851 = PCURVE('',#2824,#2852);
#2852 = DEFINITIONAL_REPRESENTATION('',(#2853),#2857);
#2853 = LINE('',#2854,#2855);
#2854 = CARTESIAN_POINT('',(0.,0.));
#2855 = VECTOR('',#2856,1.);
#2856 = DIRECTION('',(1.,0.));
#2857 = ( GEOMETRIC_REPRESENTATION_CONTEXT(2) 
PARAMETRIC_REPRESENTATION_CONTEXT() REPRESENTATION_CONTEXT('2D SPACE',''
  ) );
#2858 = ORIENTED_EDGE('',*,*,#2859,.F.);
#2859 = EDGE_CURVE('',#2048,#2837,#2860,.T.);
#2860 = SURFACE_CURVE('',#2861,(#2865,#2872),.PCURVE_S1.);
#2861 = LINE('',#2862,#2863);
#2862 = CARTESIAN_POINT('',(6.3,-9.5,0.));
#2863 = VECTOR('',#2864,1.);
#2864 = DIRECTION('',(-1.,0.,0.));
#2865 = PCURVE('',#845,#2866);
#2866 = DEFINITIONAL_REPRESENTATION('',(#2867),#2871);
#2867 = LINE('',#2868,#2869);
#2868 = CARTESIAN_POINT('',(0.,-0.));
#2869 = VECTOR('',#2870,1.);
#2870 = DIRECTION('',(1.,0.));
#2871 = ( GEOMETRIC_REPRESENTATION_CONTEXT(2) 
PARAMETRIC_REPRESENTATION_CONTEXT() REPRESENTATION_CONTEXT('2D SPACE',''
  ) );
#2872 = PCURVE('',#2086,#2873);
#2873 = DEFINITIONAL_REPRESENTATION('',(#2874),#2878);
#2874 = LINE('',#2875,#2876);
#2875 = CARTESIAN_POINT('',(6.3,-9.5));
#2876 = VECTOR('',#2877,1.);
#2877 = DIRECTION('',(-1.,0.));
#2878 = ( GEOMETRIC_REPRESENTATION_CONTEXT(2) 
PARAMETRIC_REPRESENTATION_CONTEXT() REPRESENTATION_CONTEXT('2D SPACE',''
  ) );
#2879 = ORIENTED_EDGE('',*,*,#2047,.T.);
#2880 = ORIENTED_EDGE('',*,*,#957,.T.);
#2881 = ORIENTED_EDGE('',*,*,#829,.F.);
#2882 = ORIENTED_EDGE('',*,*,#2677,.F.);
#2883 = ORIENTED_EDGE('',*,*,#2884,.T.);
#2884 = EDGE_CURVE('',#2678,#2756,#2885,.T.);
#2885 = SURFACE_CURVE('',#2886,(#2890,#2897),.PCURVE_S1.);
#2886 = LINE('',#2887,#2888);
#2887 = CARTESIAN_POINT('',(-5.3,-9.5,0.));
#2888 = VECTOR('',#2889,1.);
#2889 = DIRECTION('',(0.4472135955,1.986027322598E-16,0.894427191));
#2890 = PCURVE('',#845,#2891);
#2891 = DEFINITIONAL_REPRESENTATION('',(#2892),#2896);
#2892 = LINE('',#2893,#2894);
#2893 = CARTESIAN_POINT('',(11.6,0.));
#2894 = VECTOR('',#2895,1.);
#2895 = DIRECTION('',(-0.4472135955,-0.894427191));
#2896 = ( GEOMETRIC_REPRESENTATION_CONTEXT(2) 
PARAMETRIC_REPRESENTATION_CONTEXT() REPRESENTATION_CONTEXT('2D SPACE',''
  ) );
#2897 = PCURVE('',#2716,#2898);
#2898 = DEFINITIONAL_REPRESENTATION('',(#2899),#2903);
#2899 = LINE('',#2900,#2901);
#2900 = CARTESIAN_POINT('',(0.,0.));
#2901 = VECTOR('',#2902,1.);
#2902 = DIRECTION('',(1.,0.));
#2903 = ( GEOMETRIC_REPRESENTATION_CONTEXT(2) 
PARAMETRIC_REPRESENTATION_CONTEXT() REPRESENTATION_CONTEXT('2D SPACE',''
  ) );
#2904 = ADVANCED_FACE('',(#2905),#1021,.T.);
#2905 = FACE_BOUND('',#2906,.T.);
#2906 = EDGE_LOOP('',(#2907,#2930,#2958,#2979));
#2907 = ORIENTED_EDGE('',*,*,#2908,.T.);
#2908 = EDGE_CURVE('',#1004,#2909,#2911,.T.);
#2909 = VERTEX_POINT('',#2910);
#2910 = CARTESIAN_POINT('',(-4.825925446398,-5.52099642813,7.95));
#2911 = SURFACE_CURVE('',#2912,(#2916,#2923),.PCURVE_S1.);
#2912 = LINE('',#2913,#2914);
#2913 = CARTESIAN_POINT('',(-4.825925446398,-5.52099642813,8.));
#2914 = VECTOR('',#2915,1.);
#2915 = DIRECTION('',(-0.,-0.,-1.));
#2916 = PCURVE('',#1021,#2917);
#2917 = DEFINITIONAL_REPRESENTATION('',(#2918),#2922);
#2918 = LINE('',#2919,#2920);
#2919 = CARTESIAN_POINT('',(0.,0.));
#2920 = VECTOR('',#2921,1.);
#2921 = DIRECTION('',(0.,-1.));
#2922 = ( GEOMETRIC_REPRESENTATION_CONTEXT(2) 
PARAMETRIC_REPRESENTATION_CONTEXT() REPRESENTATION_CONTEXT('2D SPACE',''
  ) );
#2923 = PCURVE('',#1104,#2924);
#2924 = DEFINITIONAL_REPRESENTATION('',(#2925),#2929);
#2925 = LINE('',#2926,#2927);
#2926 = CARTESIAN_POINT('',(3.00196631343,0.));
#2927 = VECTOR('',#2928,1.);
#2928 = DIRECTION('',(0.,-1.));
#2929 = ( GEOMETRIC_REPRESENTATION_CONTEXT(2) 
PARAMETRIC_REPRESENTATION_CONTEXT() REPRESENTATION_CONTEXT('2D SPACE',''
  ) );
#2930 = ORIENTED_EDGE('',*,*,#2931,.T.);
#2931 = EDGE_CURVE('',#2909,#2932,#2934,.T.);
#2932 = VERTEX_POINT('',#2933);
#2933 = CARTESIAN_POINT('',(-4.150829491512,-0.717439111027,7.95));
#2934 = SURFACE_CURVE('',#2935,(#2939,#2946),.PCURVE_S1.);
#2935 = LINE('',#2936,#2937);
#2936 = CARTESIAN_POINT('',(-4.825925446398,-5.52099642813,7.95));
#2937 = VECTOR('',#2938,1.);
#2938 = DIRECTION('',(0.13917310096,0.990268068742,0.));
#2939 = PCURVE('',#1021,#2940);
#2940 = DEFINITIONAL_REPRESENTATION('',(#2941),#2945);
#2941 = LINE('',#2942,#2943);
#2942 = CARTESIAN_POINT('',(0.,-5.E-02));
#2943 = VECTOR('',#2944,1.);
#2944 = DIRECTION('',(1.,0.));
#2945 = ( GEOMETRIC_REPRESENTATION_CONTEXT(2) 
PARAMETRIC_REPRESENTATION_CONTEXT() REPRESENTATION_CONTEXT('2D SPACE',''
  ) );
#2946 = PCURVE('',#2947,#2952);
#2947 = PLANE('',#2948);
#2948 = AXIS2_PLACEMENT_3D('',#2949,#2950,#2951);
#2949 = CARTESIAN_POINT('',(0.160713157551,-0.249077741826,7.95));
#2950 = DIRECTION('',(0.,0.,1.));
#2951 = DIRECTION('',(1.,0.,0.));
#2952 = DEFINITIONAL_REPRESENTATION('',(#2953),#2957);
#2953 = LINE('',#2954,#2955);
#2954 = CARTESIAN_POINT('',(-4.98663860395,-5.271918686305));
#2955 = VECTOR('',#2956,1.);
#2956 = DIRECTION('',(0.13917310096,0.990268068742));
#2957 = ( GEOMETRIC_REPRESENTATION_CONTEXT(2) 
PARAMETRIC_REPRESENTATION_CONTEXT() REPRESENTATION_CONTEXT('2D SPACE',''
  ) );
#2958 = ORIENTED_EDGE('',*,*,#2959,.F.);
#2959 = EDGE_CURVE('',#1006,#2932,#2960,.T.);
#2960 = SURFACE_CURVE('',#2961,(#2965,#2972),.PCURVE_S1.);
#2961 = LINE('',#2962,#2963);
#2962 = CARTESIAN_POINT('',(-4.150829491512,-0.717439111027,8.));
#2963 = VECTOR('',#2964,1.);
#2964 = DIRECTION('',(-0.,-0.,-1.));
#2965 = PCURVE('',#1021,#2966);
#2966 = DEFINITIONAL_REPRESENTATION('',(#2967),#2971);
#2967 = LINE('',#2968,#2969);
#2968 = CARTESIAN_POINT('',(4.850764624984,0.));
#2969 = VECTOR('',#2970,1.);
#2970 = DIRECTION('',(0.,-1.));
#2971 = ( GEOMETRIC_REPRESENTATION_CONTEXT(2) 
PARAMETRIC_REPRESENTATION_CONTEXT() REPRESENTATION_CONTEXT('2D SPACE',''
  ) );
#2972 = PCURVE('',#1049,#2973);
#2973 = DEFINITIONAL_REPRESENTATION('',(#2974),#2978);
#2974 = LINE('',#2975,#2976);
#2975 = CARTESIAN_POINT('',(0.,0.));
#2976 = VECTOR('',#2977,1.);
#2977 = DIRECTION('',(0.,-1.));
#2978 = ( GEOMETRIC_REPRESENTATION_CONTEXT(2) 
PARAMETRIC_REPRESENTATION_CONTEXT() REPRESENTATION_CONTEXT('2D SPACE',''
  ) );
#2979 = ORIENTED_EDGE('',*,*,#1003,.F.);
#2980 = ADVANCED_FACE('',(#2981),#1104,.F.);
#2981 = FACE_BOUND('',#2982,.F.);
#2982 = EDGE_LOOP('',(#2983,#2984,#3008,#3029));
#2983 = ORIENTED_EDGE('',*,*,#2908,.T.);
#2984 = ORIENTED_EDGE('',*,*,#2985,.T.);
#2985 = EDGE_CURVE('',#2909,#2986,#2988,.T.);
#2986 = VERTEX_POINT('',#2987);
#2987 = CARTESIAN_POINT('',(-3.688129016816,-7.030903288065,7.95));
#2988 = SURFACE_CURVE('',#2989,(#2994,#3001),.PCURVE_S1.);
#2989 = CIRCLE('',#2990,1.336861892801);
#2990 = AXIS2_PLACEMENT_3D('',#2991,#2992,#2993);
#2991 = CARTESIAN_POINT('',(-3.50207380164,-5.707051643307,7.95));
#2992 = DIRECTION('',(0.,0.,1.));
#2993 = DIRECTION('',(1.,0.,0.));
#2994 = PCURVE('',#1104,#2995);
#2995 = DEFINITIONAL_REPRESENTATION('',(#2996),#3000);
#2996 = LINE('',#2997,#2998);
#2997 = CARTESIAN_POINT('',(0.,-5.E-02));
#2998 = VECTOR('',#2999,1.);
#2999 = DIRECTION('',(1.,0.));
#3000 = ( GEOMETRIC_REPRESENTATION_CONTEXT(2) 
PARAMETRIC_REPRESENTATION_CONTEXT() REPRESENTATION_CONTEXT('2D SPACE',''
  ) );
#3001 = PCURVE('',#2947,#3002);
#3002 = DEFINITIONAL_REPRESENTATION('',(#3003),#3007);
#3003 = CIRCLE('',#3004,1.336861892801);
#3004 = AXIS2_PLACEMENT_2D('',#3005,#3006);
#3005 = CARTESIAN_POINT('',(-3.662786959191,-5.457973901481));
#3006 = DIRECTION('',(1.,0.));
#3007 = ( GEOMETRIC_REPRESENTATION_CONTEXT(2) 
PARAMETRIC_REPRESENTATION_CONTEXT() REPRESENTATION_CONTEXT('2D SPACE',''
  ) );
#3008 = ORIENTED_EDGE('',*,*,#3009,.F.);
#3009 = EDGE_CURVE('',#1062,#2986,#3010,.T.);
#3010 = SURFACE_CURVE('',#3011,(#3015,#3022),.PCURVE_S1.);
#3011 = LINE('',#3012,#3013);
#3012 = CARTESIAN_POINT('',(-3.688129016816,-7.030903288065,8.));
#3013 = VECTOR('',#3014,1.);
#3014 = DIRECTION('',(-0.,-0.,-1.));
#3015 = PCURVE('',#1104,#3016);
#3016 = DEFINITIONAL_REPRESENTATION('',(#3017),#3021);
#3017 = LINE('',#3018,#3019);
#3018 = CARTESIAN_POINT('',(4.572762640225,0.));
#3019 = VECTOR('',#3020,1.);
#3020 = DIRECTION('',(0.,-1.));
#3021 = ( GEOMETRIC_REPRESENTATION_CONTEXT(2) 
PARAMETRIC_REPRESENTATION_CONTEXT() REPRESENTATION_CONTEXT('2D SPACE',''
  ) );
#3022 = PCURVE('',#1077,#3023);
#3023 = DEFINITIONAL_REPRESENTATION('',(#3024),#3028);
#3024 = LINE('',#3025,#3026);
#3025 = CARTESIAN_POINT('',(6.375510204082,0.));
#3026 = VECTOR('',#3027,1.);
#3027 = DIRECTION('',(0.,-1.));
#3028 = ( GEOMETRIC_REPRESENTATION_CONTEXT(2) 
PARAMETRIC_REPRESENTATION_CONTEXT() REPRESENTATION_CONTEXT('2D SPACE',''
  ) );
#3029 = ORIENTED_EDGE('',*,*,#1089,.F.);
#3030 = ADVANCED_FACE('',(#3031),#1077,.T.);
#3031 = FACE_BOUND('',#3032,.T.);
#3032 = EDGE_LOOP('',(#3033,#3056,#3077,#3078));
#3033 = ORIENTED_EDGE('',*,*,#3034,.T.);
#3034 = EDGE_CURVE('',#1034,#3035,#3037,.T.);
#3035 = VERTEX_POINT('',#3036);
#3036 = CARTESIAN_POINT('',(-2.800829491512,-0.717439111027,7.95));
#3037 = SURFACE_CURVE('',#3038,(#3042,#3049),.PCURVE_S1.);
#3038 = LINE('',#3039,#3040);
#3039 = CARTESIAN_POINT('',(-2.800829491512,-0.717439111027,8.));
#3040 = VECTOR('',#3041,1.);
#3041 = DIRECTION('',(-0.,-0.,-1.));
#3042 = PCURVE('',#1077,#3043);
#3043 = DEFINITIONAL_REPRESENTATION('',(#3044),#3048);
#3044 = LINE('',#3045,#3046);
#3045 = CARTESIAN_POINT('',(0.,0.));
#3046 = VECTOR('',#3047,1.);
#3047 = DIRECTION('',(0.,-1.));
#3048 = ( GEOMETRIC_REPRESENTATION_CONTEXT(2) 
PARAMETRIC_REPRESENTATION_CONTEXT() REPRESENTATION_CONTEXT('2D SPACE',''
  ) );
#3049 = PCURVE('',#1049,#3050);
#3050 = DEFINITIONAL_REPRESENTATION('',(#3051),#3055);
#3051 = LINE('',#3052,#3053);
#3052 = CARTESIAN_POINT('',(1.35,0.));
#3053 = VECTOR('',#3054,1.);
#3054 = DIRECTION('',(0.,-1.));
#3055 = ( GEOMETRIC_REPRESENTATION_CONTEXT(2) 
PARAMETRIC_REPRESENTATION_CONTEXT() REPRESENTATION_CONTEXT('2D SPACE',''
  ) );
#3056 = ORIENTED_EDGE('',*,*,#3057,.T.);
#3057 = EDGE_CURVE('',#3035,#2986,#3058,.T.);
#3058 = SURFACE_CURVE('',#3059,(#3063,#3070),.PCURVE_S1.);
#3059 = LINE('',#3060,#3061);
#3060 = CARTESIAN_POINT('',(-2.800829491512,-0.717439111027,7.95));
#3061 = VECTOR('',#3062,1.);
#3062 = DIRECTION('',(-0.13917310096,-0.990268068742,0.));
#3063 = PCURVE('',#1077,#3064);
#3064 = DEFINITIONAL_REPRESENTATION('',(#3065),#3069);
#3065 = LINE('',#3066,#3067);
#3066 = CARTESIAN_POINT('',(-0.,-5.E-02));
#3067 = VECTOR('',#3068,1.);
#3068 = DIRECTION('',(1.,0.));
#3069 = ( GEOMETRIC_REPRESENTATION_CONTEXT(2) 
PARAMETRIC_REPRESENTATION_CONTEXT() REPRESENTATION_CONTEXT('2D SPACE',''
  ) );
#3070 = PCURVE('',#2947,#3071);
#3071 = DEFINITIONAL_REPRESENTATION('',(#3072),#3076);
#3072 = LINE('',#3073,#3074);
#3073 = CARTESIAN_POINT('',(-2.961542649063,-0.468361369202));
#3074 = VECTOR('',#3075,1.);
#3075 = DIRECTION('',(-0.13917310096,-0.990268068742));
#3076 = ( GEOMETRIC_REPRESENTATION_CONTEXT(2) 
PARAMETRIC_REPRESENTATION_CONTEXT() REPRESENTATION_CONTEXT('2D SPACE',''
  ) );
#3077 = ORIENTED_EDGE('',*,*,#3009,.F.);
#3078 = ORIENTED_EDGE('',*,*,#1061,.F.);
#3079 = ADVANCED_FACE('',(#3080),#1049,.T.);
#3080 = FACE_BOUND('',#3081,.T.);
#3081 = EDGE_LOOP('',(#3082,#3083,#3104,#3105));
#3082 = ORIENTED_EDGE('',*,*,#2959,.T.);
#3083 = ORIENTED_EDGE('',*,*,#3084,.T.);
#3084 = EDGE_CURVE('',#2932,#3035,#3085,.T.);
#3085 = SURFACE_CURVE('',#3086,(#3090,#3097),.PCURVE_S1.);
#3086 = LINE('',#3087,#3088);
#3087 = CARTESIAN_POINT('',(-4.150829491512,-0.717439111027,7.95));
#3088 = VECTOR('',#3089,1.);
#3089 = DIRECTION('',(1.,0.,0.));
#3090 = PCURVE('',#1049,#3091);
#3091 = DEFINITIONAL_REPRESENTATION('',(#3092),#3096);
#3092 = LINE('',#3093,#3094);
#3093 = CARTESIAN_POINT('',(0.,-5.E-02));
#3094 = VECTOR('',#3095,1.);
#3095 = DIRECTION('',(1.,0.));
#3096 = ( GEOMETRIC_REPRESENTATION_CONTEXT(2) 
PARAMETRIC_REPRESENTATION_CONTEXT() REPRESENTATION_CONTEXT('2D SPACE',''
  ) );
#3097 = PCURVE('',#2947,#3098);
#3098 = DEFINITIONAL_REPRESENTATION('',(#3099),#3103);
#3099 = LINE('',#3100,#3101);
#3100 = CARTESIAN_POINT('',(-4.311542649063,-0.468361369202));
#3101 = VECTOR('',#3102,1.);
#3102 = DIRECTION('',(1.,0.));
#3103 = ( GEOMETRIC_REPRESENTATION_CONTEXT(2) 
PARAMETRIC_REPRESENTATION_CONTEXT() REPRESENTATION_CONTEXT('2D SPACE',''
  ) );
#3104 = ORIENTED_EDGE('',*,*,#3034,.F.);
#3105 = ORIENTED_EDGE('',*,*,#1033,.F.);
#3106 = ADVANCED_FACE('',(#3107),#1136,.T.);
#3107 = FACE_BOUND('',#3108,.T.);
#3108 = EDGE_LOOP('',(#3109,#3132,#3160,#3181));
#3109 = ORIENTED_EDGE('',*,*,#3110,.T.);
#3110 = EDGE_CURVE('',#1119,#3111,#3113,.T.);
#3111 = VERTEX_POINT('',#3112);
#3112 = CARTESIAN_POINT('',(-3.013129016816,-7.030903288065,7.95));
#3113 = SURFACE_CURVE('',#3114,(#3118,#3125),.PCURVE_S1.);
#3114 = LINE('',#3115,#3116);
#3115 = CARTESIAN_POINT('',(-3.013129016816,-7.030903288065,8.));
#3116 = VECTOR('',#3117,1.);
#3117 = DIRECTION('',(-0.,-0.,-1.));
#3118 = PCURVE('',#1136,#3119);
#3119 = DEFINITIONAL_REPRESENTATION('',(#3120),#3124);
#3120 = LINE('',#3121,#3122);
#3121 = CARTESIAN_POINT('',(0.,0.));
#3122 = VECTOR('',#3123,1.);
#3123 = DIRECTION('',(0.,-1.));
#3124 = ( GEOMETRIC_REPRESENTATION_CONTEXT(2) 
PARAMETRIC_REPRESENTATION_CONTEXT() REPRESENTATION_CONTEXT('2D SPACE',''
  ) );
#3125 = PCURVE('',#1218,#3126);
#3126 = DEFINITIONAL_REPRESENTATION('',(#3127),#3131);
#3127 = LINE('',#3128,#3129);
#3128 = CARTESIAN_POINT('',(4.05,0.));
#3129 = VECTOR('',#3130,1.);
#3130 = DIRECTION('',(0.,-1.));
#3131 = ( GEOMETRIC_REPRESENTATION_CONTEXT(2) 
PARAMETRIC_REPRESENTATION_CONTEXT() REPRESENTATION_CONTEXT('2D SPACE',''
  ) );
#3132 = ORIENTED_EDGE('',*,*,#3133,.T.);
#3133 = EDGE_CURVE('',#3111,#3134,#3136,.T.);
#3134 = VERTEX_POINT('',#3135);
#3135 = CARTESIAN_POINT('',(-2.815503213453,-5.624722630452,7.95));
#3136 = SURFACE_CURVE('',#3137,(#3141,#3148),.PCURVE_S1.);
#3137 = LINE('',#3138,#3139);
#3138 = CARTESIAN_POINT('',(-3.013129016816,-7.030903288065,7.95));
#3139 = VECTOR('',#3140,1.);
#3140 = DIRECTION('',(0.13917310096,0.990268068742,0.));
#3141 = PCURVE('',#1136,#3142);
#3142 = DEFINITIONAL_REPRESENTATION('',(#3143),#3147);
#3143 = LINE('',#3144,#3145);
#3144 = CARTESIAN_POINT('',(0.,-5.E-02));
#3145 = VECTOR('',#3146,1.);
#3146 = DIRECTION('',(1.,0.));
#3147 = ( GEOMETRIC_REPRESENTATION_CONTEXT(2) 
PARAMETRIC_REPRESENTATION_CONTEXT() REPRESENTATION_CONTEXT('2D SPACE',''
  ) );
#3148 = PCURVE('',#3149,#3154);
#3149 = PLANE('',#3150);
#3150 = AXIS2_PLACEMENT_3D('',#3151,#3152,#3153);
#3151 = CARTESIAN_POINT('',(0.160713157551,-0.249077741826,7.95));
#3152 = DIRECTION('',(0.,0.,1.));
#3153 = DIRECTION('',(1.,0.,0.));
#3154 = DEFINITIONAL_REPRESENTATION('',(#3155),#3159);
#3155 = LINE('',#3156,#3157);
#3156 = CARTESIAN_POINT('',(-3.173842174368,-6.78182554624));
#3157 = VECTOR('',#3158,1.);
#3158 = DIRECTION('',(0.13917310096,0.990268068742));
#3159 = ( GEOMETRIC_REPRESENTATION_CONTEXT(2) 
PARAMETRIC_REPRESENTATION_CONTEXT() REPRESENTATION_CONTEXT('2D SPACE',''
  ) );
#3160 = ORIENTED_EDGE('',*,*,#3161,.F.);
#3161 = EDGE_CURVE('',#1121,#3134,#3162,.T.);
#3162 = SURFACE_CURVE('',#3163,(#3167,#3174),.PCURVE_S1.);
#3163 = LINE('',#3164,#3165);
#3164 = CARTESIAN_POINT('',(-2.815503213453,-5.624722630452,8.));
#3165 = VECTOR('',#3166,1.);
#3166 = DIRECTION('',(-0.,-0.,-1.));
#3167 = PCURVE('',#1136,#3168);
#3168 = DEFINITIONAL_REPRESENTATION('',(#3169),#3173);
#3169 = LINE('',#3170,#3171);
#3170 = CARTESIAN_POINT('',(1.42,0.));
#3171 = VECTOR('',#3172,1.);
#3172 = DIRECTION('',(0.,-1.));
#3173 = ( GEOMETRIC_REPRESENTATION_CONTEXT(2) 
PARAMETRIC_REPRESENTATION_CONTEXT() REPRESENTATION_CONTEXT('2D SPACE',''
  ) );
#3174 = PCURVE('',#1164,#3175);
#3175 = DEFINITIONAL_REPRESENTATION('',(#3176),#3180);
#3176 = LINE('',#3177,#3178);
#3177 = CARTESIAN_POINT('',(0.,0.));
#3178 = VECTOR('',#3179,1.);
#3179 = DIRECTION('',(0.,-1.));
#3180 = ( GEOMETRIC_REPRESENTATION_CONTEXT(2) 
PARAMETRIC_REPRESENTATION_CONTEXT() REPRESENTATION_CONTEXT('2D SPACE',''
  ) );
#3181 = ORIENTED_EDGE('',*,*,#1118,.F.);
#3182 = ADVANCED_FACE('',(#3183),#1218,.T.);
#3183 = FACE_BOUND('',#3184,.T.);
#3184 = EDGE_LOOP('',(#3185,#3208,#3229,#3230));
#3185 = ORIENTED_EDGE('',*,*,#3186,.T.);
#3186 = EDGE_CURVE('',#1177,#3187,#3189,.T.);
#3187 = VERTEX_POINT('',#3188);
#3188 = CARTESIAN_POINT('',(1.036870983184,-7.030903288065,7.95));
#3189 = SURFACE_CURVE('',#3190,(#3194,#3201),.PCURVE_S1.);
#3190 = LINE('',#3191,#3192);
#3191 = CARTESIAN_POINT('',(1.036870983184,-7.030903288065,8.));
#3192 = VECTOR('',#3193,1.);
#3193 = DIRECTION('',(-0.,-0.,-1.));
#3194 = PCURVE('',#1218,#3195);
#3195 = DEFINITIONAL_REPRESENTATION('',(#3196),#3200);
#3196 = LINE('',#3197,#3198);
#3197 = CARTESIAN_POINT('',(0.,0.));
#3198 = VECTOR('',#3199,1.);
#3199 = DIRECTION('',(0.,-1.));
#3200 = ( GEOMETRIC_REPRESENTATION_CONTEXT(2) 
PARAMETRIC_REPRESENTATION_CONTEXT() REPRESENTATION_CONTEXT('2D SPACE',''
  ) );
#3201 = PCURVE('',#1192,#3202);
#3202 = DEFINITIONAL_REPRESENTATION('',(#3203),#3207);
#3203 = LINE('',#3204,#3205);
#3204 = CARTESIAN_POINT('',(1.42,0.));
#3205 = VECTOR('',#3206,1.);
#3206 = DIRECTION('',(0.,-1.));
#3207 = ( GEOMETRIC_REPRESENTATION_CONTEXT(2) 
PARAMETRIC_REPRESENTATION_CONTEXT() REPRESENTATION_CONTEXT('2D SPACE',''
  ) );
#3208 = ORIENTED_EDGE('',*,*,#3209,.T.);
#3209 = EDGE_CURVE('',#3187,#3111,#3210,.T.);
#3210 = SURFACE_CURVE('',#3211,(#3215,#3222),.PCURVE_S1.);
#3211 = LINE('',#3212,#3213);
#3212 = CARTESIAN_POINT('',(1.036870983184,-7.030903288065,7.95));
#3213 = VECTOR('',#3214,1.);
#3214 = DIRECTION('',(-1.,0.,0.));
#3215 = PCURVE('',#1218,#3216);
#3216 = DEFINITIONAL_REPRESENTATION('',(#3217),#3221);
#3217 = LINE('',#3218,#3219);
#3218 = CARTESIAN_POINT('',(0.,-5.E-02));
#3219 = VECTOR('',#3220,1.);
#3220 = DIRECTION('',(1.,0.));
#3221 = ( GEOMETRIC_REPRESENTATION_CONTEXT(2) 
PARAMETRIC_REPRESENTATION_CONTEXT() REPRESENTATION_CONTEXT('2D SPACE',''
  ) );
#3222 = PCURVE('',#3149,#3223);
#3223 = DEFINITIONAL_REPRESENTATION('',(#3224),#3228);
#3224 = LINE('',#3225,#3226);
#3225 = CARTESIAN_POINT('',(0.876157825632,-6.78182554624));
#3226 = VECTOR('',#3227,1.);
#3227 = DIRECTION('',(-1.,0.));
#3228 = ( GEOMETRIC_REPRESENTATION_CONTEXT(2) 
PARAMETRIC_REPRESENTATION_CONTEXT() REPRESENTATION_CONTEXT('2D SPACE',''
  ) );
#3229 = ORIENTED_EDGE('',*,*,#3110,.F.);
#3230 = ORIENTED_EDGE('',*,*,#1204,.F.);
#3231 = ADVANCED_FACE('',(#3232),#1192,.T.);
#3232 = FACE_BOUND('',#3233,.T.);
#3233 = EDGE_LOOP('',(#3234,#3257,#3278,#3279));
#3234 = ORIENTED_EDGE('',*,*,#3235,.T.);
#3235 = EDGE_CURVE('',#1149,#3236,#3238,.T.);
#3236 = VERTEX_POINT('',#3237);
#3237 = CARTESIAN_POINT('',(1.234496786547,-5.624722630452,7.95));
#3238 = SURFACE_CURVE('',#3239,(#3243,#3250),.PCURVE_S1.);
#3239 = LINE('',#3240,#3241);
#3240 = CARTESIAN_POINT('',(1.234496786547,-5.624722630452,8.));
#3241 = VECTOR('',#3242,1.);
#3242 = DIRECTION('',(-0.,-0.,-1.));
#3243 = PCURVE('',#1192,#3244);
#3244 = DEFINITIONAL_REPRESENTATION('',(#3245),#3249);
#3245 = LINE('',#3246,#3247);
#3246 = CARTESIAN_POINT('',(0.,0.));
#3247 = VECTOR('',#3248,1.);
#3248 = DIRECTION('',(0.,-1.));
#3249 = ( GEOMETRIC_REPRESENTATION_CONTEXT(2) 
PARAMETRIC_REPRESENTATION_CONTEXT() REPRESENTATION_CONTEXT('2D SPACE',''
  ) );
#3250 = PCURVE('',#1164,#3251);
#3251 = DEFINITIONAL_REPRESENTATION('',(#3252),#3256);
#3252 = LINE('',#3253,#3254);
#3253 = CARTESIAN_POINT('',(4.05,0.));
#3254 = VECTOR('',#3255,1.);
#3255 = DIRECTION('',(0.,-1.));
#3256 = ( GEOMETRIC_REPRESENTATION_CONTEXT(2) 
PARAMETRIC_REPRESENTATION_CONTEXT() REPRESENTATION_CONTEXT('2D SPACE',''
  ) );
#3257 = ORIENTED_EDGE('',*,*,#3258,.T.);
#3258 = EDGE_CURVE('',#3236,#3187,#3259,.T.);
#3259 = SURFACE_CURVE('',#3260,(#3264,#3271),.PCURVE_S1.);
#3260 = LINE('',#3261,#3262);
#3261 = CARTESIAN_POINT('',(1.234496786547,-5.624722630452,7.95));
#3262 = VECTOR('',#3263,1.);
#3263 = DIRECTION('',(-0.13917310096,-0.990268068742,0.));
#3264 = PCURVE('',#1192,#3265);
#3265 = DEFINITIONAL_REPRESENTATION('',(#3266),#3270);
#3266 = LINE('',#3267,#3268);
#3267 = CARTESIAN_POINT('',(-0.,-5.E-02));
#3268 = VECTOR('',#3269,1.);
#3269 = DIRECTION('',(1.,0.));
#3270 = ( GEOMETRIC_REPRESENTATION_CONTEXT(2) 
PARAMETRIC_REPRESENTATION_CONTEXT() REPRESENTATION_CONTEXT('2D SPACE',''
  ) );
#3271 = PCURVE('',#3149,#3272);
#3272 = DEFINITIONAL_REPRESENTATION('',(#3273),#3277);
#3273 = LINE('',#3274,#3275);
#3274 = CARTESIAN_POINT('',(1.073783628995,-5.375644888627));
#3275 = VECTOR('',#3276,1.);
#3276 = DIRECTION('',(-0.13917310096,-0.990268068742));
#3277 = ( GEOMETRIC_REPRESENTATION_CONTEXT(2) 
PARAMETRIC_REPRESENTATION_CONTEXT() REPRESENTATION_CONTEXT('2D SPACE',''
  ) );
#3278 = ORIENTED_EDGE('',*,*,#3186,.F.);
#3279 = ORIENTED_EDGE('',*,*,#1176,.F.);
#3280 = ADVANCED_FACE('',(#3281),#1164,.T.);
#3281 = FACE_BOUND('',#3282,.T.);
#3282 = EDGE_LOOP('',(#3283,#3284,#3305,#3306));
#3283 = ORIENTED_EDGE('',*,*,#3161,.T.);
#3284 = ORIENTED_EDGE('',*,*,#3285,.T.);
#3285 = EDGE_CURVE('',#3134,#3236,#3286,.T.);
#3286 = SURFACE_CURVE('',#3287,(#3291,#3298),.PCURVE_S1.);
#3287 = LINE('',#3288,#3289);
#3288 = CARTESIAN_POINT('',(-2.815503213453,-5.624722630452,7.95));
#3289 = VECTOR('',#3290,1.);
#3290 = DIRECTION('',(1.,0.,0.));
#3291 = PCURVE('',#1164,#3292);
#3292 = DEFINITIONAL_REPRESENTATION('',(#3293),#3297);
#3293 = LINE('',#3294,#3295);
#3294 = CARTESIAN_POINT('',(0.,-5.E-02));
#3295 = VECTOR('',#3296,1.);
#3296 = DIRECTION('',(1.,0.));
#3297 = ( GEOMETRIC_REPRESENTATION_CONTEXT(2) 
PARAMETRIC_REPRESENTATION_CONTEXT() REPRESENTATION_CONTEXT('2D SPACE',''
  ) );
#3298 = PCURVE('',#3149,#3299);
#3299 = DEFINITIONAL_REPRESENTATION('',(#3300),#3304);
#3300 = LINE('',#3301,#3302);
#3301 = CARTESIAN_POINT('',(-2.976216371005,-5.375644888627));
#3302 = VECTOR('',#3303,1.);
#3303 = DIRECTION('',(1.,0.));
#3304 = ( GEOMETRIC_REPRESENTATION_CONTEXT(2) 
PARAMETRIC_REPRESENTATION_CONTEXT() REPRESENTATION_CONTEXT('2D SPACE',''
  ) );
#3305 = ORIENTED_EDGE('',*,*,#3235,.F.);
#3306 = ORIENTED_EDGE('',*,*,#1148,.F.);
#3307 = ADVANCED_FACE('',(#3308),#1250,.F.);
#3308 = FACE_BOUND('',#3309,.F.);
#3309 = EDGE_LOOP('',(#3310,#3333,#3361,#3382));
#3310 = ORIENTED_EDGE('',*,*,#3311,.T.);
#3311 = EDGE_CURVE('',#1233,#3312,#3314,.T.);
#3312 = VERTEX_POINT('',#3313);
#3313 = CARTESIAN_POINT('',(-1.928203688149,0.688741546586,7.95));
#3314 = SURFACE_CURVE('',#3315,(#3319,#3326),.PCURVE_S1.);
#3315 = LINE('',#3316,#3317);
#3316 = CARTESIAN_POINT('',(-1.928203688149,0.688741546586,8.));
#3317 = VECTOR('',#3318,1.);
#3318 = DIRECTION('',(-0.,-0.,-1.));
#3319 = PCURVE('',#1250,#3320);
#3320 = DEFINITIONAL_REPRESENTATION('',(#3321),#3325);
#3321 = LINE('',#3322,#3323);
#3322 = CARTESIAN_POINT('',(0.,0.));
#3323 = VECTOR('',#3324,1.);
#3324 = DIRECTION('',(0.,-1.));
#3325 = ( GEOMETRIC_REPRESENTATION_CONTEXT(2) 
PARAMETRIC_REPRESENTATION_CONTEXT() REPRESENTATION_CONTEXT('2D SPACE',''
  ) );
#3326 = PCURVE('',#1278,#3327);
#3327 = DEFINITIONAL_REPRESENTATION('',(#3328),#3332);
#3328 = LINE('',#3329,#3330);
#3329 = CARTESIAN_POINT('',(4.05,0.));
#3330 = VECTOR('',#3331,1.);
#3331 = DIRECTION('',(0.,-1.));
#3332 = ( GEOMETRIC_REPRESENTATION_CONTEXT(2) 
PARAMETRIC_REPRESENTATION_CONTEXT() REPRESENTATION_CONTEXT('2D SPACE',''
  ) );
#3333 = ORIENTED_EDGE('',*,*,#3334,.T.);
#3334 = EDGE_CURVE('',#3312,#3335,#3337,.T.);
#3335 = VERTEX_POINT('',#3336);
#3336 = CARTESIAN_POINT('',(-2.125829491512,-0.717439111027,7.95));
#3337 = SURFACE_CURVE('',#3338,(#3342,#3349),.PCURVE_S1.);
#3338 = LINE('',#3339,#3340);
#3339 = CARTESIAN_POINT('',(-1.928203688149,0.688741546586,7.95));
#3340 = VECTOR('',#3341,1.);
#3341 = DIRECTION('',(-0.13917310096,-0.990268068742,0.));
#3342 = PCURVE('',#1250,#3343);
#3343 = DEFINITIONAL_REPRESENTATION('',(#3344),#3348);
#3344 = LINE('',#3345,#3346);
#3345 = CARTESIAN_POINT('',(-0.,-5.E-02));
#3346 = VECTOR('',#3347,1.);
#3347 = DIRECTION('',(1.,0.));
#3348 = ( GEOMETRIC_REPRESENTATION_CONTEXT(2) 
PARAMETRIC_REPRESENTATION_CONTEXT() REPRESENTATION_CONTEXT('2D SPACE',''
  ) );
#3349 = PCURVE('',#3350,#3355);
#3350 = PLANE('',#3351);
#3351 = AXIS2_PLACEMENT_3D('',#3352,#3353,#3354);
#3352 = CARTESIAN_POINT('',(0.160713157551,-0.249077741826,7.95));
#3353 = DIRECTION('',(0.,0.,1.));
#3354 = DIRECTION('',(1.,0.,0.));
#3355 = DEFINITIONAL_REPRESENTATION('',(#3356),#3360);
#3356 = LINE('',#3357,#3358);
#3357 = CARTESIAN_POINT('',(-2.0889168457,0.937819288411));
#3358 = VECTOR('',#3359,1.);
#3359 = DIRECTION('',(-0.13917310096,-0.990268068742));
#3360 = ( GEOMETRIC_REPRESENTATION_CONTEXT(2) 
PARAMETRIC_REPRESENTATION_CONTEXT() REPRESENTATION_CONTEXT('2D SPACE',''
  ) );
#3361 = ORIENTED_EDGE('',*,*,#3362,.F.);
#3362 = EDGE_CURVE('',#1235,#3335,#3363,.T.);
#3363 = SURFACE_CURVE('',#3364,(#3368,#3375),.PCURVE_S1.);
#3364 = LINE('',#3365,#3366);
#3365 = CARTESIAN_POINT('',(-2.125829491512,-0.717439111027,8.));
#3366 = VECTOR('',#3367,1.);
#3367 = DIRECTION('',(-0.,-0.,-1.));
#3368 = PCURVE('',#1250,#3369);
#3369 = DEFINITIONAL_REPRESENTATION('',(#3370),#3374);
#3370 = LINE('',#3371,#3372);
#3371 = CARTESIAN_POINT('',(1.42,0.));
#3372 = VECTOR('',#3373,1.);
#3373 = DIRECTION('',(0.,-1.));
#3374 = ( GEOMETRIC_REPRESENTATION_CONTEXT(2) 
PARAMETRIC_REPRESENTATION_CONTEXT() REPRESENTATION_CONTEXT('2D SPACE',''
  ) );
#3375 = PCURVE('',#1332,#3376);
#3376 = DEFINITIONAL_REPRESENTATION('',(#3377),#3381);
#3377 = LINE('',#3378,#3379);
#3378 = CARTESIAN_POINT('',(0.,0.));
#3379 = VECTOR('',#3380,1.);
#3380 = DIRECTION('',(0.,-1.));
#3381 = ( GEOMETRIC_REPRESENTATION_CONTEXT(2) 
PARAMETRIC_REPRESENTATION_CONTEXT() REPRESENTATION_CONTEXT('2D SPACE',''
  ) );
#3382 = ORIENTED_EDGE('',*,*,#1232,.F.);
#3383 = ADVANCED_FACE('',(#3384),#1332,.F.);
#3384 = FACE_BOUND('',#3385,.F.);
#3385 = EDGE_LOOP('',(#3386,#3387,#3410,#3431));
#3386 = ORIENTED_EDGE('',*,*,#3362,.T.);
#3387 = ORIENTED_EDGE('',*,*,#3388,.T.);
#3388 = EDGE_CURVE('',#3335,#3389,#3391,.T.);
#3389 = VERTEX_POINT('',#3390);
#3390 = CARTESIAN_POINT('',(1.924170508488,-0.717439111027,7.95));
#3391 = SURFACE_CURVE('',#3392,(#3396,#3403),.PCURVE_S1.);
#3392 = LINE('',#3393,#3394);
#3393 = CARTESIAN_POINT('',(-2.125829491512,-0.717439111027,7.95));
#3394 = VECTOR('',#3395,1.);
#3395 = DIRECTION('',(1.,0.,0.));
#3396 = PCURVE('',#1332,#3397);
#3397 = DEFINITIONAL_REPRESENTATION('',(#3398),#3402);
#3398 = LINE('',#3399,#3400);
#3399 = CARTESIAN_POINT('',(0.,-5.E-02));
#3400 = VECTOR('',#3401,1.);
#3401 = DIRECTION('',(1.,0.));
#3402 = ( GEOMETRIC_REPRESENTATION_CONTEXT(2) 
PARAMETRIC_REPRESENTATION_CONTEXT() REPRESENTATION_CONTEXT('2D SPACE',''
  ) );
#3403 = PCURVE('',#3350,#3404);
#3404 = DEFINITIONAL_REPRESENTATION('',(#3405),#3409);
#3405 = LINE('',#3406,#3407);
#3406 = CARTESIAN_POINT('',(-2.286542649063,-0.468361369202));
#3407 = VECTOR('',#3408,1.);
#3408 = DIRECTION('',(1.,0.));
#3409 = ( GEOMETRIC_REPRESENTATION_CONTEXT(2) 
PARAMETRIC_REPRESENTATION_CONTEXT() REPRESENTATION_CONTEXT('2D SPACE',''
  ) );
#3410 = ORIENTED_EDGE('',*,*,#3411,.F.);
#3411 = EDGE_CURVE('',#1291,#3389,#3412,.T.);
#3412 = SURFACE_CURVE('',#3413,(#3417,#3424),.PCURVE_S1.);
#3413 = LINE('',#3414,#3415);
#3414 = CARTESIAN_POINT('',(1.924170508488,-0.717439111027,8.));
#3415 = VECTOR('',#3416,1.);
#3416 = DIRECTION('',(-0.,-0.,-1.));
#3417 = PCURVE('',#1332,#3418);
#3418 = DEFINITIONAL_REPRESENTATION('',(#3419),#3423);
#3419 = LINE('',#3420,#3421);
#3420 = CARTESIAN_POINT('',(4.05,0.));
#3421 = VECTOR('',#3422,1.);
#3422 = DIRECTION('',(0.,-1.));
#3423 = ( GEOMETRIC_REPRESENTATION_CONTEXT(2) 
PARAMETRIC_REPRESENTATION_CONTEXT() REPRESENTATION_CONTEXT('2D SPACE',''
  ) );
#3424 = PCURVE('',#1306,#3425);
#3425 = DEFINITIONAL_REPRESENTATION('',(#3426),#3430);
#3426 = LINE('',#3427,#3428);
#3427 = CARTESIAN_POINT('',(0.,0.));
#3428 = VECTOR('',#3429,1.);
#3429 = DIRECTION('',(0.,-1.));
#3430 = ( GEOMETRIC_REPRESENTATION_CONTEXT(2) 
PARAMETRIC_REPRESENTATION_CONTEXT() REPRESENTATION_CONTEXT('2D SPACE',''
  ) );
#3431 = ORIENTED_EDGE('',*,*,#1318,.F.);
#3432 = ADVANCED_FACE('',(#3433),#1306,.F.);
#3433 = FACE_BOUND('',#3434,.F.);
#3434 = EDGE_LOOP('',(#3435,#3436,#3459,#3480));
#3435 = ORIENTED_EDGE('',*,*,#3411,.T.);
#3436 = ORIENTED_EDGE('',*,*,#3437,.T.);
#3437 = EDGE_CURVE('',#3389,#3438,#3440,.T.);
#3438 = VERTEX_POINT('',#3439);
#3439 = CARTESIAN_POINT('',(2.121796311851,0.688741546586,7.95));
#3440 = SURFACE_CURVE('',#3441,(#3445,#3452),.PCURVE_S1.);
#3441 = LINE('',#3442,#3443);
#3442 = CARTESIAN_POINT('',(1.924170508488,-0.717439111027,7.95));
#3443 = VECTOR('',#3444,1.);
#3444 = DIRECTION('',(0.13917310096,0.990268068742,0.));
#3445 = PCURVE('',#1306,#3446);
#3446 = DEFINITIONAL_REPRESENTATION('',(#3447),#3451);
#3447 = LINE('',#3448,#3449);
#3448 = CARTESIAN_POINT('',(0.,-5.E-02));
#3449 = VECTOR('',#3450,1.);
#3450 = DIRECTION('',(1.,0.));
#3451 = ( GEOMETRIC_REPRESENTATION_CONTEXT(2) 
PARAMETRIC_REPRESENTATION_CONTEXT() REPRESENTATION_CONTEXT('2D SPACE',''
  ) );
#3452 = PCURVE('',#3350,#3453);
#3453 = DEFINITIONAL_REPRESENTATION('',(#3454),#3458);
#3454 = LINE('',#3455,#3456);
#3455 = CARTESIAN_POINT('',(1.763457350937,-0.468361369202));
#3456 = VECTOR('',#3457,1.);
#3457 = DIRECTION('',(0.13917310096,0.990268068742));
#3458 = ( GEOMETRIC_REPRESENTATION_CONTEXT(2) 
PARAMETRIC_REPRESENTATION_CONTEXT() REPRESENTATION_CONTEXT('2D SPACE',''
  ) );
#3459 = ORIENTED_EDGE('',*,*,#3460,.F.);
#3460 = EDGE_CURVE('',#1263,#3438,#3461,.T.);
#3461 = SURFACE_CURVE('',#3462,(#3466,#3473),.PCURVE_S1.);
#3462 = LINE('',#3463,#3464);
#3463 = CARTESIAN_POINT('',(2.121796311851,0.688741546586,8.));
#3464 = VECTOR('',#3465,1.);
#3465 = DIRECTION('',(-0.,-0.,-1.));
#3466 = PCURVE('',#1306,#3467);
#3467 = DEFINITIONAL_REPRESENTATION('',(#3468),#3472);
#3468 = LINE('',#3469,#3470);
#3469 = CARTESIAN_POINT('',(1.42,0.));
#3470 = VECTOR('',#3471,1.);
#3471 = DIRECTION('',(0.,-1.));
#3472 = ( GEOMETRIC_REPRESENTATION_CONTEXT(2) 
PARAMETRIC_REPRESENTATION_CONTEXT() REPRESENTATION_CONTEXT('2D SPACE',''
  ) );
#3473 = PCURVE('',#1278,#3474);
#3474 = DEFINITIONAL_REPRESENTATION('',(#3475),#3479);
#3475 = LINE('',#3476,#3477);
#3476 = CARTESIAN_POINT('',(0.,0.));
#3477 = VECTOR('',#3478,1.);
#3478 = DIRECTION('',(0.,-1.));
#3479 = ( GEOMETRIC_REPRESENTATION_CONTEXT(2) 
PARAMETRIC_REPRESENTATION_CONTEXT() REPRESENTATION_CONTEXT('2D SPACE',''
  ) );
#3480 = ORIENTED_EDGE('',*,*,#1290,.F.);
#3481 = ADVANCED_FACE('',(#3482),#1278,.F.);
#3482 = FACE_BOUND('',#3483,.F.);
#3483 = EDGE_LOOP('',(#3484,#3485,#3506,#3507));
#3484 = ORIENTED_EDGE('',*,*,#3460,.T.);
#3485 = ORIENTED_EDGE('',*,*,#3486,.T.);
#3486 = EDGE_CURVE('',#3438,#3312,#3487,.T.);
#3487 = SURFACE_CURVE('',#3488,(#3492,#3499),.PCURVE_S1.);
#3488 = LINE('',#3489,#3490);
#3489 = CARTESIAN_POINT('',(2.121796311851,0.688741546586,7.95));
#3490 = VECTOR('',#3491,1.);
#3491 = DIRECTION('',(-1.,0.,0.));
#3492 = PCURVE('',#1278,#3493);
#3493 = DEFINITIONAL_REPRESENTATION('',(#3494),#3498);
#3494 = LINE('',#3495,#3496);
#3495 = CARTESIAN_POINT('',(0.,-5.E-02));
#3496 = VECTOR('',#3497,1.);
#3497 = DIRECTION('',(1.,0.));
#3498 = ( GEOMETRIC_REPRESENTATION_CONTEXT(2) 
PARAMETRIC_REPRESENTATION_CONTEXT() REPRESENTATION_CONTEXT('2D SPACE',''
  ) );
#3499 = PCURVE('',#3350,#3500);
#3500 = DEFINITIONAL_REPRESENTATION('',(#3501),#3505);
#3501 = LINE('',#3502,#3503);
#3502 = CARTESIAN_POINT('',(1.9610831543,0.937819288411));
#3503 = VECTOR('',#3504,1.);
#3504 = DIRECTION('',(-1.,0.));
#3505 = ( GEOMETRIC_REPRESENTATION_CONTEXT(2) 
PARAMETRIC_REPRESENTATION_CONTEXT() REPRESENTATION_CONTEXT('2D SPACE',''
  ) );
#3506 = ORIENTED_EDGE('',*,*,#3311,.F.);
#3507 = ORIENTED_EDGE('',*,*,#1262,.F.);
#3508 = ADVANCED_FACE('',(#3509),#1363,.F.);
#3509 = FACE_BOUND('',#3510,.F.);
#3510 = EDGE_LOOP('',(#3511,#3534,#3561,#3562));
#3511 = ORIENTED_EDGE('',*,*,#3512,.T.);
#3512 = EDGE_CURVE('',#1347,#3513,#3515,.T.);
#3513 = VERTEX_POINT('',#3514);
#3514 = CARTESIAN_POINT('',(4.826360779102,-6.306413492147,7.95));
#3515 = SEAM_CURVE('',#3516,(#3520,#3527),.PCURVE_S1.);
#3516 = LINE('',#3517,#3518);
#3517 = CARTESIAN_POINT('',(4.826360779102,-6.306413492147,8.));
#3518 = VECTOR('',#3519,1.);
#3519 = DIRECTION('',(-0.,-0.,-1.));
#3520 = PCURVE('',#1363,#3521);
#3521 = DEFINITIONAL_REPRESENTATION('',(#3522),#3526);
#3522 = LINE('',#3523,#3524);
#3523 = CARTESIAN_POINT('',(0.,0.));
#3524 = VECTOR('',#3525,1.);
#3525 = DIRECTION('',(0.,-1.));
#3526 = ( GEOMETRIC_REPRESENTATION_CONTEXT(2) 
PARAMETRIC_REPRESENTATION_CONTEXT() REPRESENTATION_CONTEXT('2D SPACE',''
  ) );
#3527 = PCURVE('',#1363,#3528);
#3528 = DEFINITIONAL_REPRESENTATION('',(#3529),#3533);
#3529 = LINE('',#3530,#3531);
#3530 = CARTESIAN_POINT('',(6.28318530718,0.));
#3531 = VECTOR('',#3532,1.);
#3532 = DIRECTION('',(0.,-1.));
#3533 = ( GEOMETRIC_REPRESENTATION_CONTEXT(2) 
PARAMETRIC_REPRESENTATION_CONTEXT() REPRESENTATION_CONTEXT('2D SPACE',''
  ) );
#3534 = ORIENTED_EDGE('',*,*,#3535,.T.);
#3535 = EDGE_CURVE('',#3513,#3513,#3536,.T.);
#3536 = SURFACE_CURVE('',#3537,(#3542,#3549),.PCURVE_S1.);
#3537 = CIRCLE('',#3538,0.724489795918);
#3538 = AXIS2_PLACEMENT_3D('',#3539,#3540,#3541);
#3539 = CARTESIAN_POINT('',(4.101870983184,-6.306413492147,7.95));
#3540 = DIRECTION('',(0.,0.,1.));
#3541 = DIRECTION('',(1.,0.,0.));
#3542 = PCURVE('',#1363,#3543);
#3543 = DEFINITIONAL_REPRESENTATION('',(#3544),#3548);
#3544 = LINE('',#3545,#3546);
#3545 = CARTESIAN_POINT('',(0.,-5.E-02));
#3546 = VECTOR('',#3547,1.);
#3547 = DIRECTION('',(1.,0.));
#3548 = ( GEOMETRIC_REPRESENTATION_CONTEXT(2) 
PARAMETRIC_REPRESENTATION_CONTEXT() REPRESENTATION_CONTEXT('2D SPACE',''
  ) );
#3549 = PCURVE('',#3550,#3555);
#3550 = PLANE('',#3551);
#3551 = AXIS2_PLACEMENT_3D('',#3552,#3553,#3554);
#3552 = CARTESIAN_POINT('',(0.160713157551,-0.249077741826,7.95));
#3553 = DIRECTION('',(0.,0.,1.));
#3554 = DIRECTION('',(1.,0.,0.));
#3555 = DEFINITIONAL_REPRESENTATION('',(#3556),#3560);
#3556 = CIRCLE('',#3557,0.724489795918);
#3557 = AXIS2_PLACEMENT_2D('',#3558,#3559);
#3558 = CARTESIAN_POINT('',(3.941157825632,-6.057335750321));
#3559 = DIRECTION('',(1.,0.));
#3560 = ( GEOMETRIC_REPRESENTATION_CONTEXT(2) 
PARAMETRIC_REPRESENTATION_CONTEXT() REPRESENTATION_CONTEXT('2D SPACE',''
  ) );
#3561 = ORIENTED_EDGE('',*,*,#3512,.F.);
#3562 = ORIENTED_EDGE('',*,*,#1346,.F.);
#3563 = ADVANCED_FACE('',(#3564),#1395,.T.);
#3564 = FACE_BOUND('',#3565,.T.);
#3565 = EDGE_LOOP('',(#3566,#3589,#3617,#3638));
#3566 = ORIENTED_EDGE('',*,*,#3567,.T.);
#3567 = EDGE_CURVE('',#1378,#3568,#3570,.T.);
#3568 = VERTEX_POINT('',#3569);
#3569 = CARTESIAN_POINT('',(1.711870983184,-7.030903288065,7.95));
#3570 = SURFACE_CURVE('',#3571,(#3575,#3582),.PCURVE_S1.);
#3571 = LINE('',#3572,#3573);
#3572 = CARTESIAN_POINT('',(1.711870983184,-7.030903288065,8.));
#3573 = VECTOR('',#3574,1.);
#3574 = DIRECTION('',(-0.,-0.,-1.));
#3575 = PCURVE('',#1395,#3576);
#3576 = DEFINITIONAL_REPRESENTATION('',(#3577),#3581);
#3577 = LINE('',#3578,#3579);
#3578 = CARTESIAN_POINT('',(0.,0.));
#3579 = VECTOR('',#3580,1.);
#3580 = DIRECTION('',(0.,-1.));
#3581 = ( GEOMETRIC_REPRESENTATION_CONTEXT(2) 
PARAMETRIC_REPRESENTATION_CONTEXT() REPRESENTATION_CONTEXT('2D SPACE',''
  ) );
#3582 = PCURVE('',#1478,#3583);
#3583 = DEFINITIONAL_REPRESENTATION('',(#3584),#3588);
#3584 = LINE('',#3585,#3586);
#3585 = CARTESIAN_POINT('',(4.572762640225,0.));
#3586 = VECTOR('',#3587,1.);
#3587 = DIRECTION('',(0.,-1.));
#3588 = ( GEOMETRIC_REPRESENTATION_CONTEXT(2) 
PARAMETRIC_REPRESENTATION_CONTEXT() REPRESENTATION_CONTEXT('2D SPACE',''
  ) );
#3589 = ORIENTED_EDGE('',*,*,#3590,.T.);
#3590 = EDGE_CURVE('',#3568,#3591,#3593,.T.);
#3591 = VERTEX_POINT('',#3592);
#3592 = CARTESIAN_POINT('',(2.599170508488,-0.717439111027,7.95));
#3593 = SURFACE_CURVE('',#3594,(#3598,#3605),.PCURVE_S1.);
#3594 = LINE('',#3595,#3596);
#3595 = CARTESIAN_POINT('',(1.711870983184,-7.030903288065,7.95));
#3596 = VECTOR('',#3597,1.);
#3597 = DIRECTION('',(0.13917310096,0.990268068742,0.));
#3598 = PCURVE('',#1395,#3599);
#3599 = DEFINITIONAL_REPRESENTATION('',(#3600),#3604);
#3600 = LINE('',#3601,#3602);
#3601 = CARTESIAN_POINT('',(0.,-5.E-02));
#3602 = VECTOR('',#3603,1.);
#3603 = DIRECTION('',(1.,0.));
#3604 = ( GEOMETRIC_REPRESENTATION_CONTEXT(2) 
PARAMETRIC_REPRESENTATION_CONTEXT() REPRESENTATION_CONTEXT('2D SPACE',''
  ) );
#3605 = PCURVE('',#3606,#3611);
#3606 = PLANE('',#3607);
#3607 = AXIS2_PLACEMENT_3D('',#3608,#3609,#3610);
#3608 = CARTESIAN_POINT('',(0.160713157551,-0.249077741826,7.95));
#3609 = DIRECTION('',(0.,0.,1.));
#3610 = DIRECTION('',(1.,0.,0.));
#3611 = DEFINITIONAL_REPRESENTATION('',(#3612),#3616);
#3612 = LINE('',#3613,#3614);
#3613 = CARTESIAN_POINT('',(1.551157825632,-6.78182554624));
#3614 = VECTOR('',#3615,1.);
#3615 = DIRECTION('',(0.13917310096,0.990268068742));
#3616 = ( GEOMETRIC_REPRESENTATION_CONTEXT(2) 
PARAMETRIC_REPRESENTATION_CONTEXT() REPRESENTATION_CONTEXT('2D SPACE',''
  ) );
#3617 = ORIENTED_EDGE('',*,*,#3618,.F.);
#3618 = EDGE_CURVE('',#1380,#3591,#3619,.T.);
#3619 = SURFACE_CURVE('',#3620,(#3624,#3631),.PCURVE_S1.);
#3620 = LINE('',#3621,#3622);
#3621 = CARTESIAN_POINT('',(2.599170508488,-0.717439111027,8.));
#3622 = VECTOR('',#3623,1.);
#3623 = DIRECTION('',(-0.,-0.,-1.));
#3624 = PCURVE('',#1395,#3625);
#3625 = DEFINITIONAL_REPRESENTATION('',(#3626),#3630);
#3626 = LINE('',#3627,#3628);
#3627 = CARTESIAN_POINT('',(6.375510204082,0.));
#3628 = VECTOR('',#3629,1.);
#3629 = DIRECTION('',(0.,-1.));
#3630 = ( GEOMETRIC_REPRESENTATION_CONTEXT(2) 
PARAMETRIC_REPRESENTATION_CONTEXT() REPRESENTATION_CONTEXT('2D SPACE',''
  ) );
#3631 = PCURVE('',#1423,#3632);
#3632 = DEFINITIONAL_REPRESENTATION('',(#3633),#3637);
#3633 = LINE('',#3634,#3635);
#3634 = CARTESIAN_POINT('',(0.,0.));
#3635 = VECTOR('',#3636,1.);
#3636 = DIRECTION('',(0.,-1.));
#3637 = ( GEOMETRIC_REPRESENTATION_CONTEXT(2) 
PARAMETRIC_REPRESENTATION_CONTEXT() REPRESENTATION_CONTEXT('2D SPACE',''
  ) );
#3638 = ORIENTED_EDGE('',*,*,#1377,.F.);
#3639 = ADVANCED_FACE('',(#3640),#1478,.F.);
#3640 = FACE_BOUND('',#3641,.F.);
#3641 = EDGE_LOOP('',(#3642,#3643,#3667,#3688));
#3642 = ORIENTED_EDGE('',*,*,#3567,.T.);
#3643 = ORIENTED_EDGE('',*,*,#3644,.T.);
#3644 = EDGE_CURVE('',#3568,#3645,#3647,.T.);
#3645 = VERTEX_POINT('',#3646);
#3646 = CARTESIAN_POINT('',(3.221777843118,-5.893106858483,7.95));
#3647 = SURFACE_CURVE('',#3648,(#3653,#3660),.PCURVE_S1.);
#3648 = CIRCLE('',#3649,1.336861892801);
#3649 = AXIS2_PLACEMENT_3D('',#3650,#3651,#3652);
#3650 = CARTESIAN_POINT('',(1.89792619836,-5.707051643307,7.95));
#3651 = DIRECTION('',(0.,0.,1.));
#3652 = DIRECTION('',(1.,0.,0.));
#3653 = PCURVE('',#1478,#3654);
#3654 = DEFINITIONAL_REPRESENTATION('',(#3655),#3659);
#3655 = LINE('',#3656,#3657);
#3656 = CARTESIAN_POINT('',(0.,-5.E-02));
#3657 = VECTOR('',#3658,1.);
#3658 = DIRECTION('',(1.,0.));
#3659 = ( GEOMETRIC_REPRESENTATION_CONTEXT(2) 
PARAMETRIC_REPRESENTATION_CONTEXT() REPRESENTATION_CONTEXT('2D SPACE',''
  ) );
#3660 = PCURVE('',#3606,#3661);
#3661 = DEFINITIONAL_REPRESENTATION('',(#3662),#3666);
#3662 = CIRCLE('',#3663,1.336861892801);
#3663 = AXIS2_PLACEMENT_2D('',#3664,#3665);
#3664 = CARTESIAN_POINT('',(1.737213040809,-5.457973901481));
#3665 = DIRECTION('',(1.,0.));
#3666 = ( GEOMETRIC_REPRESENTATION_CONTEXT(2) 
PARAMETRIC_REPRESENTATION_CONTEXT() REPRESENTATION_CONTEXT('2D SPACE',''
  ) );
#3667 = ORIENTED_EDGE('',*,*,#3668,.F.);
#3668 = EDGE_CURVE('',#1436,#3645,#3669,.T.);
#3669 = SURFACE_CURVE('',#3670,(#3674,#3681),.PCURVE_S1.);
#3670 = LINE('',#3671,#3672);
#3671 = CARTESIAN_POINT('',(3.221777843118,-5.893106858483,8.));
#3672 = VECTOR('',#3673,1.);
#3673 = DIRECTION('',(-0.,-0.,-1.));
#3674 = PCURVE('',#1478,#3675);
#3675 = DEFINITIONAL_REPRESENTATION('',(#3676),#3680);
#3676 = LINE('',#3677,#3678);
#3677 = CARTESIAN_POINT('',(6.14355896702,0.));
#3678 = VECTOR('',#3679,1.);
#3679 = DIRECTION('',(0.,-1.));
#3680 = ( GEOMETRIC_REPRESENTATION_CONTEXT(2) 
PARAMETRIC_REPRESENTATION_CONTEXT() REPRESENTATION_CONTEXT('2D SPACE',''
  ) );
#3681 = PCURVE('',#1451,#3682);
#3682 = DEFINITIONAL_REPRESENTATION('',(#3683),#3687);
#3683 = LINE('',#3684,#3685);
#3684 = CARTESIAN_POINT('',(5.226531997577,0.));
#3685 = VECTOR('',#3686,1.);
#3686 = DIRECTION('',(0.,-1.));
#3687 = ( GEOMETRIC_REPRESENTATION_CONTEXT(2) 
PARAMETRIC_REPRESENTATION_CONTEXT() REPRESENTATION_CONTEXT('2D SPACE',''
  ) );
#3688 = ORIENTED_EDGE('',*,*,#1463,.F.);
#3689 = ADVANCED_FACE('',(#3690),#1451,.T.);
#3690 = FACE_BOUND('',#3691,.T.);
#3691 = EDGE_LOOP('',(#3692,#3715,#3736,#3737));
#3692 = ORIENTED_EDGE('',*,*,#3693,.T.);
#3693 = EDGE_CURVE('',#1408,#3694,#3696,.T.);
#3694 = VERTEX_POINT('',#3695);
#3695 = CARTESIAN_POINT('',(3.949170508488,-0.717439111027,7.95));
#3696 = SURFACE_CURVE('',#3697,(#3701,#3708),.PCURVE_S1.);
#3697 = LINE('',#3698,#3699);
#3698 = CARTESIAN_POINT('',(3.949170508488,-0.717439111027,8.));
#3699 = VECTOR('',#3700,1.);
#3700 = DIRECTION('',(-0.,-0.,-1.));
#3701 = PCURVE('',#1451,#3702);
#3702 = DEFINITIONAL_REPRESENTATION('',(#3703),#3707);
#3703 = LINE('',#3704,#3705);
#3704 = CARTESIAN_POINT('',(0.,0.));
#3705 = VECTOR('',#3706,1.);
#3706 = DIRECTION('',(0.,-1.));
#3707 = ( GEOMETRIC_REPRESENTATION_CONTEXT(2) 
PARAMETRIC_REPRESENTATION_CONTEXT() REPRESENTATION_CONTEXT('2D SPACE',''
  ) );
#3708 = PCURVE('',#1423,#3709);
#3709 = DEFINITIONAL_REPRESENTATION('',(#3710),#3714);
#3710 = LINE('',#3711,#3712);
#3711 = CARTESIAN_POINT('',(1.35,0.));
#3712 = VECTOR('',#3713,1.);
#3713 = DIRECTION('',(0.,-1.));
#3714 = ( GEOMETRIC_REPRESENTATION_CONTEXT(2) 
PARAMETRIC_REPRESENTATION_CONTEXT() REPRESENTATION_CONTEXT('2D SPACE',''
  ) );
#3715 = ORIENTED_EDGE('',*,*,#3716,.T.);
#3716 = EDGE_CURVE('',#3694,#3645,#3717,.T.);
#3717 = SURFACE_CURVE('',#3718,(#3722,#3729),.PCURVE_S1.);
#3718 = LINE('',#3719,#3720);
#3719 = CARTESIAN_POINT('',(3.949170508488,-0.717439111027,7.95));
#3720 = VECTOR('',#3721,1.);
#3721 = DIRECTION('',(-0.13917310096,-0.990268068742,0.));
#3722 = PCURVE('',#1451,#3723);
#3723 = DEFINITIONAL_REPRESENTATION('',(#3724),#3728);
#3724 = LINE('',#3725,#3726);
#3725 = CARTESIAN_POINT('',(-0.,-5.E-02));
#3726 = VECTOR('',#3727,1.);
#3727 = DIRECTION('',(1.,0.));
#3728 = ( GEOMETRIC_REPRESENTATION_CONTEXT(2) 
PARAMETRIC_REPRESENTATION_CONTEXT() REPRESENTATION_CONTEXT('2D SPACE',''
  ) );
#3729 = PCURVE('',#3606,#3730);
#3730 = DEFINITIONAL_REPRESENTATION('',(#3731),#3735);
#3731 = LINE('',#3732,#3733);
#3732 = CARTESIAN_POINT('',(3.788457350937,-0.468361369202));
#3733 = VECTOR('',#3734,1.);
#3734 = DIRECTION('',(-0.13917310096,-0.990268068742));
#3735 = ( GEOMETRIC_REPRESENTATION_CONTEXT(2) 
PARAMETRIC_REPRESENTATION_CONTEXT() REPRESENTATION_CONTEXT('2D SPACE',''
  ) );
#3736 = ORIENTED_EDGE('',*,*,#3668,.F.);
#3737 = ORIENTED_EDGE('',*,*,#1435,.F.);
#3738 = ADVANCED_FACE('',(#3739),#1423,.T.);
#3739 = FACE_BOUND('',#3740,.T.);
#3740 = EDGE_LOOP('',(#3741,#3742,#3763,#3764));
#3741 = ORIENTED_EDGE('',*,*,#3618,.T.);
#3742 = ORIENTED_EDGE('',*,*,#3743,.T.);
#3743 = EDGE_CURVE('',#3591,#3694,#3744,.T.);
#3744 = SURFACE_CURVE('',#3745,(#3749,#3756),.PCURVE_S1.);
#3745 = LINE('',#3746,#3747);
#3746 = CARTESIAN_POINT('',(2.599170508488,-0.717439111027,7.95));
#3747 = VECTOR('',#3748,1.);
#3748 = DIRECTION('',(1.,0.,0.));
#3749 = PCURVE('',#1423,#3750);
#3750 = DEFINITIONAL_REPRESENTATION('',(#3751),#3755);
#3751 = LINE('',#3752,#3753);
#3752 = CARTESIAN_POINT('',(0.,-5.E-02));
#3753 = VECTOR('',#3754,1.);
#3754 = DIRECTION('',(1.,0.));
#3755 = ( GEOMETRIC_REPRESENTATION_CONTEXT(2) 
PARAMETRIC_REPRESENTATION_CONTEXT() REPRESENTATION_CONTEXT('2D SPACE',''
  ) );
#3756 = PCURVE('',#3606,#3757);
#3757 = DEFINITIONAL_REPRESENTATION('',(#3758),#3762);
#3758 = LINE('',#3759,#3760);
#3759 = CARTESIAN_POINT('',(2.438457350937,-0.468361369202));
#3760 = VECTOR('',#3761,1.);
#3761 = DIRECTION('',(1.,0.));
#3762 = ( GEOMETRIC_REPRESENTATION_CONTEXT(2) 
PARAMETRIC_REPRESENTATION_CONTEXT() REPRESENTATION_CONTEXT('2D SPACE',''
  ) );
#3763 = ORIENTED_EDGE('',*,*,#3693,.F.);
#3764 = ORIENTED_EDGE('',*,*,#1407,.F.);
#3765 = ADVANCED_FACE('',(#3766),#1511,.F.);
#3766 = FACE_BOUND('',#3767,.F.);
#3767 = EDGE_LOOP('',(#3768,#3791,#3820,#3841));
#3768 = ORIENTED_EDGE('',*,*,#3769,.T.);
#3769 = EDGE_CURVE('',#1493,#3770,#3772,.T.);
#3770 = VERTEX_POINT('',#3771);
#3771 = CARTESIAN_POINT('',(-1.711870983184,7.030903288065,7.95));
#3772 = SURFACE_CURVE('',#3773,(#3777,#3784),.PCURVE_S1.);
#3773 = LINE('',#3774,#3775);
#3774 = CARTESIAN_POINT('',(-1.711870983184,7.030903288065,8.));
#3775 = VECTOR('',#3776,1.);
#3776 = DIRECTION('',(-0.,-0.,-1.));
#3777 = PCURVE('',#1511,#3778);
#3778 = DEFINITIONAL_REPRESENTATION('',(#3779),#3783);
#3779 = LINE('',#3780,#3781);
#3780 = CARTESIAN_POINT('',(1.431169986635,0.));
#3781 = VECTOR('',#3782,1.);
#3782 = DIRECTION('',(0.,-1.));
#3783 = ( GEOMETRIC_REPRESENTATION_CONTEXT(2) 
PARAMETRIC_REPRESENTATION_CONTEXT() REPRESENTATION_CONTEXT('2D SPACE',''
  ) );
#3784 = PCURVE('',#1539,#3785);
#3785 = DEFINITIONAL_REPRESENTATION('',(#3786),#3790);
#3786 = LINE('',#3787,#3788);
#3787 = CARTESIAN_POINT('',(0.,0.));
#3788 = VECTOR('',#3789,1.);
#3789 = DIRECTION('',(0.,-1.));
#3790 = ( GEOMETRIC_REPRESENTATION_CONTEXT(2) 
PARAMETRIC_REPRESENTATION_CONTEXT() REPRESENTATION_CONTEXT('2D SPACE',''
  ) );
#3791 = ORIENTED_EDGE('',*,*,#3792,.T.);
#3792 = EDGE_CURVE('',#3770,#3793,#3795,.T.);
#3793 = VERTEX_POINT('',#3794);
#3794 = CARTESIAN_POINT('',(-3.221777843118,5.893106858483,7.95));
#3795 = SURFACE_CURVE('',#3796,(#3801,#3808),.PCURVE_S1.);
#3796 = CIRCLE('',#3797,1.336861892801);
#3797 = AXIS2_PLACEMENT_3D('',#3798,#3799,#3800);
#3798 = CARTESIAN_POINT('',(-1.89792619836,5.707051643307,7.95));
#3799 = DIRECTION('',(0.,0.,1.));
#3800 = DIRECTION('',(1.,0.,0.));
#3801 = PCURVE('',#1511,#3802);
#3802 = DEFINITIONAL_REPRESENTATION('',(#3803),#3807);
#3803 = LINE('',#3804,#3805);
#3804 = CARTESIAN_POINT('',(0.,-5.E-02));
#3805 = VECTOR('',#3806,1.);
#3806 = DIRECTION('',(1.,0.));
#3807 = ( GEOMETRIC_REPRESENTATION_CONTEXT(2) 
PARAMETRIC_REPRESENTATION_CONTEXT() REPRESENTATION_CONTEXT('2D SPACE',''
  ) );
#3808 = PCURVE('',#3809,#3814);
#3809 = PLANE('',#3810);
#3810 = AXIS2_PLACEMENT_3D('',#3811,#3812,#3813);
#3811 = CARTESIAN_POINT('',(0.160713157551,-0.249077741826,7.95));
#3812 = DIRECTION('',(0.,0.,1.));
#3813 = DIRECTION('',(1.,0.,0.));
#3814 = DEFINITIONAL_REPRESENTATION('',(#3815),#3819);
#3815 = CIRCLE('',#3816,1.336861892801);
#3816 = AXIS2_PLACEMENT_2D('',#3817,#3818);
#3817 = CARTESIAN_POINT('',(-2.058639355911,5.956129385132));
#3818 = DIRECTION('',(1.,0.));
#3819 = ( GEOMETRIC_REPRESENTATION_CONTEXT(2) 
PARAMETRIC_REPRESENTATION_CONTEXT() REPRESENTATION_CONTEXT('2D SPACE',''
  ) );
#3820 = ORIENTED_EDGE('',*,*,#3821,.F.);
#3821 = EDGE_CURVE('',#1495,#3793,#3822,.T.);
#3822 = SURFACE_CURVE('',#3823,(#3827,#3834),.PCURVE_S1.);
#3823 = LINE('',#3824,#3825);
#3824 = CARTESIAN_POINT('',(-3.221777843118,5.893106858483,8.));
#3825 = VECTOR('',#3826,1.);
#3826 = DIRECTION('',(-0.,-0.,-1.));
#3827 = PCURVE('',#1511,#3828);
#3828 = DEFINITIONAL_REPRESENTATION('',(#3829),#3833);
#3829 = LINE('',#3830,#3831);
#3830 = CARTESIAN_POINT('',(3.00196631343,0.));
#3831 = VECTOR('',#3832,1.);
#3832 = DIRECTION('',(0.,-1.));
#3833 = ( GEOMETRIC_REPRESENTATION_CONTEXT(2) 
PARAMETRIC_REPRESENTATION_CONTEXT() REPRESENTATION_CONTEXT('2D SPACE',''
  ) );
#3834 = PCURVE('',#1593,#3835);
#3835 = DEFINITIONAL_REPRESENTATION('',(#3836),#3840);
#3836 = LINE('',#3837,#3838);
#3837 = CARTESIAN_POINT('',(5.226531997577,0.));
#3838 = VECTOR('',#3839,1.);
#3839 = DIRECTION('',(0.,-1.));
#3840 = ( GEOMETRIC_REPRESENTATION_CONTEXT(2) 
PARAMETRIC_REPRESENTATION_CONTEXT() REPRESENTATION_CONTEXT('2D SPACE',''
  ) );
#3841 = ORIENTED_EDGE('',*,*,#1492,.F.);
#3842 = ADVANCED_FACE('',(#3843),#1593,.T.);
#3843 = FACE_BOUND('',#3844,.T.);
#3844 = EDGE_LOOP('',(#3845,#3868,#3889,#3890));
#3845 = ORIENTED_EDGE('',*,*,#3846,.T.);
#3846 = EDGE_CURVE('',#1552,#3847,#3849,.T.);
#3847 = VERTEX_POINT('',#3848);
#3848 = CARTESIAN_POINT('',(-3.949170508488,0.717439111027,7.95));
#3849 = SURFACE_CURVE('',#3850,(#3854,#3861),.PCURVE_S1.);
#3850 = LINE('',#3851,#3852);
#3851 = CARTESIAN_POINT('',(-3.949170508488,0.717439111027,8.));
#3852 = VECTOR('',#3853,1.);
#3853 = DIRECTION('',(-0.,-0.,-1.));
#3854 = PCURVE('',#1593,#3855);
#3855 = DEFINITIONAL_REPRESENTATION('',(#3856),#3860);
#3856 = LINE('',#3857,#3858);
#3857 = CARTESIAN_POINT('',(0.,0.));
#3858 = VECTOR('',#3859,1.);
#3859 = DIRECTION('',(0.,-1.));
#3860 = ( GEOMETRIC_REPRESENTATION_CONTEXT(2) 
PARAMETRIC_REPRESENTATION_CONTEXT() REPRESENTATION_CONTEXT('2D SPACE',''
  ) );
#3861 = PCURVE('',#1567,#3862);
#3862 = DEFINITIONAL_REPRESENTATION('',(#3863),#3867);
#3863 = LINE('',#3864,#3865);
#3864 = CARTESIAN_POINT('',(1.35,0.));
#3865 = VECTOR('',#3866,1.);
#3866 = DIRECTION('',(0.,-1.));
#3867 = ( GEOMETRIC_REPRESENTATION_CONTEXT(2) 
PARAMETRIC_REPRESENTATION_CONTEXT() REPRESENTATION_CONTEXT('2D SPACE',''
  ) );
#3868 = ORIENTED_EDGE('',*,*,#3869,.T.);
#3869 = EDGE_CURVE('',#3847,#3793,#3870,.T.);
#3870 = SURFACE_CURVE('',#3871,(#3875,#3882),.PCURVE_S1.);
#3871 = LINE('',#3872,#3873);
#3872 = CARTESIAN_POINT('',(-3.949170508488,0.717439111027,7.95));
#3873 = VECTOR('',#3874,1.);
#3874 = DIRECTION('',(0.13917310096,0.990268068742,0.));
#3875 = PCURVE('',#1593,#3876);
#3876 = DEFINITIONAL_REPRESENTATION('',(#3877),#3881);
#3877 = LINE('',#3878,#3879);
#3878 = CARTESIAN_POINT('',(0.,-5.E-02));
#3879 = VECTOR('',#3880,1.);
#3880 = DIRECTION('',(1.,0.));
#3881 = ( GEOMETRIC_REPRESENTATION_CONTEXT(2) 
PARAMETRIC_REPRESENTATION_CONTEXT() REPRESENTATION_CONTEXT('2D SPACE',''
  ) );
#3882 = PCURVE('',#3809,#3883);
#3883 = DEFINITIONAL_REPRESENTATION('',(#3884),#3888);
#3884 = LINE('',#3885,#3886);
#3885 = CARTESIAN_POINT('',(-4.10988366604,0.966516852853));
#3886 = VECTOR('',#3887,1.);
#3887 = DIRECTION('',(0.13917310096,0.990268068742));
#3888 = ( GEOMETRIC_REPRESENTATION_CONTEXT(2) 
PARAMETRIC_REPRESENTATION_CONTEXT() REPRESENTATION_CONTEXT('2D SPACE',''
  ) );
#3889 = ORIENTED_EDGE('',*,*,#3821,.F.);
#3890 = ORIENTED_EDGE('',*,*,#1579,.F.);
#3891 = ADVANCED_FACE('',(#3892),#1567,.T.);
#3892 = FACE_BOUND('',#3893,.T.);
#3893 = EDGE_LOOP('',(#3894,#3917,#3938,#3939));
#3894 = ORIENTED_EDGE('',*,*,#3895,.T.);
#3895 = EDGE_CURVE('',#1524,#3896,#3898,.T.);
#3896 = VERTEX_POINT('',#3897);
#3897 = CARTESIAN_POINT('',(-2.599170508488,0.717439111027,7.95));
#3898 = SURFACE_CURVE('',#3899,(#3903,#3910),.PCURVE_S1.);
#3899 = LINE('',#3900,#3901);
#3900 = CARTESIAN_POINT('',(-2.599170508488,0.717439111027,8.));
#3901 = VECTOR('',#3902,1.);
#3902 = DIRECTION('',(-0.,-0.,-1.));
#3903 = PCURVE('',#1567,#3904);
#3904 = DEFINITIONAL_REPRESENTATION('',(#3905),#3909);
#3905 = LINE('',#3906,#3907);
#3906 = CARTESIAN_POINT('',(0.,0.));
#3907 = VECTOR('',#3908,1.);
#3908 = DIRECTION('',(0.,-1.));
#3909 = ( GEOMETRIC_REPRESENTATION_CONTEXT(2) 
PARAMETRIC_REPRESENTATION_CONTEXT() REPRESENTATION_CONTEXT('2D SPACE',''
  ) );
#3910 = PCURVE('',#1539,#3911);
#3911 = DEFINITIONAL_REPRESENTATION('',(#3912),#3916);
#3912 = LINE('',#3913,#3914);
#3913 = CARTESIAN_POINT('',(6.375510204082,0.));
#3914 = VECTOR('',#3915,1.);
#3915 = DIRECTION('',(0.,-1.));
#3916 = ( GEOMETRIC_REPRESENTATION_CONTEXT(2) 
PARAMETRIC_REPRESENTATION_CONTEXT() REPRESENTATION_CONTEXT('2D SPACE',''
  ) );
#3917 = ORIENTED_EDGE('',*,*,#3918,.T.);
#3918 = EDGE_CURVE('',#3896,#3847,#3919,.T.);
#3919 = SURFACE_CURVE('',#3920,(#3924,#3931),.PCURVE_S1.);
#3920 = LINE('',#3921,#3922);
#3921 = CARTESIAN_POINT('',(-2.599170508488,0.717439111027,7.95));
#3922 = VECTOR('',#3923,1.);
#3923 = DIRECTION('',(-1.,0.,0.));
#3924 = PCURVE('',#1567,#3925);
#3925 = DEFINITIONAL_REPRESENTATION('',(#3926),#3930);
#3926 = LINE('',#3927,#3928);
#3927 = CARTESIAN_POINT('',(0.,-5.E-02));
#3928 = VECTOR('',#3929,1.);
#3929 = DIRECTION('',(1.,0.));
#3930 = ( GEOMETRIC_REPRESENTATION_CONTEXT(2) 
PARAMETRIC_REPRESENTATION_CONTEXT() REPRESENTATION_CONTEXT('2D SPACE',''
  ) );
#3931 = PCURVE('',#3809,#3932);
#3932 = DEFINITIONAL_REPRESENTATION('',(#3933),#3937);
#3933 = LINE('',#3934,#3935);
#3934 = CARTESIAN_POINT('',(-2.75988366604,0.966516852853));
#3935 = VECTOR('',#3936,1.);
#3936 = DIRECTION('',(-1.,0.));
#3937 = ( GEOMETRIC_REPRESENTATION_CONTEXT(2) 
PARAMETRIC_REPRESENTATION_CONTEXT() REPRESENTATION_CONTEXT('2D SPACE',''
  ) );
#3938 = ORIENTED_EDGE('',*,*,#3846,.F.);
#3939 = ORIENTED_EDGE('',*,*,#1551,.F.);
#3940 = ADVANCED_FACE('',(#3941),#1539,.T.);
#3941 = FACE_BOUND('',#3942,.T.);
#3942 = EDGE_LOOP('',(#3943,#3944,#3965,#3966));
#3943 = ORIENTED_EDGE('',*,*,#3769,.T.);
#3944 = ORIENTED_EDGE('',*,*,#3945,.T.);
#3945 = EDGE_CURVE('',#3770,#3896,#3946,.T.);
#3946 = SURFACE_CURVE('',#3947,(#3951,#3958),.PCURVE_S1.);
#3947 = LINE('',#3948,#3949);
#3948 = CARTESIAN_POINT('',(-1.711870983184,7.030903288065,7.95));
#3949 = VECTOR('',#3950,1.);
#3950 = DIRECTION('',(-0.13917310096,-0.990268068742,0.));
#3951 = PCURVE('',#1539,#3952);
#3952 = DEFINITIONAL_REPRESENTATION('',(#3953),#3957);
#3953 = LINE('',#3954,#3955);
#3954 = CARTESIAN_POINT('',(-0.,-5.E-02));
#3955 = VECTOR('',#3956,1.);
#3956 = DIRECTION('',(1.,0.));
#3957 = ( GEOMETRIC_REPRESENTATION_CONTEXT(2) 
PARAMETRIC_REPRESENTATION_CONTEXT() REPRESENTATION_CONTEXT('2D SPACE',''
  ) );
#3958 = PCURVE('',#3809,#3959);
#3959 = DEFINITIONAL_REPRESENTATION('',(#3960),#3964);
#3960 = LINE('',#3961,#3962);
#3961 = CARTESIAN_POINT('',(-1.872584140735,7.279981029891));
#3962 = VECTOR('',#3963,1.);
#3963 = DIRECTION('',(-0.13917310096,-0.990268068742));
#3964 = ( GEOMETRIC_REPRESENTATION_CONTEXT(2) 
PARAMETRIC_REPRESENTATION_CONTEXT() REPRESENTATION_CONTEXT('2D SPACE',''
  ) );
#3965 = ORIENTED_EDGE('',*,*,#3895,.F.);
#3966 = ORIENTED_EDGE('',*,*,#1523,.F.);
#3967 = ADVANCED_FACE('',(#3968),#1625,.F.);
#3968 = FACE_BOUND('',#3969,.F.);
#3969 = EDGE_LOOP('',(#3970,#3993,#4021,#4042));
#3970 = ORIENTED_EDGE('',*,*,#3971,.T.);
#3971 = EDGE_CURVE('',#1608,#3972,#3974,.T.);
#3972 = VERTEX_POINT('',#3973);
#3973 = CARTESIAN_POINT('',(-1.036870983184,7.030903288065,7.95));
#3974 = SURFACE_CURVE('',#3975,(#3979,#3986),.PCURVE_S1.);
#3975 = LINE('',#3976,#3977);
#3976 = CARTESIAN_POINT('',(-1.036870983184,7.030903288065,8.));
#3977 = VECTOR('',#3978,1.);
#3978 = DIRECTION('',(-0.,-0.,-1.));
#3979 = PCURVE('',#1625,#3980);
#3980 = DEFINITIONAL_REPRESENTATION('',(#3981),#3985);
#3981 = LINE('',#3982,#3983);
#3982 = CARTESIAN_POINT('',(0.,0.));
#3983 = VECTOR('',#3984,1.);
#3984 = DIRECTION('',(0.,-1.));
#3985 = ( GEOMETRIC_REPRESENTATION_CONTEXT(2) 
PARAMETRIC_REPRESENTATION_CONTEXT() REPRESENTATION_CONTEXT('2D SPACE',''
  ) );
#3986 = PCURVE('',#1653,#3987);
#3987 = DEFINITIONAL_REPRESENTATION('',(#3988),#3992);
#3988 = LINE('',#3989,#3990);
#3989 = CARTESIAN_POINT('',(4.05,0.));
#3990 = VECTOR('',#3991,1.);
#3991 = DIRECTION('',(0.,-1.));
#3992 = ( GEOMETRIC_REPRESENTATION_CONTEXT(2) 
PARAMETRIC_REPRESENTATION_CONTEXT() REPRESENTATION_CONTEXT('2D SPACE',''
  ) );
#3993 = ORIENTED_EDGE('',*,*,#3994,.T.);
#3994 = EDGE_CURVE('',#3972,#3995,#3997,.T.);
#3995 = VERTEX_POINT('',#3996);
#3996 = CARTESIAN_POINT('',(-1.234496786547,5.624722630452,7.95));
#3997 = SURFACE_CURVE('',#3998,(#4002,#4009),.PCURVE_S1.);
#3998 = LINE('',#3999,#4000);
#3999 = CARTESIAN_POINT('',(-1.036870983184,7.030903288065,7.95));
#4000 = VECTOR('',#4001,1.);
#4001 = DIRECTION('',(-0.13917310096,-0.990268068742,0.));
#4002 = PCURVE('',#1625,#4003);
#4003 = DEFINITIONAL_REPRESENTATION('',(#4004),#4008);
#4004 = LINE('',#4005,#4006);
#4005 = CARTESIAN_POINT('',(-0.,-5.E-02));
#4006 = VECTOR('',#4007,1.);
#4007 = DIRECTION('',(1.,0.));
#4008 = ( GEOMETRIC_REPRESENTATION_CONTEXT(2) 
PARAMETRIC_REPRESENTATION_CONTEXT() REPRESENTATION_CONTEXT('2D SPACE',''
  ) );
#4009 = PCURVE('',#4010,#4015);
#4010 = PLANE('',#4011);
#4011 = AXIS2_PLACEMENT_3D('',#4012,#4013,#4014);
#4012 = CARTESIAN_POINT('',(0.160713157551,-0.249077741826,7.95));
#4013 = DIRECTION('',(0.,0.,1.));
#4014 = DIRECTION('',(1.,0.,0.));
#4015 = DEFINITIONAL_REPRESENTATION('',(#4016),#4020);
#4016 = LINE('',#4017,#4018);
#4017 = CARTESIAN_POINT('',(-1.197584140735,7.279981029891));
#4018 = VECTOR('',#4019,1.);
#4019 = DIRECTION('',(-0.13917310096,-0.990268068742));
#4020 = ( GEOMETRIC_REPRESENTATION_CONTEXT(2) 
PARAMETRIC_REPRESENTATION_CONTEXT() REPRESENTATION_CONTEXT('2D SPACE',''
  ) );
#4021 = ORIENTED_EDGE('',*,*,#4022,.F.);
#4022 = EDGE_CURVE('',#1610,#3995,#4023,.T.);
#4023 = SURFACE_CURVE('',#4024,(#4028,#4035),.PCURVE_S1.);
#4024 = LINE('',#4025,#4026);
#4025 = CARTESIAN_POINT('',(-1.234496786547,5.624722630452,8.));
#4026 = VECTOR('',#4027,1.);
#4027 = DIRECTION('',(-0.,-0.,-1.));
#4028 = PCURVE('',#1625,#4029);
#4029 = DEFINITIONAL_REPRESENTATION('',(#4030),#4034);
#4030 = LINE('',#4031,#4032);
#4031 = CARTESIAN_POINT('',(1.42,0.));
#4032 = VECTOR('',#4033,1.);
#4033 = DIRECTION('',(0.,-1.));
#4034 = ( GEOMETRIC_REPRESENTATION_CONTEXT(2) 
PARAMETRIC_REPRESENTATION_CONTEXT() REPRESENTATION_CONTEXT('2D SPACE',''
  ) );
#4035 = PCURVE('',#1707,#4036);
#4036 = DEFINITIONAL_REPRESENTATION('',(#4037),#4041);
#4037 = LINE('',#4038,#4039);
#4038 = CARTESIAN_POINT('',(0.,0.));
#4039 = VECTOR('',#4040,1.);
#4040 = DIRECTION('',(0.,-1.));
#4041 = ( GEOMETRIC_REPRESENTATION_CONTEXT(2) 
PARAMETRIC_REPRESENTATION_CONTEXT() REPRESENTATION_CONTEXT('2D SPACE',''
  ) );
#4042 = ORIENTED_EDGE('',*,*,#1607,.F.);
#4043 = ADVANCED_FACE('',(#4044),#1707,.F.);
#4044 = FACE_BOUND('',#4045,.F.);
#4045 = EDGE_LOOP('',(#4046,#4047,#4070,#4091));
#4046 = ORIENTED_EDGE('',*,*,#4022,.T.);
#4047 = ORIENTED_EDGE('',*,*,#4048,.T.);
#4048 = EDGE_CURVE('',#3995,#4049,#4051,.T.);
#4049 = VERTEX_POINT('',#4050);
#4050 = CARTESIAN_POINT('',(2.815503213453,5.624722630452,7.95));
#4051 = SURFACE_CURVE('',#4052,(#4056,#4063),.PCURVE_S1.);
#4052 = LINE('',#4053,#4054);
#4053 = CARTESIAN_POINT('',(-1.234496786547,5.624722630452,7.95));
#4054 = VECTOR('',#4055,1.);
#4055 = DIRECTION('',(1.,0.,0.));
#4056 = PCURVE('',#1707,#4057);
#4057 = DEFINITIONAL_REPRESENTATION('',(#4058),#4062);
#4058 = LINE('',#4059,#4060);
#4059 = CARTESIAN_POINT('',(0.,-5.E-02));
#4060 = VECTOR('',#4061,1.);
#4061 = DIRECTION('',(1.,0.));
#4062 = ( GEOMETRIC_REPRESENTATION_CONTEXT(2) 
PARAMETRIC_REPRESENTATION_CONTEXT() REPRESENTATION_CONTEXT('2D SPACE',''
  ) );
#4063 = PCURVE('',#4010,#4064);
#4064 = DEFINITIONAL_REPRESENTATION('',(#4065),#4069);
#4065 = LINE('',#4066,#4067);
#4066 = CARTESIAN_POINT('',(-1.395209944098,5.873800372278));
#4067 = VECTOR('',#4068,1.);
#4068 = DIRECTION('',(1.,0.));
#4069 = ( GEOMETRIC_REPRESENTATION_CONTEXT(2) 
PARAMETRIC_REPRESENTATION_CONTEXT() REPRESENTATION_CONTEXT('2D SPACE',''
  ) );
#4070 = ORIENTED_EDGE('',*,*,#4071,.F.);
#4071 = EDGE_CURVE('',#1666,#4049,#4072,.T.);
#4072 = SURFACE_CURVE('',#4073,(#4077,#4084),.PCURVE_S1.);
#4073 = LINE('',#4074,#4075);
#4074 = CARTESIAN_POINT('',(2.815503213453,5.624722630452,8.));
#4075 = VECTOR('',#4076,1.);
#4076 = DIRECTION('',(-0.,-0.,-1.));
#4077 = PCURVE('',#1707,#4078);
#4078 = DEFINITIONAL_REPRESENTATION('',(#4079),#4083);
#4079 = LINE('',#4080,#4081);
#4080 = CARTESIAN_POINT('',(4.05,0.));
#4081 = VECTOR('',#4082,1.);
#4082 = DIRECTION('',(0.,-1.));
#4083 = ( GEOMETRIC_REPRESENTATION_CONTEXT(2) 
PARAMETRIC_REPRESENTATION_CONTEXT() REPRESENTATION_CONTEXT('2D SPACE',''
  ) );
#4084 = PCURVE('',#1681,#4085);
#4085 = DEFINITIONAL_REPRESENTATION('',(#4086),#4090);
#4086 = LINE('',#4087,#4088);
#4087 = CARTESIAN_POINT('',(0.,0.));
#4088 = VECTOR('',#4089,1.);
#4089 = DIRECTION('',(0.,-1.));
#4090 = ( GEOMETRIC_REPRESENTATION_CONTEXT(2) 
PARAMETRIC_REPRESENTATION_CONTEXT() REPRESENTATION_CONTEXT('2D SPACE',''
  ) );
#4091 = ORIENTED_EDGE('',*,*,#1693,.F.);
#4092 = ADVANCED_FACE('',(#4093),#1681,.F.);
#4093 = FACE_BOUND('',#4094,.F.);
#4094 = EDGE_LOOP('',(#4095,#4096,#4119,#4140));
#4095 = ORIENTED_EDGE('',*,*,#4071,.T.);
#4096 = ORIENTED_EDGE('',*,*,#4097,.T.);
#4097 = EDGE_CURVE('',#4049,#4098,#4100,.T.);
#4098 = VERTEX_POINT('',#4099);
#4099 = CARTESIAN_POINT('',(3.013129016816,7.030903288065,7.95));
#4100 = SURFACE_CURVE('',#4101,(#4105,#4112),.PCURVE_S1.);
#4101 = LINE('',#4102,#4103);
#4102 = CARTESIAN_POINT('',(2.815503213453,5.624722630452,7.95));
#4103 = VECTOR('',#4104,1.);
#4104 = DIRECTION('',(0.13917310096,0.990268068742,0.));
#4105 = PCURVE('',#1681,#4106);
#4106 = DEFINITIONAL_REPRESENTATION('',(#4107),#4111);
#4107 = LINE('',#4108,#4109);
#4108 = CARTESIAN_POINT('',(0.,-5.E-02));
#4109 = VECTOR('',#4110,1.);
#4110 = DIRECTION('',(1.,0.));
#4111 = ( GEOMETRIC_REPRESENTATION_CONTEXT(2) 
PARAMETRIC_REPRESENTATION_CONTEXT() REPRESENTATION_CONTEXT('2D SPACE',''
  ) );
#4112 = PCURVE('',#4010,#4113);
#4113 = DEFINITIONAL_REPRESENTATION('',(#4114),#4118);
#4114 = LINE('',#4115,#4116);
#4115 = CARTESIAN_POINT('',(2.654790055902,5.873800372278));
#4116 = VECTOR('',#4117,1.);
#4117 = DIRECTION('',(0.13917310096,0.990268068742));
#4118 = ( GEOMETRIC_REPRESENTATION_CONTEXT(2) 
PARAMETRIC_REPRESENTATION_CONTEXT() REPRESENTATION_CONTEXT('2D SPACE',''
  ) );
#4119 = ORIENTED_EDGE('',*,*,#4120,.F.);
#4120 = EDGE_CURVE('',#1638,#4098,#4121,.T.);
#4121 = SURFACE_CURVE('',#4122,(#4126,#4133),.PCURVE_S1.);
#4122 = LINE('',#4123,#4124);
#4123 = CARTESIAN_POINT('',(3.013129016816,7.030903288065,8.));
#4124 = VECTOR('',#4125,1.);
#4125 = DIRECTION('',(-0.,-0.,-1.));
#4126 = PCURVE('',#1681,#4127);
#4127 = DEFINITIONAL_REPRESENTATION('',(#4128),#4132);
#4128 = LINE('',#4129,#4130);
#4129 = CARTESIAN_POINT('',(1.42,0.));
#4130 = VECTOR('',#4131,1.);
#4131 = DIRECTION('',(0.,-1.));
#4132 = ( GEOMETRIC_REPRESENTATION_CONTEXT(2) 
PARAMETRIC_REPRESENTATION_CONTEXT() REPRESENTATION_CONTEXT('2D SPACE',''
  ) );
#4133 = PCURVE('',#1653,#4134);
#4134 = DEFINITIONAL_REPRESENTATION('',(#4135),#4139);
#4135 = LINE('',#4136,#4137);
#4136 = CARTESIAN_POINT('',(0.,0.));
#4137 = VECTOR('',#4138,1.);
#4138 = DIRECTION('',(0.,-1.));
#4139 = ( GEOMETRIC_REPRESENTATION_CONTEXT(2) 
PARAMETRIC_REPRESENTATION_CONTEXT() REPRESENTATION_CONTEXT('2D SPACE',''
  ) );
#4140 = ORIENTED_EDGE('',*,*,#1665,.F.);
#4141 = ADVANCED_FACE('',(#4142),#1653,.F.);
#4142 = FACE_BOUND('',#4143,.F.);
#4143 = EDGE_LOOP('',(#4144,#4145,#4166,#4167));
#4144 = ORIENTED_EDGE('',*,*,#4120,.T.);
#4145 = ORIENTED_EDGE('',*,*,#4146,.T.);
#4146 = EDGE_CURVE('',#4098,#3972,#4147,.T.);
#4147 = SURFACE_CURVE('',#4148,(#4152,#4159),.PCURVE_S1.);
#4148 = LINE('',#4149,#4150);
#4149 = CARTESIAN_POINT('',(3.013129016816,7.030903288065,7.95));
#4150 = VECTOR('',#4151,1.);
#4151 = DIRECTION('',(-1.,0.,0.));
#4152 = PCURVE('',#1653,#4153);
#4153 = DEFINITIONAL_REPRESENTATION('',(#4154),#4158);
#4154 = LINE('',#4155,#4156);
#4155 = CARTESIAN_POINT('',(0.,-5.E-02));
#4156 = VECTOR('',#4157,1.);
#4157 = DIRECTION('',(1.,0.));
#4158 = ( GEOMETRIC_REPRESENTATION_CONTEXT(2) 
PARAMETRIC_REPRESENTATION_CONTEXT() REPRESENTATION_CONTEXT('2D SPACE',''
  ) );
#4159 = PCURVE('',#4010,#4160);
#4160 = DEFINITIONAL_REPRESENTATION('',(#4161),#4165);
#4161 = LINE('',#4162,#4163);
#4162 = CARTESIAN_POINT('',(2.852415859265,7.279981029891));
#4163 = VECTOR('',#4164,1.);
#4164 = DIRECTION('',(-1.,0.));
#4165 = ( GEOMETRIC_REPRESENTATION_CONTEXT(2) 
PARAMETRIC_REPRESENTATION_CONTEXT() REPRESENTATION_CONTEXT('2D SPACE',''
  ) );
#4166 = ORIENTED_EDGE('',*,*,#3971,.F.);
#4167 = ORIENTED_EDGE('',*,*,#1637,.F.);
#4168 = ADVANCED_FACE('',(#4169),#1739,.F.);
#4169 = FACE_BOUND('',#4170,.F.);
#4170 = EDGE_LOOP('',(#4171,#4194,#4222,#4243));
#4171 = ORIENTED_EDGE('',*,*,#4172,.T.);
#4172 = EDGE_CURVE('',#1722,#4173,#4175,.T.);
#4173 = VERTEX_POINT('',#4174);
#4174 = CARTESIAN_POINT('',(3.688129016816,7.030903288065,7.95));
#4175 = SURFACE_CURVE('',#4176,(#4180,#4187),.PCURVE_S1.);
#4176 = LINE('',#4177,#4178);
#4177 = CARTESIAN_POINT('',(3.688129016816,7.030903288065,8.));
#4178 = VECTOR('',#4179,1.);
#4179 = DIRECTION('',(-0.,-0.,-1.));
#4180 = PCURVE('',#1739,#4181);
#4181 = DEFINITIONAL_REPRESENTATION('',(#4182),#4186);
#4182 = LINE('',#4183,#4184);
#4183 = CARTESIAN_POINT('',(0.,0.));
#4184 = VECTOR('',#4185,1.);
#4185 = DIRECTION('',(0.,-1.));
#4186 = ( GEOMETRIC_REPRESENTATION_CONTEXT(2) 
PARAMETRIC_REPRESENTATION_CONTEXT() REPRESENTATION_CONTEXT('2D SPACE',''
  ) );
#4187 = PCURVE('',#1768,#4188);
#4188 = DEFINITIONAL_REPRESENTATION('',(#4189),#4193);
#4189 = LINE('',#4190,#4191);
#4190 = CARTESIAN_POINT('',(7.714355293815,0.));
#4191 = VECTOR('',#4192,1.);
#4192 = DIRECTION('',(0.,-1.));
#4193 = ( GEOMETRIC_REPRESENTATION_CONTEXT(2) 
PARAMETRIC_REPRESENTATION_CONTEXT() REPRESENTATION_CONTEXT('2D SPACE',''
  ) );
#4194 = ORIENTED_EDGE('',*,*,#4195,.T.);
#4195 = EDGE_CURVE('',#4173,#4196,#4198,.T.);
#4196 = VERTEX_POINT('',#4197);
#4197 = CARTESIAN_POINT('',(2.800829491512,0.717439111027,7.95));
#4198 = SURFACE_CURVE('',#4199,(#4203,#4210),.PCURVE_S1.);
#4199 = LINE('',#4200,#4201);
#4200 = CARTESIAN_POINT('',(3.688129016816,7.030903288065,7.95));
#4201 = VECTOR('',#4202,1.);
#4202 = DIRECTION('',(-0.13917310096,-0.990268068742,0.));
#4203 = PCURVE('',#1739,#4204);
#4204 = DEFINITIONAL_REPRESENTATION('',(#4205),#4209);
#4205 = LINE('',#4206,#4207);
#4206 = CARTESIAN_POINT('',(-0.,-5.E-02));
#4207 = VECTOR('',#4208,1.);
#4208 = DIRECTION('',(1.,0.));
#4209 = ( GEOMETRIC_REPRESENTATION_CONTEXT(2) 
PARAMETRIC_REPRESENTATION_CONTEXT() REPRESENTATION_CONTEXT('2D SPACE',''
  ) );
#4210 = PCURVE('',#4211,#4216);
#4211 = PLANE('',#4212);
#4212 = AXIS2_PLACEMENT_3D('',#4213,#4214,#4215);
#4213 = CARTESIAN_POINT('',(0.160713157551,-0.249077741826,7.95));
#4214 = DIRECTION('',(0.,0.,1.));
#4215 = DIRECTION('',(1.,0.,0.));
#4216 = DEFINITIONAL_REPRESENTATION('',(#4217),#4221);
#4217 = LINE('',#4218,#4219);
#4218 = CARTESIAN_POINT('',(3.527415859265,7.279981029891));
#4219 = VECTOR('',#4220,1.);
#4220 = DIRECTION('',(-0.13917310096,-0.990268068742));
#4221 = ( GEOMETRIC_REPRESENTATION_CONTEXT(2) 
PARAMETRIC_REPRESENTATION_CONTEXT() REPRESENTATION_CONTEXT('2D SPACE',''
  ) );
#4222 = ORIENTED_EDGE('',*,*,#4223,.F.);
#4223 = EDGE_CURVE('',#1724,#4196,#4224,.T.);
#4224 = SURFACE_CURVE('',#4225,(#4229,#4236),.PCURVE_S1.);
#4225 = LINE('',#4226,#4227);
#4226 = CARTESIAN_POINT('',(2.800829491512,0.717439111027,8.));
#4227 = VECTOR('',#4228,1.);
#4228 = DIRECTION('',(-0.,-0.,-1.));
#4229 = PCURVE('',#1739,#4230);
#4230 = DEFINITIONAL_REPRESENTATION('',(#4231),#4235);
#4231 = LINE('',#4232,#4233);
#4232 = CARTESIAN_POINT('',(6.375510204082,0.));
#4233 = VECTOR('',#4234,1.);
#4234 = DIRECTION('',(0.,-1.));
#4235 = ( GEOMETRIC_REPRESENTATION_CONTEXT(2) 
PARAMETRIC_REPRESENTATION_CONTEXT() REPRESENTATION_CONTEXT('2D SPACE',''
  ) );
#4236 = PCURVE('',#1822,#4237);
#4237 = DEFINITIONAL_REPRESENTATION('',(#4238),#4242);
#4238 = LINE('',#4239,#4240);
#4239 = CARTESIAN_POINT('',(0.,0.));
#4240 = VECTOR('',#4241,1.);
#4241 = DIRECTION('',(0.,-1.));
#4242 = ( GEOMETRIC_REPRESENTATION_CONTEXT(2) 
PARAMETRIC_REPRESENTATION_CONTEXT() REPRESENTATION_CONTEXT('2D SPACE',''
  ) );
#4243 = ORIENTED_EDGE('',*,*,#1721,.F.);
#4244 = ADVANCED_FACE('',(#4245),#1822,.F.);
#4245 = FACE_BOUND('',#4246,.F.);
#4246 = EDGE_LOOP('',(#4247,#4248,#4271,#4292));
#4247 = ORIENTED_EDGE('',*,*,#4223,.T.);
#4248 = ORIENTED_EDGE('',*,*,#4249,.T.);
#4249 = EDGE_CURVE('',#4196,#4250,#4252,.T.);
#4250 = VERTEX_POINT('',#4251);
#4251 = CARTESIAN_POINT('',(4.150829491512,0.717439111027,7.95));
#4252 = SURFACE_CURVE('',#4253,(#4257,#4264),.PCURVE_S1.);
#4253 = LINE('',#4254,#4255);
#4254 = CARTESIAN_POINT('',(2.800829491512,0.717439111027,7.95));
#4255 = VECTOR('',#4256,1.);
#4256 = DIRECTION('',(1.,0.,0.));
#4257 = PCURVE('',#1822,#4258);
#4258 = DEFINITIONAL_REPRESENTATION('',(#4259),#4263);
#4259 = LINE('',#4260,#4261);
#4260 = CARTESIAN_POINT('',(0.,-5.E-02));
#4261 = VECTOR('',#4262,1.);
#4262 = DIRECTION('',(1.,0.));
#4263 = ( GEOMETRIC_REPRESENTATION_CONTEXT(2) 
PARAMETRIC_REPRESENTATION_CONTEXT() REPRESENTATION_CONTEXT('2D SPACE',''
  ) );
#4264 = PCURVE('',#4211,#4265);
#4265 = DEFINITIONAL_REPRESENTATION('',(#4266),#4270);
#4266 = LINE('',#4267,#4268);
#4267 = CARTESIAN_POINT('',(2.64011633396,0.966516852853));
#4268 = VECTOR('',#4269,1.);
#4269 = DIRECTION('',(1.,0.));
#4270 = ( GEOMETRIC_REPRESENTATION_CONTEXT(2) 
PARAMETRIC_REPRESENTATION_CONTEXT() REPRESENTATION_CONTEXT('2D SPACE',''
  ) );
#4271 = ORIENTED_EDGE('',*,*,#4272,.F.);
#4272 = EDGE_CURVE('',#1781,#4250,#4273,.T.);
#4273 = SURFACE_CURVE('',#4274,(#4278,#4285),.PCURVE_S1.);
#4274 = LINE('',#4275,#4276);
#4275 = CARTESIAN_POINT('',(4.150829491512,0.717439111027,8.));
#4276 = VECTOR('',#4277,1.);
#4277 = DIRECTION('',(-0.,-0.,-1.));
#4278 = PCURVE('',#1822,#4279);
#4279 = DEFINITIONAL_REPRESENTATION('',(#4280),#4284);
#4280 = LINE('',#4281,#4282);
#4281 = CARTESIAN_POINT('',(1.35,0.));
#4282 = VECTOR('',#4283,1.);
#4283 = DIRECTION('',(0.,-1.));
#4284 = ( GEOMETRIC_REPRESENTATION_CONTEXT(2) 
PARAMETRIC_REPRESENTATION_CONTEXT() REPRESENTATION_CONTEXT('2D SPACE',''
  ) );
#4285 = PCURVE('',#1796,#4286);
#4286 = DEFINITIONAL_REPRESENTATION('',(#4287),#4291);
#4287 = LINE('',#4288,#4289);
#4288 = CARTESIAN_POINT('',(0.,0.));
#4289 = VECTOR('',#4290,1.);
#4290 = DIRECTION('',(0.,-1.));
#4291 = ( GEOMETRIC_REPRESENTATION_CONTEXT(2) 
PARAMETRIC_REPRESENTATION_CONTEXT() REPRESENTATION_CONTEXT('2D SPACE',''
  ) );
#4292 = ORIENTED_EDGE('',*,*,#1808,.F.);
#4293 = ADVANCED_FACE('',(#4294),#1796,.F.);
#4294 = FACE_BOUND('',#4295,.F.);
#4295 = EDGE_LOOP('',(#4296,#4297,#4320,#4341));
#4296 = ORIENTED_EDGE('',*,*,#4272,.T.);
#4297 = ORIENTED_EDGE('',*,*,#4298,.T.);
#4298 = EDGE_CURVE('',#4250,#4299,#4301,.T.);
#4299 = VERTEX_POINT('',#4300);
#4300 = CARTESIAN_POINT('',(4.825925446398,5.52099642813,7.95));
#4301 = SURFACE_CURVE('',#4302,(#4306,#4313),.PCURVE_S1.);
#4302 = LINE('',#4303,#4304);
#4303 = CARTESIAN_POINT('',(4.150829491512,0.717439111027,7.95));
#4304 = VECTOR('',#4305,1.);
#4305 = DIRECTION('',(0.13917310096,0.990268068742,0.));
#4306 = PCURVE('',#1796,#4307);
#4307 = DEFINITIONAL_REPRESENTATION('',(#4308),#4312);
#4308 = LINE('',#4309,#4310);
#4309 = CARTESIAN_POINT('',(0.,-5.E-02));
#4310 = VECTOR('',#4311,1.);
#4311 = DIRECTION('',(1.,0.));
#4312 = ( GEOMETRIC_REPRESENTATION_CONTEXT(2) 
PARAMETRIC_REPRESENTATION_CONTEXT() REPRESENTATION_CONTEXT('2D SPACE',''
  ) );
#4313 = PCURVE('',#4211,#4314);
#4314 = DEFINITIONAL_REPRESENTATION('',(#4315),#4319);
#4315 = LINE('',#4316,#4317);
#4316 = CARTESIAN_POINT('',(3.99011633396,0.966516852853));
#4317 = VECTOR('',#4318,1.);
#4318 = DIRECTION('',(0.13917310096,0.990268068742));
#4319 = ( GEOMETRIC_REPRESENTATION_CONTEXT(2) 
PARAMETRIC_REPRESENTATION_CONTEXT() REPRESENTATION_CONTEXT('2D SPACE',''
  ) );
#4320 = ORIENTED_EDGE('',*,*,#4321,.F.);
#4321 = EDGE_CURVE('',#1752,#4299,#4322,.T.);
#4322 = SURFACE_CURVE('',#4323,(#4327,#4334),.PCURVE_S1.);
#4323 = LINE('',#4324,#4325);
#4324 = CARTESIAN_POINT('',(4.825925446398,5.52099642813,8.));
#4325 = VECTOR('',#4326,1.);
#4326 = DIRECTION('',(-0.,-0.,-1.));
#4327 = PCURVE('',#1796,#4328);
#4328 = DEFINITIONAL_REPRESENTATION('',(#4329),#4333);
#4329 = LINE('',#4330,#4331);
#4330 = CARTESIAN_POINT('',(4.850764624984,0.));
#4331 = VECTOR('',#4332,1.);
#4332 = DIRECTION('',(0.,-1.));
#4333 = ( GEOMETRIC_REPRESENTATION_CONTEXT(2) 
PARAMETRIC_REPRESENTATION_CONTEXT() REPRESENTATION_CONTEXT('2D SPACE',''
  ) );
#4334 = PCURVE('',#1768,#4335);
#4335 = DEFINITIONAL_REPRESENTATION('',(#4336),#4340);
#4336 = LINE('',#4337,#4338);
#4337 = CARTESIAN_POINT('',(6.14355896702,0.));
#4338 = VECTOR('',#4339,1.);
#4339 = DIRECTION('',(0.,-1.));
#4340 = ( GEOMETRIC_REPRESENTATION_CONTEXT(2) 
PARAMETRIC_REPRESENTATION_CONTEXT() REPRESENTATION_CONTEXT('2D SPACE',''
  ) );
#4341 = ORIENTED_EDGE('',*,*,#1780,.F.);
#4342 = ADVANCED_FACE('',(#4343),#1768,.F.);
#4343 = FACE_BOUND('',#4344,.F.);
#4344 = EDGE_LOOP('',(#4345,#4346,#4368,#4369));
#4345 = ORIENTED_EDGE('',*,*,#4321,.T.);
#4346 = ORIENTED_EDGE('',*,*,#4347,.T.);
#4347 = EDGE_CURVE('',#4299,#4173,#4348,.T.);
#4348 = SURFACE_CURVE('',#4349,(#4354,#4361),.PCURVE_S1.);
#4349 = CIRCLE('',#4350,1.336861892801);
#4350 = AXIS2_PLACEMENT_3D('',#4351,#4352,#4353);
#4351 = CARTESIAN_POINT('',(3.50207380164,5.707051643307,7.95));
#4352 = DIRECTION('',(0.,0.,1.));
#4353 = DIRECTION('',(1.,0.,0.));
#4354 = PCURVE('',#1768,#4355);
#4355 = DEFINITIONAL_REPRESENTATION('',(#4356),#4360);
#4356 = LINE('',#4357,#4358);
#4357 = CARTESIAN_POINT('',(0.,-5.E-02));
#4358 = VECTOR('',#4359,1.);
#4359 = DIRECTION('',(1.,0.));
#4360 = ( GEOMETRIC_REPRESENTATION_CONTEXT(2) 
PARAMETRIC_REPRESENTATION_CONTEXT() REPRESENTATION_CONTEXT('2D SPACE',''
  ) );
#4361 = PCURVE('',#4211,#4362);
#4362 = DEFINITIONAL_REPRESENTATION('',(#4363),#4367);
#4363 = CIRCLE('',#4364,1.336861892801);
#4364 = AXIS2_PLACEMENT_2D('',#4365,#4366);
#4365 = CARTESIAN_POINT('',(3.341360644089,5.956129385132));
#4366 = DIRECTION('',(1.,0.));
#4367 = ( GEOMETRIC_REPRESENTATION_CONTEXT(2) 
PARAMETRIC_REPRESENTATION_CONTEXT() REPRESENTATION_CONTEXT('2D SPACE',''
  ) );
#4368 = ORIENTED_EDGE('',*,*,#4172,.F.);
#4369 = ORIENTED_EDGE('',*,*,#1751,.F.);
#4370 = ADVANCED_FACE('',(#4371),#1906,.T.);
#4371 = FACE_BOUND('',#4372,.T.);
#4372 = EDGE_LOOP('',(#4373,#4403,#4435,#4458,#4477,#4478,#4479,#4480));
#4373 = ORIENTED_EDGE('',*,*,#4374,.T.);
#4374 = EDGE_CURVE('',#4375,#4377,#4379,.T.);
#4375 = VERTEX_POINT('',#4376);
#4376 = CARTESIAN_POINT('',(6.2,8.,1.));
#4377 = VERTEX_POINT('',#4378);
#4378 = CARTESIAN_POINT('',(5.75,8.,1.));
#4379 = SURFACE_CURVE('',#4380,(#4384,#4391),.PCURVE_S1.);
#4380 = LINE('',#4381,#4382);
#4381 = CARTESIAN_POINT('',(6.3,8.,1.));
#4382 = VECTOR('',#4383,1.);
#4383 = DIRECTION('',(-1.,-0.,-0.));
#4384 = PCURVE('',#1906,#4385);
#4385 = DEFINITIONAL_REPRESENTATION('',(#4386),#4390);
#4386 = LINE('',#4387,#4388);
#4387 = CARTESIAN_POINT('',(0.,0.));
#4388 = VECTOR('',#4389,1.);
#4389 = DIRECTION('',(0.,-1.));
#4390 = ( GEOMETRIC_REPRESENTATION_CONTEXT(2) 
PARAMETRIC_REPRESENTATION_CONTEXT() REPRESENTATION_CONTEXT('2D SPACE',''
  ) );
#4391 = PCURVE('',#4392,#4397);
#4392 = PLANE('',#4393);
#4393 = AXIS2_PLACEMENT_3D('',#4394,#4395,#4396);
#4394 = CARTESIAN_POINT('',(4.272250626406E-15,2.248552961266E-16,1.));
#4395 = DIRECTION('',(6.190549156711E-32,-1.05349489977E-16,-1.));
#4396 = DIRECTION('',(0.,-1.,1.05349489977E-16));
#4397 = DEFINITIONAL_REPRESENTATION('',(#4398),#4402);
#4398 = LINE('',#4399,#4400);
#4399 = CARTESIAN_POINT('',(-8.,-6.3));
#4400 = VECTOR('',#4401,1.);
#4401 = DIRECTION('',(0.,1.));
#4402 = ( GEOMETRIC_REPRESENTATION_CONTEXT(2) 
PARAMETRIC_REPRESENTATION_CONTEXT() REPRESENTATION_CONTEXT('2D SPACE',''
  ) );
#4403 = ORIENTED_EDGE('',*,*,#4404,.F.);
#4404 = EDGE_CURVE('',#4405,#4377,#4407,.T.);
#4405 = VERTEX_POINT('',#4406);
#4406 = CARTESIAN_POINT('',(5.65,7.95,1.1));
#4407 = SURFACE_CURVE('',#4408,(#4413,#4420),.PCURVE_S1.);
#4408 = ELLIPSE('',#4409,0.111803398875,0.1);
#4409 = AXIS2_PLACEMENT_3D('',#4410,#4411,#4412);
#4410 = CARTESIAN_POINT('',(5.75,7.95,1.1));
#4411 = DIRECTION('',(0.,-0.894427191,-0.4472135955));
#4412 = DIRECTION('',(0.,0.4472135955,-0.894427191));
#4413 = PCURVE('',#1906,#4414);
#4414 = DEFINITIONAL_REPRESENTATION('',(#4415),#4419);
#4415 = ELLIPSE('',#4416,0.111803398875,0.1);
#4416 = AXIS2_PLACEMENT_2D('',#4417,#4418);
#4417 = CARTESIAN_POINT('',(-0.111803398875,-0.55));
#4418 = DIRECTION('',(1.,0.));
#4419 = ( GEOMETRIC_REPRESENTATION_CONTEXT(2) 
PARAMETRIC_REPRESENTATION_CONTEXT() REPRESENTATION_CONTEXT('2D SPACE',''
  ) );
#4420 = PCURVE('',#4421,#4426);
#4421 = CYLINDRICAL_SURFACE('',#4422,0.1);
#4422 = AXIS2_PLACEMENT_3D('',#4423,#4424,#4425);
#4423 = CARTESIAN_POINT('',(5.75,-8.,1.1));
#4424 = DIRECTION('',(0.,1.,-1.05349489977E-16));
#4425 = DIRECTION('',(-1.,0.,0.));
#4426 = DEFINITIONAL_REPRESENTATION('',(#4427),#4434);
#4427 = B_SPLINE_CURVE_WITH_KNOTS('',5,(#4428,#4429,#4430,#4431,#4432,
    #4433),.UNSPECIFIED.,.F.,.F.,(6,6),(4.712388980385,6.28318530718),
  .PIECEWISE_BEZIER_KNOTS.);
#4428 = CARTESIAN_POINT('',(2.775557561563E-15,15.95));
#4429 = CARTESIAN_POINT('',(-0.314159265359,15.965707963268));
#4430 = CARTESIAN_POINT('',(-0.62831628587,15.981429946668));
#4431 = CARTESIAN_POINT('',(-0.942484188601,15.993848820358));
#4432 = CARTESIAN_POINT('',(-1.256637061436,16.));
#4433 = CARTESIAN_POINT('',(-1.570796326795,16.));
#4434 = ( GEOMETRIC_REPRESENTATION_CONTEXT(2) 
PARAMETRIC_REPRESENTATION_CONTEXT() REPRESENTATION_CONTEXT('2D SPACE',''
  ) );
#4435 = ORIENTED_EDGE('',*,*,#4436,.F.);
#4436 = EDGE_CURVE('',#4437,#4405,#4439,.T.);
#4437 = VERTEX_POINT('',#4438);
#4438 = CARTESIAN_POINT('',(5.65,8.,1.));
#4439 = SURFACE_CURVE('',#4440,(#4444,#4451),.PCURVE_S1.);
#4440 = LINE('',#4441,#4442);
#4441 = CARTESIAN_POINT('',(5.65,6.515,3.97));
#4442 = VECTOR('',#4443,1.);
#4443 = DIRECTION('',(0.,-0.4472135955,0.894427191));
#4444 = PCURVE('',#1906,#4445);
#4445 = DEFINITIONAL_REPRESENTATION('',(#4446),#4450);
#4446 = LINE('',#4447,#4448);
#4447 = CARTESIAN_POINT('',(-3.320560946587,-0.65));
#4448 = VECTOR('',#4449,1.);
#4449 = DIRECTION('',(-1.,0.));
#4450 = ( GEOMETRIC_REPRESENTATION_CONTEXT(2) 
PARAMETRIC_REPRESENTATION_CONTEXT() REPRESENTATION_CONTEXT('2D SPACE',''
  ) );
#4451 = PCURVE('',#1878,#4452);
#4452 = DEFINITIONAL_REPRESENTATION('',(#4453),#4457);
#4453 = LINE('',#4454,#4455);
#4454 = CARTESIAN_POINT('',(15.365,-3.97));
#4455 = VECTOR('',#4456,1.);
#4456 = DIRECTION('',(-0.4472135955,-0.894427191));
#4457 = ( GEOMETRIC_REPRESENTATION_CONTEXT(2) 
PARAMETRIC_REPRESENTATION_CONTEXT() REPRESENTATION_CONTEXT('2D SPACE',''
  ) );
#4458 = ORIENTED_EDGE('',*,*,#4459,.T.);
#4459 = EDGE_CURVE('',#4437,#1863,#4460,.T.);
#4460 = SURFACE_CURVE('',#4461,(#4465,#4471),.PCURVE_S1.);
#4461 = LINE('',#4462,#4463);
#4462 = CARTESIAN_POINT('',(5.65,6.515,3.97));
#4463 = VECTOR('',#4464,1.);
#4464 = DIRECTION('',(0.,0.4472135955,-0.894427191));
#4465 = PCURVE('',#1906,#4466);
#4466 = DEFINITIONAL_REPRESENTATION('',(#4467),#4470);
#4467 = B_SPLINE_CURVE_WITH_KNOTS('',1,(#4468,#4469),.UNSPECIFIED.,.F.,
  .F.,(2,2),(3.320560946587,4.438594935337),.PIECEWISE_BEZIER_KNOTS.);
#4468 = CARTESIAN_POINT('',(0.,-0.65));
#4469 = CARTESIAN_POINT('',(1.11803398875,-0.65));
#4470 = ( GEOMETRIC_REPRESENTATION_CONTEXT(2) 
PARAMETRIC_REPRESENTATION_CONTEXT() REPRESENTATION_CONTEXT('2D SPACE',''
  ) );
#4471 = PCURVE('',#1878,#4472);
#4472 = DEFINITIONAL_REPRESENTATION('',(#4473),#4476);
#4473 = B_SPLINE_CURVE_WITH_KNOTS('',1,(#4474,#4475),.UNSPECIFIED.,.F.,
  .F.,(2,2),(3.320560946587,4.438594935337),.PIECEWISE_BEZIER_KNOTS.);
#4474 = CARTESIAN_POINT('',(16.85,-1.));
#4475 = CARTESIAN_POINT('',(17.35,0.));
#4476 = ( GEOMETRIC_REPRESENTATION_CONTEXT(2) 
PARAMETRIC_REPRESENTATION_CONTEXT() REPRESENTATION_CONTEXT('2D SPACE',''
  ) );
#4477 = ORIENTED_EDGE('',*,*,#1890,.F.);
#4478 = ORIENTED_EDGE('',*,*,#2023,.F.);
#4479 = ORIENTED_EDGE('',*,*,#2000,.T.);
#4480 = ORIENTED_EDGE('',*,*,#4481,.T.);
#4481 = EDGE_CURVE('',#1973,#4375,#4482,.T.);
#4482 = SURFACE_CURVE('',#4483,(#4488,#4499),.PCURVE_S1.);
#4483 = ELLIPSE('',#4484,0.111803398875,0.1);
#4484 = AXIS2_PLACEMENT_3D('',#4485,#4486,#4487);
#4485 = CARTESIAN_POINT('',(6.2,7.95,1.1));
#4486 = DIRECTION('',(0.,0.894427191,0.4472135955));
#4487 = DIRECTION('',(0.,0.4472135955,-0.894427191));
#4488 = PCURVE('',#1906,#4489);
#4489 = DEFINITIONAL_REPRESENTATION('',(#4490),#4498);
#4490 = ( BOUNDED_CURVE() B_SPLINE_CURVE(2,(#4491,#4492,#4493,#4494,
#4495,#4496,#4497),.UNSPECIFIED.,.T.,.F.) B_SPLINE_CURVE_WITH_KNOTS((1,2
    ,2,2,2,1),(-2.094395102393,0.,2.094395102393,4.188790204786,
6.28318530718,8.377580409573),.UNSPECIFIED.) CURVE() 
GEOMETRIC_REPRESENTATION_ITEM() RATIONAL_B_SPLINE_CURVE((1.,0.5,1.,0.5,
1.,0.5,1.)) REPRESENTATION_ITEM('') );
#4491 = CARTESIAN_POINT('',(-4.024558464266E-16,-1.E-01));
#4492 = CARTESIAN_POINT('',(-4.024558464266E-16,-0.273205080757));
#4493 = CARTESIAN_POINT('',(-0.167705098312,-0.186602540378));
#4494 = CARTESIAN_POINT('',(-0.335410196625,-1.E-01));
#4495 = CARTESIAN_POINT('',(-0.167705098312,-1.339745962156E-02));
#4496 = CARTESIAN_POINT('',(-5.828670879282E-16,7.320508075689E-02));
#4497 = CARTESIAN_POINT('',(-4.024558464266E-16,-1.E-01));
#4498 = ( GEOMETRIC_REPRESENTATION_CONTEXT(2) 
PARAMETRIC_REPRESENTATION_CONTEXT() REPRESENTATION_CONTEXT('2D SPACE',''
  ) );
#4499 = PCURVE('',#1988,#4500);
#4500 = DEFINITIONAL_REPRESENTATION('',(#4501),#4508);
#4501 = B_SPLINE_CURVE_WITH_KNOTS('',5,(#4502,#4503,#4504,#4505,#4506,
    #4507),.UNSPECIFIED.,.F.,.F.,(6,6),(4.712388980385,6.28318530718),
  .PIECEWISE_BEZIER_KNOTS.);
#4502 = CARTESIAN_POINT('',(-2.6645352591E-15,15.95));
#4503 = CARTESIAN_POINT('',(0.314159265359,15.965707963268));
#4504 = CARTESIAN_POINT('',(0.62831628587,15.981429946668));
#4505 = CARTESIAN_POINT('',(0.942484188601,15.993848820358));
#4506 = CARTESIAN_POINT('',(1.256637061436,16.));
#4507 = CARTESIAN_POINT('',(1.570796326795,16.));
#4508 = ( GEOMETRIC_REPRESENTATION_CONTEXT(2) 
PARAMETRIC_REPRESENTATION_CONTEXT() REPRESENTATION_CONTEXT('2D SPACE',''
  ) );
#4509 = ADVANCED_FACE('',(#4510),#1878,.T.);
#4510 = FACE_BOUND('',#4511,.T.);
#4511 = EDGE_LOOP('',(#4512,#4537,#4558,#4581,#4604,#4625,#4626,#4627,
    #4628,#4629));
#4512 = ORIENTED_EDGE('',*,*,#4513,.F.);
#4513 = EDGE_CURVE('',#4514,#4516,#4518,.T.);
#4514 = VERTEX_POINT('',#4515);
#4515 = CARTESIAN_POINT('',(5.65,-8.,1.));
#4516 = VERTEX_POINT('',#4517);
#4517 = CARTESIAN_POINT('',(5.65,-7.95,1.1));
#4518 = SURFACE_CURVE('',#4519,(#4523,#4530),.PCURVE_S1.);
#4519 = LINE('',#4520,#4521);
#4520 = CARTESIAN_POINT('',(5.65,-8.535,-7.E-02));
#4521 = VECTOR('',#4522,1.);
#4522 = DIRECTION('',(0.,0.4472135955,0.894427191));
#4523 = PCURVE('',#1878,#4524);
#4524 = DEFINITIONAL_REPRESENTATION('',(#4525),#4529);
#4525 = LINE('',#4526,#4527);
#4526 = CARTESIAN_POINT('',(0.315,7.E-02));
#4527 = VECTOR('',#4528,1.);
#4528 = DIRECTION('',(0.4472135955,-0.894427191));
#4529 = ( GEOMETRIC_REPRESENTATION_CONTEXT(2) 
PARAMETRIC_REPRESENTATION_CONTEXT() REPRESENTATION_CONTEXT('2D SPACE',''
  ) );
#4530 = PCURVE('',#1960,#4531);
#4531 = DEFINITIONAL_REPRESENTATION('',(#4532),#4536);
#4532 = LINE('',#4533,#4534);
#4533 = CARTESIAN_POINT('',(-7.826237921249E-02,-0.65));
#4534 = VECTOR('',#4535,1.);
#4535 = DIRECTION('',(1.,0.));
#4536 = ( GEOMETRIC_REPRESENTATION_CONTEXT(2) 
PARAMETRIC_REPRESENTATION_CONTEXT() REPRESENTATION_CONTEXT('2D SPACE',''
  ) );
#4537 = ORIENTED_EDGE('',*,*,#4538,.F.);
#4538 = EDGE_CURVE('',#4539,#4514,#4541,.T.);
#4539 = VERTEX_POINT('',#4540);
#4540 = CARTESIAN_POINT('',(5.65,-8.5,0.));
#4541 = SURFACE_CURVE('',#4542,(#4546,#4552),.PCURVE_S1.);
#4542 = LINE('',#4543,#4544);
#4543 = CARTESIAN_POINT('',(5.65,-8.535,-7.E-02));
#4544 = VECTOR('',#4545,1.);
#4545 = DIRECTION('',(0.,0.4472135955,0.894427191));
#4546 = PCURVE('',#1878,#4547);
#4547 = DEFINITIONAL_REPRESENTATION('',(#4548),#4551);
#4548 = B_SPLINE_CURVE_WITH_KNOTS('',1,(#4549,#4550),.UNSPECIFIED.,.F.,
  .F.,(2,2),(7.826237921249E-02,1.196296367962),
  .PIECEWISE_BEZIER_KNOTS.);
#4549 = CARTESIAN_POINT('',(0.35,1.387778780781E-17));
#4550 = CARTESIAN_POINT('',(0.85,-1.));
#4551 = ( GEOMETRIC_REPRESENTATION_CONTEXT(2) 
PARAMETRIC_REPRESENTATION_CONTEXT() REPRESENTATION_CONTEXT('2D SPACE',''
  ) );
#4552 = PCURVE('',#1960,#4553);
#4553 = DEFINITIONAL_REPRESENTATION('',(#4554),#4557);
#4554 = B_SPLINE_CURVE_WITH_KNOTS('',1,(#4555,#4556),.UNSPECIFIED.,.F.,
  .F.,(2,2),(7.826237921249E-02,1.196296367962),
  .PIECEWISE_BEZIER_KNOTS.);
#4555 = CARTESIAN_POINT('',(6.938893903907E-17,-0.65));
#4556 = CARTESIAN_POINT('',(1.11803398875,-0.65));
#4557 = ( GEOMETRIC_REPRESENTATION_CONTEXT(2) 
PARAMETRIC_REPRESENTATION_CONTEXT() REPRESENTATION_CONTEXT('2D SPACE',''
  ) );
#4558 = ORIENTED_EDGE('',*,*,#4559,.F.);
#4559 = EDGE_CURVE('',#4560,#4539,#4562,.T.);
#4560 = VERTEX_POINT('',#4561);
#4561 = CARTESIAN_POINT('',(5.65,-8.85,0.));
#4562 = SURFACE_CURVE('',#4563,(#4567,#4574),.PCURVE_S1.);
#4563 = LINE('',#4564,#4565);
#4564 = CARTESIAN_POINT('',(5.65,-8.85,0.));
#4565 = VECTOR('',#4566,1.);
#4566 = DIRECTION('',(0.,1.,0.));
#4567 = PCURVE('',#1878,#4568);
#4568 = DEFINITIONAL_REPRESENTATION('',(#4569),#4573);
#4569 = LINE('',#4570,#4571);
#4570 = CARTESIAN_POINT('',(0.,0.));
#4571 = VECTOR('',#4572,1.);
#4572 = DIRECTION('',(1.,0.));
#4573 = ( GEOMETRIC_REPRESENTATION_CONTEXT(2) 
PARAMETRIC_REPRESENTATION_CONTEXT() REPRESENTATION_CONTEXT('2D SPACE',''
  ) );
#4574 = PCURVE('',#2086,#4575);
#4575 = DEFINITIONAL_REPRESENTATION('',(#4576),#4580);
#4576 = LINE('',#4577,#4578);
#4577 = CARTESIAN_POINT('',(5.65,-8.85));
#4578 = VECTOR('',#4579,1.);
#4579 = DIRECTION('',(0.,1.));
#4580 = ( GEOMETRIC_REPRESENTATION_CONTEXT(2) 
PARAMETRIC_REPRESENTATION_CONTEXT() REPRESENTATION_CONTEXT('2D SPACE',''
  ) );
#4581 = ORIENTED_EDGE('',*,*,#4582,.T.);
#4582 = EDGE_CURVE('',#4560,#4583,#4585,.T.);
#4583 = VERTEX_POINT('',#4584);
#4584 = CARTESIAN_POINT('',(5.65,-8.85,1.65));
#4585 = SURFACE_CURVE('',#4586,(#4590,#4597),.PCURVE_S1.);
#4586 = LINE('',#4587,#4588);
#4587 = CARTESIAN_POINT('',(5.65,-8.85,0.));
#4588 = VECTOR('',#4589,1.);
#4589 = DIRECTION('',(0.,0.,1.));
#4590 = PCURVE('',#1878,#4591);
#4591 = DEFINITIONAL_REPRESENTATION('',(#4592),#4596);
#4592 = LINE('',#4593,#4594);
#4593 = CARTESIAN_POINT('',(0.,0.));
#4594 = VECTOR('',#4595,1.);
#4595 = DIRECTION('',(0.,-1.));
#4596 = ( GEOMETRIC_REPRESENTATION_CONTEXT(2) 
PARAMETRIC_REPRESENTATION_CONTEXT() REPRESENTATION_CONTEXT('2D SPACE',''
  ) );
#4597 = PCURVE('',#2343,#4598);
#4598 = DEFINITIONAL_REPRESENTATION('',(#4599),#4603);
#4599 = LINE('',#4600,#4601);
#4600 = CARTESIAN_POINT('',(11.3,0.));
#4601 = VECTOR('',#4602,1.);
#4602 = DIRECTION('',(0.,-1.));
#4603 = ( GEOMETRIC_REPRESENTATION_CONTEXT(2) 
PARAMETRIC_REPRESENTATION_CONTEXT() REPRESENTATION_CONTEXT('2D SPACE',''
  ) );
#4604 = ORIENTED_EDGE('',*,*,#4605,.T.);
#4605 = EDGE_CURVE('',#4583,#2180,#4606,.T.);
#4606 = SURFACE_CURVE('',#4607,(#4611,#4618),.PCURVE_S1.);
#4607 = LINE('',#4608,#4609);
#4608 = CARTESIAN_POINT('',(5.65,-8.85,1.65));
#4609 = VECTOR('',#4610,1.);
#4610 = DIRECTION('',(0.,1.,0.));
#4611 = PCURVE('',#1878,#4612);
#4612 = DEFINITIONAL_REPRESENTATION('',(#4613),#4617);
#4613 = LINE('',#4614,#4615);
#4614 = CARTESIAN_POINT('',(0.,-1.65));
#4615 = VECTOR('',#4616,1.);
#4616 = DIRECTION('',(1.,0.));
#4617 = ( GEOMETRIC_REPRESENTATION_CONTEXT(2) 
PARAMETRIC_REPRESENTATION_CONTEXT() REPRESENTATION_CONTEXT('2D SPACE',''
  ) );
#4618 = PCURVE('',#2218,#4619);
#4619 = DEFINITIONAL_REPRESENTATION('',(#4620),#4624);
#4620 = LINE('',#4621,#4622);
#4621 = CARTESIAN_POINT('',(5.65,-8.85));
#4622 = VECTOR('',#4623,1.);
#4623 = DIRECTION('',(0.,1.));
#4624 = ( GEOMETRIC_REPRESENTATION_CONTEXT(2) 
PARAMETRIC_REPRESENTATION_CONTEXT() REPRESENTATION_CONTEXT('2D SPACE',''
  ) );
#4625 = ORIENTED_EDGE('',*,*,#2179,.F.);
#4626 = ORIENTED_EDGE('',*,*,#1862,.F.);
#4627 = ORIENTED_EDGE('',*,*,#4459,.F.);
#4628 = ORIENTED_EDGE('',*,*,#4436,.T.);
#4629 = ORIENTED_EDGE('',*,*,#4630,.F.);
#4630 = EDGE_CURVE('',#4516,#4405,#4631,.T.);
#4631 = SURFACE_CURVE('',#4632,(#4636,#4643),.PCURVE_S1.);
#4632 = LINE('',#4633,#4634);
#4633 = CARTESIAN_POINT('',(5.65,-8.,1.1));
#4634 = VECTOR('',#4635,1.);
#4635 = DIRECTION('',(0.,1.,-1.05349489977E-16));
#4636 = PCURVE('',#1878,#4637);
#4637 = DEFINITIONAL_REPRESENTATION('',(#4638),#4642);
#4638 = LINE('',#4639,#4640);
#4639 = CARTESIAN_POINT('',(0.85,-1.1));
#4640 = VECTOR('',#4641,1.);
#4641 = DIRECTION('',(1.,1.05349489977E-16));
#4642 = ( GEOMETRIC_REPRESENTATION_CONTEXT(2) 
PARAMETRIC_REPRESENTATION_CONTEXT() REPRESENTATION_CONTEXT('2D SPACE',''
  ) );
#4643 = PCURVE('',#4421,#4644);
#4644 = DEFINITIONAL_REPRESENTATION('',(#4645),#4649);
#4645 = LINE('',#4646,#4647);
#4646 = CARTESIAN_POINT('',(-0.,0.));
#4647 = VECTOR('',#4648,1.);
#4648 = DIRECTION('',(-0.,1.));
#4649 = ( GEOMETRIC_REPRESENTATION_CONTEXT(2) 
PARAMETRIC_REPRESENTATION_CONTEXT() REPRESENTATION_CONTEXT('2D SPACE',''
  ) );
#4650 = ADVANCED_FACE('',(#4651),#1960,.T.);
#4651 = FACE_BOUND('',#4652,.T.);
#4652 = EDGE_LOOP('',(#4653,#4678,#4703,#4704,#4705,#4726,#4727,#4728));
#4653 = ORIENTED_EDGE('',*,*,#4654,.F.);
#4654 = EDGE_CURVE('',#4655,#4657,#4659,.T.);
#4655 = VERTEX_POINT('',#4656);
#4656 = CARTESIAN_POINT('',(6.2,-8.,1.));
#4657 = VERTEX_POINT('',#4658);
#4658 = CARTESIAN_POINT('',(5.75,-8.,1.));
#4659 = SURFACE_CURVE('',#4660,(#4664,#4671),.PCURVE_S1.);
#4660 = LINE('',#4661,#4662);
#4661 = CARTESIAN_POINT('',(6.3,-8.,1.));
#4662 = VECTOR('',#4663,1.);
#4663 = DIRECTION('',(-1.,-0.,-0.));
#4664 = PCURVE('',#1960,#4665);
#4665 = DEFINITIONAL_REPRESENTATION('',(#4666),#4670);
#4666 = LINE('',#4667,#4668);
#4667 = CARTESIAN_POINT('',(1.11803398875,0.));
#4668 = VECTOR('',#4669,1.);
#4669 = DIRECTION('',(0.,-1.));
#4670 = ( GEOMETRIC_REPRESENTATION_CONTEXT(2) 
PARAMETRIC_REPRESENTATION_CONTEXT() REPRESENTATION_CONTEXT('2D SPACE',''
  ) );
#4671 = PCURVE('',#4392,#4672);
#4672 = DEFINITIONAL_REPRESENTATION('',(#4673),#4677);
#4673 = LINE('',#4674,#4675);
#4674 = CARTESIAN_POINT('',(8.,-6.3));
#4675 = VECTOR('',#4676,1.);
#4676 = DIRECTION('',(0.,1.));
#4677 = ( GEOMETRIC_REPRESENTATION_CONTEXT(2) 
PARAMETRIC_REPRESENTATION_CONTEXT() REPRESENTATION_CONTEXT('2D SPACE',''
  ) );
#4678 = ORIENTED_EDGE('',*,*,#4679,.F.);
#4679 = EDGE_CURVE('',#1945,#4655,#4680,.T.);
#4680 = SURFACE_CURVE('',#4681,(#4686,#4693),.PCURVE_S1.);
#4681 = ELLIPSE('',#4682,0.111803398875,0.1);
#4682 = AXIS2_PLACEMENT_3D('',#4683,#4684,#4685);
#4683 = CARTESIAN_POINT('',(6.2,-7.95,1.1));
#4684 = DIRECTION('',(0.,0.894427191,-0.4472135955));
#4685 = DIRECTION('',(0.,0.4472135955,0.894427191));
#4686 = PCURVE('',#1960,#4687);
#4687 = DEFINITIONAL_REPRESENTATION('',(#4688),#4692);
#4688 = ELLIPSE('',#4689,0.111803398875,0.1);
#4689 = AXIS2_PLACEMENT_2D('',#4690,#4691);
#4690 = CARTESIAN_POINT('',(1.229837387625,-1.E-01));
#4691 = DIRECTION('',(1.,0.));
#4692 = ( GEOMETRIC_REPRESENTATION_CONTEXT(2) 
PARAMETRIC_REPRESENTATION_CONTEXT() REPRESENTATION_CONTEXT('2D SPACE',''
  ) );
#4693 = PCURVE('',#1988,#4694);
#4694 = DEFINITIONAL_REPRESENTATION('',(#4695),#4702);
#4695 = B_SPLINE_CURVE_WITH_KNOTS('',5,(#4696,#4697,#4698,#4699,#4700,
    #4701),.UNSPECIFIED.,.F.,.F.,(6,6),(1.570796326795,3.14159265359),
  .PIECEWISE_BEZIER_KNOTS.);
#4696 = CARTESIAN_POINT('',(2.22044604925E-15,5.E-02));
#4697 = CARTESIAN_POINT('',(0.314159265359,3.429203673205E-02));
#4698 = CARTESIAN_POINT('',(0.628316285871,1.857005333181E-02));
#4699 = CARTESIAN_POINT('',(0.942484188601,6.151179641767E-03));
#4700 = CARTESIAN_POINT('',(1.256637061436,-8.673617379884E-18));
#4701 = CARTESIAN_POINT('',(1.570796326795,0.));
#4702 = ( GEOMETRIC_REPRESENTATION_CONTEXT(2) 
PARAMETRIC_REPRESENTATION_CONTEXT() REPRESENTATION_CONTEXT('2D SPACE',''
  ) );
#4703 = ORIENTED_EDGE('',*,*,#1942,.F.);
#4704 = ORIENTED_EDGE('',*,*,#2098,.F.);
#4705 = ORIENTED_EDGE('',*,*,#4706,.T.);
#4706 = EDGE_CURVE('',#2071,#4539,#4707,.T.);
#4707 = SURFACE_CURVE('',#4708,(#4712,#4719),.PCURVE_S1.);
#4708 = LINE('',#4709,#4710);
#4709 = CARTESIAN_POINT('',(6.3,-8.5,0.));
#4710 = VECTOR('',#4711,1.);
#4711 = DIRECTION('',(-1.,-0.,-0.));
#4712 = PCURVE('',#1960,#4713);
#4713 = DEFINITIONAL_REPRESENTATION('',(#4714),#4718);
#4714 = LINE('',#4715,#4716);
#4715 = CARTESIAN_POINT('',(0.,0.));
#4716 = VECTOR('',#4717,1.);
#4717 = DIRECTION('',(0.,-1.));
#4718 = ( GEOMETRIC_REPRESENTATION_CONTEXT(2) 
PARAMETRIC_REPRESENTATION_CONTEXT() REPRESENTATION_CONTEXT('2D SPACE',''
  ) );
#4719 = PCURVE('',#2086,#4720);
#4720 = DEFINITIONAL_REPRESENTATION('',(#4721),#4725);
#4721 = LINE('',#4722,#4723);
#4722 = CARTESIAN_POINT('',(6.3,-8.5));
#4723 = VECTOR('',#4724,1.);
#4724 = DIRECTION('',(-1.,0.));
#4725 = ( GEOMETRIC_REPRESENTATION_CONTEXT(2) 
PARAMETRIC_REPRESENTATION_CONTEXT() REPRESENTATION_CONTEXT('2D SPACE',''
  ) );
#4726 = ORIENTED_EDGE('',*,*,#4538,.T.);
#4727 = ORIENTED_EDGE('',*,*,#4513,.T.);
#4728 = ORIENTED_EDGE('',*,*,#4729,.T.);
#4729 = EDGE_CURVE('',#4516,#4657,#4730,.T.);
#4730 = SURFACE_CURVE('',#4731,(#4736,#4747),.PCURVE_S1.);
#4731 = ELLIPSE('',#4732,0.111803398875,0.1);
#4732 = AXIS2_PLACEMENT_3D('',#4733,#4734,#4735);
#4733 = CARTESIAN_POINT('',(5.75,-7.95,1.1));
#4734 = DIRECTION('',(0.,-0.894427191,0.4472135955));
#4735 = DIRECTION('',(0.,0.4472135955,0.894427191));
#4736 = PCURVE('',#1960,#4737);
#4737 = DEFINITIONAL_REPRESENTATION('',(#4738),#4746);
#4738 = ( BOUNDED_CURVE() B_SPLINE_CURVE(2,(#4739,#4740,#4741,#4742,
#4743,#4744,#4745),.UNSPECIFIED.,.T.,.F.) B_SPLINE_CURVE_WITH_KNOTS((1,2
    ,2,2,2,1),(-2.094395102393,0.,2.094395102393,4.188790204786,
6.28318530718,8.377580409573),.UNSPECIFIED.) CURVE() 
GEOMETRIC_REPRESENTATION_ITEM() RATIONAL_B_SPLINE_CURVE((1.,0.5,1.,0.5,
1.,0.5,1.)) REPRESENTATION_ITEM('') );
#4739 = CARTESIAN_POINT('',(1.3416407865,-0.55));
#4740 = CARTESIAN_POINT('',(1.3416407865,-0.723205080757));
#4741 = CARTESIAN_POINT('',(1.173935688187,-0.636602540378));
#4742 = CARTESIAN_POINT('',(1.006230589875,-0.55));
#4743 = CARTESIAN_POINT('',(1.173935688187,-0.463397459622));
#4744 = CARTESIAN_POINT('',(1.3416407865,-0.376794919243));
#4745 = CARTESIAN_POINT('',(1.3416407865,-0.55));
#4746 = ( GEOMETRIC_REPRESENTATION_CONTEXT(2) 
PARAMETRIC_REPRESENTATION_CONTEXT() REPRESENTATION_CONTEXT('2D SPACE',''
  ) );
#4747 = PCURVE('',#4421,#4748);
#4748 = DEFINITIONAL_REPRESENTATION('',(#4749),#4756);
#4749 = B_SPLINE_CURVE_WITH_KNOTS('',5,(#4750,#4751,#4752,#4753,#4754,
    #4755),.UNSPECIFIED.,.F.,.F.,(6,6),(1.570796326795,3.14159265359),
  .PIECEWISE_BEZIER_KNOTS.);
#4750 = CARTESIAN_POINT('',(-2.22044604925E-15,5.E-02));
#4751 = CARTESIAN_POINT('',(-0.314159265359,3.429203673205E-02));
#4752 = CARTESIAN_POINT('',(-0.628316285871,1.857005333181E-02));
#4753 = CARTESIAN_POINT('',(-0.942484188601,6.151179641767E-03));
#4754 = CARTESIAN_POINT('',(-1.256637061436,-1.843143693225E-17));
#4755 = CARTESIAN_POINT('',(-1.570796326795,0.));
#4756 = ( GEOMETRIC_REPRESENTATION_CONTEXT(2) 
PARAMETRIC_REPRESENTATION_CONTEXT() REPRESENTATION_CONTEXT('2D SPACE',''
  ) );
#4757 = ADVANCED_FACE('',(#4758),#1988,.T.);
#4758 = FACE_BOUND('',#4759,.T.);
#4759 = EDGE_LOOP('',(#4760,#4761,#4782,#4783));
#4760 = ORIENTED_EDGE('',*,*,#4679,.T.);
#4761 = ORIENTED_EDGE('',*,*,#4762,.T.);
#4762 = EDGE_CURVE('',#4655,#4375,#4763,.T.);
#4763 = SURFACE_CURVE('',#4764,(#4768,#4775),.PCURVE_S1.);
#4764 = LINE('',#4765,#4766);
#4765 = CARTESIAN_POINT('',(6.2,-8.,1.));
#4766 = VECTOR('',#4767,1.);
#4767 = DIRECTION('',(0.,1.,0.));
#4768 = PCURVE('',#1988,#4769);
#4769 = DEFINITIONAL_REPRESENTATION('',(#4770),#4774);
#4770 = LINE('',#4771,#4772);
#4771 = CARTESIAN_POINT('',(1.570796326795,0.));
#4772 = VECTOR('',#4773,1.);
#4773 = DIRECTION('',(0.,1.));
#4774 = ( GEOMETRIC_REPRESENTATION_CONTEXT(2) 
PARAMETRIC_REPRESENTATION_CONTEXT() REPRESENTATION_CONTEXT('2D SPACE',''
  ) );
#4775 = PCURVE('',#4392,#4776);
#4776 = DEFINITIONAL_REPRESENTATION('',(#4777),#4781);
#4777 = LINE('',#4778,#4779);
#4778 = CARTESIAN_POINT('',(8.,-6.2));
#4779 = VECTOR('',#4780,1.);
#4780 = DIRECTION('',(-1.,-6.521711963371E-48));
#4781 = ( GEOMETRIC_REPRESENTATION_CONTEXT(2) 
PARAMETRIC_REPRESENTATION_CONTEXT() REPRESENTATION_CONTEXT('2D SPACE',''
  ) );
#4782 = ORIENTED_EDGE('',*,*,#4481,.F.);
#4783 = ORIENTED_EDGE('',*,*,#1972,.F.);
#4784 = ADVANCED_FACE('',(#4785),#2086,.F.);
#4785 = FACE_BOUND('',#4786,.F.);
#4786 = EDGE_LOOP('',(#4787,#4788,#4789,#4790,#4813,#4834));
#4787 = ORIENTED_EDGE('',*,*,#2070,.F.);
#4788 = ORIENTED_EDGE('',*,*,#4706,.T.);
#4789 = ORIENTED_EDGE('',*,*,#4559,.F.);
#4790 = ORIENTED_EDGE('',*,*,#4791,.F.);
#4791 = EDGE_CURVE('',#4792,#4560,#4794,.T.);
#4792 = VERTEX_POINT('',#4793);
#4793 = CARTESIAN_POINT('',(5.3,-8.85,-7.216449660063E-17));
#4794 = SURFACE_CURVE('',#4795,(#4799,#4806),.PCURVE_S1.);
#4795 = LINE('',#4796,#4797);
#4796 = CARTESIAN_POINT('',(-5.65,-8.85,0.));
#4797 = VECTOR('',#4798,1.);
#4798 = DIRECTION('',(1.,0.,0.));
#4799 = PCURVE('',#2086,#4800);
#4800 = DEFINITIONAL_REPRESENTATION('',(#4801),#4805);
#4801 = LINE('',#4802,#4803);
#4802 = CARTESIAN_POINT('',(-5.65,-8.85));
#4803 = VECTOR('',#4804,1.);
#4804 = DIRECTION('',(1.,0.));
#4805 = ( GEOMETRIC_REPRESENTATION_CONTEXT(2) 
PARAMETRIC_REPRESENTATION_CONTEXT() REPRESENTATION_CONTEXT('2D SPACE',''
  ) );
#4806 = PCURVE('',#2343,#4807);
#4807 = DEFINITIONAL_REPRESENTATION('',(#4808),#4812);
#4808 = LINE('',#4809,#4810);
#4809 = CARTESIAN_POINT('',(0.,0.));
#4810 = VECTOR('',#4811,1.);
#4811 = DIRECTION('',(1.,0.));
#4812 = ( GEOMETRIC_REPRESENTATION_CONTEXT(2) 
PARAMETRIC_REPRESENTATION_CONTEXT() REPRESENTATION_CONTEXT('2D SPACE',''
  ) );
#4813 = ORIENTED_EDGE('',*,*,#4814,.F.);
#4814 = EDGE_CURVE('',#2837,#4792,#4815,.T.);
#4815 = SURFACE_CURVE('',#4816,(#4820,#4827),.PCURVE_S1.);
#4816 = LINE('',#4817,#4818);
#4817 = CARTESIAN_POINT('',(5.3,-9.5,0.));
#4818 = VECTOR('',#4819,1.);
#4819 = DIRECTION('',(0.,1.,-2.22044604925E-16));
#4820 = PCURVE('',#2086,#4821);
#4821 = DEFINITIONAL_REPRESENTATION('',(#4822),#4826);
#4822 = LINE('',#4823,#4824);
#4823 = CARTESIAN_POINT('',(5.3,-9.5));
#4824 = VECTOR('',#4825,1.);
#4825 = DIRECTION('',(0.,1.));
#4826 = ( GEOMETRIC_REPRESENTATION_CONTEXT(2) 
PARAMETRIC_REPRESENTATION_CONTEXT() REPRESENTATION_CONTEXT('2D SPACE',''
  ) );
#4827 = PCURVE('',#2824,#4828);
#4828 = DEFINITIONAL_REPRESENTATION('',(#4829),#4833);
#4829 = LINE('',#4830,#4831);
#4830 = CARTESIAN_POINT('',(1.11803398875,-2.22044604925E-16));
#4831 = VECTOR('',#4832,1.);
#4832 = DIRECTION('',(0.,-1.));
#4833 = ( GEOMETRIC_REPRESENTATION_CONTEXT(2) 
PARAMETRIC_REPRESENTATION_CONTEXT() REPRESENTATION_CONTEXT('2D SPACE',''
  ) );
#4834 = ORIENTED_EDGE('',*,*,#2859,.F.);
#4835 = ADVANCED_FACE('',(#4836,#4862,#4897,#4932,#4967,#5002,#5037,
    #5072,#5107,#5142,#5177),#2218,.F.);
#4836 = FACE_BOUND('',#4837,.F.);
#4837 = EDGE_LOOP('',(#4838,#4859,#4860,#4861));
#4838 = ORIENTED_EDGE('',*,*,#4839,.T.);
#4839 = EDGE_CURVE('',#2305,#4583,#4840,.T.);
#4840 = SURFACE_CURVE('',#4841,(#4845,#4852),.PCURVE_S1.);
#4841 = LINE('',#4842,#4843);
#4842 = CARTESIAN_POINT('',(-5.65,-8.85,1.65));
#4843 = VECTOR('',#4844,1.);
#4844 = DIRECTION('',(1.,0.,0.));
#4845 = PCURVE('',#2218,#4846);
#4846 = DEFINITIONAL_REPRESENTATION('',(#4847),#4851);
#4847 = LINE('',#4848,#4849);
#4848 = CARTESIAN_POINT('',(-5.65,-8.85));
#4849 = VECTOR('',#4850,1.);
#4850 = DIRECTION('',(1.,0.));
#4851 = ( GEOMETRIC_REPRESENTATION_CONTEXT(2) 
PARAMETRIC_REPRESENTATION_CONTEXT() REPRESENTATION_CONTEXT('2D SPACE',''
  ) );
#4852 = PCURVE('',#2343,#4853);
#4853 = DEFINITIONAL_REPRESENTATION('',(#4854),#4858);
#4854 = LINE('',#4855,#4856);
#4855 = CARTESIAN_POINT('',(0.,-1.65));
#4856 = VECTOR('',#4857,1.);
#4857 = DIRECTION('',(1.,0.));
#4858 = ( GEOMETRIC_REPRESENTATION_CONTEXT(2) 
PARAMETRIC_REPRESENTATION_CONTEXT() REPRESENTATION_CONTEXT('2D SPACE',''
  ) );
#4859 = ORIENTED_EDGE('',*,*,#4605,.T.);
#4860 = ORIENTED_EDGE('',*,*,#2202,.T.);
#4861 = ORIENTED_EDGE('',*,*,#2304,.T.);
#4862 = FACE_BOUND('',#4863,.F.);
#4863 = EDGE_LOOP('',(#4864));
#4864 = ORIENTED_EDGE('',*,*,#4865,.T.);
#4865 = EDGE_CURVE('',#4866,#4866,#4868,.T.);
#4866 = VERTEX_POINT('',#4867);
#4867 = CARTESIAN_POINT('',(-4.82,-7.62,1.65));
#4868 = SURFACE_CURVE('',#4869,(#4874,#4885),.PCURVE_S1.);
#4869 = CIRCLE('',#4870,0.26);
#4870 = AXIS2_PLACEMENT_3D('',#4871,#4872,#4873);
#4871 = CARTESIAN_POINT('',(-5.08,-7.62,1.65));
#4872 = DIRECTION('',(0.,0.,-1.));
#4873 = DIRECTION('',(1.,0.,0.));
#4874 = PCURVE('',#2218,#4875);
#4875 = DEFINITIONAL_REPRESENTATION('',(#4876),#4884);
#4876 = ( BOUNDED_CURVE() B_SPLINE_CURVE(2,(#4877,#4878,#4879,#4880,
#4881,#4882,#4883),.UNSPECIFIED.,.T.,.F.) B_SPLINE_CURVE_WITH_KNOTS((1,2
    ,2,2,2,1),(-2.094395102393,0.,2.094395102393,4.188790204786,
6.28318530718,8.377580409573),.UNSPECIFIED.) CURVE() 
GEOMETRIC_REPRESENTATION_ITEM() RATIONAL_B_SPLINE_CURVE((1.,0.5,1.,0.5,
1.,0.5,1.)) REPRESENTATION_ITEM('') );
#4877 = CARTESIAN_POINT('',(-4.82,-7.62));
#4878 = CARTESIAN_POINT('',(-4.82,-8.070333209968));
#4879 = CARTESIAN_POINT('',(-5.21,-7.845166604984));
#4880 = CARTESIAN_POINT('',(-5.6,-7.62));
#4881 = CARTESIAN_POINT('',(-5.21,-7.394833395016));
#4882 = CARTESIAN_POINT('',(-4.82,-7.169666790032));
#4883 = CARTESIAN_POINT('',(-4.82,-7.62));
#4884 = ( GEOMETRIC_REPRESENTATION_CONTEXT(2) 
PARAMETRIC_REPRESENTATION_CONTEXT() REPRESENTATION_CONTEXT('2D SPACE',''
  ) );
#4885 = PCURVE('',#4886,#4891);
#4886 = CYLINDRICAL_SURFACE('',#4887,0.26);
#4887 = AXIS2_PLACEMENT_3D('',#4888,#4889,#4890);
#4888 = CARTESIAN_POINT('',(-5.08,-7.62,1.65));
#4889 = DIRECTION('',(0.,0.,1.));
#4890 = DIRECTION('',(1.,0.,0.));
#4891 = DEFINITIONAL_REPRESENTATION('',(#4892),#4896);
#4892 = LINE('',#4893,#4894);
#4893 = CARTESIAN_POINT('',(-0.,0.));
#4894 = VECTOR('',#4895,1.);
#4895 = DIRECTION('',(-1.,0.));
#4896 = ( GEOMETRIC_REPRESENTATION_CONTEXT(2) 
PARAMETRIC_REPRESENTATION_CONTEXT() REPRESENTATION_CONTEXT('2D SPACE',''
  ) );
#4897 = FACE_BOUND('',#4898,.F.);
#4898 = EDGE_LOOP('',(#4899));
#4899 = ORIENTED_EDGE('',*,*,#4900,.T.);
#4900 = EDGE_CURVE('',#4901,#4901,#4903,.T.);
#4901 = VERTEX_POINT('',#4902);
#4902 = CARTESIAN_POINT('',(-2.28,-7.62,1.65));
#4903 = SURFACE_CURVE('',#4904,(#4909,#4920),.PCURVE_S1.);
#4904 = CIRCLE('',#4905,0.26);
#4905 = AXIS2_PLACEMENT_3D('',#4906,#4907,#4908);
#4906 = CARTESIAN_POINT('',(-2.54,-7.62,1.65));
#4907 = DIRECTION('',(0.,0.,-1.));
#4908 = DIRECTION('',(1.,0.,0.));
#4909 = PCURVE('',#2218,#4910);
#4910 = DEFINITIONAL_REPRESENTATION('',(#4911),#4919);
#4911 = ( BOUNDED_CURVE() B_SPLINE_CURVE(2,(#4912,#4913,#4914,#4915,
#4916,#4917,#4918),.UNSPECIFIED.,.T.,.F.) B_SPLINE_CURVE_WITH_KNOTS((1,2
    ,2,2,2,1),(-2.094395102393,0.,2.094395102393,4.188790204786,
6.28318530718,8.377580409573),.UNSPECIFIED.) CURVE() 
GEOMETRIC_REPRESENTATION_ITEM() RATIONAL_B_SPLINE_CURVE((1.,0.5,1.,0.5,
1.,0.5,1.)) REPRESENTATION_ITEM('') );
#4912 = CARTESIAN_POINT('',(-2.28,-7.62));
#4913 = CARTESIAN_POINT('',(-2.28,-8.070333209968));
#4914 = CARTESIAN_POINT('',(-2.67,-7.845166604984));
#4915 = CARTESIAN_POINT('',(-3.06,-7.62));
#4916 = CARTESIAN_POINT('',(-2.67,-7.394833395016));
#4917 = CARTESIAN_POINT('',(-2.28,-7.169666790032));
#4918 = CARTESIAN_POINT('',(-2.28,-7.62));
#4919 = ( GEOMETRIC_REPRESENTATION_CONTEXT(2) 
PARAMETRIC_REPRESENTATION_CONTEXT() REPRESENTATION_CONTEXT('2D SPACE',''
  ) );
#4920 = PCURVE('',#4921,#4926);
#4921 = CYLINDRICAL_SURFACE('',#4922,0.26);
#4922 = AXIS2_PLACEMENT_3D('',#4923,#4924,#4925);
#4923 = CARTESIAN_POINT('',(-2.54,-7.62,1.65));
#4924 = DIRECTION('',(0.,0.,1.));
#4925 = DIRECTION('',(1.,0.,0.));
#4926 = DEFINITIONAL_REPRESENTATION('',(#4927),#4931);
#4927 = LINE('',#4928,#4929);
#4928 = CARTESIAN_POINT('',(-0.,0.));
#4929 = VECTOR('',#4930,1.);
#4930 = DIRECTION('',(-1.,0.));
#4931 = ( GEOMETRIC_REPRESENTATION_CONTEXT(2) 
PARAMETRIC_REPRESENTATION_CONTEXT() REPRESENTATION_CONTEXT('2D SPACE',''
  ) );
#4932 = FACE_BOUND('',#4933,.F.);
#4933 = EDGE_LOOP('',(#4934));
#4934 = ORIENTED_EDGE('',*,*,#4935,.T.);
#4935 = EDGE_CURVE('',#4936,#4936,#4938,.T.);
#4936 = VERTEX_POINT('',#4937);
#4937 = CARTESIAN_POINT('',(0.26,-7.62,1.65));
#4938 = SURFACE_CURVE('',#4939,(#4944,#4955),.PCURVE_S1.);
#4939 = CIRCLE('',#4940,0.26);
#4940 = AXIS2_PLACEMENT_3D('',#4941,#4942,#4943);
#4941 = CARTESIAN_POINT('',(0.,-7.62,1.65));
#4942 = DIRECTION('',(0.,0.,-1.));
#4943 = DIRECTION('',(1.,0.,0.));
#4944 = PCURVE('',#2218,#4945);
#4945 = DEFINITIONAL_REPRESENTATION('',(#4946),#4954);
#4946 = ( BOUNDED_CURVE() B_SPLINE_CURVE(2,(#4947,#4948,#4949,#4950,
#4951,#4952,#4953),.UNSPECIFIED.,.T.,.F.) B_SPLINE_CURVE_WITH_KNOTS((1,2
    ,2,2,2,1),(-2.094395102393,0.,2.094395102393,4.188790204786,
6.28318530718,8.377580409573),.UNSPECIFIED.) CURVE() 
GEOMETRIC_REPRESENTATION_ITEM() RATIONAL_B_SPLINE_CURVE((1.,0.5,1.,0.5,
1.,0.5,1.)) REPRESENTATION_ITEM('') );
#4947 = CARTESIAN_POINT('',(0.26,-7.62));
#4948 = CARTESIAN_POINT('',(0.26,-8.070333209968));
#4949 = CARTESIAN_POINT('',(-0.13,-7.845166604984));
#4950 = CARTESIAN_POINT('',(-0.52,-7.62));
#4951 = CARTESIAN_POINT('',(-0.13,-7.394833395016));
#4952 = CARTESIAN_POINT('',(0.26,-7.169666790032));
#4953 = CARTESIAN_POINT('',(0.26,-7.62));
#4954 = ( GEOMETRIC_REPRESENTATION_CONTEXT(2) 
PARAMETRIC_REPRESENTATION_CONTEXT() REPRESENTATION_CONTEXT('2D SPACE',''
  ) );
#4955 = PCURVE('',#4956,#4961);
#4956 = CYLINDRICAL_SURFACE('',#4957,0.26);
#4957 = AXIS2_PLACEMENT_3D('',#4958,#4959,#4960);
#4958 = CARTESIAN_POINT('',(0.,-7.62,1.65));
#4959 = DIRECTION('',(0.,0.,1.));
#4960 = DIRECTION('',(1.,0.,0.));
#4961 = DEFINITIONAL_REPRESENTATION('',(#4962),#4966);
#4962 = LINE('',#4963,#4964);
#4963 = CARTESIAN_POINT('',(-0.,0.));
#4964 = VECTOR('',#4965,1.);
#4965 = DIRECTION('',(-1.,0.));
#4966 = ( GEOMETRIC_REPRESENTATION_CONTEXT(2) 
PARAMETRIC_REPRESENTATION_CONTEXT() REPRESENTATION_CONTEXT('2D SPACE',''
  ) );
#4967 = FACE_BOUND('',#4968,.F.);
#4968 = EDGE_LOOP('',(#4969));
#4969 = ORIENTED_EDGE('',*,*,#4970,.T.);
#4970 = EDGE_CURVE('',#4971,#4971,#4973,.T.);
#4971 = VERTEX_POINT('',#4972);
#4972 = CARTESIAN_POINT('',(2.8,-7.62,1.65));
#4973 = SURFACE_CURVE('',#4974,(#4979,#4990),.PCURVE_S1.);
#4974 = CIRCLE('',#4975,0.26);
#4975 = AXIS2_PLACEMENT_3D('',#4976,#4977,#4978);
#4976 = CARTESIAN_POINT('',(2.54,-7.62,1.65));
#4977 = DIRECTION('',(0.,0.,-1.));
#4978 = DIRECTION('',(1.,0.,0.));
#4979 = PCURVE('',#2218,#4980);
#4980 = DEFINITIONAL_REPRESENTATION('',(#4981),#4989);
#4981 = ( BOUNDED_CURVE() B_SPLINE_CURVE(2,(#4982,#4983,#4984,#4985,
#4986,#4987,#4988),.UNSPECIFIED.,.T.,.F.) B_SPLINE_CURVE_WITH_KNOTS((1,2
    ,2,2,2,1),(-2.094395102393,0.,2.094395102393,4.188790204786,
6.28318530718,8.377580409573),.UNSPECIFIED.) CURVE() 
GEOMETRIC_REPRESENTATION_ITEM() RATIONAL_B_SPLINE_CURVE((1.,0.5,1.,0.5,
1.,0.5,1.)) REPRESENTATION_ITEM('') );
#4982 = CARTESIAN_POINT('',(2.8,-7.62));
#4983 = CARTESIAN_POINT('',(2.8,-8.070333209968));
#4984 = CARTESIAN_POINT('',(2.41,-7.845166604984));
#4985 = CARTESIAN_POINT('',(2.02,-7.62));
#4986 = CARTESIAN_POINT('',(2.41,-7.394833395016));
#4987 = CARTESIAN_POINT('',(2.8,-7.169666790032));
#4988 = CARTESIAN_POINT('',(2.8,-7.62));
#4989 = ( GEOMETRIC_REPRESENTATION_CONTEXT(2) 
PARAMETRIC_REPRESENTATION_CONTEXT() REPRESENTATION_CONTEXT('2D SPACE',''
  ) );
#4990 = PCURVE('',#4991,#4996);
#4991 = CYLINDRICAL_SURFACE('',#4992,0.26);
#4992 = AXIS2_PLACEMENT_3D('',#4993,#4994,#4995);
#4993 = CARTESIAN_POINT('',(2.54,-7.62,1.65));
#4994 = DIRECTION('',(0.,0.,1.));
#4995 = DIRECTION('',(1.,0.,0.));
#4996 = DEFINITIONAL_REPRESENTATION('',(#4997),#5001);
#4997 = LINE('',#4998,#4999);
#4998 = CARTESIAN_POINT('',(-0.,0.));
#4999 = VECTOR('',#5000,1.);
#5000 = DIRECTION('',(-1.,0.));
#5001 = ( GEOMETRIC_REPRESENTATION_CONTEXT(2) 
PARAMETRIC_REPRESENTATION_CONTEXT() REPRESENTATION_CONTEXT('2D SPACE',''
  ) );
#5002 = FACE_BOUND('',#5003,.F.);
#5003 = EDGE_LOOP('',(#5004));
#5004 = ORIENTED_EDGE('',*,*,#5005,.T.);
#5005 = EDGE_CURVE('',#5006,#5006,#5008,.T.);
#5006 = VERTEX_POINT('',#5007);
#5007 = CARTESIAN_POINT('',(5.34,-7.62,1.65));
#5008 = SURFACE_CURVE('',#5009,(#5014,#5025),.PCURVE_S1.);
#5009 = CIRCLE('',#5010,0.26);
#5010 = AXIS2_PLACEMENT_3D('',#5011,#5012,#5013);
#5011 = CARTESIAN_POINT('',(5.08,-7.62,1.65));
#5012 = DIRECTION('',(0.,0.,-1.));
#5013 = DIRECTION('',(1.,0.,0.));
#5014 = PCURVE('',#2218,#5015);
#5015 = DEFINITIONAL_REPRESENTATION('',(#5016),#5024);
#5016 = ( BOUNDED_CURVE() B_SPLINE_CURVE(2,(#5017,#5018,#5019,#5020,
#5021,#5022,#5023),.UNSPECIFIED.,.T.,.F.) B_SPLINE_CURVE_WITH_KNOTS((1,2
    ,2,2,2,1),(-2.094395102393,0.,2.094395102393,4.188790204786,
6.28318530718,8.377580409573),.UNSPECIFIED.) CURVE() 
GEOMETRIC_REPRESENTATION_ITEM() RATIONAL_B_SPLINE_CURVE((1.,0.5,1.,0.5,
1.,0.5,1.)) REPRESENTATION_ITEM('') );
#5017 = CARTESIAN_POINT('',(5.34,-7.62));
#5018 = CARTESIAN_POINT('',(5.34,-8.070333209968));
#5019 = CARTESIAN_POINT('',(4.95,-7.845166604984));
#5020 = CARTESIAN_POINT('',(4.56,-7.62));
#5021 = CARTESIAN_POINT('',(4.95,-7.394833395016));
#5022 = CARTESIAN_POINT('',(5.34,-7.169666790032));
#5023 = CARTESIAN_POINT('',(5.34,-7.62));
#5024 = ( GEOMETRIC_REPRESENTATION_CONTEXT(2) 
PARAMETRIC_REPRESENTATION_CONTEXT() REPRESENTATION_CONTEXT('2D SPACE',''
  ) );
#5025 = PCURVE('',#5026,#5031);
#5026 = CYLINDRICAL_SURFACE('',#5027,0.26);
#5027 = AXIS2_PLACEMENT_3D('',#5028,#5029,#5030);
#5028 = CARTESIAN_POINT('',(5.08,-7.62,1.65));
#5029 = DIRECTION('',(0.,0.,1.));
#5030 = DIRECTION('',(1.,0.,0.));
#5031 = DEFINITIONAL_REPRESENTATION('',(#5032),#5036);
#5032 = LINE('',#5033,#5034);
#5033 = CARTESIAN_POINT('',(-0.,0.));
#5034 = VECTOR('',#5035,1.);
#5035 = DIRECTION('',(-1.,0.));
#5036 = ( GEOMETRIC_REPRESENTATION_CONTEXT(2) 
PARAMETRIC_REPRESENTATION_CONTEXT() REPRESENTATION_CONTEXT('2D SPACE',''
  ) );
#5037 = FACE_BOUND('',#5038,.F.);
#5038 = EDGE_LOOP('',(#5039));
#5039 = ORIENTED_EDGE('',*,*,#5040,.T.);
#5040 = EDGE_CURVE('',#5041,#5041,#5043,.T.);
#5041 = VERTEX_POINT('',#5042);
#5042 = CARTESIAN_POINT('',(-4.82,7.62,1.65));
#5043 = SURFACE_CURVE('',#5044,(#5049,#5060),.PCURVE_S1.);
#5044 = CIRCLE('',#5045,0.26);
#5045 = AXIS2_PLACEMENT_3D('',#5046,#5047,#5048);
#5046 = CARTESIAN_POINT('',(-5.08,7.62,1.65));
#5047 = DIRECTION('',(0.,0.,-1.));
#5048 = DIRECTION('',(1.,0.,0.));
#5049 = PCURVE('',#2218,#5050);
#5050 = DEFINITIONAL_REPRESENTATION('',(#5051),#5059);
#5051 = ( BOUNDED_CURVE() B_SPLINE_CURVE(2,(#5052,#5053,#5054,#5055,
#5056,#5057,#5058),.UNSPECIFIED.,.T.,.F.) B_SPLINE_CURVE_WITH_KNOTS((1,2
    ,2,2,2,1),(-2.094395102393,0.,2.094395102393,4.188790204786,
6.28318530718,8.377580409573),.UNSPECIFIED.) CURVE() 
GEOMETRIC_REPRESENTATION_ITEM() RATIONAL_B_SPLINE_CURVE((1.,0.5,1.,0.5,
1.,0.5,1.)) REPRESENTATION_ITEM('') );
#5052 = CARTESIAN_POINT('',(-4.82,7.62));
#5053 = CARTESIAN_POINT('',(-4.82,7.169666790032));
#5054 = CARTESIAN_POINT('',(-5.21,7.394833395016));
#5055 = CARTESIAN_POINT('',(-5.6,7.62));
#5056 = CARTESIAN_POINT('',(-5.21,7.845166604984));
#5057 = CARTESIAN_POINT('',(-4.82,8.070333209968));
#5058 = CARTESIAN_POINT('',(-4.82,7.62));
#5059 = ( GEOMETRIC_REPRESENTATION_CONTEXT(2) 
PARAMETRIC_REPRESENTATION_CONTEXT() REPRESENTATION_CONTEXT('2D SPACE',''
  ) );
#5060 = PCURVE('',#5061,#5066);
#5061 = CYLINDRICAL_SURFACE('',#5062,0.26);
#5062 = AXIS2_PLACEMENT_3D('',#5063,#5064,#5065);
#5063 = CARTESIAN_POINT('',(-5.08,7.62,1.65));
#5064 = DIRECTION('',(0.,0.,1.));
#5065 = DIRECTION('',(1.,0.,0.));
#5066 = DEFINITIONAL_REPRESENTATION('',(#5067),#5071);
#5067 = LINE('',#5068,#5069);
#5068 = CARTESIAN_POINT('',(-0.,0.));
#5069 = VECTOR('',#5070,1.);
#5070 = DIRECTION('',(-1.,0.));
#5071 = ( GEOMETRIC_REPRESENTATION_CONTEXT(2) 
PARAMETRIC_REPRESENTATION_CONTEXT() REPRESENTATION_CONTEXT('2D SPACE',''
  ) );
#5072 = FACE_BOUND('',#5073,.F.);
#5073 = EDGE_LOOP('',(#5074));
#5074 = ORIENTED_EDGE('',*,*,#5075,.T.);
#5075 = EDGE_CURVE('',#5076,#5076,#5078,.T.);
#5076 = VERTEX_POINT('',#5077);
#5077 = CARTESIAN_POINT('',(-2.28,7.62,1.65));
#5078 = SURFACE_CURVE('',#5079,(#5084,#5095),.PCURVE_S1.);
#5079 = CIRCLE('',#5080,0.26);
#5080 = AXIS2_PLACEMENT_3D('',#5081,#5082,#5083);
#5081 = CARTESIAN_POINT('',(-2.54,7.62,1.65));
#5082 = DIRECTION('',(0.,0.,-1.));
#5083 = DIRECTION('',(1.,0.,0.));
#5084 = PCURVE('',#2218,#5085);
#5085 = DEFINITIONAL_REPRESENTATION('',(#5086),#5094);
#5086 = ( BOUNDED_CURVE() B_SPLINE_CURVE(2,(#5087,#5088,#5089,#5090,
#5091,#5092,#5093),.UNSPECIFIED.,.T.,.F.) B_SPLINE_CURVE_WITH_KNOTS((1,2
    ,2,2,2,1),(-2.094395102393,0.,2.094395102393,4.188790204786,
6.28318530718,8.377580409573),.UNSPECIFIED.) CURVE() 
GEOMETRIC_REPRESENTATION_ITEM() RATIONAL_B_SPLINE_CURVE((1.,0.5,1.,0.5,
1.,0.5,1.)) REPRESENTATION_ITEM('') );
#5087 = CARTESIAN_POINT('',(-2.28,7.62));
#5088 = CARTESIAN_POINT('',(-2.28,7.169666790032));
#5089 = CARTESIAN_POINT('',(-2.67,7.394833395016));
#5090 = CARTESIAN_POINT('',(-3.06,7.62));
#5091 = CARTESIAN_POINT('',(-2.67,7.845166604984));
#5092 = CARTESIAN_POINT('',(-2.28,8.070333209968));
#5093 = CARTESIAN_POINT('',(-2.28,7.62));
#5094 = ( GEOMETRIC_REPRESENTATION_CONTEXT(2) 
PARAMETRIC_REPRESENTATION_CONTEXT() REPRESENTATION_CONTEXT('2D SPACE',''
  ) );
#5095 = PCURVE('',#5096,#5101);
#5096 = CYLINDRICAL_SURFACE('',#5097,0.26);
#5097 = AXIS2_PLACEMENT_3D('',#5098,#5099,#5100);
#5098 = CARTESIAN_POINT('',(-2.54,7.62,1.65));
#5099 = DIRECTION('',(0.,0.,1.));
#5100 = DIRECTION('',(1.,0.,0.));
#5101 = DEFINITIONAL_REPRESENTATION('',(#5102),#5106);
#5102 = LINE('',#5103,#5104);
#5103 = CARTESIAN_POINT('',(-0.,0.));
#5104 = VECTOR('',#5105,1.);
#5105 = DIRECTION('',(-1.,0.));
#5106 = ( GEOMETRIC_REPRESENTATION_CONTEXT(2) 
PARAMETRIC_REPRESENTATION_CONTEXT() REPRESENTATION_CONTEXT('2D SPACE',''
  ) );
#5107 = FACE_BOUND('',#5108,.F.);
#5108 = EDGE_LOOP('',(#5109));
#5109 = ORIENTED_EDGE('',*,*,#5110,.T.);
#5110 = EDGE_CURVE('',#5111,#5111,#5113,.T.);
#5111 = VERTEX_POINT('',#5112);
#5112 = CARTESIAN_POINT('',(0.26,7.62,1.65));
#5113 = SURFACE_CURVE('',#5114,(#5119,#5130),.PCURVE_S1.);
#5114 = CIRCLE('',#5115,0.26);
#5115 = AXIS2_PLACEMENT_3D('',#5116,#5117,#5118);
#5116 = CARTESIAN_POINT('',(0.,7.62,1.65));
#5117 = DIRECTION('',(0.,0.,-1.));
#5118 = DIRECTION('',(1.,0.,0.));
#5119 = PCURVE('',#2218,#5120);
#5120 = DEFINITIONAL_REPRESENTATION('',(#5121),#5129);
#5121 = ( BOUNDED_CURVE() B_SPLINE_CURVE(2,(#5122,#5123,#5124,#5125,
#5126,#5127,#5128),.UNSPECIFIED.,.T.,.F.) B_SPLINE_CURVE_WITH_KNOTS((1,2
    ,2,2,2,1),(-2.094395102393,0.,2.094395102393,4.188790204786,
6.28318530718,8.377580409573),.UNSPECIFIED.) CURVE() 
GEOMETRIC_REPRESENTATION_ITEM() RATIONAL_B_SPLINE_CURVE((1.,0.5,1.,0.5,
1.,0.5,1.)) REPRESENTATION_ITEM('') );
#5122 = CARTESIAN_POINT('',(0.26,7.62));
#5123 = CARTESIAN_POINT('',(0.26,7.169666790032));
#5124 = CARTESIAN_POINT('',(-0.13,7.394833395016));
#5125 = CARTESIAN_POINT('',(-0.52,7.62));
#5126 = CARTESIAN_POINT('',(-0.13,7.845166604984));
#5127 = CARTESIAN_POINT('',(0.26,8.070333209968));
#5128 = CARTESIAN_POINT('',(0.26,7.62));
#5129 = ( GEOMETRIC_REPRESENTATION_CONTEXT(2) 
PARAMETRIC_REPRESENTATION_CONTEXT() REPRESENTATION_CONTEXT('2D SPACE',''
  ) );
#5130 = PCURVE('',#5131,#5136);
#5131 = CYLINDRICAL_SURFACE('',#5132,0.26);
#5132 = AXIS2_PLACEMENT_3D('',#5133,#5134,#5135);
#5133 = CARTESIAN_POINT('',(0.,7.62,1.65));
#5134 = DIRECTION('',(0.,0.,1.));
#5135 = DIRECTION('',(1.,0.,0.));
#5136 = DEFINITIONAL_REPRESENTATION('',(#5137),#5141);
#5137 = LINE('',#5138,#5139);
#5138 = CARTESIAN_POINT('',(-0.,0.));
#5139 = VECTOR('',#5140,1.);
#5140 = DIRECTION('',(-1.,0.));
#5141 = ( GEOMETRIC_REPRESENTATION_CONTEXT(2) 
PARAMETRIC_REPRESENTATION_CONTEXT() REPRESENTATION_CONTEXT('2D SPACE',''
  ) );
#5142 = FACE_BOUND('',#5143,.F.);
#5143 = EDGE_LOOP('',(#5144));
#5144 = ORIENTED_EDGE('',*,*,#5145,.T.);
#5145 = EDGE_CURVE('',#5146,#5146,#5148,.T.);
#5146 = VERTEX_POINT('',#5147);
#5147 = CARTESIAN_POINT('',(2.8,7.62,1.65));
#5148 = SURFACE_CURVE('',#5149,(#5154,#5165),.PCURVE_S1.);
#5149 = CIRCLE('',#5150,0.26);
#5150 = AXIS2_PLACEMENT_3D('',#5151,#5152,#5153);
#5151 = CARTESIAN_POINT('',(2.54,7.62,1.65));
#5152 = DIRECTION('',(0.,0.,-1.));
#5153 = DIRECTION('',(1.,0.,0.));
#5154 = PCURVE('',#2218,#5155);
#5155 = DEFINITIONAL_REPRESENTATION('',(#5156),#5164);
#5156 = ( BOUNDED_CURVE() B_SPLINE_CURVE(2,(#5157,#5158,#5159,#5160,
#5161,#5162,#5163),.UNSPECIFIED.,.T.,.F.) B_SPLINE_CURVE_WITH_KNOTS((1,2
    ,2,2,2,1),(-2.094395102393,0.,2.094395102393,4.188790204786,
6.28318530718,8.377580409573),.UNSPECIFIED.) CURVE() 
GEOMETRIC_REPRESENTATION_ITEM() RATIONAL_B_SPLINE_CURVE((1.,0.5,1.,0.5,
1.,0.5,1.)) REPRESENTATION_ITEM('') );
#5157 = CARTESIAN_POINT('',(2.8,7.62));
#5158 = CARTESIAN_POINT('',(2.8,7.169666790032));
#5159 = CARTESIAN_POINT('',(2.41,7.394833395016));
#5160 = CARTESIAN_POINT('',(2.02,7.62));
#5161 = CARTESIAN_POINT('',(2.41,7.845166604984));
#5162 = CARTESIAN_POINT('',(2.8,8.070333209968));
#5163 = CARTESIAN_POINT('',(2.8,7.62));
#5164 = ( GEOMETRIC_REPRESENTATION_CONTEXT(2) 
PARAMETRIC_REPRESENTATION_CONTEXT() REPRESENTATION_CONTEXT('2D SPACE',''
  ) );
#5165 = PCURVE('',#5166,#5171);
#5166 = CYLINDRICAL_SURFACE('',#5167,0.26);
#5167 = AXIS2_PLACEMENT_3D('',#5168,#5169,#5170);
#5168 = CARTESIAN_POINT('',(2.54,7.62,1.65));
#5169 = DIRECTION('',(0.,0.,1.));
#5170 = DIRECTION('',(1.,0.,0.));
#5171 = DEFINITIONAL_REPRESENTATION('',(#5172),#5176);
#5172 = LINE('',#5173,#5174);
#5173 = CARTESIAN_POINT('',(-0.,0.));
#5174 = VECTOR('',#5175,1.);
#5175 = DIRECTION('',(-1.,0.));
#5176 = ( GEOMETRIC_REPRESENTATION_CONTEXT(2) 
PARAMETRIC_REPRESENTATION_CONTEXT() REPRESENTATION_CONTEXT('2D SPACE',''
  ) );
#5177 = FACE_BOUND('',#5178,.F.);
#5178 = EDGE_LOOP('',(#5179));
#5179 = ORIENTED_EDGE('',*,*,#5180,.T.);
#5180 = EDGE_CURVE('',#5181,#5181,#5183,.T.);
#5181 = VERTEX_POINT('',#5182);
#5182 = CARTESIAN_POINT('',(5.34,7.62,1.65));
#5183 = SURFACE_CURVE('',#5184,(#5189,#5200),.PCURVE_S1.);
#5184 = CIRCLE('',#5185,0.26);
#5185 = AXIS2_PLACEMENT_3D('',#5186,#5187,#5188);
#5186 = CARTESIAN_POINT('',(5.08,7.62,1.65));
#5187 = DIRECTION('',(0.,0.,-1.));
#5188 = DIRECTION('',(1.,0.,0.));
#5189 = PCURVE('',#2218,#5190);
#5190 = DEFINITIONAL_REPRESENTATION('',(#5191),#5199);
#5191 = ( BOUNDED_CURVE() B_SPLINE_CURVE(2,(#5192,#5193,#5194,#5195,
#5196,#5197,#5198),.UNSPECIFIED.,.T.,.F.) B_SPLINE_CURVE_WITH_KNOTS((1,2
    ,2,2,2,1),(-2.094395102393,0.,2.094395102393,4.188790204786,
6.28318530718,8.377580409573),.UNSPECIFIED.) CURVE() 
GEOMETRIC_REPRESENTATION_ITEM() RATIONAL_B_SPLINE_CURVE((1.,0.5,1.,0.5,
1.,0.5,1.)) REPRESENTATION_ITEM('') );
#5192 = CARTESIAN_POINT('',(5.34,7.62));
#5193 = CARTESIAN_POINT('',(5.34,7.169666790032));
#5194 = CARTESIAN_POINT('',(4.95,7.394833395016));
#5195 = CARTESIAN_POINT('',(4.56,7.62));
#5196 = CARTESIAN_POINT('',(4.95,7.845166604984));
#5197 = CARTESIAN_POINT('',(5.34,8.070333209968));
#5198 = CARTESIAN_POINT('',(5.34,7.62));
#5199 = ( GEOMETRIC_REPRESENTATION_CONTEXT(2) 
PARAMETRIC_REPRESENTATION_CONTEXT() REPRESENTATION_CONTEXT('2D SPACE',''
  ) );
#5200 = PCURVE('',#5201,#5206);
#5201 = CYLINDRICAL_SURFACE('',#5202,0.26);
#5202 = AXIS2_PLACEMENT_3D('',#5203,#5204,#5205);
#5203 = CARTESIAN_POINT('',(5.08,7.62,1.65));
#5204 = DIRECTION('',(0.,0.,1.));
#5205 = DIRECTION('',(1.,0.,0.));
#5206 = DEFINITIONAL_REPRESENTATION('',(#5207),#5211);
#5207 = LINE('',#5208,#5209);
#5208 = CARTESIAN_POINT('',(-0.,0.));
#5209 = VECTOR('',#5210,1.);
#5210 = DIRECTION('',(-1.,0.));
#5211 = ( GEOMETRIC_REPRESENTATION_CONTEXT(2) 
PARAMETRIC_REPRESENTATION_CONTEXT() REPRESENTATION_CONTEXT('2D SPACE',''
  ) );
#5212 = ADVANCED_FACE('',(#5213),#2436,.T.);
#5213 = FACE_BOUND('',#5214,.F.);
#5214 = EDGE_LOOP('',(#5215,#5216,#5237,#5238));
#5215 = ORIENTED_EDGE('',*,*,#2511,.T.);
#5216 = ORIENTED_EDGE('',*,*,#5217,.T.);
#5217 = EDGE_CURVE('',#2452,#2544,#5218,.T.);
#5218 = SURFACE_CURVE('',#5219,(#5223,#5230),.PCURVE_S1.);
#5219 = LINE('',#5220,#5221);
#5220 = CARTESIAN_POINT('',(-5.75,8.,1.));
#5221 = VECTOR('',#5222,1.);
#5222 = DIRECTION('',(0.,-1.,1.05349489977E-16));
#5223 = PCURVE('',#2436,#5224);
#5224 = DEFINITIONAL_REPRESENTATION('',(#5225),#5229);
#5225 = LINE('',#5226,#5227);
#5226 = CARTESIAN_POINT('',(-1.570796326795,0.));
#5227 = VECTOR('',#5228,1.);
#5228 = DIRECTION('',(-0.,1.));
#5229 = ( GEOMETRIC_REPRESENTATION_CONTEXT(2) 
PARAMETRIC_REPRESENTATION_CONTEXT() REPRESENTATION_CONTEXT('2D SPACE',''
  ) );
#5230 = PCURVE('',#2469,#5231);
#5231 = DEFINITIONAL_REPRESENTATION('',(#5232),#5236);
#5232 = LINE('',#5233,#5234);
#5233 = CARTESIAN_POINT('',(-8.,5.75));
#5234 = VECTOR('',#5235,1.);
#5235 = DIRECTION('',(1.,0.));
#5236 = ( GEOMETRIC_REPRESENTATION_CONTEXT(2) 
PARAMETRIC_REPRESENTATION_CONTEXT() REPRESENTATION_CONTEXT('2D SPACE',''
  ) );
#5237 = ORIENTED_EDGE('',*,*,#2568,.F.);
#5238 = ORIENTED_EDGE('',*,*,#2422,.F.);
#5239 = ADVANCED_FACE('',(#5240),#2343,.T.);
#5240 = FACE_BOUND('',#5241,.T.);
#5241 = EDGE_LOOP('',(#5242,#5267,#5286,#5287,#5288,#5289,#5290,#5291,
    #5312,#5335));
#5242 = ORIENTED_EDGE('',*,*,#5243,.F.);
#5243 = EDGE_CURVE('',#5244,#5246,#5248,.T.);
#5244 = VERTEX_POINT('',#5245);
#5245 = CARTESIAN_POINT('',(-4.8,-8.85,1.));
#5246 = VERTEX_POINT('',#5247);
#5247 = CARTESIAN_POINT('',(-4.75,-8.85,1.1));
#5248 = SURFACE_CURVE('',#5249,(#5253,#5260),.PCURVE_S1.);
#5249 = LINE('',#5250,#5251);
#5250 = CARTESIAN_POINT('',(-5.335,-8.85,-7.E-02));
#5251 = VECTOR('',#5252,1.);
#5252 = DIRECTION('',(0.4472135955,-0.,0.894427191));
#5253 = PCURVE('',#2343,#5254);
#5254 = DEFINITIONAL_REPRESENTATION('',(#5255),#5259);
#5255 = LINE('',#5256,#5257);
#5256 = CARTESIAN_POINT('',(0.315,7.E-02));
#5257 = VECTOR('',#5258,1.);
#5258 = DIRECTION('',(0.4472135955,-0.894427191));
#5259 = ( GEOMETRIC_REPRESENTATION_CONTEXT(2) 
PARAMETRIC_REPRESENTATION_CONTEXT() REPRESENTATION_CONTEXT('2D SPACE',''
  ) );
#5260 = PCURVE('',#2716,#5261);
#5261 = DEFINITIONAL_REPRESENTATION('',(#5262),#5266);
#5262 = LINE('',#5263,#5264);
#5263 = CARTESIAN_POINT('',(-7.826237921249E-02,-0.65));
#5264 = VECTOR('',#5265,1.);
#5265 = DIRECTION('',(1.,1.986027322598E-16));
#5266 = ( GEOMETRIC_REPRESENTATION_CONTEXT(2) 
PARAMETRIC_REPRESENTATION_CONTEXT() REPRESENTATION_CONTEXT('2D SPACE',''
  ) );
#5267 = ORIENTED_EDGE('',*,*,#5268,.F.);
#5268 = EDGE_CURVE('',#2701,#5244,#5269,.T.);
#5269 = SURFACE_CURVE('',#5270,(#5274,#5280),.PCURVE_S1.);
#5270 = LINE('',#5271,#5272);
#5271 = CARTESIAN_POINT('',(-5.335,-8.85,-7.E-02));
#5272 = VECTOR('',#5273,1.);
#5273 = DIRECTION('',(0.4472135955,0.,0.894427191));
#5274 = PCURVE('',#2343,#5275);
#5275 = DEFINITIONAL_REPRESENTATION('',(#5276),#5279);
#5276 = B_SPLINE_CURVE_WITH_KNOTS('',1,(#5277,#5278),.UNSPECIFIED.,.F.,
  .F.,(2,2),(7.826237921249E-02,1.196296367962),
  .PIECEWISE_BEZIER_KNOTS.);
#5277 = CARTESIAN_POINT('',(0.35,-4.163336342344E-17));
#5278 = CARTESIAN_POINT('',(0.85,-1.));
#5279 = ( GEOMETRIC_REPRESENTATION_CONTEXT(2) 
PARAMETRIC_REPRESENTATION_CONTEXT() REPRESENTATION_CONTEXT('2D SPACE',''
  ) );
#5280 = PCURVE('',#2716,#5281);
#5281 = DEFINITIONAL_REPRESENTATION('',(#5282),#5285);
#5282 = B_SPLINE_CURVE_WITH_KNOTS('',1,(#5283,#5284),.UNSPECIFIED.,.F.,
  .F.,(2,2),(7.826237921249E-02,1.196296367962),
  .PIECEWISE_BEZIER_KNOTS.);
#5283 = CARTESIAN_POINT('',(2.498001805407E-16,-0.65));
#5284 = CARTESIAN_POINT('',(1.11803398875,-0.65));
#5285 = ( GEOMETRIC_REPRESENTATION_CONTEXT(2) 
PARAMETRIC_REPRESENTATION_CONTEXT() REPRESENTATION_CONTEXT('2D SPACE',''
  ) );
#5286 = ORIENTED_EDGE('',*,*,#2728,.F.);
#5287 = ORIENTED_EDGE('',*,*,#2327,.T.);
#5288 = ORIENTED_EDGE('',*,*,#4839,.T.);
#5289 = ORIENTED_EDGE('',*,*,#4582,.F.);
#5290 = ORIENTED_EDGE('',*,*,#4791,.F.);
#5291 = ORIENTED_EDGE('',*,*,#5292,.F.);
#5292 = EDGE_CURVE('',#5293,#4792,#5295,.T.);
#5293 = VERTEX_POINT('',#5294);
#5294 = CARTESIAN_POINT('',(4.8,-8.85,1.));
#5295 = SURFACE_CURVE('',#5296,(#5300,#5306),.PCURVE_S1.);
#5296 = LINE('',#5297,#5298);
#5297 = CARTESIAN_POINT('',(3.955,-8.85,2.69));
#5298 = VECTOR('',#5299,1.);
#5299 = DIRECTION('',(0.4472135955,0.,-0.894427191));
#5300 = PCURVE('',#2343,#5301);
#5301 = DEFINITIONAL_REPRESENTATION('',(#5302),#5305);
#5302 = B_SPLINE_CURVE_WITH_KNOTS('',1,(#5303,#5304),.UNSPECIFIED.,.F.,
  .F.,(2,2),(1.889477440987,3.007511429737),.PIECEWISE_BEZIER_KNOTS.);
#5303 = CARTESIAN_POINT('',(10.45,-1.));
#5304 = CARTESIAN_POINT('',(10.95,-4.440892098501E-16));
#5305 = ( GEOMETRIC_REPRESENTATION_CONTEXT(2) 
PARAMETRIC_REPRESENTATION_CONTEXT() REPRESENTATION_CONTEXT('2D SPACE',''
  ) );
#5306 = PCURVE('',#2824,#5307);
#5307 = DEFINITIONAL_REPRESENTATION('',(#5308),#5311);
#5308 = B_SPLINE_CURVE_WITH_KNOTS('',1,(#5309,#5310),.UNSPECIFIED.,.F.,
  .F.,(2,2),(1.889477440987,3.007511429737),.PIECEWISE_BEZIER_KNOTS.);
#5309 = CARTESIAN_POINT('',(-2.22044604925E-16,-0.65));
#5310 = CARTESIAN_POINT('',(1.11803398875,-0.65));
#5311 = ( GEOMETRIC_REPRESENTATION_CONTEXT(2) 
PARAMETRIC_REPRESENTATION_CONTEXT() REPRESENTATION_CONTEXT('2D SPACE',''
  ) );
#5312 = ORIENTED_EDGE('',*,*,#5313,.T.);
#5313 = EDGE_CURVE('',#5293,#5314,#5316,.T.);
#5314 = VERTEX_POINT('',#5315);
#5315 = CARTESIAN_POINT('',(4.75,-8.85,1.1));
#5316 = SURFACE_CURVE('',#5317,(#5321,#5328),.PCURVE_S1.);
#5317 = LINE('',#5318,#5319);
#5318 = CARTESIAN_POINT('',(3.955,-8.85,2.69));
#5319 = VECTOR('',#5320,1.);
#5320 = DIRECTION('',(-0.4472135955,0.,0.894427191));
#5321 = PCURVE('',#2343,#5322);
#5322 = DEFINITIONAL_REPRESENTATION('',(#5323),#5327);
#5323 = LINE('',#5324,#5325);
#5324 = CARTESIAN_POINT('',(9.605,-2.69));
#5325 = VECTOR('',#5326,1.);
#5326 = DIRECTION('',(-0.4472135955,-0.894427191));
#5327 = ( GEOMETRIC_REPRESENTATION_CONTEXT(2) 
PARAMETRIC_REPRESENTATION_CONTEXT() REPRESENTATION_CONTEXT('2D SPACE',''
  ) );
#5328 = PCURVE('',#2824,#5329);
#5329 = DEFINITIONAL_REPRESENTATION('',(#5330),#5334);
#5330 = LINE('',#5331,#5332);
#5331 = CARTESIAN_POINT('',(-1.889477440987,-0.65));
#5332 = VECTOR('',#5333,1.);
#5333 = DIRECTION('',(-1.,1.986027322598E-16));
#5334 = ( GEOMETRIC_REPRESENTATION_CONTEXT(2) 
PARAMETRIC_REPRESENTATION_CONTEXT() REPRESENTATION_CONTEXT('2D SPACE',''
  ) );
#5335 = ORIENTED_EDGE('',*,*,#5336,.F.);
#5336 = EDGE_CURVE('',#5246,#5314,#5337,.T.);
#5337 = SURFACE_CURVE('',#5338,(#5342,#5349),.PCURVE_S1.);
#5338 = LINE('',#5339,#5340);
#5339 = CARTESIAN_POINT('',(-4.8,-8.85,1.1));
#5340 = VECTOR('',#5341,1.);
#5341 = DIRECTION('',(1.,0.,6.190549156711E-32));
#5342 = PCURVE('',#2343,#5343);
#5343 = DEFINITIONAL_REPRESENTATION('',(#5344),#5348);
#5344 = LINE('',#5345,#5346);
#5345 = CARTESIAN_POINT('',(0.85,-1.1));
#5346 = VECTOR('',#5347,1.);
#5347 = DIRECTION('',(1.,-6.190549156711E-32));
#5348 = ( GEOMETRIC_REPRESENTATION_CONTEXT(2) 
PARAMETRIC_REPRESENTATION_CONTEXT() REPRESENTATION_CONTEXT('2D SPACE',''
  ) );
#5349 = PCURVE('',#5350,#5355);
#5350 = CYLINDRICAL_SURFACE('',#5351,0.1);
#5351 = AXIS2_PLACEMENT_3D('',#5352,#5353,#5354);
#5352 = CARTESIAN_POINT('',(-4.8,-8.95,1.1));
#5353 = DIRECTION('',(1.,0.,6.190549156711E-32));
#5354 = DIRECTION('',(-0.,1.,0.));
#5355 = DEFINITIONAL_REPRESENTATION('',(#5356),#5360);
#5356 = LINE('',#5357,#5358);
#5357 = CARTESIAN_POINT('',(-0.,0.));
#5358 = VECTOR('',#5359,1.);
#5359 = DIRECTION('',(-0.,1.));
#5360 = ( GEOMETRIC_REPRESENTATION_CONTEXT(2) 
PARAMETRIC_REPRESENTATION_CONTEXT() REPRESENTATION_CONTEXT('2D SPACE',''
  ) );
#5361 = ADVANCED_FACE('',(#5362),#2469,.T.);
#5362 = FACE_BOUND('',#5363,.T.);
#5363 = EDGE_LOOP('',(#5364,#5365,#5366,#5367));
#5364 = ORIENTED_EDGE('',*,*,#2451,.F.);
#5365 = ORIENTED_EDGE('',*,*,#5217,.T.);
#5366 = ORIENTED_EDGE('',*,*,#2543,.T.);
#5367 = ORIENTED_EDGE('',*,*,#2651,.T.);
#5368 = ADVANCED_FACE('',(#5369),#2716,.T.);
#5369 = FACE_BOUND('',#5370,.T.);
#5370 = EDGE_LOOP('',(#5371,#5401,#5426,#5427,#5428,#5429,#5430,#5431));
#5371 = ORIENTED_EDGE('',*,*,#5372,.F.);
#5372 = EDGE_CURVE('',#5373,#5375,#5377,.T.);
#5373 = VERTEX_POINT('',#5374);
#5374 = CARTESIAN_POINT('',(-4.8,-9.4,1.));
#5375 = VERTEX_POINT('',#5376);
#5376 = CARTESIAN_POINT('',(-4.8,-8.95,1.));
#5377 = SURFACE_CURVE('',#5378,(#5382,#5389),.PCURVE_S1.);
#5378 = LINE('',#5379,#5380);
#5379 = CARTESIAN_POINT('',(-4.8,-9.5,1.));
#5380 = VECTOR('',#5381,1.);
#5381 = DIRECTION('',(0.,1.,-2.22044604925E-16));
#5382 = PCURVE('',#2716,#5383);
#5383 = DEFINITIONAL_REPRESENTATION('',(#5384),#5388);
#5384 = LINE('',#5385,#5386);
#5385 = CARTESIAN_POINT('',(1.11803398875,2.22044604925E-16));
#5386 = VECTOR('',#5387,1.);
#5387 = DIRECTION('',(0.,-1.));
#5388 = ( GEOMETRIC_REPRESENTATION_CONTEXT(2) 
PARAMETRIC_REPRESENTATION_CONTEXT() REPRESENTATION_CONTEXT('2D SPACE',''
  ) );
#5389 = PCURVE('',#5390,#5395);
#5390 = PLANE('',#5391);
#5391 = AXIS2_PLACEMENT_3D('',#5392,#5393,#5394);
#5392 = CARTESIAN_POINT('',(4.272250626406E-15,2.248552961266E-16,1.));
#5393 = DIRECTION('',(6.190549156711E-32,-1.05349489977E-16,-1.));
#5394 = DIRECTION('',(0.,-1.,1.05349489977E-16));
#5395 = DEFINITIONAL_REPRESENTATION('',(#5396),#5400);
#5396 = LINE('',#5397,#5398);
#5397 = CARTESIAN_POINT('',(9.5,4.8));
#5398 = VECTOR('',#5399,1.);
#5399 = DIRECTION('',(-1.,7.224068454337E-48));
#5400 = ( GEOMETRIC_REPRESENTATION_CONTEXT(2) 
PARAMETRIC_REPRESENTATION_CONTEXT() REPRESENTATION_CONTEXT('2D SPACE',''
  ) );
#5401 = ORIENTED_EDGE('',*,*,#5402,.F.);
#5402 = EDGE_CURVE('',#2758,#5373,#5403,.T.);
#5403 = SURFACE_CURVE('',#5404,(#5409,#5416),.PCURVE_S1.);
#5404 = ELLIPSE('',#5405,0.111803398875,0.1);
#5405 = AXIS2_PLACEMENT_3D('',#5406,#5407,#5408);
#5406 = CARTESIAN_POINT('',(-4.75,-9.4,1.1));
#5407 = DIRECTION('',(0.894427191,-9.930136612989E-17,-0.4472135955));
#5408 = DIRECTION('',(0.4472135955,1.986027322598E-16,0.894427191));
#5409 = PCURVE('',#2716,#5410);
#5410 = DEFINITIONAL_REPRESENTATION('',(#5411),#5415);
#5411 = ELLIPSE('',#5412,0.111803398875,0.1);
#5412 = AXIS2_PLACEMENT_2D('',#5413,#5414);
#5413 = CARTESIAN_POINT('',(1.229837387625,-1.E-01));
#5414 = DIRECTION('',(1.,0.));
#5415 = ( GEOMETRIC_REPRESENTATION_CONTEXT(2) 
PARAMETRIC_REPRESENTATION_CONTEXT() REPRESENTATION_CONTEXT('2D SPACE',''
  ) );
#5416 = PCURVE('',#2796,#5417);
#5417 = DEFINITIONAL_REPRESENTATION('',(#5418),#5425);
#5418 = B_SPLINE_CURVE_WITH_KNOTS('',5,(#5419,#5420,#5421,#5422,#5423,
    #5424),.UNSPECIFIED.,.F.,.F.,(6,6),(1.570796326795,3.14159265359),
  .PIECEWISE_BEZIER_KNOTS.);
#5419 = CARTESIAN_POINT('',(-1.110223024625E-16,5.E-02));
#5420 = CARTESIAN_POINT('',(0.314159265359,3.429203673205E-02));
#5421 = CARTESIAN_POINT('',(0.628316285871,1.857005333181E-02));
#5422 = CARTESIAN_POINT('',(0.942484188601,6.151179641764E-03));
#5423 = CARTESIAN_POINT('',(1.256637061436,2.27682456222E-17));
#5424 = CARTESIAN_POINT('',(1.570796326795,0.));
#5425 = ( GEOMETRIC_REPRESENTATION_CONTEXT(2) 
PARAMETRIC_REPRESENTATION_CONTEXT() REPRESENTATION_CONTEXT('2D SPACE',''
  ) );
#5426 = ORIENTED_EDGE('',*,*,#2755,.F.);
#5427 = ORIENTED_EDGE('',*,*,#2884,.F.);
#5428 = ORIENTED_EDGE('',*,*,#2700,.T.);
#5429 = ORIENTED_EDGE('',*,*,#5268,.T.);
#5430 = ORIENTED_EDGE('',*,*,#5243,.T.);
#5431 = ORIENTED_EDGE('',*,*,#5432,.T.);
#5432 = EDGE_CURVE('',#5246,#5375,#5433,.T.);
#5433 = SURFACE_CURVE('',#5434,(#5439,#5450),.PCURVE_S1.);
#5434 = ELLIPSE('',#5435,0.111803398875,0.1);
#5435 = AXIS2_PLACEMENT_3D('',#5436,#5437,#5438);
#5436 = CARTESIAN_POINT('',(-4.75,-8.95,1.1));
#5437 = DIRECTION('',(-0.894427191,9.930136612989E-17,0.4472135955));
#5438 = DIRECTION('',(0.4472135955,1.986027322598E-16,0.894427191));
#5439 = PCURVE('',#2716,#5440);
#5440 = DEFINITIONAL_REPRESENTATION('',(#5441),#5449);
#5441 = ( BOUNDED_CURVE() B_SPLINE_CURVE(2,(#5442,#5443,#5444,#5445,
#5446,#5447,#5448),.UNSPECIFIED.,.T.,.F.) B_SPLINE_CURVE_WITH_KNOTS((1,2
    ,2,2,2,1),(-2.094395102393,0.,2.094395102393,4.188790204786,
6.28318530718,8.377580409573),.UNSPECIFIED.) CURVE() 
GEOMETRIC_REPRESENTATION_ITEM() RATIONAL_B_SPLINE_CURVE((1.,0.5,1.,0.5,
1.,0.5,1.)) REPRESENTATION_ITEM('') );
#5442 = CARTESIAN_POINT('',(1.3416407865,-0.55));
#5443 = CARTESIAN_POINT('',(1.3416407865,-0.723205080757));
#5444 = CARTESIAN_POINT('',(1.173935688187,-0.636602540378));
#5445 = CARTESIAN_POINT('',(1.006230589875,-0.55));
#5446 = CARTESIAN_POINT('',(1.173935688187,-0.463397459622));
#5447 = CARTESIAN_POINT('',(1.3416407865,-0.376794919243));
#5448 = CARTESIAN_POINT('',(1.3416407865,-0.55));
#5449 = ( GEOMETRIC_REPRESENTATION_CONTEXT(2) 
PARAMETRIC_REPRESENTATION_CONTEXT() REPRESENTATION_CONTEXT('2D SPACE',''
  ) );
#5450 = PCURVE('',#5350,#5451);
#5451 = DEFINITIONAL_REPRESENTATION('',(#5452),#5459);
#5452 = B_SPLINE_CURVE_WITH_KNOTS('',5,(#5453,#5454,#5455,#5456,#5457,
    #5458),.UNSPECIFIED.,.F.,.F.,(6,6),(1.570796326795,3.14159265359),
  .PIECEWISE_BEZIER_KNOTS.);
#5453 = CARTESIAN_POINT('',(-2.331468351713E-15,5.E-02));
#5454 = CARTESIAN_POINT('',(-0.314159265359,3.429203673205E-02));
#5455 = CARTESIAN_POINT('',(-0.628316285871,1.857005333181E-02));
#5456 = CARTESIAN_POINT('',(-0.942484188601,6.151179641765E-03));
#5457 = CARTESIAN_POINT('',(-1.256637061436,4.342591101529E-17));
#5458 = CARTESIAN_POINT('',(-1.570796326795,-1.734723475977E-18));
#5459 = ( GEOMETRIC_REPRESENTATION_CONTEXT(2) 
PARAMETRIC_REPRESENTATION_CONTEXT() REPRESENTATION_CONTEXT('2D SPACE',''
  ) );
#5460 = ADVANCED_FACE('',(#5461),#2796,.T.);
#5461 = FACE_BOUND('',#5462,.T.);
#5462 = EDGE_LOOP('',(#5463,#5464,#5487,#5516));
#5463 = ORIENTED_EDGE('',*,*,#5402,.T.);
#5464 = ORIENTED_EDGE('',*,*,#5465,.T.);
#5465 = EDGE_CURVE('',#5373,#5466,#5468,.T.);
#5466 = VERTEX_POINT('',#5467);
#5467 = CARTESIAN_POINT('',(4.8,-9.4,1.));
#5468 = SURFACE_CURVE('',#5469,(#5473,#5480),.PCURVE_S1.);
#5469 = LINE('',#5470,#5471);
#5470 = CARTESIAN_POINT('',(-4.8,-9.4,1.));
#5471 = VECTOR('',#5472,1.);
#5472 = DIRECTION('',(1.,0.,0.));
#5473 = PCURVE('',#2796,#5474);
#5474 = DEFINITIONAL_REPRESENTATION('',(#5475),#5479);
#5475 = LINE('',#5476,#5477);
#5476 = CARTESIAN_POINT('',(1.570796326795,0.));
#5477 = VECTOR('',#5478,1.);
#5478 = DIRECTION('',(0.,1.));
#5479 = ( GEOMETRIC_REPRESENTATION_CONTEXT(2) 
PARAMETRIC_REPRESENTATION_CONTEXT() REPRESENTATION_CONTEXT('2D SPACE',''
  ) );
#5480 = PCURVE('',#5390,#5481);
#5481 = DEFINITIONAL_REPRESENTATION('',(#5482),#5486);
#5482 = LINE('',#5483,#5484);
#5483 = CARTESIAN_POINT('',(9.4,4.8));
#5484 = VECTOR('',#5485,1.);
#5485 = DIRECTION('',(0.,-1.));
#5486 = ( GEOMETRIC_REPRESENTATION_CONTEXT(2) 
PARAMETRIC_REPRESENTATION_CONTEXT() REPRESENTATION_CONTEXT('2D SPACE',''
  ) );
#5487 = ORIENTED_EDGE('',*,*,#5488,.F.);
#5488 = EDGE_CURVE('',#2781,#5466,#5489,.T.);
#5489 = SURFACE_CURVE('',#5490,(#5495,#5505),.PCURVE_S1.);
#5490 = ELLIPSE('',#5491,0.111803398875,0.1);
#5491 = AXIS2_PLACEMENT_3D('',#5492,#5493,#5494);
#5492 = CARTESIAN_POINT('',(4.75,-9.4,1.1));
#5493 = DIRECTION('',(0.894427191,9.930136612989E-17,0.4472135955));
#5494 = DIRECTION('',(0.4472135955,-1.986027322598E-16,-0.894427191));
#5495 = PCURVE('',#2796,#5496);
#5496 = DEFINITIONAL_REPRESENTATION('',(#5497),#5504);
#5497 = B_SPLINE_CURVE_WITH_KNOTS('',5,(#5498,#5499,#5500,#5501,#5502,
    #5503),.UNSPECIFIED.,.F.,.F.,(6,6),(4.712388980385,6.28318530718),
  .PIECEWISE_BEZIER_KNOTS.);
#5498 = CARTESIAN_POINT('',(-2.775557561563E-15,9.55));
#5499 = CARTESIAN_POINT('',(0.314159265359,9.565707963268));
#5500 = CARTESIAN_POINT('',(0.628316285871,9.581429946668));
#5501 = CARTESIAN_POINT('',(0.942484188601,9.593848820358));
#5502 = CARTESIAN_POINT('',(1.256637061436,9.6));
#5503 = CARTESIAN_POINT('',(1.570796326795,9.6));
#5504 = ( GEOMETRIC_REPRESENTATION_CONTEXT(2) 
PARAMETRIC_REPRESENTATION_CONTEXT() REPRESENTATION_CONTEXT('2D SPACE',''
  ) );
#5505 = PCURVE('',#2824,#5506);
#5506 = DEFINITIONAL_REPRESENTATION('',(#5507),#5515);
#5507 = ( BOUNDED_CURVE() B_SPLINE_CURVE(2,(#5508,#5509,#5510,#5511,
#5512,#5513,#5514),.UNSPECIFIED.,.T.,.F.) B_SPLINE_CURVE_WITH_KNOTS((1,2
    ,2,2,2,1),(-2.094395102393,0.,2.094395102393,4.188790204786,
6.28318530718,8.377580409573),.UNSPECIFIED.) CURVE() 
GEOMETRIC_REPRESENTATION_ITEM() RATIONAL_B_SPLINE_CURVE((1.,0.5,1.,0.5,
1.,0.5,1.)) REPRESENTATION_ITEM('') );
#5508 = CARTESIAN_POINT('',(-6.383782391595E-16,-1.E-01));
#5509 = CARTESIAN_POINT('',(-6.383782391595E-16,-0.273205080757));
#5510 = CARTESIAN_POINT('',(-0.167705098312,-0.186602540378));
#5511 = CARTESIAN_POINT('',(-0.335410196625,-1.E-01));
#5512 = CARTESIAN_POINT('',(-0.167705098312,-1.339745962156E-02));
#5513 = CARTESIAN_POINT('',(-8.187894806611E-16,7.320508075689E-02));
#5514 = CARTESIAN_POINT('',(-6.383782391595E-16,-1.E-01));
#5515 = ( GEOMETRIC_REPRESENTATION_CONTEXT(2) 
PARAMETRIC_REPRESENTATION_CONTEXT() REPRESENTATION_CONTEXT('2D SPACE',''
  ) );
#5516 = ORIENTED_EDGE('',*,*,#2780,.F.);
#5517 = ADVANCED_FACE('',(#5518),#2824,.T.);
#5518 = FACE_BOUND('',#5519,.T.);
#5519 = EDGE_LOOP('',(#5520,#5543,#5568,#5569,#5570,#5571,#5572,#5573));
#5520 = ORIENTED_EDGE('',*,*,#5521,.T.);
#5521 = EDGE_CURVE('',#5466,#5522,#5524,.T.);
#5522 = VERTEX_POINT('',#5523);
#5523 = CARTESIAN_POINT('',(4.8,-8.95,1.));
#5524 = SURFACE_CURVE('',#5525,(#5529,#5536),.PCURVE_S1.);
#5525 = LINE('',#5526,#5527);
#5526 = CARTESIAN_POINT('',(4.8,-9.5,1.));
#5527 = VECTOR('',#5528,1.);
#5528 = DIRECTION('',(0.,1.,-2.22044604925E-16));
#5529 = PCURVE('',#2824,#5530);
#5530 = DEFINITIONAL_REPRESENTATION('',(#5531),#5535);
#5531 = LINE('',#5532,#5533);
#5532 = CARTESIAN_POINT('',(0.,0.));
#5533 = VECTOR('',#5534,1.);
#5534 = DIRECTION('',(0.,-1.));
#5535 = ( GEOMETRIC_REPRESENTATION_CONTEXT(2) 
PARAMETRIC_REPRESENTATION_CONTEXT() REPRESENTATION_CONTEXT('2D SPACE',''
  ) );
#5536 = PCURVE('',#5390,#5537);
#5537 = DEFINITIONAL_REPRESENTATION('',(#5538),#5542);
#5538 = LINE('',#5539,#5540);
#5539 = CARTESIAN_POINT('',(9.5,-4.8));
#5540 = VECTOR('',#5541,1.);
#5541 = DIRECTION('',(-1.,7.224068454337E-48));
#5542 = ( GEOMETRIC_REPRESENTATION_CONTEXT(2) 
PARAMETRIC_REPRESENTATION_CONTEXT() REPRESENTATION_CONTEXT('2D SPACE',''
  ) );
#5543 = ORIENTED_EDGE('',*,*,#5544,.F.);
#5544 = EDGE_CURVE('',#5314,#5522,#5545,.T.);
#5545 = SURFACE_CURVE('',#5546,(#5551,#5558),.PCURVE_S1.);
#5546 = ELLIPSE('',#5547,0.111803398875,0.1);
#5547 = AXIS2_PLACEMENT_3D('',#5548,#5549,#5550);
#5548 = CARTESIAN_POINT('',(4.75,-8.95,1.1));
#5549 = DIRECTION('',(-0.894427191,-9.930136612989E-17,-0.4472135955));
#5550 = DIRECTION('',(0.4472135955,-1.986027322598E-16,-0.894427191));
#5551 = PCURVE('',#2824,#5552);
#5552 = DEFINITIONAL_REPRESENTATION('',(#5553),#5557);
#5553 = ELLIPSE('',#5554,0.111803398875,0.1);
#5554 = AXIS2_PLACEMENT_2D('',#5555,#5556);
#5555 = CARTESIAN_POINT('',(-0.111803398875,-0.55));
#5556 = DIRECTION('',(1.,0.));
#5557 = ( GEOMETRIC_REPRESENTATION_CONTEXT(2) 
PARAMETRIC_REPRESENTATION_CONTEXT() REPRESENTATION_CONTEXT('2D SPACE',''
  ) );
#5558 = PCURVE('',#5350,#5559);
#5559 = DEFINITIONAL_REPRESENTATION('',(#5560),#5567);
#5560 = B_SPLINE_CURVE_WITH_KNOTS('',5,(#5561,#5562,#5563,#5564,#5565,
    #5566),.UNSPECIFIED.,.F.,.F.,(6,6),(4.712388980385,6.28318530718),
  .PIECEWISE_BEZIER_KNOTS.);
#5561 = CARTESIAN_POINT('',(2.6645352591E-15,9.55));
#5562 = CARTESIAN_POINT('',(-0.314159265359,9.565707963268));
#5563 = CARTESIAN_POINT('',(-0.628316285871,9.581429946668));
#5564 = CARTESIAN_POINT('',(-0.942484188601,9.593848820358));
#5565 = CARTESIAN_POINT('',(-1.256637061436,9.6));
#5566 = CARTESIAN_POINT('',(-1.570796326795,9.6));
#5567 = ( GEOMETRIC_REPRESENTATION_CONTEXT(2) 
PARAMETRIC_REPRESENTATION_CONTEXT() REPRESENTATION_CONTEXT('2D SPACE',''
  ) );
#5568 = ORIENTED_EDGE('',*,*,#5313,.F.);
#5569 = ORIENTED_EDGE('',*,*,#5292,.T.);
#5570 = ORIENTED_EDGE('',*,*,#4814,.F.);
#5571 = ORIENTED_EDGE('',*,*,#2836,.F.);
#5572 = ORIENTED_EDGE('',*,*,#2808,.T.);
#5573 = ORIENTED_EDGE('',*,*,#5488,.T.);
#5574 = ADVANCED_FACE('',(#5575),#2947,.T.);
#5575 = FACE_BOUND('',#5576,.F.);
#5576 = EDGE_LOOP('',(#5577,#5578,#5579,#5580));
#5577 = ORIENTED_EDGE('',*,*,#3084,.T.);
#5578 = ORIENTED_EDGE('',*,*,#3057,.T.);
#5579 = ORIENTED_EDGE('',*,*,#2985,.F.);
#5580 = ORIENTED_EDGE('',*,*,#2931,.T.);
#5581 = ADVANCED_FACE('',(#5582),#3149,.T.);
#5582 = FACE_BOUND('',#5583,.F.);
#5583 = EDGE_LOOP('',(#5584,#5585,#5586,#5587));
#5584 = ORIENTED_EDGE('',*,*,#3285,.T.);
#5585 = ORIENTED_EDGE('',*,*,#3258,.T.);
#5586 = ORIENTED_EDGE('',*,*,#3209,.T.);
#5587 = ORIENTED_EDGE('',*,*,#3133,.T.);
#5588 = ADVANCED_FACE('',(#5589),#3350,.T.);
#5589 = FACE_BOUND('',#5590,.T.);
#5590 = EDGE_LOOP('',(#5591,#5592,#5593,#5594));
#5591 = ORIENTED_EDGE('',*,*,#3334,.T.);
#5592 = ORIENTED_EDGE('',*,*,#3388,.T.);
#5593 = ORIENTED_EDGE('',*,*,#3437,.T.);
#5594 = ORIENTED_EDGE('',*,*,#3486,.T.);
#5595 = ADVANCED_FACE('',(#5596),#3550,.T.);
#5596 = FACE_BOUND('',#5597,.T.);
#5597 = EDGE_LOOP('',(#5598));
#5598 = ORIENTED_EDGE('',*,*,#3535,.T.);
#5599 = ADVANCED_FACE('',(#5600),#3606,.T.);
#5600 = FACE_BOUND('',#5601,.F.);
#5601 = EDGE_LOOP('',(#5602,#5603,#5604,#5605));
#5602 = ORIENTED_EDGE('',*,*,#3743,.T.);
#5603 = ORIENTED_EDGE('',*,*,#3716,.T.);
#5604 = ORIENTED_EDGE('',*,*,#3644,.F.);
#5605 = ORIENTED_EDGE('',*,*,#3590,.T.);
#5606 = ADVANCED_FACE('',(#5607),#3809,.T.);
#5607 = FACE_BOUND('',#5608,.F.);
#5608 = EDGE_LOOP('',(#5609,#5610,#5611,#5612));
#5609 = ORIENTED_EDGE('',*,*,#3945,.T.);
#5610 = ORIENTED_EDGE('',*,*,#3918,.T.);
#5611 = ORIENTED_EDGE('',*,*,#3869,.T.);
#5612 = ORIENTED_EDGE('',*,*,#3792,.F.);
#5613 = ADVANCED_FACE('',(#5614),#4010,.T.);
#5614 = FACE_BOUND('',#5615,.T.);
#5615 = EDGE_LOOP('',(#5616,#5617,#5618,#5619));
#5616 = ORIENTED_EDGE('',*,*,#3994,.T.);
#5617 = ORIENTED_EDGE('',*,*,#4048,.T.);
#5618 = ORIENTED_EDGE('',*,*,#4097,.T.);
#5619 = ORIENTED_EDGE('',*,*,#4146,.T.);
#5620 = ADVANCED_FACE('',(#5621),#4211,.T.);
#5621 = FACE_BOUND('',#5622,.T.);
#5622 = EDGE_LOOP('',(#5623,#5624,#5625,#5626));
#5623 = ORIENTED_EDGE('',*,*,#4195,.T.);
#5624 = ORIENTED_EDGE('',*,*,#4249,.T.);
#5625 = ORIENTED_EDGE('',*,*,#4298,.T.);
#5626 = ORIENTED_EDGE('',*,*,#4347,.T.);
#5627 = ADVANCED_FACE('',(#5628),#4392,.T.);
#5628 = FACE_BOUND('',#5629,.T.);
#5629 = EDGE_LOOP('',(#5630,#5631,#5652,#5653));
#5630 = ORIENTED_EDGE('',*,*,#4654,.T.);
#5631 = ORIENTED_EDGE('',*,*,#5632,.T.);
#5632 = EDGE_CURVE('',#4657,#4377,#5633,.T.);
#5633 = SURFACE_CURVE('',#5634,(#5638,#5645),.PCURVE_S1.);
#5634 = LINE('',#5635,#5636);
#5635 = CARTESIAN_POINT('',(5.75,-8.,1.));
#5636 = VECTOR('',#5637,1.);
#5637 = DIRECTION('',(0.,1.,-1.05349489977E-16));
#5638 = PCURVE('',#4392,#5639);
#5639 = DEFINITIONAL_REPRESENTATION('',(#5640),#5644);
#5640 = LINE('',#5641,#5642);
#5641 = CARTESIAN_POINT('',(8.,-5.75));
#5642 = VECTOR('',#5643,1.);
#5643 = DIRECTION('',(-1.,0.));
#5644 = ( GEOMETRIC_REPRESENTATION_CONTEXT(2) 
PARAMETRIC_REPRESENTATION_CONTEXT() REPRESENTATION_CONTEXT('2D SPACE',''
  ) );
#5645 = PCURVE('',#4421,#5646);
#5646 = DEFINITIONAL_REPRESENTATION('',(#5647),#5651);
#5647 = LINE('',#5648,#5649);
#5648 = CARTESIAN_POINT('',(-1.570796326795,0.));
#5649 = VECTOR('',#5650,1.);
#5650 = DIRECTION('',(-0.,1.));
#5651 = ( GEOMETRIC_REPRESENTATION_CONTEXT(2) 
PARAMETRIC_REPRESENTATION_CONTEXT() REPRESENTATION_CONTEXT('2D SPACE',''
  ) );
#5652 = ORIENTED_EDGE('',*,*,#4374,.F.);
#5653 = ORIENTED_EDGE('',*,*,#4762,.F.);
#5654 = ADVANCED_FACE('',(#5655),#4421,.T.);
#5655 = FACE_BOUND('',#5656,.F.);
#5656 = EDGE_LOOP('',(#5657,#5658,#5659,#5660));
#5657 = ORIENTED_EDGE('',*,*,#4729,.T.);
#5658 = ORIENTED_EDGE('',*,*,#5632,.T.);
#5659 = ORIENTED_EDGE('',*,*,#4404,.F.);
#5660 = ORIENTED_EDGE('',*,*,#4630,.F.);
#5661 = ADVANCED_FACE('',(#5662),#4886,.T.);
#5662 = FACE_BOUND('',#5663,.F.);
#5663 = EDGE_LOOP('',(#5664,#5687,#5714,#5715));
#5664 = ORIENTED_EDGE('',*,*,#5665,.T.);
#5665 = EDGE_CURVE('',#4866,#5666,#5668,.T.);
#5666 = VERTEX_POINT('',#5667);
#5667 = CARTESIAN_POINT('',(-4.82,-7.62,-4.55));
#5668 = SEAM_CURVE('',#5669,(#5673,#5680),.PCURVE_S1.);
#5669 = LINE('',#5670,#5671);
#5670 = CARTESIAN_POINT('',(-4.82,-7.62,1.65));
#5671 = VECTOR('',#5672,1.);
#5672 = DIRECTION('',(0.,0.,-1.));
#5673 = PCURVE('',#4886,#5674);
#5674 = DEFINITIONAL_REPRESENTATION('',(#5675),#5679);
#5675 = LINE('',#5676,#5677);
#5676 = CARTESIAN_POINT('',(-0.,0.));
#5677 = VECTOR('',#5678,1.);
#5678 = DIRECTION('',(-0.,-1.));
#5679 = ( GEOMETRIC_REPRESENTATION_CONTEXT(2) 
PARAMETRIC_REPRESENTATION_CONTEXT() REPRESENTATION_CONTEXT('2D SPACE',''
  ) );
#5680 = PCURVE('',#4886,#5681);
#5681 = DEFINITIONAL_REPRESENTATION('',(#5682),#5686);
#5682 = LINE('',#5683,#5684);
#5683 = CARTESIAN_POINT('',(-6.28318530718,0.));
#5684 = VECTOR('',#5685,1.);
#5685 = DIRECTION('',(-0.,-1.));
#5686 = ( GEOMETRIC_REPRESENTATION_CONTEXT(2) 
PARAMETRIC_REPRESENTATION_CONTEXT() REPRESENTATION_CONTEXT('2D SPACE',''
  ) );
#5687 = ORIENTED_EDGE('',*,*,#5688,.T.);
#5688 = EDGE_CURVE('',#5666,#5666,#5689,.T.);
#5689 = SURFACE_CURVE('',#5690,(#5695,#5702),.PCURVE_S1.);
#5690 = CIRCLE('',#5691,0.26);
#5691 = AXIS2_PLACEMENT_3D('',#5692,#5693,#5694);
#5692 = CARTESIAN_POINT('',(-5.08,-7.62,-4.55));
#5693 = DIRECTION('',(0.,-0.,-1.));
#5694 = DIRECTION('',(1.,0.,-0.));
#5695 = PCURVE('',#4886,#5696);
#5696 = DEFINITIONAL_REPRESENTATION('',(#5697),#5701);
#5697 = LINE('',#5698,#5699);
#5698 = CARTESIAN_POINT('',(-0.,-6.2));
#5699 = VECTOR('',#5700,1.);
#5700 = DIRECTION('',(-1.,0.));
#5701 = ( GEOMETRIC_REPRESENTATION_CONTEXT(2) 
PARAMETRIC_REPRESENTATION_CONTEXT() REPRESENTATION_CONTEXT('2D SPACE',''
  ) );
#5702 = PCURVE('',#5703,#5708);
#5703 = TOROIDAL_SURFACE('',#5704,0.16,0.1);
#5704 = AXIS2_PLACEMENT_3D('',#5705,#5706,#5707);
#5705 = CARTESIAN_POINT('',(-5.08,-7.62,-4.55));
#5706 = DIRECTION('',(-0.,-0.,-1.));
#5707 = DIRECTION('',(1.,0.,-0.));
#5708 = DEFINITIONAL_REPRESENTATION('',(#5709),#5713);
#5709 = LINE('',#5710,#5711);
#5710 = CARTESIAN_POINT('',(0.,0.));
#5711 = VECTOR('',#5712,1.);
#5712 = DIRECTION('',(1.,0.));
#5713 = ( GEOMETRIC_REPRESENTATION_CONTEXT(2) 
PARAMETRIC_REPRESENTATION_CONTEXT() REPRESENTATION_CONTEXT('2D SPACE',''
  ) );
#5714 = ORIENTED_EDGE('',*,*,#5665,.F.);
#5715 = ORIENTED_EDGE('',*,*,#4865,.F.);
#5716 = ADVANCED_FACE('',(#5717),#4921,.T.);
#5717 = FACE_BOUND('',#5718,.F.);
#5718 = EDGE_LOOP('',(#5719,#5742,#5769,#5770));
#5719 = ORIENTED_EDGE('',*,*,#5720,.T.);
#5720 = EDGE_CURVE('',#4901,#5721,#5723,.T.);
#5721 = VERTEX_POINT('',#5722);
#5722 = CARTESIAN_POINT('',(-2.28,-7.62,-4.55));
#5723 = SEAM_CURVE('',#5724,(#5728,#5735),.PCURVE_S1.);
#5724 = LINE('',#5725,#5726);
#5725 = CARTESIAN_POINT('',(-2.28,-7.62,1.65));
#5726 = VECTOR('',#5727,1.);
#5727 = DIRECTION('',(0.,0.,-1.));
#5728 = PCURVE('',#4921,#5729);
#5729 = DEFINITIONAL_REPRESENTATION('',(#5730),#5734);
#5730 = LINE('',#5731,#5732);
#5731 = CARTESIAN_POINT('',(-0.,0.));
#5732 = VECTOR('',#5733,1.);
#5733 = DIRECTION('',(-0.,-1.));
#5734 = ( GEOMETRIC_REPRESENTATION_CONTEXT(2) 
PARAMETRIC_REPRESENTATION_CONTEXT() REPRESENTATION_CONTEXT('2D SPACE',''
  ) );
#5735 = PCURVE('',#4921,#5736);
#5736 = DEFINITIONAL_REPRESENTATION('',(#5737),#5741);
#5737 = LINE('',#5738,#5739);
#5738 = CARTESIAN_POINT('',(-6.28318530718,0.));
#5739 = VECTOR('',#5740,1.);
#5740 = DIRECTION('',(-0.,-1.));
#5741 = ( GEOMETRIC_REPRESENTATION_CONTEXT(2) 
PARAMETRIC_REPRESENTATION_CONTEXT() REPRESENTATION_CONTEXT('2D SPACE',''
  ) );
#5742 = ORIENTED_EDGE('',*,*,#5743,.T.);
#5743 = EDGE_CURVE('',#5721,#5721,#5744,.T.);
#5744 = SURFACE_CURVE('',#5745,(#5750,#5757),.PCURVE_S1.);
#5745 = CIRCLE('',#5746,0.26);
#5746 = AXIS2_PLACEMENT_3D('',#5747,#5748,#5749);
#5747 = CARTESIAN_POINT('',(-2.54,-7.62,-4.55));
#5748 = DIRECTION('',(0.,-0.,-1.));
#5749 = DIRECTION('',(1.,0.,-0.));
#5750 = PCURVE('',#4921,#5751);
#5751 = DEFINITIONAL_REPRESENTATION('',(#5752),#5756);
#5752 = LINE('',#5753,#5754);
#5753 = CARTESIAN_POINT('',(-0.,-6.2));
#5754 = VECTOR('',#5755,1.);
#5755 = DIRECTION('',(-1.,0.));
#5756 = ( GEOMETRIC_REPRESENTATION_CONTEXT(2) 
PARAMETRIC_REPRESENTATION_CONTEXT() REPRESENTATION_CONTEXT('2D SPACE',''
  ) );
#5757 = PCURVE('',#5758,#5763);
#5758 = TOROIDAL_SURFACE('',#5759,0.16,0.1);
#5759 = AXIS2_PLACEMENT_3D('',#5760,#5761,#5762);
#5760 = CARTESIAN_POINT('',(-2.54,-7.62,-4.55));
#5761 = DIRECTION('',(-0.,-0.,-1.));
#5762 = DIRECTION('',(1.,0.,-0.));
#5763 = DEFINITIONAL_REPRESENTATION('',(#5764),#5768);
#5764 = LINE('',#5765,#5766);
#5765 = CARTESIAN_POINT('',(0.,0.));
#5766 = VECTOR('',#5767,1.);
#5767 = DIRECTION('',(1.,0.));
#5768 = ( GEOMETRIC_REPRESENTATION_CONTEXT(2) 
PARAMETRIC_REPRESENTATION_CONTEXT() REPRESENTATION_CONTEXT('2D SPACE',''
  ) );
#5769 = ORIENTED_EDGE('',*,*,#5720,.F.);
#5770 = ORIENTED_EDGE('',*,*,#4900,.F.);
#5771 = ADVANCED_FACE('',(#5772),#4956,.T.);
#5772 = FACE_BOUND('',#5773,.F.);
#5773 = EDGE_LOOP('',(#5774,#5797,#5824,#5825));
#5774 = ORIENTED_EDGE('',*,*,#5775,.T.);
#5775 = EDGE_CURVE('',#4936,#5776,#5778,.T.);
#5776 = VERTEX_POINT('',#5777);
#5777 = CARTESIAN_POINT('',(0.26,-7.62,-4.55));
#5778 = SEAM_CURVE('',#5779,(#5783,#5790),.PCURVE_S1.);
#5779 = LINE('',#5780,#5781);
#5780 = CARTESIAN_POINT('',(0.26,-7.62,1.65));
#5781 = VECTOR('',#5782,1.);
#5782 = DIRECTION('',(0.,0.,-1.));
#5783 = PCURVE('',#4956,#5784);
#5784 = DEFINITIONAL_REPRESENTATION('',(#5785),#5789);
#5785 = LINE('',#5786,#5787);
#5786 = CARTESIAN_POINT('',(-0.,0.));
#5787 = VECTOR('',#5788,1.);
#5788 = DIRECTION('',(-0.,-1.));
#5789 = ( GEOMETRIC_REPRESENTATION_CONTEXT(2) 
PARAMETRIC_REPRESENTATION_CONTEXT() REPRESENTATION_CONTEXT('2D SPACE',''
  ) );
#5790 = PCURVE('',#4956,#5791);
#5791 = DEFINITIONAL_REPRESENTATION('',(#5792),#5796);
#5792 = LINE('',#5793,#5794);
#5793 = CARTESIAN_POINT('',(-6.28318530718,0.));
#5794 = VECTOR('',#5795,1.);
#5795 = DIRECTION('',(-0.,-1.));
#5796 = ( GEOMETRIC_REPRESENTATION_CONTEXT(2) 
PARAMETRIC_REPRESENTATION_CONTEXT() REPRESENTATION_CONTEXT('2D SPACE',''
  ) );
#5797 = ORIENTED_EDGE('',*,*,#5798,.T.);
#5798 = EDGE_CURVE('',#5776,#5776,#5799,.T.);
#5799 = SURFACE_CURVE('',#5800,(#5805,#5812),.PCURVE_S1.);
#5800 = CIRCLE('',#5801,0.26);
#5801 = AXIS2_PLACEMENT_3D('',#5802,#5803,#5804);
#5802 = CARTESIAN_POINT('',(0.,-7.62,-4.55));
#5803 = DIRECTION('',(0.,-0.,-1.));
#5804 = DIRECTION('',(1.,0.,-0.));
#5805 = PCURVE('',#4956,#5806);
#5806 = DEFINITIONAL_REPRESENTATION('',(#5807),#5811);
#5807 = LINE('',#5808,#5809);
#5808 = CARTESIAN_POINT('',(-0.,-6.2));
#5809 = VECTOR('',#5810,1.);
#5810 = DIRECTION('',(-1.,0.));
#5811 = ( GEOMETRIC_REPRESENTATION_CONTEXT(2) 
PARAMETRIC_REPRESENTATION_CONTEXT() REPRESENTATION_CONTEXT('2D SPACE',''
  ) );
#5812 = PCURVE('',#5813,#5818);
#5813 = TOROIDAL_SURFACE('',#5814,0.16,0.1);
#5814 = AXIS2_PLACEMENT_3D('',#5815,#5816,#5817);
#5815 = CARTESIAN_POINT('',(0.,-7.62,-4.55));
#5816 = DIRECTION('',(-0.,-0.,-1.));
#5817 = DIRECTION('',(1.,0.,-0.));
#5818 = DEFINITIONAL_REPRESENTATION('',(#5819),#5823);
#5819 = LINE('',#5820,#5821);
#5820 = CARTESIAN_POINT('',(0.,0.));
#5821 = VECTOR('',#5822,1.);
#5822 = DIRECTION('',(1.,0.));
#5823 = ( GEOMETRIC_REPRESENTATION_CONTEXT(2) 
PARAMETRIC_REPRESENTATION_CONTEXT() REPRESENTATION_CONTEXT('2D SPACE',''
  ) );
#5824 = ORIENTED_EDGE('',*,*,#5775,.F.);
#5825 = ORIENTED_EDGE('',*,*,#4935,.F.);
#5826 = ADVANCED_FACE('',(#5827),#4991,.T.);
#5827 = FACE_BOUND('',#5828,.F.);
#5828 = EDGE_LOOP('',(#5829,#5852,#5879,#5880));
#5829 = ORIENTED_EDGE('',*,*,#5830,.T.);
#5830 = EDGE_CURVE('',#4971,#5831,#5833,.T.);
#5831 = VERTEX_POINT('',#5832);
#5832 = CARTESIAN_POINT('',(2.8,-7.62,-4.55));
#5833 = SEAM_CURVE('',#5834,(#5838,#5845),.PCURVE_S1.);
#5834 = LINE('',#5835,#5836);
#5835 = CARTESIAN_POINT('',(2.8,-7.62,1.65));
#5836 = VECTOR('',#5837,1.);
#5837 = DIRECTION('',(0.,0.,-1.));
#5838 = PCURVE('',#4991,#5839);
#5839 = DEFINITIONAL_REPRESENTATION('',(#5840),#5844);
#5840 = LINE('',#5841,#5842);
#5841 = CARTESIAN_POINT('',(-0.,0.));
#5842 = VECTOR('',#5843,1.);
#5843 = DIRECTION('',(-0.,-1.));
#5844 = ( GEOMETRIC_REPRESENTATION_CONTEXT(2) 
PARAMETRIC_REPRESENTATION_CONTEXT() REPRESENTATION_CONTEXT('2D SPACE',''
  ) );
#5845 = PCURVE('',#4991,#5846);
#5846 = DEFINITIONAL_REPRESENTATION('',(#5847),#5851);
#5847 = LINE('',#5848,#5849);
#5848 = CARTESIAN_POINT('',(-6.28318530718,0.));
#5849 = VECTOR('',#5850,1.);
#5850 = DIRECTION('',(-0.,-1.));
#5851 = ( GEOMETRIC_REPRESENTATION_CONTEXT(2) 
PARAMETRIC_REPRESENTATION_CONTEXT() REPRESENTATION_CONTEXT('2D SPACE',''
  ) );
#5852 = ORIENTED_EDGE('',*,*,#5853,.T.);
#5853 = EDGE_CURVE('',#5831,#5831,#5854,.T.);
#5854 = SURFACE_CURVE('',#5855,(#5860,#5867),.PCURVE_S1.);
#5855 = CIRCLE('',#5856,0.26);
#5856 = AXIS2_PLACEMENT_3D('',#5857,#5858,#5859);
#5857 = CARTESIAN_POINT('',(2.54,-7.62,-4.55));
#5858 = DIRECTION('',(0.,-0.,-1.));
#5859 = DIRECTION('',(1.,0.,-0.));
#5860 = PCURVE('',#4991,#5861);
#5861 = DEFINITIONAL_REPRESENTATION('',(#5862),#5866);
#5862 = LINE('',#5863,#5864);
#5863 = CARTESIAN_POINT('',(-0.,-6.2));
#5864 = VECTOR('',#5865,1.);
#5865 = DIRECTION('',(-1.,0.));
#5866 = ( GEOMETRIC_REPRESENTATION_CONTEXT(2) 
PARAMETRIC_REPRESENTATION_CONTEXT() REPRESENTATION_CONTEXT('2D SPACE',''
  ) );
#5867 = PCURVE('',#5868,#5873);
#5868 = TOROIDAL_SURFACE('',#5869,0.16,0.1);
#5869 = AXIS2_PLACEMENT_3D('',#5870,#5871,#5872);
#5870 = CARTESIAN_POINT('',(2.54,-7.62,-4.55));
#5871 = DIRECTION('',(-0.,-0.,-1.));
#5872 = DIRECTION('',(1.,0.,-0.));
#5873 = DEFINITIONAL_REPRESENTATION('',(#5874),#5878);
#5874 = LINE('',#5875,#5876);
#5875 = CARTESIAN_POINT('',(0.,0.));
#5876 = VECTOR('',#5877,1.);
#5877 = DIRECTION('',(1.,0.));
#5878 = ( GEOMETRIC_REPRESENTATION_CONTEXT(2) 
PARAMETRIC_REPRESENTATION_CONTEXT() REPRESENTATION_CONTEXT('2D SPACE',''
  ) );
#5879 = ORIENTED_EDGE('',*,*,#5830,.F.);
#5880 = ORIENTED_EDGE('',*,*,#4970,.F.);
#5881 = ADVANCED_FACE('',(#5882),#5026,.T.);
#5882 = FACE_BOUND('',#5883,.F.);
#5883 = EDGE_LOOP('',(#5884,#5907,#5934,#5935));
#5884 = ORIENTED_EDGE('',*,*,#5885,.T.);
#5885 = EDGE_CURVE('',#5006,#5886,#5888,.T.);
#5886 = VERTEX_POINT('',#5887);
#5887 = CARTESIAN_POINT('',(5.34,-7.62,-4.55));
#5888 = SEAM_CURVE('',#5889,(#5893,#5900),.PCURVE_S1.);
#5889 = LINE('',#5890,#5891);
#5890 = CARTESIAN_POINT('',(5.34,-7.62,1.65));
#5891 = VECTOR('',#5892,1.);
#5892 = DIRECTION('',(0.,0.,-1.));
#5893 = PCURVE('',#5026,#5894);
#5894 = DEFINITIONAL_REPRESENTATION('',(#5895),#5899);
#5895 = LINE('',#5896,#5897);
#5896 = CARTESIAN_POINT('',(-0.,0.));
#5897 = VECTOR('',#5898,1.);
#5898 = DIRECTION('',(-0.,-1.));
#5899 = ( GEOMETRIC_REPRESENTATION_CONTEXT(2) 
PARAMETRIC_REPRESENTATION_CONTEXT() REPRESENTATION_CONTEXT('2D SPACE',''
  ) );
#5900 = PCURVE('',#5026,#5901);
#5901 = DEFINITIONAL_REPRESENTATION('',(#5902),#5906);
#5902 = LINE('',#5903,#5904);
#5903 = CARTESIAN_POINT('',(-6.28318530718,0.));
#5904 = VECTOR('',#5905,1.);
#5905 = DIRECTION('',(-0.,-1.));
#5906 = ( GEOMETRIC_REPRESENTATION_CONTEXT(2) 
PARAMETRIC_REPRESENTATION_CONTEXT() REPRESENTATION_CONTEXT('2D SPACE',''
  ) );
#5907 = ORIENTED_EDGE('',*,*,#5908,.T.);
#5908 = EDGE_CURVE('',#5886,#5886,#5909,.T.);
#5909 = SURFACE_CURVE('',#5910,(#5915,#5922),.PCURVE_S1.);
#5910 = CIRCLE('',#5911,0.26);
#5911 = AXIS2_PLACEMENT_3D('',#5912,#5913,#5914);
#5912 = CARTESIAN_POINT('',(5.08,-7.62,-4.55));
#5913 = DIRECTION('',(0.,-0.,-1.));
#5914 = DIRECTION('',(1.,0.,-0.));
#5915 = PCURVE('',#5026,#5916);
#5916 = DEFINITIONAL_REPRESENTATION('',(#5917),#5921);
#5917 = LINE('',#5918,#5919);
#5918 = CARTESIAN_POINT('',(-0.,-6.2));
#5919 = VECTOR('',#5920,1.);
#5920 = DIRECTION('',(-1.,0.));
#5921 = ( GEOMETRIC_REPRESENTATION_CONTEXT(2) 
PARAMETRIC_REPRESENTATION_CONTEXT() REPRESENTATION_CONTEXT('2D SPACE',''
  ) );
#5922 = PCURVE('',#5923,#5928);
#5923 = TOROIDAL_SURFACE('',#5924,0.16,0.1);
#5924 = AXIS2_PLACEMENT_3D('',#5925,#5926,#5927);
#5925 = CARTESIAN_POINT('',(5.08,-7.62,-4.55));
#5926 = DIRECTION('',(-0.,-0.,-1.));
#5927 = DIRECTION('',(1.,0.,-0.));
#5928 = DEFINITIONAL_REPRESENTATION('',(#5929),#5933);
#5929 = LINE('',#5930,#5931);
#5930 = CARTESIAN_POINT('',(0.,0.));
#5931 = VECTOR('',#5932,1.);
#5932 = DIRECTION('',(1.,0.));
#5933 = ( GEOMETRIC_REPRESENTATION_CONTEXT(2) 
PARAMETRIC_REPRESENTATION_CONTEXT() REPRESENTATION_CONTEXT('2D SPACE',''
  ) );
#5934 = ORIENTED_EDGE('',*,*,#5885,.F.);
#5935 = ORIENTED_EDGE('',*,*,#5005,.F.);
#5936 = ADVANCED_FACE('',(#5937),#5061,.T.);
#5937 = FACE_BOUND('',#5938,.F.);
#5938 = EDGE_LOOP('',(#5939,#5962,#5989,#5990));
#5939 = ORIENTED_EDGE('',*,*,#5940,.T.);
#5940 = EDGE_CURVE('',#5041,#5941,#5943,.T.);
#5941 = VERTEX_POINT('',#5942);
#5942 = CARTESIAN_POINT('',(-4.82,7.62,-4.55));
#5943 = SEAM_CURVE('',#5944,(#5948,#5955),.PCURVE_S1.);
#5944 = LINE('',#5945,#5946);
#5945 = CARTESIAN_POINT('',(-4.82,7.62,1.65));
#5946 = VECTOR('',#5947,1.);
#5947 = DIRECTION('',(0.,0.,-1.));
#5948 = PCURVE('',#5061,#5949);
#5949 = DEFINITIONAL_REPRESENTATION('',(#5950),#5954);
#5950 = LINE('',#5951,#5952);
#5951 = CARTESIAN_POINT('',(-0.,0.));
#5952 = VECTOR('',#5953,1.);
#5953 = DIRECTION('',(-0.,-1.));
#5954 = ( GEOMETRIC_REPRESENTATION_CONTEXT(2) 
PARAMETRIC_REPRESENTATION_CONTEXT() REPRESENTATION_CONTEXT('2D SPACE',''
  ) );
#5955 = PCURVE('',#5061,#5956);
#5956 = DEFINITIONAL_REPRESENTATION('',(#5957),#5961);
#5957 = LINE('',#5958,#5959);
#5958 = CARTESIAN_POINT('',(-6.28318530718,0.));
#5959 = VECTOR('',#5960,1.);
#5960 = DIRECTION('',(-0.,-1.));
#5961 = ( GEOMETRIC_REPRESENTATION_CONTEXT(2) 
PARAMETRIC_REPRESENTATION_CONTEXT() REPRESENTATION_CONTEXT('2D SPACE',''
  ) );
#5962 = ORIENTED_EDGE('',*,*,#5963,.T.);
#5963 = EDGE_CURVE('',#5941,#5941,#5964,.T.);
#5964 = SURFACE_CURVE('',#5965,(#5970,#5977),.PCURVE_S1.);
#5965 = CIRCLE('',#5966,0.26);
#5966 = AXIS2_PLACEMENT_3D('',#5967,#5968,#5969);
#5967 = CARTESIAN_POINT('',(-5.08,7.62,-4.55));
#5968 = DIRECTION('',(0.,-0.,-1.));
#5969 = DIRECTION('',(1.,0.,-0.));
#5970 = PCURVE('',#5061,#5971);
#5971 = DEFINITIONAL_REPRESENTATION('',(#5972),#5976);
#5972 = LINE('',#5973,#5974);
#5973 = CARTESIAN_POINT('',(-0.,-6.2));
#5974 = VECTOR('',#5975,1.);
#5975 = DIRECTION('',(-1.,0.));
#5976 = ( GEOMETRIC_REPRESENTATION_CONTEXT(2) 
PARAMETRIC_REPRESENTATION_CONTEXT() REPRESENTATION_CONTEXT('2D SPACE',''
  ) );
#5977 = PCURVE('',#5978,#5983);
#5978 = TOROIDAL_SURFACE('',#5979,0.16,0.1);
#5979 = AXIS2_PLACEMENT_3D('',#5980,#5981,#5982);
#5980 = CARTESIAN_POINT('',(-5.08,7.62,-4.55));
#5981 = DIRECTION('',(-0.,-0.,-1.));
#5982 = DIRECTION('',(1.,0.,-0.));
#5983 = DEFINITIONAL_REPRESENTATION('',(#5984),#5988);
#5984 = LINE('',#5985,#5986);
#5985 = CARTESIAN_POINT('',(0.,0.));
#5986 = VECTOR('',#5987,1.);
#5987 = DIRECTION('',(1.,0.));
#5988 = ( GEOMETRIC_REPRESENTATION_CONTEXT(2) 
PARAMETRIC_REPRESENTATION_CONTEXT() REPRESENTATION_CONTEXT('2D SPACE',''
  ) );
#5989 = ORIENTED_EDGE('',*,*,#5940,.F.);
#5990 = ORIENTED_EDGE('',*,*,#5040,.F.);
#5991 = ADVANCED_FACE('',(#5992),#5096,.T.);
#5992 = FACE_BOUND('',#5993,.F.);
#5993 = EDGE_LOOP('',(#5994,#6017,#6044,#6045));
#5994 = ORIENTED_EDGE('',*,*,#5995,.T.);
#5995 = EDGE_CURVE('',#5076,#5996,#5998,.T.);
#5996 = VERTEX_POINT('',#5997);
#5997 = CARTESIAN_POINT('',(-2.28,7.62,-4.55));
#5998 = SEAM_CURVE('',#5999,(#6003,#6010),.PCURVE_S1.);
#5999 = LINE('',#6000,#6001);
#6000 = CARTESIAN_POINT('',(-2.28,7.62,1.65));
#6001 = VECTOR('',#6002,1.);
#6002 = DIRECTION('',(0.,0.,-1.));
#6003 = PCURVE('',#5096,#6004);
#6004 = DEFINITIONAL_REPRESENTATION('',(#6005),#6009);
#6005 = LINE('',#6006,#6007);
#6006 = CARTESIAN_POINT('',(-0.,0.));
#6007 = VECTOR('',#6008,1.);
#6008 = DIRECTION('',(-0.,-1.));
#6009 = ( GEOMETRIC_REPRESENTATION_CONTEXT(2) 
PARAMETRIC_REPRESENTATION_CONTEXT() REPRESENTATION_CONTEXT('2D SPACE',''
  ) );
#6010 = PCURVE('',#5096,#6011);
#6011 = DEFINITIONAL_REPRESENTATION('',(#6012),#6016);
#6012 = LINE('',#6013,#6014);
#6013 = CARTESIAN_POINT('',(-6.28318530718,0.));
#6014 = VECTOR('',#6015,1.);
#6015 = DIRECTION('',(-0.,-1.));
#6016 = ( GEOMETRIC_REPRESENTATION_CONTEXT(2) 
PARAMETRIC_REPRESENTATION_CONTEXT() REPRESENTATION_CONTEXT('2D SPACE',''
  ) );
#6017 = ORIENTED_EDGE('',*,*,#6018,.T.);
#6018 = EDGE_CURVE('',#5996,#5996,#6019,.T.);
#6019 = SURFACE_CURVE('',#6020,(#6025,#6032),.PCURVE_S1.);
#6020 = CIRCLE('',#6021,0.26);
#6021 = AXIS2_PLACEMENT_3D('',#6022,#6023,#6024);
#6022 = CARTESIAN_POINT('',(-2.54,7.62,-4.55));
#6023 = DIRECTION('',(0.,-0.,-1.));
#6024 = DIRECTION('',(1.,0.,-0.));
#6025 = PCURVE('',#5096,#6026);
#6026 = DEFINITIONAL_REPRESENTATION('',(#6027),#6031);
#6027 = LINE('',#6028,#6029);
#6028 = CARTESIAN_POINT('',(-0.,-6.2));
#6029 = VECTOR('',#6030,1.);
#6030 = DIRECTION('',(-1.,0.));
#6031 = ( GEOMETRIC_REPRESENTATION_CONTEXT(2) 
PARAMETRIC_REPRESENTATION_CONTEXT() REPRESENTATION_CONTEXT('2D SPACE',''
  ) );
#6032 = PCURVE('',#6033,#6038);
#6033 = TOROIDAL_SURFACE('',#6034,0.16,0.1);
#6034 = AXIS2_PLACEMENT_3D('',#6035,#6036,#6037);
#6035 = CARTESIAN_POINT('',(-2.54,7.62,-4.55));
#6036 = DIRECTION('',(-0.,-0.,-1.));
#6037 = DIRECTION('',(1.,0.,-0.));
#6038 = DEFINITIONAL_REPRESENTATION('',(#6039),#6043);
#6039 = LINE('',#6040,#6041);
#6040 = CARTESIAN_POINT('',(0.,0.));
#6041 = VECTOR('',#6042,1.);
#6042 = DIRECTION('',(1.,0.));
#6043 = ( GEOMETRIC_REPRESENTATION_CONTEXT(2) 
PARAMETRIC_REPRESENTATION_CONTEXT() REPRESENTATION_CONTEXT('2D SPACE',''
  ) );
#6044 = ORIENTED_EDGE('',*,*,#5995,.F.);
#6045 = ORIENTED_EDGE('',*,*,#5075,.F.);
#6046 = ADVANCED_FACE('',(#6047),#5131,.T.);
#6047 = FACE_BOUND('',#6048,.F.);
#6048 = EDGE_LOOP('',(#6049,#6072,#6099,#6100));
#6049 = ORIENTED_EDGE('',*,*,#6050,.T.);
#6050 = EDGE_CURVE('',#5111,#6051,#6053,.T.);
#6051 = VERTEX_POINT('',#6052);
#6052 = CARTESIAN_POINT('',(0.26,7.62,-4.55));
#6053 = SEAM_CURVE('',#6054,(#6058,#6065),.PCURVE_S1.);
#6054 = LINE('',#6055,#6056);
#6055 = CARTESIAN_POINT('',(0.26,7.62,1.65));
#6056 = VECTOR('',#6057,1.);
#6057 = DIRECTION('',(0.,0.,-1.));
#6058 = PCURVE('',#5131,#6059);
#6059 = DEFINITIONAL_REPRESENTATION('',(#6060),#6064);
#6060 = LINE('',#6061,#6062);
#6061 = CARTESIAN_POINT('',(-0.,0.));
#6062 = VECTOR('',#6063,1.);
#6063 = DIRECTION('',(-0.,-1.));
#6064 = ( GEOMETRIC_REPRESENTATION_CONTEXT(2) 
PARAMETRIC_REPRESENTATION_CONTEXT() REPRESENTATION_CONTEXT('2D SPACE',''
  ) );
#6065 = PCURVE('',#5131,#6066);
#6066 = DEFINITIONAL_REPRESENTATION('',(#6067),#6071);
#6067 = LINE('',#6068,#6069);
#6068 = CARTESIAN_POINT('',(-6.28318530718,0.));
#6069 = VECTOR('',#6070,1.);
#6070 = DIRECTION('',(-0.,-1.));
#6071 = ( GEOMETRIC_REPRESENTATION_CONTEXT(2) 
PARAMETRIC_REPRESENTATION_CONTEXT() REPRESENTATION_CONTEXT('2D SPACE',''
  ) );
#6072 = ORIENTED_EDGE('',*,*,#6073,.T.);
#6073 = EDGE_CURVE('',#6051,#6051,#6074,.T.);
#6074 = SURFACE_CURVE('',#6075,(#6080,#6087),.PCURVE_S1.);
#6075 = CIRCLE('',#6076,0.26);
#6076 = AXIS2_PLACEMENT_3D('',#6077,#6078,#6079);
#6077 = CARTESIAN_POINT('',(0.,7.62,-4.55));
#6078 = DIRECTION('',(0.,-0.,-1.));
#6079 = DIRECTION('',(1.,0.,-0.));
#6080 = PCURVE('',#5131,#6081);
#6081 = DEFINITIONAL_REPRESENTATION('',(#6082),#6086);
#6082 = LINE('',#6083,#6084);
#6083 = CARTESIAN_POINT('',(-0.,-6.2));
#6084 = VECTOR('',#6085,1.);
#6085 = DIRECTION('',(-1.,0.));
#6086 = ( GEOMETRIC_REPRESENTATION_CONTEXT(2) 
PARAMETRIC_REPRESENTATION_CONTEXT() REPRESENTATION_CONTEXT('2D SPACE',''
  ) );
#6087 = PCURVE('',#6088,#6093);
#6088 = TOROIDAL_SURFACE('',#6089,0.16,0.1);
#6089 = AXIS2_PLACEMENT_3D('',#6090,#6091,#6092);
#6090 = CARTESIAN_POINT('',(0.,7.62,-4.55));
#6091 = DIRECTION('',(-0.,-0.,-1.));
#6092 = DIRECTION('',(1.,0.,-0.));
#6093 = DEFINITIONAL_REPRESENTATION('',(#6094),#6098);
#6094 = LINE('',#6095,#6096);
#6095 = CARTESIAN_POINT('',(0.,0.));
#6096 = VECTOR('',#6097,1.);
#6097 = DIRECTION('',(1.,0.));
#6098 = ( GEOMETRIC_REPRESENTATION_CONTEXT(2) 
PARAMETRIC_REPRESENTATION_CONTEXT() REPRESENTATION_CONTEXT('2D SPACE',''
  ) );
#6099 = ORIENTED_EDGE('',*,*,#6050,.F.);
#6100 = ORIENTED_EDGE('',*,*,#5110,.F.);
#6101 = ADVANCED_FACE('',(#6102),#5166,.T.);
#6102 = FACE_BOUND('',#6103,.F.);
#6103 = EDGE_LOOP('',(#6104,#6127,#6154,#6155));
#6104 = ORIENTED_EDGE('',*,*,#6105,.T.);
#6105 = EDGE_CURVE('',#5146,#6106,#6108,.T.);
#6106 = VERTEX_POINT('',#6107);
#6107 = CARTESIAN_POINT('',(2.8,7.62,-4.55));
#6108 = SEAM_CURVE('',#6109,(#6113,#6120),.PCURVE_S1.);
#6109 = LINE('',#6110,#6111);
#6110 = CARTESIAN_POINT('',(2.8,7.62,1.65));
#6111 = VECTOR('',#6112,1.);
#6112 = DIRECTION('',(0.,0.,-1.));
#6113 = PCURVE('',#5166,#6114);
#6114 = DEFINITIONAL_REPRESENTATION('',(#6115),#6119);
#6115 = LINE('',#6116,#6117);
#6116 = CARTESIAN_POINT('',(-0.,0.));
#6117 = VECTOR('',#6118,1.);
#6118 = DIRECTION('',(-0.,-1.));
#6119 = ( GEOMETRIC_REPRESENTATION_CONTEXT(2) 
PARAMETRIC_REPRESENTATION_CONTEXT() REPRESENTATION_CONTEXT('2D SPACE',''
  ) );
#6120 = PCURVE('',#5166,#6121);
#6121 = DEFINITIONAL_REPRESENTATION('',(#6122),#6126);
#6122 = LINE('',#6123,#6124);
#6123 = CARTESIAN_POINT('',(-6.28318530718,0.));
#6124 = VECTOR('',#6125,1.);
#6125 = DIRECTION('',(-0.,-1.));
#6126 = ( GEOMETRIC_REPRESENTATION_CONTEXT(2) 
PARAMETRIC_REPRESENTATION_CONTEXT() REPRESENTATION_CONTEXT('2D SPACE',''
  ) );
#6127 = ORIENTED_EDGE('',*,*,#6128,.T.);
#6128 = EDGE_CURVE('',#6106,#6106,#6129,.T.);
#6129 = SURFACE_CURVE('',#6130,(#6135,#6142),.PCURVE_S1.);
#6130 = CIRCLE('',#6131,0.26);
#6131 = AXIS2_PLACEMENT_3D('',#6132,#6133,#6134);
#6132 = CARTESIAN_POINT('',(2.54,7.62,-4.55));
#6133 = DIRECTION('',(0.,-0.,-1.));
#6134 = DIRECTION('',(1.,0.,-0.));
#6135 = PCURVE('',#5166,#6136);
#6136 = DEFINITIONAL_REPRESENTATION('',(#6137),#6141);
#6137 = LINE('',#6138,#6139);
#6138 = CARTESIAN_POINT('',(-0.,-6.2));
#6139 = VECTOR('',#6140,1.);
#6140 = DIRECTION('',(-1.,0.));
#6141 = ( GEOMETRIC_REPRESENTATION_CONTEXT(2) 
PARAMETRIC_REPRESENTATION_CONTEXT() REPRESENTATION_CONTEXT('2D SPACE',''
  ) );
#6142 = PCURVE('',#6143,#6148);
#6143 = TOROIDAL_SURFACE('',#6144,0.16,0.1);
#6144 = AXIS2_PLACEMENT_3D('',#6145,#6146,#6147);
#6145 = CARTESIAN_POINT('',(2.54,7.62,-4.55));
#6146 = DIRECTION('',(-0.,-0.,-1.));
#6147 = DIRECTION('',(1.,0.,-0.));
#6148 = DEFINITIONAL_REPRESENTATION('',(#6149),#6153);
#6149 = LINE('',#6150,#6151);
#6150 = CARTESIAN_POINT('',(0.,0.));
#6151 = VECTOR('',#6152,1.);
#6152 = DIRECTION('',(1.,0.));
#6153 = ( GEOMETRIC_REPRESENTATION_CONTEXT(2) 
PARAMETRIC_REPRESENTATION_CONTEXT() REPRESENTATION_CONTEXT('2D SPACE',''
  ) );
#6154 = ORIENTED_EDGE('',*,*,#6105,.F.);
#6155 = ORIENTED_EDGE('',*,*,#5145,.F.);
#6156 = ADVANCED_FACE('',(#6157),#5201,.T.);
#6157 = FACE_BOUND('',#6158,.F.);
#6158 = EDGE_LOOP('',(#6159,#6182,#6209,#6210));
#6159 = ORIENTED_EDGE('',*,*,#6160,.T.);
#6160 = EDGE_CURVE('',#5181,#6161,#6163,.T.);
#6161 = VERTEX_POINT('',#6162);
#6162 = CARTESIAN_POINT('',(5.34,7.62,-4.55));
#6163 = SEAM_CURVE('',#6164,(#6168,#6175),.PCURVE_S1.);
#6164 = LINE('',#6165,#6166);
#6165 = CARTESIAN_POINT('',(5.34,7.62,1.65));
#6166 = VECTOR('',#6167,1.);
#6167 = DIRECTION('',(0.,0.,-1.));
#6168 = PCURVE('',#5201,#6169);
#6169 = DEFINITIONAL_REPRESENTATION('',(#6170),#6174);
#6170 = LINE('',#6171,#6172);
#6171 = CARTESIAN_POINT('',(-0.,0.));
#6172 = VECTOR('',#6173,1.);
#6173 = DIRECTION('',(-0.,-1.));
#6174 = ( GEOMETRIC_REPRESENTATION_CONTEXT(2) 
PARAMETRIC_REPRESENTATION_CONTEXT() REPRESENTATION_CONTEXT('2D SPACE',''
  ) );
#6175 = PCURVE('',#5201,#6176);
#6176 = DEFINITIONAL_REPRESENTATION('',(#6177),#6181);
#6177 = LINE('',#6178,#6179);
#6178 = CARTESIAN_POINT('',(-6.28318530718,0.));
#6179 = VECTOR('',#6180,1.);
#6180 = DIRECTION('',(-0.,-1.));
#6181 = ( GEOMETRIC_REPRESENTATION_CONTEXT(2) 
PARAMETRIC_REPRESENTATION_CONTEXT() REPRESENTATION_CONTEXT('2D SPACE',''
  ) );
#6182 = ORIENTED_EDGE('',*,*,#6183,.T.);
#6183 = EDGE_CURVE('',#6161,#6161,#6184,.T.);
#6184 = SURFACE_CURVE('',#6185,(#6190,#6197),.PCURVE_S1.);
#6185 = CIRCLE('',#6186,0.26);
#6186 = AXIS2_PLACEMENT_3D('',#6187,#6188,#6189);
#6187 = CARTESIAN_POINT('',(5.08,7.62,-4.55));
#6188 = DIRECTION('',(0.,-0.,-1.));
#6189 = DIRECTION('',(1.,0.,-0.));
#6190 = PCURVE('',#5201,#6191);
#6191 = DEFINITIONAL_REPRESENTATION('',(#6192),#6196);
#6192 = LINE('',#6193,#6194);
#6193 = CARTESIAN_POINT('',(-0.,-6.2));
#6194 = VECTOR('',#6195,1.);
#6195 = DIRECTION('',(-1.,0.));
#6196 = ( GEOMETRIC_REPRESENTATION_CONTEXT(2) 
PARAMETRIC_REPRESENTATION_CONTEXT() REPRESENTATION_CONTEXT('2D SPACE',''
  ) );
#6197 = PCURVE('',#6198,#6203);
#6198 = TOROIDAL_SURFACE('',#6199,0.16,0.1);
#6199 = AXIS2_PLACEMENT_3D('',#6200,#6201,#6202);
#6200 = CARTESIAN_POINT('',(5.08,7.62,-4.55));
#6201 = DIRECTION('',(-0.,-0.,-1.));
#6202 = DIRECTION('',(1.,0.,-0.));
#6203 = DEFINITIONAL_REPRESENTATION('',(#6204),#6208);
#6204 = LINE('',#6205,#6206);
#6205 = CARTESIAN_POINT('',(0.,0.));
#6206 = VECTOR('',#6207,1.);
#6207 = DIRECTION('',(1.,0.));
#6208 = ( GEOMETRIC_REPRESENTATION_CONTEXT(2) 
PARAMETRIC_REPRESENTATION_CONTEXT() REPRESENTATION_CONTEXT('2D SPACE',''
  ) );
#6209 = ORIENTED_EDGE('',*,*,#6160,.F.);
#6210 = ORIENTED_EDGE('',*,*,#5180,.F.);
#6211 = ADVANCED_FACE('',(#6212),#5350,.T.);
#6212 = FACE_BOUND('',#6213,.F.);
#6213 = EDGE_LOOP('',(#6214,#6215,#6236,#6237));
#6214 = ORIENTED_EDGE('',*,*,#5432,.T.);
#6215 = ORIENTED_EDGE('',*,*,#6216,.T.);
#6216 = EDGE_CURVE('',#5375,#5522,#6217,.T.);
#6217 = SURFACE_CURVE('',#6218,(#6222,#6229),.PCURVE_S1.);
#6218 = LINE('',#6219,#6220);
#6219 = CARTESIAN_POINT('',(-4.8,-8.95,1.));
#6220 = VECTOR('',#6221,1.);
#6221 = DIRECTION('',(1.,0.,6.190549156711E-32));
#6222 = PCURVE('',#5350,#6223);
#6223 = DEFINITIONAL_REPRESENTATION('',(#6224),#6228);
#6224 = LINE('',#6225,#6226);
#6225 = CARTESIAN_POINT('',(-1.570796326795,0.));
#6226 = VECTOR('',#6227,1.);
#6227 = DIRECTION('',(-0.,1.));
#6228 = ( GEOMETRIC_REPRESENTATION_CONTEXT(2) 
PARAMETRIC_REPRESENTATION_CONTEXT() REPRESENTATION_CONTEXT('2D SPACE',''
  ) );
#6229 = PCURVE('',#5390,#6230);
#6230 = DEFINITIONAL_REPRESENTATION('',(#6231),#6235);
#6231 = LINE('',#6232,#6233);
#6232 = CARTESIAN_POINT('',(8.95,4.8));
#6233 = VECTOR('',#6234,1.);
#6234 = DIRECTION('',(6.521711963371E-48,-1.));
#6235 = ( GEOMETRIC_REPRESENTATION_CONTEXT(2) 
PARAMETRIC_REPRESENTATION_CONTEXT() REPRESENTATION_CONTEXT('2D SPACE',''
  ) );
#6236 = ORIENTED_EDGE('',*,*,#5544,.F.);
#6237 = ORIENTED_EDGE('',*,*,#5336,.F.);
#6238 = ADVANCED_FACE('',(#6239),#5390,.T.);
#6239 = FACE_BOUND('',#6240,.T.);
#6240 = EDGE_LOOP('',(#6241,#6242,#6243,#6244));
#6241 = ORIENTED_EDGE('',*,*,#5372,.T.);
#6242 = ORIENTED_EDGE('',*,*,#6216,.T.);
#6243 = ORIENTED_EDGE('',*,*,#5521,.F.);
#6244 = ORIENTED_EDGE('',*,*,#5465,.F.);
#6245 = ADVANCED_FACE('',(#6246),#5703,.T.);
#6246 = FACE_BOUND('',#6247,.T.);
#6247 = EDGE_LOOP('',(#6248,#6270,#6271,#6272));
#6248 = ORIENTED_EDGE('',*,*,#6249,.F.);
#6249 = EDGE_CURVE('',#5666,#6250,#6252,.T.);
#6250 = VERTEX_POINT('',#6251);
#6251 = CARTESIAN_POINT('',(-4.92,-7.62,-4.65));
#6252 = SEAM_CURVE('',#6253,(#6258,#6264),.PCURVE_S1.);
#6253 = CIRCLE('',#6254,0.1);
#6254 = AXIS2_PLACEMENT_3D('',#6255,#6256,#6257);
#6255 = CARTESIAN_POINT('',(-4.92,-7.62,-4.55));
#6256 = DIRECTION('',(-0.,1.,0.));
#6257 = DIRECTION('',(1.,0.,0.));
#6258 = PCURVE('',#5703,#6259);
#6259 = DEFINITIONAL_REPRESENTATION('',(#6260),#6263);
#6260 = B_SPLINE_CURVE_WITH_KNOTS('',1,(#6261,#6262),.UNSPECIFIED.,.F.,
  .F.,(2,2),(0.,1.570796326795),.PIECEWISE_BEZIER_KNOTS.);
#6261 = CARTESIAN_POINT('',(0.,0.));
#6262 = CARTESIAN_POINT('',(0.,1.570796326795));
#6263 = ( GEOMETRIC_REPRESENTATION_CONTEXT(2) 
PARAMETRIC_REPRESENTATION_CONTEXT() REPRESENTATION_CONTEXT('2D SPACE',''
  ) );
#6264 = PCURVE('',#5703,#6265);
#6265 = DEFINITIONAL_REPRESENTATION('',(#6266),#6269);
#6266 = B_SPLINE_CURVE_WITH_KNOTS('',1,(#6267,#6268),.UNSPECIFIED.,.F.,
  .F.,(2,2),(0.,1.570796326795),.PIECEWISE_BEZIER_KNOTS.);
#6267 = CARTESIAN_POINT('',(6.28318530718,0.));
#6268 = CARTESIAN_POINT('',(6.28318530718,1.570796326795));
#6269 = ( GEOMETRIC_REPRESENTATION_CONTEXT(2) 
PARAMETRIC_REPRESENTATION_CONTEXT() REPRESENTATION_CONTEXT('2D SPACE',''
  ) );
#6270 = ORIENTED_EDGE('',*,*,#5688,.T.);
#6271 = ORIENTED_EDGE('',*,*,#6249,.T.);
#6272 = ORIENTED_EDGE('',*,*,#6273,.F.);
#6273 = EDGE_CURVE('',#6250,#6250,#6274,.T.);
#6274 = SURFACE_CURVE('',#6275,(#6280,#6287),.PCURVE_S1.);
#6275 = CIRCLE('',#6276,0.16);
#6276 = AXIS2_PLACEMENT_3D('',#6277,#6278,#6279);
#6277 = CARTESIAN_POINT('',(-5.08,-7.62,-4.65));
#6278 = DIRECTION('',(0.,-0.,-1.));
#6279 = DIRECTION('',(1.,0.,-0.));
#6280 = PCURVE('',#5703,#6281);
#6281 = DEFINITIONAL_REPRESENTATION('',(#6282),#6286);
#6282 = LINE('',#6283,#6284);
#6283 = CARTESIAN_POINT('',(0.,1.570796326795));
#6284 = VECTOR('',#6285,1.);
#6285 = DIRECTION('',(1.,0.));
#6286 = ( GEOMETRIC_REPRESENTATION_CONTEXT(2) 
PARAMETRIC_REPRESENTATION_CONTEXT() REPRESENTATION_CONTEXT('2D SPACE',''
  ) );
#6287 = PCURVE('',#6288,#6293);
#6288 = PLANE('',#6289);
#6289 = AXIS2_PLACEMENT_3D('',#6290,#6291,#6292);
#6290 = CARTESIAN_POINT('',(-5.08,-7.62,-4.65));
#6291 = DIRECTION('',(0.,0.,1.));
#6292 = DIRECTION('',(1.,0.,0.));
#6293 = DEFINITIONAL_REPRESENTATION('',(#6294),#6302);
#6294 = ( BOUNDED_CURVE() B_SPLINE_CURVE(2,(#6295,#6296,#6297,#6298,
#6299,#6300,#6301),.UNSPECIFIED.,.T.,.F.) B_SPLINE_CURVE_WITH_KNOTS((1,2
    ,2,2,2,1),(-2.094395102393,0.,2.094395102393,4.188790204786,
6.28318530718,8.377580409573),.UNSPECIFIED.) CURVE() 
GEOMETRIC_REPRESENTATION_ITEM() RATIONAL_B_SPLINE_CURVE((1.,0.5,1.,0.5,
1.,0.5,1.)) REPRESENTATION_ITEM('') );
#6295 = CARTESIAN_POINT('',(0.16,0.));
#6296 = CARTESIAN_POINT('',(0.16,-0.277128129211));
#6297 = CARTESIAN_POINT('',(-8.E-02,-0.138564064606));
#6298 = CARTESIAN_POINT('',(-0.32,-3.918869757272E-17));
#6299 = CARTESIAN_POINT('',(-8.E-02,0.138564064606));
#6300 = CARTESIAN_POINT('',(0.16,0.277128129211));
#6301 = CARTESIAN_POINT('',(0.16,0.));
#6302 = ( GEOMETRIC_REPRESENTATION_CONTEXT(2) 
PARAMETRIC_REPRESENTATION_CONTEXT() REPRESENTATION_CONTEXT('2D SPACE',''
  ) );
#6303 = ADVANCED_FACE('',(#6304),#5758,.T.);
#6304 = FACE_BOUND('',#6305,.T.);
#6305 = EDGE_LOOP('',(#6306,#6328,#6329,#6330));
#6306 = ORIENTED_EDGE('',*,*,#6307,.F.);
#6307 = EDGE_CURVE('',#5721,#6308,#6310,.T.);
#6308 = VERTEX_POINT('',#6309);
#6309 = CARTESIAN_POINT('',(-2.38,-7.62,-4.65));
#6310 = SEAM_CURVE('',#6311,(#6316,#6322),.PCURVE_S1.);
#6311 = CIRCLE('',#6312,0.1);
#6312 = AXIS2_PLACEMENT_3D('',#6313,#6314,#6315);
#6313 = CARTESIAN_POINT('',(-2.38,-7.62,-4.55));
#6314 = DIRECTION('',(-0.,1.,0.));
#6315 = DIRECTION('',(1.,0.,0.));
#6316 = PCURVE('',#5758,#6317);
#6317 = DEFINITIONAL_REPRESENTATION('',(#6318),#6321);
#6318 = B_SPLINE_CURVE_WITH_KNOTS('',1,(#6319,#6320),.UNSPECIFIED.,.F.,
  .F.,(2,2),(0.,1.570796326795),.PIECEWISE_BEZIER_KNOTS.);
#6319 = CARTESIAN_POINT('',(0.,0.));
#6320 = CARTESIAN_POINT('',(0.,1.570796326795));
#6321 = ( GEOMETRIC_REPRESENTATION_CONTEXT(2) 
PARAMETRIC_REPRESENTATION_CONTEXT() REPRESENTATION_CONTEXT('2D SPACE',''
  ) );
#6322 = PCURVE('',#5758,#6323);
#6323 = DEFINITIONAL_REPRESENTATION('',(#6324),#6327);
#6324 = B_SPLINE_CURVE_WITH_KNOTS('',1,(#6325,#6326),.UNSPECIFIED.,.F.,
  .F.,(2,2),(0.,1.570796326795),.PIECEWISE_BEZIER_KNOTS.);
#6325 = CARTESIAN_POINT('',(6.28318530718,0.));
#6326 = CARTESIAN_POINT('',(6.28318530718,1.570796326795));
#6327 = ( GEOMETRIC_REPRESENTATION_CONTEXT(2) 
PARAMETRIC_REPRESENTATION_CONTEXT() REPRESENTATION_CONTEXT('2D SPACE',''
  ) );
#6328 = ORIENTED_EDGE('',*,*,#5743,.T.);
#6329 = ORIENTED_EDGE('',*,*,#6307,.T.);
#6330 = ORIENTED_EDGE('',*,*,#6331,.F.);
#6331 = EDGE_CURVE('',#6308,#6308,#6332,.T.);
#6332 = SURFACE_CURVE('',#6333,(#6338,#6345),.PCURVE_S1.);
#6333 = CIRCLE('',#6334,0.16);
#6334 = AXIS2_PLACEMENT_3D('',#6335,#6336,#6337);
#6335 = CARTESIAN_POINT('',(-2.54,-7.62,-4.65));
#6336 = DIRECTION('',(0.,-0.,-1.));
#6337 = DIRECTION('',(1.,0.,-0.));
#6338 = PCURVE('',#5758,#6339);
#6339 = DEFINITIONAL_REPRESENTATION('',(#6340),#6344);
#6340 = LINE('',#6341,#6342);
#6341 = CARTESIAN_POINT('',(0.,1.570796326795));
#6342 = VECTOR('',#6343,1.);
#6343 = DIRECTION('',(1.,0.));
#6344 = ( GEOMETRIC_REPRESENTATION_CONTEXT(2) 
PARAMETRIC_REPRESENTATION_CONTEXT() REPRESENTATION_CONTEXT('2D SPACE',''
  ) );
#6345 = PCURVE('',#6346,#6351);
#6346 = PLANE('',#6347);
#6347 = AXIS2_PLACEMENT_3D('',#6348,#6349,#6350);
#6348 = CARTESIAN_POINT('',(-2.54,-7.62,-4.65));
#6349 = DIRECTION('',(0.,0.,1.));
#6350 = DIRECTION('',(1.,0.,0.));
#6351 = DEFINITIONAL_REPRESENTATION('',(#6352),#6360);
#6352 = ( BOUNDED_CURVE() B_SPLINE_CURVE(2,(#6353,#6354,#6355,#6356,
#6357,#6358,#6359),.UNSPECIFIED.,.T.,.F.) B_SPLINE_CURVE_WITH_KNOTS((1,2
    ,2,2,2,1),(-2.094395102393,0.,2.094395102393,4.188790204786,
6.28318530718,8.377580409573),.UNSPECIFIED.) CURVE() 
GEOMETRIC_REPRESENTATION_ITEM() RATIONAL_B_SPLINE_CURVE((1.,0.5,1.,0.5,
1.,0.5,1.)) REPRESENTATION_ITEM('') );
#6353 = CARTESIAN_POINT('',(0.16,0.));
#6354 = CARTESIAN_POINT('',(0.16,-0.277128129211));
#6355 = CARTESIAN_POINT('',(-8.E-02,-0.138564064606));
#6356 = CARTESIAN_POINT('',(-0.32,-3.918869757272E-17));
#6357 = CARTESIAN_POINT('',(-8.E-02,0.138564064606));
#6358 = CARTESIAN_POINT('',(0.16,0.277128129211));
#6359 = CARTESIAN_POINT('',(0.16,0.));
#6360 = ( GEOMETRIC_REPRESENTATION_CONTEXT(2) 
PARAMETRIC_REPRESENTATION_CONTEXT() REPRESENTATION_CONTEXT('2D SPACE',''
  ) );
#6361 = ADVANCED_FACE('',(#6362),#5813,.T.);
#6362 = FACE_BOUND('',#6363,.T.);
#6363 = EDGE_LOOP('',(#6364,#6386,#6387,#6388));
#6364 = ORIENTED_EDGE('',*,*,#6365,.F.);
#6365 = EDGE_CURVE('',#5776,#6366,#6368,.T.);
#6366 = VERTEX_POINT('',#6367);
#6367 = CARTESIAN_POINT('',(0.16,-7.62,-4.65));
#6368 = SEAM_CURVE('',#6369,(#6374,#6380),.PCURVE_S1.);
#6369 = CIRCLE('',#6370,0.1);
#6370 = AXIS2_PLACEMENT_3D('',#6371,#6372,#6373);
#6371 = CARTESIAN_POINT('',(0.16,-7.62,-4.55));
#6372 = DIRECTION('',(-0.,1.,0.));
#6373 = DIRECTION('',(1.,0.,0.));
#6374 = PCURVE('',#5813,#6375);
#6375 = DEFINITIONAL_REPRESENTATION('',(#6376),#6379);
#6376 = B_SPLINE_CURVE_WITH_KNOTS('',1,(#6377,#6378),.UNSPECIFIED.,.F.,
  .F.,(2,2),(0.,1.570796326795),.PIECEWISE_BEZIER_KNOTS.);
#6377 = CARTESIAN_POINT('',(0.,0.));
#6378 = CARTESIAN_POINT('',(0.,1.570796326795));
#6379 = ( GEOMETRIC_REPRESENTATION_CONTEXT(2) 
PARAMETRIC_REPRESENTATION_CONTEXT() REPRESENTATION_CONTEXT('2D SPACE',''
  ) );
#6380 = PCURVE('',#5813,#6381);
#6381 = DEFINITIONAL_REPRESENTATION('',(#6382),#6385);
#6382 = B_SPLINE_CURVE_WITH_KNOTS('',1,(#6383,#6384),.UNSPECIFIED.,.F.,
  .F.,(2,2),(0.,1.570796326795),.PIECEWISE_BEZIER_KNOTS.);
#6383 = CARTESIAN_POINT('',(6.28318530718,0.));
#6384 = CARTESIAN_POINT('',(6.28318530718,1.570796326795));
#6385 = ( GEOMETRIC_REPRESENTATION_CONTEXT(2) 
PARAMETRIC_REPRESENTATION_CONTEXT() REPRESENTATION_CONTEXT('2D SPACE',''
  ) );
#6386 = ORIENTED_EDGE('',*,*,#5798,.T.);
#6387 = ORIENTED_EDGE('',*,*,#6365,.T.);
#6388 = ORIENTED_EDGE('',*,*,#6389,.F.);
#6389 = EDGE_CURVE('',#6366,#6366,#6390,.T.);
#6390 = SURFACE_CURVE('',#6391,(#6396,#6403),.PCURVE_S1.);
#6391 = CIRCLE('',#6392,0.16);
#6392 = AXIS2_PLACEMENT_3D('',#6393,#6394,#6395);
#6393 = CARTESIAN_POINT('',(0.,-7.62,-4.65));
#6394 = DIRECTION('',(0.,-0.,-1.));
#6395 = DIRECTION('',(1.,0.,-0.));
#6396 = PCURVE('',#5813,#6397);
#6397 = DEFINITIONAL_REPRESENTATION('',(#6398),#6402);
#6398 = LINE('',#6399,#6400);
#6399 = CARTESIAN_POINT('',(0.,1.570796326795));
#6400 = VECTOR('',#6401,1.);
#6401 = DIRECTION('',(1.,0.));
#6402 = ( GEOMETRIC_REPRESENTATION_CONTEXT(2) 
PARAMETRIC_REPRESENTATION_CONTEXT() REPRESENTATION_CONTEXT('2D SPACE',''
  ) );
#6403 = PCURVE('',#6404,#6409);
#6404 = PLANE('',#6405);
#6405 = AXIS2_PLACEMENT_3D('',#6406,#6407,#6408);
#6406 = CARTESIAN_POINT('',(0.,-7.62,-4.65));
#6407 = DIRECTION('',(0.,0.,1.));
#6408 = DIRECTION('',(1.,0.,0.));
#6409 = DEFINITIONAL_REPRESENTATION('',(#6410),#6418);
#6410 = ( BOUNDED_CURVE() B_SPLINE_CURVE(2,(#6411,#6412,#6413,#6414,
#6415,#6416,#6417),.UNSPECIFIED.,.T.,.F.) B_SPLINE_CURVE_WITH_KNOTS((1,2
    ,2,2,2,1),(-2.094395102393,0.,2.094395102393,4.188790204786,
6.28318530718,8.377580409573),.UNSPECIFIED.) CURVE() 
GEOMETRIC_REPRESENTATION_ITEM() RATIONAL_B_SPLINE_CURVE((1.,0.5,1.,0.5,
1.,0.5,1.)) REPRESENTATION_ITEM('') );
#6411 = CARTESIAN_POINT('',(0.16,0.));
#6412 = CARTESIAN_POINT('',(0.16,-0.277128129211));
#6413 = CARTESIAN_POINT('',(-8.E-02,-0.138564064606));
#6414 = CARTESIAN_POINT('',(-0.32,-3.918869757272E-17));
#6415 = CARTESIAN_POINT('',(-8.E-02,0.138564064606));
#6416 = CARTESIAN_POINT('',(0.16,0.277128129211));
#6417 = CARTESIAN_POINT('',(0.16,0.));
#6418 = ( GEOMETRIC_REPRESENTATION_CONTEXT(2) 
PARAMETRIC_REPRESENTATION_CONTEXT() REPRESENTATION_CONTEXT('2D SPACE',''
  ) );
#6419 = ADVANCED_FACE('',(#6420),#5868,.T.);
#6420 = FACE_BOUND('',#6421,.T.);
#6421 = EDGE_LOOP('',(#6422,#6444,#6445,#6446));
#6422 = ORIENTED_EDGE('',*,*,#6423,.F.);
#6423 = EDGE_CURVE('',#5831,#6424,#6426,.T.);
#6424 = VERTEX_POINT('',#6425);
#6425 = CARTESIAN_POINT('',(2.7,-7.62,-4.65));
#6426 = SEAM_CURVE('',#6427,(#6432,#6438),.PCURVE_S1.);
#6427 = CIRCLE('',#6428,0.1);
#6428 = AXIS2_PLACEMENT_3D('',#6429,#6430,#6431);
#6429 = CARTESIAN_POINT('',(2.7,-7.62,-4.55));
#6430 = DIRECTION('',(-0.,1.,0.));
#6431 = DIRECTION('',(1.,0.,0.));
#6432 = PCURVE('',#5868,#6433);
#6433 = DEFINITIONAL_REPRESENTATION('',(#6434),#6437);
#6434 = B_SPLINE_CURVE_WITH_KNOTS('',1,(#6435,#6436),.UNSPECIFIED.,.F.,
  .F.,(2,2),(0.,1.570796326795),.PIECEWISE_BEZIER_KNOTS.);
#6435 = CARTESIAN_POINT('',(0.,0.));
#6436 = CARTESIAN_POINT('',(0.,1.570796326795));
#6437 = ( GEOMETRIC_REPRESENTATION_CONTEXT(2) 
PARAMETRIC_REPRESENTATION_CONTEXT() REPRESENTATION_CONTEXT('2D SPACE',''
  ) );
#6438 = PCURVE('',#5868,#6439);
#6439 = DEFINITIONAL_REPRESENTATION('',(#6440),#6443);
#6440 = B_SPLINE_CURVE_WITH_KNOTS('',1,(#6441,#6442),.UNSPECIFIED.,.F.,
  .F.,(2,2),(0.,1.570796326795),.PIECEWISE_BEZIER_KNOTS.);
#6441 = CARTESIAN_POINT('',(6.28318530718,0.));
#6442 = CARTESIAN_POINT('',(6.28318530718,1.570796326795));
#6443 = ( GEOMETRIC_REPRESENTATION_CONTEXT(2) 
PARAMETRIC_REPRESENTATION_CONTEXT() REPRESENTATION_CONTEXT('2D SPACE',''
  ) );
#6444 = ORIENTED_EDGE('',*,*,#5853,.T.);
#6445 = ORIENTED_EDGE('',*,*,#6423,.T.);
#6446 = ORIENTED_EDGE('',*,*,#6447,.F.);
#6447 = EDGE_CURVE('',#6424,#6424,#6448,.T.);
#6448 = SURFACE_CURVE('',#6449,(#6454,#6461),.PCURVE_S1.);
#6449 = CIRCLE('',#6450,0.16);
#6450 = AXIS2_PLACEMENT_3D('',#6451,#6452,#6453);
#6451 = CARTESIAN_POINT('',(2.54,-7.62,-4.65));
#6452 = DIRECTION('',(0.,-0.,-1.));
#6453 = DIRECTION('',(1.,0.,-0.));
#6454 = PCURVE('',#5868,#6455);
#6455 = DEFINITIONAL_REPRESENTATION('',(#6456),#6460);
#6456 = LINE('',#6457,#6458);
#6457 = CARTESIAN_POINT('',(0.,1.570796326795));
#6458 = VECTOR('',#6459,1.);
#6459 = DIRECTION('',(1.,0.));
#6460 = ( GEOMETRIC_REPRESENTATION_CONTEXT(2) 
PARAMETRIC_REPRESENTATION_CONTEXT() REPRESENTATION_CONTEXT('2D SPACE',''
  ) );
#6461 = PCURVE('',#6462,#6467);
#6462 = PLANE('',#6463);
#6463 = AXIS2_PLACEMENT_3D('',#6464,#6465,#6466);
#6464 = CARTESIAN_POINT('',(2.54,-7.62,-4.65));
#6465 = DIRECTION('',(0.,0.,1.));
#6466 = DIRECTION('',(1.,0.,0.));
#6467 = DEFINITIONAL_REPRESENTATION('',(#6468),#6476);
#6468 = ( BOUNDED_CURVE() B_SPLINE_CURVE(2,(#6469,#6470,#6471,#6472,
#6473,#6474,#6475),.UNSPECIFIED.,.T.,.F.) B_SPLINE_CURVE_WITH_KNOTS((1,2
    ,2,2,2,1),(-2.094395102393,0.,2.094395102393,4.188790204786,
6.28318530718,8.377580409573),.UNSPECIFIED.) CURVE() 
GEOMETRIC_REPRESENTATION_ITEM() RATIONAL_B_SPLINE_CURVE((1.,0.5,1.,0.5,
1.,0.5,1.)) REPRESENTATION_ITEM('') );
#6469 = CARTESIAN_POINT('',(0.16,0.));
#6470 = CARTESIAN_POINT('',(0.16,-0.277128129211));
#6471 = CARTESIAN_POINT('',(-8.E-02,-0.138564064606));
#6472 = CARTESIAN_POINT('',(-0.32,-3.918869757272E-17));
#6473 = CARTESIAN_POINT('',(-8.E-02,0.138564064606));
#6474 = CARTESIAN_POINT('',(0.16,0.277128129211));
#6475 = CARTESIAN_POINT('',(0.16,0.));
#6476 = ( GEOMETRIC_REPRESENTATION_CONTEXT(2) 
PARAMETRIC_REPRESENTATION_CONTEXT() REPRESENTATION_CONTEXT('2D SPACE',''
  ) );
#6477 = ADVANCED_FACE('',(#6478),#5923,.T.);
#6478 = FACE_BOUND('',#6479,.T.);
#6479 = EDGE_LOOP('',(#6480,#6502,#6503,#6504));
#6480 = ORIENTED_EDGE('',*,*,#6481,.F.);
#6481 = EDGE_CURVE('',#5886,#6482,#6484,.T.);
#6482 = VERTEX_POINT('',#6483);
#6483 = CARTESIAN_POINT('',(5.24,-7.62,-4.65));
#6484 = SEAM_CURVE('',#6485,(#6490,#6496),.PCURVE_S1.);
#6485 = CIRCLE('',#6486,0.1);
#6486 = AXIS2_PLACEMENT_3D('',#6487,#6488,#6489);
#6487 = CARTESIAN_POINT('',(5.24,-7.62,-4.55));
#6488 = DIRECTION('',(-0.,1.,0.));
#6489 = DIRECTION('',(1.,0.,0.));
#6490 = PCURVE('',#5923,#6491);
#6491 = DEFINITIONAL_REPRESENTATION('',(#6492),#6495);
#6492 = B_SPLINE_CURVE_WITH_KNOTS('',1,(#6493,#6494),.UNSPECIFIED.,.F.,
  .F.,(2,2),(0.,1.570796326795),.PIECEWISE_BEZIER_KNOTS.);
#6493 = CARTESIAN_POINT('',(0.,0.));
#6494 = CARTESIAN_POINT('',(0.,1.570796326795));
#6495 = ( GEOMETRIC_REPRESENTATION_CONTEXT(2) 
PARAMETRIC_REPRESENTATION_CONTEXT() REPRESENTATION_CONTEXT('2D SPACE',''
  ) );
#6496 = PCURVE('',#5923,#6497);
#6497 = DEFINITIONAL_REPRESENTATION('',(#6498),#6501);
#6498 = B_SPLINE_CURVE_WITH_KNOTS('',1,(#6499,#6500),.UNSPECIFIED.,.F.,
  .F.,(2,2),(0.,1.570796326795),.PIECEWISE_BEZIER_KNOTS.);
#6499 = CARTESIAN_POINT('',(6.28318530718,0.));
#6500 = CARTESIAN_POINT('',(6.28318530718,1.570796326795));
#6501 = ( GEOMETRIC_REPRESENTATION_CONTEXT(2) 
PARAMETRIC_REPRESENTATION_CONTEXT() REPRESENTATION_CONTEXT('2D SPACE',''
  ) );
#6502 = ORIENTED_EDGE('',*,*,#5908,.T.);
#6503 = ORIENTED_EDGE('',*,*,#6481,.T.);
#6504 = ORIENTED_EDGE('',*,*,#6505,.F.);
#6505 = EDGE_CURVE('',#6482,#6482,#6506,.T.);
#6506 = SURFACE_CURVE('',#6507,(#6512,#6519),.PCURVE_S1.);
#6507 = CIRCLE('',#6508,0.16);
#6508 = AXIS2_PLACEMENT_3D('',#6509,#6510,#6511);
#6509 = CARTESIAN_POINT('',(5.08,-7.62,-4.65));
#6510 = DIRECTION('',(0.,-0.,-1.));
#6511 = DIRECTION('',(1.,0.,-0.));
#6512 = PCURVE('',#5923,#6513);
#6513 = DEFINITIONAL_REPRESENTATION('',(#6514),#6518);
#6514 = LINE('',#6515,#6516);
#6515 = CARTESIAN_POINT('',(0.,1.570796326795));
#6516 = VECTOR('',#6517,1.);
#6517 = DIRECTION('',(1.,0.));
#6518 = ( GEOMETRIC_REPRESENTATION_CONTEXT(2) 
PARAMETRIC_REPRESENTATION_CONTEXT() REPRESENTATION_CONTEXT('2D SPACE',''
  ) );
#6519 = PCURVE('',#6520,#6525);
#6520 = PLANE('',#6521);
#6521 = AXIS2_PLACEMENT_3D('',#6522,#6523,#6524);
#6522 = CARTESIAN_POINT('',(5.08,-7.62,-4.65));
#6523 = DIRECTION('',(0.,0.,1.));
#6524 = DIRECTION('',(1.,0.,0.));
#6525 = DEFINITIONAL_REPRESENTATION('',(#6526),#6534);
#6526 = ( BOUNDED_CURVE() B_SPLINE_CURVE(2,(#6527,#6528,#6529,#6530,
#6531,#6532,#6533),.UNSPECIFIED.,.T.,.F.) B_SPLINE_CURVE_WITH_KNOTS((1,2
    ,2,2,2,1),(-2.094395102393,0.,2.094395102393,4.188790204786,
6.28318530718,8.377580409573),.UNSPECIFIED.) CURVE() 
GEOMETRIC_REPRESENTATION_ITEM() RATIONAL_B_SPLINE_CURVE((1.,0.5,1.,0.5,
1.,0.5,1.)) REPRESENTATION_ITEM('') );
#6527 = CARTESIAN_POINT('',(0.16,0.));
#6528 = CARTESIAN_POINT('',(0.16,-0.277128129211));
#6529 = CARTESIAN_POINT('',(-8.E-02,-0.138564064606));
#6530 = CARTESIAN_POINT('',(-0.32,-3.918869757272E-17));
#6531 = CARTESIAN_POINT('',(-8.E-02,0.138564064606));
#6532 = CARTESIAN_POINT('',(0.16,0.277128129211));
#6533 = CARTESIAN_POINT('',(0.16,0.));
#6534 = ( GEOMETRIC_REPRESENTATION_CONTEXT(2) 
PARAMETRIC_REPRESENTATION_CONTEXT() REPRESENTATION_CONTEXT('2D SPACE',''
  ) );
#6535 = ADVANCED_FACE('',(#6536),#5978,.T.);
#6536 = FACE_BOUND('',#6537,.T.);
#6537 = EDGE_LOOP('',(#6538,#6560,#6561,#6562));
#6538 = ORIENTED_EDGE('',*,*,#6539,.F.);
#6539 = EDGE_CURVE('',#5941,#6540,#6542,.T.);
#6540 = VERTEX_POINT('',#6541);
#6541 = CARTESIAN_POINT('',(-4.92,7.62,-4.65));
#6542 = SEAM_CURVE('',#6543,(#6548,#6554),.PCURVE_S1.);
#6543 = CIRCLE('',#6544,0.1);
#6544 = AXIS2_PLACEMENT_3D('',#6545,#6546,#6547);
#6545 = CARTESIAN_POINT('',(-4.92,7.62,-4.55));
#6546 = DIRECTION('',(-0.,1.,0.));
#6547 = DIRECTION('',(1.,0.,0.));
#6548 = PCURVE('',#5978,#6549);
#6549 = DEFINITIONAL_REPRESENTATION('',(#6550),#6553);
#6550 = B_SPLINE_CURVE_WITH_KNOTS('',1,(#6551,#6552),.UNSPECIFIED.,.F.,
  .F.,(2,2),(0.,1.570796326795),.PIECEWISE_BEZIER_KNOTS.);
#6551 = CARTESIAN_POINT('',(0.,0.));
#6552 = CARTESIAN_POINT('',(0.,1.570796326795));
#6553 = ( GEOMETRIC_REPRESENTATION_CONTEXT(2) 
PARAMETRIC_REPRESENTATION_CONTEXT() REPRESENTATION_CONTEXT('2D SPACE',''
  ) );
#6554 = PCURVE('',#5978,#6555);
#6555 = DEFINITIONAL_REPRESENTATION('',(#6556),#6559);
#6556 = B_SPLINE_CURVE_WITH_KNOTS('',1,(#6557,#6558),.UNSPECIFIED.,.F.,
  .F.,(2,2),(0.,1.570796326795),.PIECEWISE_BEZIER_KNOTS.);
#6557 = CARTESIAN_POINT('',(6.28318530718,0.));
#6558 = CARTESIAN_POINT('',(6.28318530718,1.570796326795));
#6559 = ( GEOMETRIC_REPRESENTATION_CONTEXT(2) 
PARAMETRIC_REPRESENTATION_CONTEXT() REPRESENTATION_CONTEXT('2D SPACE',''
  ) );
#6560 = ORIENTED_EDGE('',*,*,#5963,.T.);
#6561 = ORIENTED_EDGE('',*,*,#6539,.T.);
#6562 = ORIENTED_EDGE('',*,*,#6563,.F.);
#6563 = EDGE_CURVE('',#6540,#6540,#6564,.T.);
#6564 = SURFACE_CURVE('',#6565,(#6570,#6577),.PCURVE_S1.);
#6565 = CIRCLE('',#6566,0.16);
#6566 = AXIS2_PLACEMENT_3D('',#6567,#6568,#6569);
#6567 = CARTESIAN_POINT('',(-5.08,7.62,-4.65));
#6568 = DIRECTION('',(0.,-0.,-1.));
#6569 = DIRECTION('',(1.,0.,-0.));
#6570 = PCURVE('',#5978,#6571);
#6571 = DEFINITIONAL_REPRESENTATION('',(#6572),#6576);
#6572 = LINE('',#6573,#6574);
#6573 = CARTESIAN_POINT('',(0.,1.570796326795));
#6574 = VECTOR('',#6575,1.);
#6575 = DIRECTION('',(1.,0.));
#6576 = ( GEOMETRIC_REPRESENTATION_CONTEXT(2) 
PARAMETRIC_REPRESENTATION_CONTEXT() REPRESENTATION_CONTEXT('2D SPACE',''
  ) );
#6577 = PCURVE('',#6578,#6583);
#6578 = PLANE('',#6579);
#6579 = AXIS2_PLACEMENT_3D('',#6580,#6581,#6582);
#6580 = CARTESIAN_POINT('',(-5.08,7.62,-4.65));
#6581 = DIRECTION('',(0.,0.,1.));
#6582 = DIRECTION('',(1.,0.,0.));
#6583 = DEFINITIONAL_REPRESENTATION('',(#6584),#6592);
#6584 = ( BOUNDED_CURVE() B_SPLINE_CURVE(2,(#6585,#6586,#6587,#6588,
#6589,#6590,#6591),.UNSPECIFIED.,.T.,.F.) B_SPLINE_CURVE_WITH_KNOTS((1,2
    ,2,2,2,1),(-2.094395102393,0.,2.094395102393,4.188790204786,
6.28318530718,8.377580409573),.UNSPECIFIED.) CURVE() 
GEOMETRIC_REPRESENTATION_ITEM() RATIONAL_B_SPLINE_CURVE((1.,0.5,1.,0.5,
1.,0.5,1.)) REPRESENTATION_ITEM('') );
#6585 = CARTESIAN_POINT('',(0.16,0.));
#6586 = CARTESIAN_POINT('',(0.16,-0.277128129211));
#6587 = CARTESIAN_POINT('',(-8.E-02,-0.138564064606));
#6588 = CARTESIAN_POINT('',(-0.32,-3.918869757272E-17));
#6589 = CARTESIAN_POINT('',(-8.E-02,0.138564064606));
#6590 = CARTESIAN_POINT('',(0.16,0.277128129211));
#6591 = CARTESIAN_POINT('',(0.16,0.));
#6592 = ( GEOMETRIC_REPRESENTATION_CONTEXT(2) 
PARAMETRIC_REPRESENTATION_CONTEXT() REPRESENTATION_CONTEXT('2D SPACE',''
  ) );
#6593 = ADVANCED_FACE('',(#6594),#6033,.T.);
#6594 = FACE_BOUND('',#6595,.T.);
#6595 = EDGE_LOOP('',(#6596,#6618,#6619,#6620));
#6596 = ORIENTED_EDGE('',*,*,#6597,.F.);
#6597 = EDGE_CURVE('',#5996,#6598,#6600,.T.);
#6598 = VERTEX_POINT('',#6599);
#6599 = CARTESIAN_POINT('',(-2.38,7.62,-4.65));
#6600 = SEAM_CURVE('',#6601,(#6606,#6612),.PCURVE_S1.);
#6601 = CIRCLE('',#6602,0.1);
#6602 = AXIS2_PLACEMENT_3D('',#6603,#6604,#6605);
#6603 = CARTESIAN_POINT('',(-2.38,7.62,-4.55));
#6604 = DIRECTION('',(-0.,1.,0.));
#6605 = DIRECTION('',(1.,0.,0.));
#6606 = PCURVE('',#6033,#6607);
#6607 = DEFINITIONAL_REPRESENTATION('',(#6608),#6611);
#6608 = B_SPLINE_CURVE_WITH_KNOTS('',1,(#6609,#6610),.UNSPECIFIED.,.F.,
  .F.,(2,2),(0.,1.570796326795),.PIECEWISE_BEZIER_KNOTS.);
#6609 = CARTESIAN_POINT('',(0.,0.));
#6610 = CARTESIAN_POINT('',(0.,1.570796326795));
#6611 = ( GEOMETRIC_REPRESENTATION_CONTEXT(2) 
PARAMETRIC_REPRESENTATION_CONTEXT() REPRESENTATION_CONTEXT('2D SPACE',''
  ) );
#6612 = PCURVE('',#6033,#6613);
#6613 = DEFINITIONAL_REPRESENTATION('',(#6614),#6617);
#6614 = B_SPLINE_CURVE_WITH_KNOTS('',1,(#6615,#6616),.UNSPECIFIED.,.F.,
  .F.,(2,2),(0.,1.570796326795),.PIECEWISE_BEZIER_KNOTS.);
#6615 = CARTESIAN_POINT('',(6.28318530718,0.));
#6616 = CARTESIAN_POINT('',(6.28318530718,1.570796326795));
#6617 = ( GEOMETRIC_REPRESENTATION_CONTEXT(2) 
PARAMETRIC_REPRESENTATION_CONTEXT() REPRESENTATION_CONTEXT('2D SPACE',''
  ) );
#6618 = ORIENTED_EDGE('',*,*,#6018,.T.);
#6619 = ORIENTED_EDGE('',*,*,#6597,.T.);
#6620 = ORIENTED_EDGE('',*,*,#6621,.F.);
#6621 = EDGE_CURVE('',#6598,#6598,#6622,.T.);
#6622 = SURFACE_CURVE('',#6623,(#6628,#6635),.PCURVE_S1.);
#6623 = CIRCLE('',#6624,0.16);
#6624 = AXIS2_PLACEMENT_3D('',#6625,#6626,#6627);
#6625 = CARTESIAN_POINT('',(-2.54,7.62,-4.65));
#6626 = DIRECTION('',(0.,-0.,-1.));
#6627 = DIRECTION('',(1.,0.,-0.));
#6628 = PCURVE('',#6033,#6629);
#6629 = DEFINITIONAL_REPRESENTATION('',(#6630),#6634);
#6630 = LINE('',#6631,#6632);
#6631 = CARTESIAN_POINT('',(0.,1.570796326795));
#6632 = VECTOR('',#6633,1.);
#6633 = DIRECTION('',(1.,0.));
#6634 = ( GEOMETRIC_REPRESENTATION_CONTEXT(2) 
PARAMETRIC_REPRESENTATION_CONTEXT() REPRESENTATION_CONTEXT('2D SPACE',''
  ) );
#6635 = PCURVE('',#6636,#6641);
#6636 = PLANE('',#6637);
#6637 = AXIS2_PLACEMENT_3D('',#6638,#6639,#6640);
#6638 = CARTESIAN_POINT('',(-2.54,7.62,-4.65));
#6639 = DIRECTION('',(0.,0.,1.));
#6640 = DIRECTION('',(1.,0.,0.));
#6641 = DEFINITIONAL_REPRESENTATION('',(#6642),#6650);
#6642 = ( BOUNDED_CURVE() B_SPLINE_CURVE(2,(#6643,#6644,#6645,#6646,
#6647,#6648,#6649),.UNSPECIFIED.,.T.,.F.) B_SPLINE_CURVE_WITH_KNOTS((1,2
    ,2,2,2,1),(-2.094395102393,0.,2.094395102393,4.188790204786,
6.28318530718,8.377580409573),.UNSPECIFIED.) CURVE() 
GEOMETRIC_REPRESENTATION_ITEM() RATIONAL_B_SPLINE_CURVE((1.,0.5,1.,0.5,
1.,0.5,1.)) REPRESENTATION_ITEM('') );
#6643 = CARTESIAN_POINT('',(0.16,0.));
#6644 = CARTESIAN_POINT('',(0.16,-0.277128129211));
#6645 = CARTESIAN_POINT('',(-8.E-02,-0.138564064606));
#6646 = CARTESIAN_POINT('',(-0.32,-3.918869757272E-17));
#6647 = CARTESIAN_POINT('',(-8.E-02,0.138564064606));
#6648 = CARTESIAN_POINT('',(0.16,0.277128129211));
#6649 = CARTESIAN_POINT('',(0.16,0.));
#6650 = ( GEOMETRIC_REPRESENTATION_CONTEXT(2) 
PARAMETRIC_REPRESENTATION_CONTEXT() REPRESENTATION_CONTEXT('2D SPACE',''
  ) );
#6651 = ADVANCED_FACE('',(#6652),#6088,.T.);
#6652 = FACE_BOUND('',#6653,.T.);
#6653 = EDGE_LOOP('',(#6654,#6676,#6677,#6678));
#6654 = ORIENTED_EDGE('',*,*,#6655,.F.);
#6655 = EDGE_CURVE('',#6051,#6656,#6658,.T.);
#6656 = VERTEX_POINT('',#6657);
#6657 = CARTESIAN_POINT('',(0.16,7.62,-4.65));
#6658 = SEAM_CURVE('',#6659,(#6664,#6670),.PCURVE_S1.);
#6659 = CIRCLE('',#6660,0.1);
#6660 = AXIS2_PLACEMENT_3D('',#6661,#6662,#6663);
#6661 = CARTESIAN_POINT('',(0.16,7.62,-4.55));
#6662 = DIRECTION('',(-0.,1.,0.));
#6663 = DIRECTION('',(1.,0.,0.));
#6664 = PCURVE('',#6088,#6665);
#6665 = DEFINITIONAL_REPRESENTATION('',(#6666),#6669);
#6666 = B_SPLINE_CURVE_WITH_KNOTS('',1,(#6667,#6668),.UNSPECIFIED.,.F.,
  .F.,(2,2),(0.,1.570796326795),.PIECEWISE_BEZIER_KNOTS.);
#6667 = CARTESIAN_POINT('',(0.,0.));
#6668 = CARTESIAN_POINT('',(0.,1.570796326795));
#6669 = ( GEOMETRIC_REPRESENTATION_CONTEXT(2) 
PARAMETRIC_REPRESENTATION_CONTEXT() REPRESENTATION_CONTEXT('2D SPACE',''
  ) );
#6670 = PCURVE('',#6088,#6671);
#6671 = DEFINITIONAL_REPRESENTATION('',(#6672),#6675);
#6672 = B_SPLINE_CURVE_WITH_KNOTS('',1,(#6673,#6674),.UNSPECIFIED.,.F.,
  .F.,(2,2),(0.,1.570796326795),.PIECEWISE_BEZIER_KNOTS.);
#6673 = CARTESIAN_POINT('',(6.28318530718,0.));
#6674 = CARTESIAN_POINT('',(6.28318530718,1.570796326795));
#6675 = ( GEOMETRIC_REPRESENTATION_CONTEXT(2) 
PARAMETRIC_REPRESENTATION_CONTEXT() REPRESENTATION_CONTEXT('2D SPACE',''
  ) );
#6676 = ORIENTED_EDGE('',*,*,#6073,.T.);
#6677 = ORIENTED_EDGE('',*,*,#6655,.T.);
#6678 = ORIENTED_EDGE('',*,*,#6679,.F.);
#6679 = EDGE_CURVE('',#6656,#6656,#6680,.T.);
#6680 = SURFACE_CURVE('',#6681,(#6686,#6693),.PCURVE_S1.);
#6681 = CIRCLE('',#6682,0.16);
#6682 = AXIS2_PLACEMENT_3D('',#6683,#6684,#6685);
#6683 = CARTESIAN_POINT('',(0.,7.62,-4.65));
#6684 = DIRECTION('',(0.,-0.,-1.));
#6685 = DIRECTION('',(1.,0.,-0.));
#6686 = PCURVE('',#6088,#6687);
#6687 = DEFINITIONAL_REPRESENTATION('',(#6688),#6692);
#6688 = LINE('',#6689,#6690);
#6689 = CARTESIAN_POINT('',(0.,1.570796326795));
#6690 = VECTOR('',#6691,1.);
#6691 = DIRECTION('',(1.,0.));
#6692 = ( GEOMETRIC_REPRESENTATION_CONTEXT(2) 
PARAMETRIC_REPRESENTATION_CONTEXT() REPRESENTATION_CONTEXT('2D SPACE',''
  ) );
#6693 = PCURVE('',#6694,#6699);
#6694 = PLANE('',#6695);
#6695 = AXIS2_PLACEMENT_3D('',#6696,#6697,#6698);
#6696 = CARTESIAN_POINT('',(0.,7.62,-4.65));
#6697 = DIRECTION('',(0.,0.,1.));
#6698 = DIRECTION('',(1.,0.,0.));
#6699 = DEFINITIONAL_REPRESENTATION('',(#6700),#6708);
#6700 = ( BOUNDED_CURVE() B_SPLINE_CURVE(2,(#6701,#6702,#6703,#6704,
#6705,#6706,#6707),.UNSPECIFIED.,.T.,.F.) B_SPLINE_CURVE_WITH_KNOTS((1,2
    ,2,2,2,1),(-2.094395102393,0.,2.094395102393,4.188790204786,
6.28318530718,8.377580409573),.UNSPECIFIED.) CURVE() 
GEOMETRIC_REPRESENTATION_ITEM() RATIONAL_B_SPLINE_CURVE((1.,0.5,1.,0.5,
1.,0.5,1.)) REPRESENTATION_ITEM('') );
#6701 = CARTESIAN_POINT('',(0.16,0.));
#6702 = CARTESIAN_POINT('',(0.16,-0.277128129211));
#6703 = CARTESIAN_POINT('',(-8.E-02,-0.138564064606));
#6704 = CARTESIAN_POINT('',(-0.32,-3.918869757272E-17));
#6705 = CARTESIAN_POINT('',(-8.E-02,0.138564064606));
#6706 = CARTESIAN_POINT('',(0.16,0.277128129211));
#6707 = CARTESIAN_POINT('',(0.16,0.));
#6708 = ( GEOMETRIC_REPRESENTATION_CONTEXT(2) 
PARAMETRIC_REPRESENTATION_CONTEXT() REPRESENTATION_CONTEXT('2D SPACE',''
  ) );
#6709 = ADVANCED_FACE('',(#6710),#6143,.T.);
#6710 = FACE_BOUND('',#6711,.T.);
#6711 = EDGE_LOOP('',(#6712,#6734,#6735,#6736));
#6712 = ORIENTED_EDGE('',*,*,#6713,.F.);
#6713 = EDGE_CURVE('',#6106,#6714,#6716,.T.);
#6714 = VERTEX_POINT('',#6715);
#6715 = CARTESIAN_POINT('',(2.7,7.62,-4.65));
#6716 = SEAM_CURVE('',#6717,(#6722,#6728),.PCURVE_S1.);
#6717 = CIRCLE('',#6718,0.1);
#6718 = AXIS2_PLACEMENT_3D('',#6719,#6720,#6721);
#6719 = CARTESIAN_POINT('',(2.7,7.62,-4.55));
#6720 = DIRECTION('',(-0.,1.,0.));
#6721 = DIRECTION('',(1.,0.,0.));
#6722 = PCURVE('',#6143,#6723);
#6723 = DEFINITIONAL_REPRESENTATION('',(#6724),#6727);
#6724 = B_SPLINE_CURVE_WITH_KNOTS('',1,(#6725,#6726),.UNSPECIFIED.,.F.,
  .F.,(2,2),(0.,1.570796326795),.PIECEWISE_BEZIER_KNOTS.);
#6725 = CARTESIAN_POINT('',(0.,0.));
#6726 = CARTESIAN_POINT('',(0.,1.570796326795));
#6727 = ( GEOMETRIC_REPRESENTATION_CONTEXT(2) 
PARAMETRIC_REPRESENTATION_CONTEXT() REPRESENTATION_CONTEXT('2D SPACE',''
  ) );
#6728 = PCURVE('',#6143,#6729);
#6729 = DEFINITIONAL_REPRESENTATION('',(#6730),#6733);
#6730 = B_SPLINE_CURVE_WITH_KNOTS('',1,(#6731,#6732),.UNSPECIFIED.,.F.,
  .F.,(2,2),(0.,1.570796326795),.PIECEWISE_BEZIER_KNOTS.);
#6731 = CARTESIAN_POINT('',(6.28318530718,0.));
#6732 = CARTESIAN_POINT('',(6.28318530718,1.570796326795));
#6733 = ( GEOMETRIC_REPRESENTATION_CONTEXT(2) 
PARAMETRIC_REPRESENTATION_CONTEXT() REPRESENTATION_CONTEXT('2D SPACE',''
  ) );
#6734 = ORIENTED_EDGE('',*,*,#6128,.T.);
#6735 = ORIENTED_EDGE('',*,*,#6713,.T.);
#6736 = ORIENTED_EDGE('',*,*,#6737,.F.);
#6737 = EDGE_CURVE('',#6714,#6714,#6738,.T.);
#6738 = SURFACE_CURVE('',#6739,(#6744,#6751),.PCURVE_S1.);
#6739 = CIRCLE('',#6740,0.16);
#6740 = AXIS2_PLACEMENT_3D('',#6741,#6742,#6743);
#6741 = CARTESIAN_POINT('',(2.54,7.62,-4.65));
#6742 = DIRECTION('',(0.,-0.,-1.));
#6743 = DIRECTION('',(1.,0.,-0.));
#6744 = PCURVE('',#6143,#6745);
#6745 = DEFINITIONAL_REPRESENTATION('',(#6746),#6750);
#6746 = LINE('',#6747,#6748);
#6747 = CARTESIAN_POINT('',(0.,1.570796326795));
#6748 = VECTOR('',#6749,1.);
#6749 = DIRECTION('',(1.,0.));
#6750 = ( GEOMETRIC_REPRESENTATION_CONTEXT(2) 
PARAMETRIC_REPRESENTATION_CONTEXT() REPRESENTATION_CONTEXT('2D SPACE',''
  ) );
#6751 = PCURVE('',#6752,#6757);
#6752 = PLANE('',#6753);
#6753 = AXIS2_PLACEMENT_3D('',#6754,#6755,#6756);
#6754 = CARTESIAN_POINT('',(2.54,7.62,-4.65));
#6755 = DIRECTION('',(0.,0.,1.));
#6756 = DIRECTION('',(1.,0.,0.));
#6757 = DEFINITIONAL_REPRESENTATION('',(#6758),#6766);
#6758 = ( BOUNDED_CURVE() B_SPLINE_CURVE(2,(#6759,#6760,#6761,#6762,
#6763,#6764,#6765),.UNSPECIFIED.,.T.,.F.) B_SPLINE_CURVE_WITH_KNOTS((1,2
    ,2,2,2,1),(-2.094395102393,0.,2.094395102393,4.188790204786,
6.28318530718,8.377580409573),.UNSPECIFIED.) CURVE() 
GEOMETRIC_REPRESENTATION_ITEM() RATIONAL_B_SPLINE_CURVE((1.,0.5,1.,0.5,
1.,0.5,1.)) REPRESENTATION_ITEM('') );
#6759 = CARTESIAN_POINT('',(0.16,0.));
#6760 = CARTESIAN_POINT('',(0.16,-0.277128129211));
#6761 = CARTESIAN_POINT('',(-8.E-02,-0.138564064606));
#6762 = CARTESIAN_POINT('',(-0.32,-3.918869757272E-17));
#6763 = CARTESIAN_POINT('',(-8.E-02,0.138564064606));
#6764 = CARTESIAN_POINT('',(0.16,0.277128129211));
#6765 = CARTESIAN_POINT('',(0.16,0.));
#6766 = ( GEOMETRIC_REPRESENTATION_CONTEXT(2) 
PARAMETRIC_REPRESENTATION_CONTEXT() REPRESENTATION_CONTEXT('2D SPACE',''
  ) );
#6767 = ADVANCED_FACE('',(#6768),#6198,.T.);
#6768 = FACE_BOUND('',#6769,.T.);
#6769 = EDGE_LOOP('',(#6770,#6792,#6793,#6794));
#6770 = ORIENTED_EDGE('',*,*,#6771,.F.);
#6771 = EDGE_CURVE('',#6161,#6772,#6774,.T.);
#6772 = VERTEX_POINT('',#6773);
#6773 = CARTESIAN_POINT('',(5.24,7.62,-4.65));
#6774 = SEAM_CURVE('',#6775,(#6780,#6786),.PCURVE_S1.);
#6775 = CIRCLE('',#6776,0.1);
#6776 = AXIS2_PLACEMENT_3D('',#6777,#6778,#6779);
#6777 = CARTESIAN_POINT('',(5.24,7.62,-4.55));
#6778 = DIRECTION('',(-0.,1.,0.));
#6779 = DIRECTION('',(1.,0.,0.));
#6780 = PCURVE('',#6198,#6781);
#6781 = DEFINITIONAL_REPRESENTATION('',(#6782),#6785);
#6782 = B_SPLINE_CURVE_WITH_KNOTS('',1,(#6783,#6784),.UNSPECIFIED.,.F.,
  .F.,(2,2),(0.,1.570796326795),.PIECEWISE_BEZIER_KNOTS.);
#6783 = CARTESIAN_POINT('',(0.,0.));
#6784 = CARTESIAN_POINT('',(0.,1.570796326795));
#6785 = ( GEOMETRIC_REPRESENTATION_CONTEXT(2) 
PARAMETRIC_REPRESENTATION_CONTEXT() REPRESENTATION_CONTEXT('2D SPACE',''
  ) );
#6786 = PCURVE('',#6198,#6787);
#6787 = DEFINITIONAL_REPRESENTATION('',(#6788),#6791);
#6788 = B_SPLINE_CURVE_WITH_KNOTS('',1,(#6789,#6790),.UNSPECIFIED.,.F.,
  .F.,(2,2),(0.,1.570796326795),.PIECEWISE_BEZIER_KNOTS.);
#6789 = CARTESIAN_POINT('',(6.28318530718,0.));
#6790 = CARTESIAN_POINT('',(6.28318530718,1.570796326795));
#6791 = ( GEOMETRIC_REPRESENTATION_CONTEXT(2) 
PARAMETRIC_REPRESENTATION_CONTEXT() REPRESENTATION_CONTEXT('2D SPACE',''
  ) );
#6792 = ORIENTED_EDGE('',*,*,#6183,.T.);
#6793 = ORIENTED_EDGE('',*,*,#6771,.T.);
#6794 = ORIENTED_EDGE('',*,*,#6795,.F.);
#6795 = EDGE_CURVE('',#6772,#6772,#6796,.T.);
#6796 = SURFACE_CURVE('',#6797,(#6802,#6809),.PCURVE_S1.);
#6797 = CIRCLE('',#6798,0.16);
#6798 = AXIS2_PLACEMENT_3D('',#6799,#6800,#6801);
#6799 = CARTESIAN_POINT('',(5.08,7.62,-4.65));
#6800 = DIRECTION('',(0.,-0.,-1.));
#6801 = DIRECTION('',(1.,0.,-0.));
#6802 = PCURVE('',#6198,#6803);
#6803 = DEFINITIONAL_REPRESENTATION('',(#6804),#6808);
#6804 = LINE('',#6805,#6806);
#6805 = CARTESIAN_POINT('',(0.,1.570796326795));
#6806 = VECTOR('',#6807,1.);
#6807 = DIRECTION('',(1.,0.));
#6808 = ( GEOMETRIC_REPRESENTATION_CONTEXT(2) 
PARAMETRIC_REPRESENTATION_CONTEXT() REPRESENTATION_CONTEXT('2D SPACE',''
  ) );
#6809 = PCURVE('',#6810,#6815);
#6810 = PLANE('',#6811);
#6811 = AXIS2_PLACEMENT_3D('',#6812,#6813,#6814);
#6812 = CARTESIAN_POINT('',(5.08,7.62,-4.65));
#6813 = DIRECTION('',(0.,0.,1.));
#6814 = DIRECTION('',(1.,0.,0.));
#6815 = DEFINITIONAL_REPRESENTATION('',(#6816),#6824);
#6816 = ( BOUNDED_CURVE() B_SPLINE_CURVE(2,(#6817,#6818,#6819,#6820,
#6821,#6822,#6823),.UNSPECIFIED.,.T.,.F.) B_SPLINE_CURVE_WITH_KNOTS((1,2
    ,2,2,2,1),(-2.094395102393,0.,2.094395102393,4.188790204786,
6.28318530718,8.377580409573),.UNSPECIFIED.) CURVE() 
GEOMETRIC_REPRESENTATION_ITEM() RATIONAL_B_SPLINE_CURVE((1.,0.5,1.,0.5,
1.,0.5,1.)) REPRESENTATION_ITEM('') );
#6817 = CARTESIAN_POINT('',(0.16,0.));
#6818 = CARTESIAN_POINT('',(0.16,-0.277128129211));
#6819 = CARTESIAN_POINT('',(-8.E-02,-0.138564064606));
#6820 = CARTESIAN_POINT('',(-0.32,-3.918869757272E-17));
#6821 = CARTESIAN_POINT('',(-8.E-02,0.138564064606));
#6822 = CARTESIAN_POINT('',(0.16,0.277128129211));
#6823 = CARTESIAN_POINT('',(0.16,0.));
#6824 = ( GEOMETRIC_REPRESENTATION_CONTEXT(2) 
PARAMETRIC_REPRESENTATION_CONTEXT() REPRESENTATION_CONTEXT('2D SPACE',''
  ) );
#6825 = ADVANCED_FACE('',(#6826),#6288,.F.);
#6826 = FACE_BOUND('',#6827,.F.);
#6827 = EDGE_LOOP('',(#6828));
#6828 = ORIENTED_EDGE('',*,*,#6273,.F.);
#6829 = ADVANCED_FACE('',(#6830),#6346,.F.);
#6830 = FACE_BOUND('',#6831,.F.);
#6831 = EDGE_LOOP('',(#6832));
#6832 = ORIENTED_EDGE('',*,*,#6331,.F.);
#6833 = ADVANCED_FACE('',(#6834),#6404,.F.);
#6834 = FACE_BOUND('',#6835,.F.);
#6835 = EDGE_LOOP('',(#6836));
#6836 = ORIENTED_EDGE('',*,*,#6389,.F.);
#6837 = ADVANCED_FACE('',(#6838),#6462,.F.);
#6838 = FACE_BOUND('',#6839,.F.);
#6839 = EDGE_LOOP('',(#6840));
#6840 = ORIENTED_EDGE('',*,*,#6447,.F.);
#6841 = ADVANCED_FACE('',(#6842),#6520,.F.);
#6842 = FACE_BOUND('',#6843,.F.);
#6843 = EDGE_LOOP('',(#6844));
#6844 = ORIENTED_EDGE('',*,*,#6505,.F.);
#6845 = ADVANCED_FACE('',(#6846),#6578,.F.);
#6846 = FACE_BOUND('',#6847,.F.);
#6847 = EDGE_LOOP('',(#6848));
#6848 = ORIENTED_EDGE('',*,*,#6563,.F.);
#6849 = ADVANCED_FACE('',(#6850),#6636,.F.);
#6850 = FACE_BOUND('',#6851,.F.);
#6851 = EDGE_LOOP('',(#6852));
#6852 = ORIENTED_EDGE('',*,*,#6621,.F.);
#6853 = ADVANCED_FACE('',(#6854),#6694,.F.);
#6854 = FACE_BOUND('',#6855,.F.);
#6855 = EDGE_LOOP('',(#6856));
#6856 = ORIENTED_EDGE('',*,*,#6679,.F.);
#6857 = ADVANCED_FACE('',(#6858),#6752,.F.);
#6858 = FACE_BOUND('',#6859,.F.);
#6859 = EDGE_LOOP('',(#6860));
#6860 = ORIENTED_EDGE('',*,*,#6737,.F.);
#6861 = ADVANCED_FACE('',(#6862),#6810,.F.);
#6862 = FACE_BOUND('',#6863,.F.);
#6863 = EDGE_LOOP('',(#6864));
#6864 = ORIENTED_EDGE('',*,*,#6795,.F.);
#6865 = ( GEOMETRIC_REPRESENTATION_CONTEXT(3) 
GLOBAL_UNCERTAINTY_ASSIGNED_CONTEXT((#6869)) 
GLOBAL_UNIT_ASSIGNED_CONTEXT((#6866,#6867,#6868)) REPRESENTATION_CONTEXT
('Context #1','3D Context with UNIT and UNCERTAINTY') );
#6866 = ( LENGTH_UNIT() NAMED_UNIT(*) SI_UNIT(.MILLI.,.METRE.) );
#6867 = ( NAMED_UNIT(*) PLANE_ANGLE_UNIT() SI_UNIT($,.RADIAN.) );
#6868 = ( NAMED_UNIT(*) SI_UNIT($,.STERADIAN.) SOLID_ANGLE_UNIT() );
#6869 = UNCERTAINTY_MEASURE_WITH_UNIT(LENGTH_MEASURE(5.E-07),#6866,
  'distance_accuracy_value','confusion accuracy');
#6870 = PRODUCT_RELATED_PRODUCT_CATEGORY('part',$,(#7));
#6871 = MECHANICAL_DESIGN_GEOMETRIC_PRESENTATION_REPRESENTATION('',(
    #6872,#6883,#6891,#6899,#6906,#6913,#6920,#6927,#6934,#6942,#6949,
    #6956),#6865);
#6872 = STYLED_ITEM('color',(#6873),#15);
#6873 = PRESENTATION_STYLE_ASSIGNMENT((#6874,#6880));
#6874 = SURFACE_STYLE_USAGE(.BOTH.,#6875);
#6875 = SURFACE_SIDE_STYLE('',(#6876));
#6876 = SURFACE_STYLE_FILL_AREA(#6877);
#6877 = FILL_AREA_STYLE('',(#6878));
#6878 = FILL_AREA_STYLE_COLOUR('',#6879);
#6879 = DRAUGHTING_PRE_DEFINED_COLOUR('white');
#6880 = CURVE_STYLE('',#6881,POSITIVE_LENGTH_MEASURE(0.1),#6882);
#6881 = DRAUGHTING_PRE_DEFINED_CURVE_FONT('continuous');
#6882 = COLOUR_RGB('',9.803921802644E-02,9.803921802644E-02,
  9.803921802644E-02);
#6883 = OVER_RIDING_STYLED_ITEM('overriding color',(#6884),#951,#6872);
#6884 = PRESENTATION_STYLE_ASSIGNMENT((#6885));
#6885 = SURFACE_STYLE_USAGE(.BOTH.,#6886);
#6886 = SURFACE_SIDE_STYLE('',(#6887));
#6887 = SURFACE_STYLE_FILL_AREA(#6888);
#6888 = FILL_AREA_STYLE('',(#6889));
#6889 = FILL_AREA_STYLE_COLOUR('',#6890);
#6890 = COLOUR_RGB('',0.211764712168,0.211764712168,0.211764712168);
#6891 = OVER_RIDING_STYLED_ITEM('overriding color',(#6892),#5661,#6872);
#6892 = PRESENTATION_STYLE_ASSIGNMENT((#6893));
#6893 = SURFACE_STYLE_USAGE(.BOTH.,#6894);
#6894 = SURFACE_SIDE_STYLE('',(#6895));
#6895 = SURFACE_STYLE_FILL_AREA(#6896);
#6896 = FILL_AREA_STYLE('',(#6897));
#6897 = FILL_AREA_STYLE_COLOUR('',#6898);
#6898 = COLOUR_RGB('',1.,0.843137261657,0.);
#6899 = OVER_RIDING_STYLED_ITEM('overriding color',(#6900),#5716,#6872);
#6900 = PRESENTATION_STYLE_ASSIGNMENT((#6901));
#6901 = SURFACE_STYLE_USAGE(.BOTH.,#6902);
#6902 = SURFACE_SIDE_STYLE('',(#6903));
#6903 = SURFACE_STYLE_FILL_AREA(#6904);
#6904 = FILL_AREA_STYLE('',(#6905));
#6905 = FILL_AREA_STYLE_COLOUR('',#6898);
#6906 = OVER_RIDING_STYLED_ITEM('overriding color',(#6907),#5771,#6872);
#6907 = PRESENTATION_STYLE_ASSIGNMENT((#6908));
#6908 = SURFACE_STYLE_USAGE(.BOTH.,#6909);
#6909 = SURFACE_SIDE_STYLE('',(#6910));
#6910 = SURFACE_STYLE_FILL_AREA(#6911);
#6911 = FILL_AREA_STYLE('',(#6912));
#6912 = FILL_AREA_STYLE_COLOUR('',#6898);
#6913 = OVER_RIDING_STYLED_ITEM('overriding color',(#6914),#5826,#6872);
#6914 = PRESENTATION_STYLE_ASSIGNMENT((#6915));
#6915 = SURFACE_STYLE_USAGE(.BOTH.,#6916);
#6916 = SURFACE_SIDE_STYLE('',(#6917));
#6917 = SURFACE_STYLE_FILL_AREA(#6918);
#6918 = FILL_AREA_STYLE('',(#6919));
#6919 = FILL_AREA_STYLE_COLOUR('',#6898);
#6920 = OVER_RIDING_STYLED_ITEM('overriding color',(#6921),#5881,#6872);
#6921 = PRESENTATION_STYLE_ASSIGNMENT((#6922));
#6922 = SURFACE_STYLE_USAGE(.BOTH.,#6923);
#6923 = SURFACE_SIDE_STYLE('',(#6924));
#6924 = SURFACE_STYLE_FILL_AREA(#6925);
#6925 = FILL_AREA_STYLE('',(#6926));
#6926 = FILL_AREA_STYLE_COLOUR('',#6898);
#6927 = OVER_RIDING_STYLED_ITEM('overriding color',(#6928),#5936,#6872);
#6928 = PRESENTATION_STYLE_ASSIGNMENT((#6929));
#6929 = SURFACE_STYLE_USAGE(.BOTH.,#6930);
#6930 = SURFACE_SIDE_STYLE('',(#6931));
#6931 = SURFACE_STYLE_FILL_AREA(#6932);
#6932 = FILL_AREA_STYLE('',(#6933));
#6933 = FILL_AREA_STYLE_COLOUR('',#6898);
#6934 = OVER_RIDING_STYLED_ITEM('overriding color',(#6935),#5991,#6872);
#6935 = PRESENTATION_STYLE_ASSIGNMENT((#6936));
#6936 = SURFACE_STYLE_USAGE(.BOTH.,#6937);
#6937 = SURFACE_SIDE_STYLE('',(#6938));
#6938 = SURFACE_STYLE_FILL_AREA(#6939);
#6939 = FILL_AREA_STYLE('',(#6940));
#6940 = FILL_AREA_STYLE_COLOUR('',#6941);
#6941 = COLOUR_RGB('',0.968627457133,0.807843143701,0.);
#6942 = OVER_RIDING_STYLED_ITEM('overriding color',(#6943),#6046,#6872);
#6943 = PRESENTATION_STYLE_ASSIGNMENT((#6944));
#6944 = SURFACE_STYLE_USAGE(.BOTH.,#6945);
#6945 = SURFACE_SIDE_STYLE('',(#6946));
#6946 = SURFACE_STYLE_FILL_AREA(#6947);
#6947 = FILL_AREA_STYLE('',(#6948));
#6948 = FILL_AREA_STYLE_COLOUR('',#6941);
#6949 = OVER_RIDING_STYLED_ITEM('overriding color',(#6950),#6101,#6872);
#6950 = PRESENTATION_STYLE_ASSIGNMENT((#6951));
#6951 = SURFACE_STYLE_USAGE(.BOTH.,#6952);
#6952 = SURFACE_SIDE_STYLE('',(#6953));
#6953 = SURFACE_STYLE_FILL_AREA(#6954);
#6954 = FILL_AREA_STYLE('',(#6955));
#6955 = FILL_AREA_STYLE_COLOUR('',#6898);
#6956 = OVER_RIDING_STYLED_ITEM('overriding color',(#6957),#6156,#6872);
#6957 = PRESENTATION_STYLE_ASSIGNMENT((#6958));
#6958 = SURFACE_STYLE_USAGE(.BOTH.,#6959);
#6959 = SURFACE_SIDE_STYLE('',(#6960));
#6960 = SURFACE_STYLE_FILL_AREA(#6961);
#6961 = FILL_AREA_STYLE('',(#6962));
#6962 = FILL_AREA_STYLE_COLOUR('',#6941);
ENDSEC;
END-ISO-10303-21;
