ISO-10303-21;
HEADER;
FILE_DESCRIPTION (( 'STEP AP214' ),
    '1' );
FILE_NAME ('VDMR10A0.STEP',
    '2025-03-30T16:53:51',
    ( '' ),
    ( '' ),
    'SwSTEP 2.0',
    'SolidWorks 2024',
    '' );
FILE_SCHEMA (( 'AUTOMOTIVE_DESIGN' ));
ENDSEC;

DATA;
#1 = CARTESIAN_POINT ( 'NONE',  ( -7.500000000000000000, 0.000000000000000000, 3.149999999999999911 ) ) ;
#2 = ORIENTED_EDGE ( 'NONE', *, *, #8057, .T. ) ;
#3 = EDGE_CURVE ( 'NONE', #5927, #3190, #4939, .T. ) ;
#4 = EDGE_CURVE ( 'NONE', #1280, #316, #6382, .T. ) ;
#5 = EDGE_LOOP ( 'NONE', ( #5038, #8966, #3288, #4708, #8240, #43 ) ) ;
#6 = LINE ( 'NONE', #4377, #1005 ) ;
#7 = ORIENTED_EDGE ( 'NONE', *, *, #3831, .T. ) ;
#8 = FACE_OUTER_BOUND ( 'NONE', #8645, .T. ) ;
#9 = VECTOR ( 'NONE', #6407, 1000.000000000000114 ) ;
#10 = DIRECTION ( 'NONE',  ( 0.000000000000000000, -1.000000000000000000, 0.000000000000000000 ) ) ;
#11 = CARTESIAN_POINT ( 'NONE',  ( -7.500000000000000000, 0.5999999999999999778, -1.899999999999999911 ) ) ;
#12 = EDGE_CURVE ( 'NONE', #4297, #1130, #5624, .T. ) ;
#13 = DIRECTION ( 'NONE',  ( 0.7660444431189782355, 0.000000000000000000, -0.6427876096865390299 ) ) ;
#14 = ORIENTED_EDGE ( 'NONE', *, *, #8614, .T. ) ;
#15 = LINE ( 'NONE', #5266, #7856 ) ;
#16 = VECTOR ( 'NONE', #8377, 1000.000000000000000 ) ;
#17 = SURFACE_SIDE_STYLE ('',( #2767 ) ) ;
#18 = FILL_AREA_STYLE ('',( #6552 ) ) ;
#19 = DIRECTION ( 'NONE',  ( 0.000000000000000000, 1.000000000000000000, 0.000000000000000000 ) ) ;
#20 = CARTESIAN_POINT ( 'NONE',  ( 7.500000000000000000, 0.000000000000000000, 0.8499999999999999778 ) ) ;
#21 = CARTESIAN_POINT ( 'NONE',  ( -7.500000000000000000, 2.900543414065470227, -1.250000000000000000 ) ) ;
#22 = EDGE_CURVE ( 'NONE', #5435, #8199, #4890, .T. ) ;
#23 = ORIENTED_EDGE ( 'NONE', *, *, #6647, .F. ) ;
#24 = ORIENTED_EDGE ( 'NONE', *, *, #4777, .F. ) ;
#25 = APPLICATION_PROTOCOL_DEFINITION ( 'draft international standard', 'automotive_design', 1998, #8660 ) ;
#26 = ORIENTED_EDGE ( 'NONE', *, *, #8713, .F. ) ;
#27 = LINE ( 'NONE', #790, #1853 ) ;
#28 = DIRECTION ( 'NONE',  ( 0.000000000000000000, -1.000000000000000000, 0.000000000000000000 ) ) ;
#29 = DIRECTION ( 'NONE',  ( -0.6427876096865396960, 0.000000000000000000, -0.7660444431189776804 ) ) ;
#30 = UNCERTAINTY_MEASURE_WITH_UNIT (LENGTH_MEASURE( 1.000000000000000082E-05 ), #390, 'distance_accuracy_value', 'NONE');
#31 = VECTOR ( 'NONE', #1988, 1000.000000000000000 ) ;
#32 =( REPRESENTATION_RELATIONSHIP ('NONE','NONE', #3559, #9132 ) REPRESENTATION_RELATIONSHIP_WITH_TRANSFORMATION ( #3211 )SHAPE_REPRESENTATION_RELATIONSHIP( ) );
#33 = SHAPE_REPRESENTATION ( 'Cut-Extrude4_1', ( #3266 ), #1606 ) ;
#34 = EDGE_CURVE ( 'NONE', #6077, #8822, #5673, .T. ) ;
#35 = LINE ( 'NONE', #6565, #6794 ) ;
#36 = PRODUCT_DEFINITION_SHAPE ( 'NONE', 'NONE',  #4131 ) ;
#37 = AXIS2_PLACEMENT_3D ( 'NONE', #8021, #2164, #2260 ) ;
#38 = PRODUCT_DEFINITION_FORMATION_WITH_SPECIFIED_SOURCE ( 'ANY', '', #1484, .NOT_KNOWN. ) ;
#39 = VERTEX_POINT ( 'NONE', #8373 ) ;
#40 = DIRECTION ( 'NONE',  ( 0.000000000000000000, 1.000000000000000000, 0.000000000000000000 ) ) ;
#41 = VERTEX_POINT ( 'NONE', #1275 ) ;
#42 =( NAMED_UNIT ( * ) SI_UNIT ( $, .STERADIAN. ) SOLID_ANGLE_UNIT ( ) );
#43 = ORIENTED_EDGE ( 'NONE', *, *, #4713, .F. ) ;
#44 = PLANE ( 'NONE',  #7465 ) ;
#45 = ORIENTED_EDGE ( 'NONE', *, *, #775, .T. ) ;
#46 = DIRECTION ( 'NONE',  ( 0.9848077530122081313, 0.000000000000000000, 0.1736481776669305255 ) ) ;
#47 = FILL_AREA_STYLE_COLOUR ( '', #4450 ) ;
#48 = CARTESIAN_POINT ( 'NONE',  ( 7.500000000000000000, 0.000000000000000000, -3.149999999999999911 ) ) ;
#49 = CARTESIAN_POINT ( 'NONE',  ( -0.8000000000000000444, 3.750000000000000000, -2.070372147149684761 ) ) ;
#50 = VERTEX_POINT ( 'NONE', #4170 ) ;
#51 = VERTEX_POINT ( 'NONE', #7657 ) ;
#52 = CARTESIAN_POINT ( 'NONE',  ( -0.8000000000000000444, -2.455974827712295028, 3.006760912279035303 ) ) ;
#53 = VECTOR ( 'NONE', #2892, 1000.000000000000000 ) ;
#54 = CARTESIAN_POINT ( 'NONE',  ( -5.950000000000000178, 0.5999999999999999778, -1.050000000000000044 ) ) ;
#55 = PRODUCT_DEFINITION ( 'UNKNOWN', '', #3075, #7936 ) ;
#56 = EDGE_CURVE ( 'NONE', #8042, #5943, #7858, .T. ) ;
#57 = VECTOR ( 'NONE', #622, 1000.000000000000000 ) ;
#58 =( GEOMETRIC_REPRESENTATION_CONTEXT ( 3 ) GLOBAL_UNCERTAINTY_ASSIGNED_CONTEXT ( ( #5349 ) ) GLOBAL_UNIT_ASSIGNED_CONTEXT ( ( #6155, #964, #8899 ) ) REPRESENTATION_CONTEXT ( 'NONE', 'WORKASPACE' ) );
#59 = CLOSED_SHELL ( 'NONE', ( #5636, #3083, #1624, #3437, #8722, #4679, #728, #1960 ) ) ;
#60 = FACE_OUTER_BOUND ( 'NONE', #7874, .T. ) ;
#61 = DIRECTION ( 'NONE',  ( 0.000000000000000000, -1.000000000000000000, 0.000000000000000000 ) ) ;
#62 = VECTOR ( 'NONE', #5488, 1000.000000000000000 ) ;
#63 = CARTESIAN_POINT ( 'NONE',  ( -0.5999999999999999778, -2.455974827712295028, -1.832021428630845161 ) ) ;
#64 = EDGE_CURVE ( 'NONE', #6340, #5927, #5571, .T. ) ;
#65 = CARTESIAN_POINT ( 'NONE',  ( -4.503459778706369931, 2.750000000000000000, 1.711808560920089928 ) ) ;
#66 = DIRECTION ( 'NONE',  ( 0.9848077530122079093, 0.000000000000000000, 0.1736481776669309696 ) ) ;
#67 = VECTOR ( 'NONE', #792, 1000.000000000000000 ) ;
#68 = PRODUCT_RELATED_PRODUCT_CATEGORY ( 'part', '', ( #6349 ) ) ;
#69 = DIRECTION ( 'NONE',  ( 0.000000000000000000, 1.000000000000000000, 0.000000000000000000 ) ) ;
#70 = CIRCLE ( 'NONE', #681, 0.5000000000000000000 ) ;
#71 = CARTESIAN_POINT ( 'NONE',  ( 0.8000000000000000444, -2.455974827712295028, 2.070372147149684761 ) ) ;
#72 = LINE ( 'NONE', #5275, #5095 ) ;
#73 = VERTEX_POINT ( 'NONE', #8511 ) ;
#74 = VECTOR ( 'NONE', #5901, 1000.000000000000114 ) ;
#75 = EDGE_LOOP ( 'NONE', ( #798, #3160, #6678, #3180 ) ) ;
#76 = APPLICATION_PROTOCOL_DEFINITION ( 'draft international standard', 'automotive_design', 1998, #9000 ) ;
#77 = AXIS2_PLACEMENT_3D ( 'NONE', #2532, #5346, #4720 ) ;
#78 = CARTESIAN_POINT ( 'NONE',  ( 7.500000000000000000, 0.000000000000000000, -1.050000000000000044 ) ) ;
#79 =( GEOMETRIC_REPRESENTATION_CONTEXT ( 3 ) GLOBAL_UNCERTAINTY_ASSIGNED_CONTEXT ( ( #8945 ) ) GLOBAL_UNIT_ASSIGNED_CONTEXT ( ( #765, #1719, #8932 ) ) REPRESENTATION_CONTEXT ( 'NONE', 'WORKASPACE' ) );
#80 = CARTESIAN_POINT ( 'NONE',  ( -5.200000000000000178, 0.2000000000000000111, -4.599999999999999645 ) ) ;
#81 = CARTESIAN_POINT ( 'NONE',  ( -4.400000000000000355, 2.750000000000000000, 3.600000000000000089 ) ) ;
#82 = CARTESIAN_POINT ( 'NONE',  ( 5.000000000000000000, 3.750000000000000000, 2.948677781956460464 ) ) ;
#83 =( GEOMETRIC_REPRESENTATION_CONTEXT ( 3 ) GLOBAL_UNCERTAINTY_ASSIGNED_CONTEXT ( ( #1082 ) ) GLOBAL_UNIT_ASSIGNED_CONTEXT ( ( #5718, #6279, #7129 ) ) REPRESENTATION_CONTEXT ( 'NONE', 'WORKASPACE' ) );
#84 = EDGE_LOOP ( 'NONE', ( #4136, #5223, #4760, #1409 ) ) ;
#85 = DIRECTION ( 'NONE',  ( 0.000000000000000000, -1.000000000000000000, 0.000000000000000000 ) ) ;
#86 = ORIENTED_EDGE ( 'NONE', *, *, #568, .F. ) ;
#87 =( NAMED_UNIT ( * ) SI_UNIT ( $, .STERADIAN. ) SOLID_ANGLE_UNIT ( ) );
#88 = VECTOR ( 'NONE', #1530, 1000.000000000000000 ) ;
#89 = ORIENTED_EDGE ( 'NONE', *, *, #2579, .T. ) ;
#90 = CARTESIAN_POINT ( 'NONE',  ( -7.500000000000000000, 0.5999999999999999778, -4.899999999999999467 ) ) ;
#91 = ORIENTED_EDGE ( 'NONE', *, *, #9367, .T. ) ;
#92 = APPLICATION_CONTEXT ( 'automotive_design' ) ;
#93 = DIRECTION ( 'NONE',  ( 0.000000000000000000, 0.000000000000000000, -1.000000000000000000 ) ) ;
#94 = UNCERTAINTY_MEASURE_WITH_UNIT (LENGTH_MEASURE( 1.000000000000000082E-05 ), #5182, 'distance_accuracy_value', 'NONE');
#96 = DIRECTION ( 'NONE',  ( 1.000000000000000000, 0.000000000000000000, 0.000000000000000000 ) ) ;
#95 = VECTOR ( 'NONE', #1976, 1000.000000000000000 ) ;
#97 = EDGE_CURVE ( 'NONE', #3655, #7610, #1951, .T. ) ;
#98 = LINE ( 'NONE', #868, #2796 ) ;
#99 = ORIENTED_EDGE ( 'NONE', *, *, #1869, .T. ) ;
#100 = COLOUR_RGB ( '',0.7921568627450980005, 0.8196078431372548767, 0.9333333333333333481 ) ;
#101 = CARTESIAN_POINT ( 'NONE',  ( -4.503459778706369931, 2.750000000000000000, 1.711808560920089928 ) ) ;
#102 = PRESENTATION_LAYER_ASSIGNMENT (  '', '', ( #3137 ) ) ;
#103 = VERTEX_POINT ( 'NONE', #9072 ) ;
#104 = ORIENTED_EDGE ( 'NONE', *, *, #7337, .F. ) ;
#105 = SURFACE_SIDE_STYLE ('',( #3765 ) ) ;
#106 = DIRECTION ( 'NONE',  ( -0.6427876096865391409, 0.000000000000000000, -0.7660444431189782355 ) ) ;
#107 = VECTOR ( 'NONE', #5912, 1000.000000000000000 ) ;
#108 = LINE ( 'NONE', #6545, #3657 ) ;
#109 =( NAMED_UNIT ( * ) PLANE_ANGLE_UNIT ( ) SI_UNIT ( $, .RADIAN. ) );
#110 = MECHANICAL_DESIGN_GEOMETRIC_PRESENTATION_REPRESENTATION (  '', ( #6658 ), #4520 ) ;
#111 = CARTESIAN_POINT ( 'NONE',  ( 5.000000000000000000, 2.750000000000000000, 2.948677781956460464 ) ) ;
#112 = VECTOR ( 'NONE', #1972, 1000.000000000000000 ) ;
#113 = DIRECTION ( 'NONE',  ( 0.000000000000000000, 1.000000000000000000, 0.000000000000000000 ) ) ;
#114 = PLANE ( 'NONE',  #2429 ) ;
#115 = LINE ( 'NONE', #8169, #8726 ) ;
#116 = PRODUCT_DEFINITION_SHAPE ( 'NONE', 'NONE',  #9398 ) ;
#117 = LINE ( 'NONE', #3019, #7570 ) ;
#118 = AXIS2_PLACEMENT_3D ( 'NONE', #2422, #5380, #2462 ) ;
#119 =( LENGTH_UNIT ( ) NAMED_UNIT ( * ) SI_UNIT ( .MILLI., .METRE. ) );
#120 = PLANE ( 'NONE',  #8594 ) ;
#121 = CARTESIAN_POINT ( 'NONE',  ( 0.8000000000000000444, -2.455974827712295028, 3.288884081412580151 ) ) ;
#122 = ADVANCED_FACE ( 'NONE', ( #2046 ), #1146, .T. ) ;
#123 = SURFACE_STYLE_FILL_AREA ( #5941 ) ;
#124 = ORIENTED_EDGE ( 'NONE', *, *, #5903, .T. ) ;
#125 = EDGE_CURVE ( 'NONE', #4996, #869, #4849, .T. ) ;
#126 = EDGE_CURVE ( 'NONE', #7373, #4665, #6998, .T. ) ;
#127 = VERTEX_POINT ( 'NONE', #1238 ) ;
#128 = SHAPE_DEFINITION_REPRESENTATION ( #4727, #5578 ) ;
#129 = LINE ( 'NONE', #6696, #5505 ) ;
#130 = CARTESIAN_POINT ( 'NONE',  ( 0.000000000000000000, 0.5999999999999999778, 0.000000000000000000 ) ) ;
#131 = LINE ( 'NONE', #2270, #9015 ) ;
#132 = DIRECTION ( 'NONE',  ( -1.000000000000000000, 0.000000000000000000, 0.000000000000000000 ) ) ;
#133 = ADVANCED_FACE ( 'NONE', ( #620 ), #2561, .F. ) ;
#134 = ORIENTED_EDGE ( 'NONE', *, *, #7114, .F. ) ;
#135 = DIRECTION ( 'NONE',  ( -0.7660444431189782355, 0.000000000000000000, 0.6427876096865391409 ) ) ;
#136 = ORIENTED_EDGE ( 'NONE', *, *, #8007, .T. ) ;
#137 = SHAPE_REPRESENTATION_RELATIONSHIP ( 'NONE' , 'NONE' ,  #4893, #6026 ) ;
#138 = ORIENTED_EDGE ( 'NONE', *, *, #6320, .F. ) ;
#139 = CARTESIAN_POINT ( 'NONE',  ( 7.500000000000000000, 0.000000000000000000, 0.6500000000000000222 ) ) ;
#140 = ORIENTED_EDGE ( 'NONE', *, *, #2848, .F. ) ;
#141 = CARTESIAN_POINT ( 'NONE',  ( 7.499999999999920064, 3.750000000000000000, -4.649999999999999467 ) ) ;
#142 =( NAMED_UNIT ( * ) SI_UNIT ( $, .STERADIAN. ) SOLID_ANGLE_UNIT ( ) );
#143 = FACE_OUTER_BOUND ( 'NONE', #6747, .T. ) ;
#144 = AXIS2_PLACEMENT_3D ( 'NONE', #6316, #5552, #4781 ) ;
#145 = DIRECTION ( 'NONE',  ( 0.000000000000000000, -1.000000000000000000, 0.000000000000000000 ) ) ;
#146 = ORIENTED_EDGE ( 'NONE', *, *, #3688, .F. ) ;
#147 = DIRECTION ( 'NONE',  ( 0.000000000000000000, 1.000000000000000000, 0.000000000000000000 ) ) ;
#148 = VERTEX_POINT ( 'NONE', #5473 ) ;
#149 = ADVANCED_FACE ( 'NONE', ( #6951 ), #6239, .F. ) ;
#150 = ORIENTED_EDGE ( 'NONE', *, *, #97, .F. ) ;
#151 = FACE_OUTER_BOUND ( 'NONE', #2765, .T. ) ;
#152 = LINE ( 'NONE', #2332, #3057 ) ;
#153 = LINE ( 'NONE', #8156, #7366 ) ;
#154 = EDGE_CURVE ( 'NONE', #50, #1335, #8417, .T. ) ;
#155 = DIRECTION ( 'NONE',  ( 0.000000000000000000, 0.000000000000000000, 1.000000000000000000 ) ) ;
#156 = LINE ( 'NONE', #1068, #7501 ) ;
#157 = SURFACE_STYLE_FILL_AREA ( #6685 ) ;
#158 = AXIS2_PLACEMENT_3D ( 'NONE', #2518, #1592, #4487 ) ;
#159 = CARTESIAN_POINT ( 'NONE',  ( -0.8000000000000000444, 2.750000000000000000, 1.788248978016145241 ) ) ;
#160 = DIRECTION ( 'NONE',  ( 0.000000000000000000, 0.000000000000000000, -1.000000000000000000 ) ) ;
#161 = CARTESIAN_POINT ( 'NONE',  ( 0.8000000000000000444, 3.750000000000000000, -1.788248978016140134 ) ) ;
#162 = EDGE_CURVE ( 'NONE', #1335, #5689, #1198, .T. ) ;
#163 = FILL_AREA_STYLE_COLOUR ( '', #584 ) ;
#164 = FILL_AREA_STYLE ('',( #4681 ) ) ;
#165 = DIRECTION ( 'NONE',  ( 0.000000000000000000, 0.000000000000000000, -1.000000000000000000 ) ) ;
#166 =( NAMED_UNIT ( * ) PLANE_ANGLE_UNIT ( ) SI_UNIT ( $, .RADIAN. ) );
#167 = ORIENTED_EDGE ( 'NONE', *, *, #4218, .T. ) ;
#168 = EDGE_LOOP ( 'NONE', ( #1477, #6321, #8116, #5802 ) ) ;
#169 = APPLICATION_PROTOCOL_DEFINITION ( 'draft international standard', 'automotive_design', 1998, #5081 ) ;
#170 = CARTESIAN_POINT ( 'NONE',  ( -3.935639852470909972, 2.750000000000000000, -3.841781989187914803 ) ) ;
#171 = VECTOR ( 'NONE', #1476, 1000.000000000000000 ) ;
#172 = EDGE_CURVE ( 'NONE', #2135, #4986, #471, .T. ) ;
#173 = CARTESIAN_POINT ( 'NONE',  ( -6.500000000000000000, 0.5999999999999999778, -4.899999999999999467 ) ) ;
#174 = ADVANCED_FACE ( 'NONE', ( #3423 ), #6336, .F. ) ;
#175 = ORIENTED_EDGE ( 'NONE', *, *, #8780, .T. ) ;
#176 = DIRECTION ( 'NONE',  ( 0.000000000000000000, 0.000000000000000000, 1.000000000000000000 ) ) ;
#177 = ORIENTED_EDGE ( 'NONE', *, *, #1400, .F. ) ;
#178 = VERTEX_POINT ( 'NONE', #6734 ) ;
#179 = LINE ( 'NONE', #227, #1244 ) ;
#180 = ORIENTED_EDGE ( 'NONE', *, *, #3753, .F. ) ;
#181 = FACE_OUTER_BOUND ( 'NONE', #8299, .T. ) ;
#182 = ADVANCED_FACE ( 'NONE', ( #2300 ), #2921, .T. ) ;
#183 = FACE_OUTER_BOUND ( 'NONE', #9270, .T. ) ;
#184 = DIRECTION ( 'NONE',  ( 0.000000000000000000, -1.000000000000000000, 0.000000000000000000 ) ) ;
#185 = VERTEX_POINT ( 'NONE', #4392 ) ;
#186 = FACE_OUTER_BOUND ( 'NONE', #8564, .T. ) ;
#187 = PRODUCT_DEFINITION_SHAPE ( 'NONE', 'NONE',  #9389 ) ;
#188 = ORIENTED_EDGE ( 'NONE', *, *, #3203, .F. ) ;
#189 = AXIS2_PLACEMENT_3D ( 'NONE', #5025, #7257, #1319 ) ;
#190 = ORIENTED_EDGE ( 'NONE', *, *, #8158, .T. ) ;
#191 = CARTESIAN_POINT ( 'NONE',  ( -7.500000000000000000, 0.5999999999999999778, 4.450000000000000178 ) ) ;
#192 = CARTESIAN_POINT ( 'NONE',  ( -3.799999999999999822, 3.750000000000000000, -2.396267766897934859 ) ) ;
#193 = DIRECTION ( 'NONE',  ( 0.000000000000000000, 1.000000000000000000, 0.000000000000000000 ) ) ;
#194 = CARTESIAN_POINT ( 'NONE',  ( 5.949999999999919353, 3.750000000000000000, -4.649999999999999467 ) ) ;
#195 =( NAMED_UNIT ( * ) PLANE_ANGLE_UNIT ( ) SI_UNIT ( $, .RADIAN. ) );
#196 = FACE_BOUND ( 'NONE', #2366, .T. ) ;
#197 = PRESENTATION_LAYER_ASSIGNMENT (  '', '', ( #4609 ) ) ;
#198 = EDGE_LOOP ( 'NONE', ( #7650, #3925, #8507, #6742 ) ) ;
#199 = CARTESIAN_POINT ( 'NONE',  ( 5.000000000000000000, 2.750000000000000000, -1.250760981417740059 ) ) ;
#200 = LINE ( 'NONE', #3200, #3718 ) ;
#201 = VECTOR ( 'NONE', #2569, 1000.000000000000114 ) ;
#202 = CLOSED_SHELL ( 'NONE', ( #3319, #921, #7578, #6627, #8973, #8337, #6102, #7836 ) ) ;
#203 = DIRECTION ( 'NONE',  ( 1.000000000000000000, 0.000000000000000000, 0.000000000000000000 ) ) ;
#204 = PRESENTATION_LAYER_ASSIGNMENT (  '', '', ( #3696 ) ) ;
#205 =( LENGTH_UNIT ( ) NAMED_UNIT ( * ) SI_UNIT ( .MILLI., .METRE. ) );
#206 =( REPRESENTATION_RELATIONSHIP ('NONE','NONE', #3559, #8194 ) REPRESENTATION_RELATIONSHIP_WITH_TRANSFORMATION ( #8398 )SHAPE_REPRESENTATION_RELATIONSHIP( ) );
#207 = ORIENTED_EDGE ( 'NONE', *, *, #8264, .T. ) ;
#208 = EDGE_LOOP ( 'NONE', ( #3651, #721, #7215, #5041, #3184, #1119 ) ) ;
#209 = PRODUCT_CONTEXT ( 'NONE', #8490, 'mechanical' ) ;
#210 = EDGE_CURVE ( 'NONE', #7033, #2991, #8067, .T. ) ;
#211 = VECTOR ( 'NONE', #244, 1000.000000000000114 ) ;
#212 = ADVANCED_FACE ( 'NONE', ( #3021 ), #2400, .F. ) ;
#213 =( NAMED_UNIT ( * ) SI_UNIT ( $, .STERADIAN. ) SOLID_ANGLE_UNIT ( ) );
#214 = CARTESIAN_POINT ( 'NONE',  ( -5.950000000000000178, 2.900543414065470227, 4.649999999999999467 ) ) ;
#215 = LINE ( 'NONE', #6039, #5388 ) ;
#216 = VECTOR ( 'NONE', #3654, 1000.000000000000000 ) ;
#217 = VECTOR ( 'NONE', #4110, 1000.000000000000000 ) ;
#218 = AXIS2_PLACEMENT_3D ( 'NONE', #7018, #7731, #3207 ) ;
#219 = EDGE_LOOP ( 'NONE', ( #7747, #89, #2951, #2698 ) ) ;
#220 = CARTESIAN_POINT ( 'NONE',  ( 0.8000000000000000444, 2.750000000000000000, -1.788248978016140134 ) ) ;
#221 = AXIS2_PLACEMENT_3D ( 'NONE', #735, #8766, #6594 ) ;
#222 = PRESENTATION_STYLE_ASSIGNMENT (( #6745 ) ) ;
#223 = ORIENTED_EDGE ( 'NONE', *, *, #5477, .F. ) ;
#224 =( GEOMETRIC_REPRESENTATION_CONTEXT ( 3 ) GLOBAL_UNCERTAINTY_ASSIGNED_CONTEXT ( ( #6870 ) ) GLOBAL_UNIT_ASSIGNED_CONTEXT ( ( #4666, #3901, #8238 ) ) REPRESENTATION_CONTEXT ( 'NONE', 'WORKASPACE' ) );
#225 =( NAMED_UNIT ( * ) SI_UNIT ( $, .STERADIAN. ) SOLID_ANGLE_UNIT ( ) );
#226 = EDGE_LOOP ( 'NONE', ( #2011, #4034, #1091, #1148 ) ) ;
#227 = CARTESIAN_POINT ( 'NONE',  ( 5.950000000000000178, 2.900543414065470227, -2.949999999999999734 ) ) ;
#228 = EDGE_CURVE ( 'NONE', #6620, #8312, #5845, .T. ) ;
#229 = ORIENTED_EDGE ( 'NONE', *, *, #5479, .T. ) ;
#230 = VECTOR ( 'NONE', #6831, 1000.000000000000000 ) ;
#231 = CARTESIAN_POINT ( 'NONE',  ( 5.950000000000000178, 2.900543414065470227, 4.649999999999999467 ) ) ;
#232 = MECHANICAL_DESIGN_GEOMETRIC_PRESENTATION_REPRESENTATION (  '', ( #3275 ), #5882 ) ;
#233 = SURFACE_SIDE_STYLE ('',( #1570 ) ) ;
#234 = ORIENTED_EDGE ( 'NONE', *, *, #4777, .T. ) ;
#235 = VECTOR ( 'NONE', #773, 1000.000000000000000 ) ;
#236 = EDGE_CURVE ( 'NONE', #241, #5741, #6600, .T. ) ;
#237 = CARTESIAN_POINT ( 'NONE',  ( -0.2000000000000000111, 3.750000000000000000, -2.573831925856055136 ) ) ;
#238 = ORIENTED_EDGE ( 'NONE', *, *, #9298, .F. ) ;
#239 = SHAPE_REPRESENTATION_RELATIONSHIP ( 'NONE' , 'NONE' ,  #7830, #3060 ) ;
#240 = EDGE_CURVE ( 'NONE', #3378, #3118, #6651, .T. ) ;
#241 = VERTEX_POINT ( 'NONE', #5314 ) ;
#242 = DIRECTION ( 'NONE',  ( 0.000000000000000000, -1.000000000000000000, 0.000000000000000000 ) ) ;
#243 = CARTESIAN_POINT ( 'NONE',  ( 7.500000000000000000, 0.5999999999999999778, -3.149999999999999911 ) ) ;
#244 = DIRECTION ( 'NONE',  ( 0.6427876096865390299, 0.000000000000000000, 0.7660444431189782355 ) ) ;
#245 = AXIS2_PLACEMENT_3D ( 'NONE', #5164, #5932, #8014 ) ;
#246 = PLANE ( 'NONE',  #7545 ) ;
#247 = VECTOR ( 'NONE', #4712, 1000.000000000000000 ) ;
#248 = LINE ( 'NONE', #3815, #3851 ) ;
#249 = CARTESIAN_POINT ( 'NONE',  ( -4.400000000000000355, 2.750000000000000000, 3.600000000000000089 ) ) ;
#250 = SURFACE_SIDE_STYLE ('',( #9032 ) ) ;
#251 = VECTOR ( 'NONE', #6614, 1000.000000000000000 ) ;
#252 = ORIENTED_EDGE ( 'NONE', *, *, #7053, .T. ) ;
#253 = DIRECTION ( 'NONE',  ( 0.000000000000000000, 0.000000000000000000, -1.000000000000000000 ) ) ;
#254 = DIRECTION ( 'NONE',  ( 0.000000000000000000, -1.000000000000000000, 0.000000000000000000 ) ) ;
#255 = DIRECTION ( 'NONE',  ( 0.000000000000000000, -1.000000000000000000, 0.000000000000000000 ) ) ;
#256 = FACE_OUTER_BOUND ( 'NONE', #600, .T. ) ;
#257 = VECTOR ( 'NONE', #9370, 1000.000000000000000 ) ;
#258 = VECTOR ( 'NONE', #5758, 1000.000000000000000 ) ;
#259 = FILL_AREA_STYLE_COLOUR ( '', #3898 ) ;
#260 = CARTESIAN_POINT ( 'NONE',  ( 4.000000000000000000, 3.750000000000000000, -2.442514574011950046 ) ) ;
#261 = DIRECTION ( 'NONE',  ( 0.000000000000000000, -1.000000000000000000, 0.000000000000000000 ) ) ;
#262 = EDGE_LOOP ( 'NONE', ( #8546, #6276, #789, #5710 ) ) ;
#263 = ORIENTED_EDGE ( 'NONE', *, *, #1376, .T. ) ;
#264 = ADVANCED_FACE ( 'NONE', ( #2263 ), #8808, .F. ) ;
#265 = PRODUCT_CONTEXT ( 'NONE', #893, 'mechanical' ) ;
#266 = SURFACE_SIDE_STYLE ('',( #984 ) ) ;
#267 = VECTOR ( 'NONE', #2864, 1000.000000000000000 ) ;
#268 = VECTOR ( 'NONE', #3865, 1000.000000000000000 ) ;
#269 = LINE ( 'NONE', #5410, #2997 ) ;
#270 = PLANE ( 'NONE',  #8869 ) ;
#271 = EDGE_CURVE ( 'NONE', #660, #3529, #7406, .T. ) ;
#272 = SURFACE_SIDE_STYLE ('',( #3881 ) ) ;
#273 = CARTESIAN_POINT ( 'NONE',  ( -4.400000000000000355, 2.750000000000000000, 4.200000000000000178 ) ) ;
#274 = VERTEX_POINT ( 'NONE', #5272 ) ;
#275 =( LENGTH_UNIT ( ) NAMED_UNIT ( * ) SI_UNIT ( .MILLI., .METRE. ) );
#276 = CARTESIAN_POINT ( 'NONE',  ( -4.567819926235459960, 2.750000000000000000, -3.311319922454459608 ) ) ;
#277 = EDGE_LOOP ( 'NONE', ( #286, #3891, #2601, #3405 ) ) ;
#278 = EDGE_LOOP ( 'NONE', ( #7213, #5774, #7930, #5149 ) ) ;
#279 = DIRECTION ( 'NONE',  ( 0.000000000000000000, -1.000000000000000000, 0.000000000000000000 ) ) ;
#280 = VERTEX_POINT ( 'NONE', #891 ) ;
#281 = DIRECTION ( 'NONE',  ( 1.000000000000000000, 0.000000000000000000, 0.000000000000000000 ) ) ;
#282 = FILL_AREA_STYLE ('',( #6754 ) ) ;
#283 = LINE ( 'NONE', #6095, #5863 ) ;
#284 = ORIENTED_EDGE ( 'NONE', *, *, #5158, .F. ) ;
#285 = CARTESIAN_POINT ( 'NONE',  ( 0.8000000000000000444, 2.750000000000000000, -1.788248978016140134 ) ) ;
#286 = ORIENTED_EDGE ( 'NONE', *, *, #8474, .T. ) ;
#287 = DIRECTION ( 'NONE',  ( 0.000000000000000000, 0.000000000000000000, 1.000000000000000000 ) ) ;
#288 =( NAMED_UNIT ( * ) PLANE_ANGLE_UNIT ( ) SI_UNIT ( $, .RADIAN. ) );
#289 = ORIENTED_EDGE ( 'NONE', *, *, #8585, .F. ) ;
#290 = EDGE_CURVE ( 'NONE', #5299, #956, #3777, .T. ) ;
#291 = DIRECTION ( 'NONE',  ( 0.000000000000000000, 1.000000000000000000, 0.000000000000000000 ) ) ;
#292 = ADVANCED_FACE ( 'NONE', ( #5981 ), #3823, .F. ) ;
#293 = PLANE ( 'NONE',  #6445 ) ;
#294 = DIRECTION ( 'NONE',  ( 0.000000000000000000, 1.000000000000000000, 0.000000000000000000 ) ) ;
#295 = LINE ( 'NONE', #8900, #2955 ) ;
#296 = VERTEX_POINT ( 'NONE', #8909 ) ;
#297 = DIRECTION ( 'NONE',  ( 0.000000000000000000, 1.000000000000000000, 0.000000000000000000 ) ) ;
#298 = LINE ( 'NONE', #6071, #6163 ) ;
#299 = UNCERTAINTY_MEASURE_WITH_UNIT (LENGTH_MEASURE( 1.000000000000000082E-05 ), #4223, 'distance_accuracy_value', 'NONE');
#300 = ADVANCED_FACE ( 'NONE', ( #7444 ), #8219, .F. ) ;
#301 =( NAMED_UNIT ( * ) PLANE_ANGLE_UNIT ( ) SI_UNIT ( $, .RADIAN. ) );
#302 = UNCERTAINTY_MEASURE_WITH_UNIT (LENGTH_MEASURE( 1.000000000000000082E-05 ), #1971, 'distance_accuracy_value', 'NONE');
#303 = DIRECTION ( 'NONE',  ( 1.000000000000000000, 0.000000000000000000, 0.000000000000000000 ) ) ;
#304 = SURFACE_STYLE_FILL_AREA ( #164 ) ;
#305 = DIRECTION ( 'NONE',  ( -0.6427876096865390299, 0.000000000000000000, -0.7660444431189782355 ) ) ;
#306 = DIRECTION ( 'NONE',  ( 0.000000000000000000, 0.000000000000000000, 1.000000000000000000 ) ) ;
#307 = ORIENTED_EDGE ( 'NONE', *, *, #8776, .T. ) ;
#308 = ORIENTED_EDGE ( 'NONE', *, *, #6589, .F. ) ;
#309 = ITEM_DEFINED_TRANSFORMATION ( 'NONE', 'NONE', #3383,  #3266 ) ;
#310 = DIRECTION ( 'NONE',  ( 0.000000000000000000, 0.000000000000000000, -1.000000000000000000 ) ) ;
#311 = CARTESIAN_POINT ( 'NONE',  ( 0.000000000000000000, 0.5999999999999999778, 2.750000000000000000 ) ) ;
#312 = DIRECTION ( 'NONE',  ( 0.9848077530122081313, 0.000000000000000000, 0.1736481776669305255 ) ) ;
#313 = MECHANICAL_DESIGN_GEOMETRIC_PRESENTATION_REPRESENTATION (  '', ( #6247 ), #3197 ) ;
#314 = LINE ( 'NONE', #6176, #7405 ) ;
#315 = ADVANCED_FACE ( 'NONE', ( #1690 ), #4583, .F. ) ;
#316 = VERTEX_POINT ( 'NONE', #8024 ) ;
#317 = DIRECTION ( 'NONE',  ( 0.000000000000000000, 0.000000000000000000, -1.000000000000000000 ) ) ;
#318 = SURFACE_STYLE_FILL_AREA ( #1430 ) ;
#319 = ORIENTED_EDGE ( 'NONE', *, *, #271, .F. ) ;
#320 = ORIENTED_EDGE ( 'NONE', *, *, #7350, .T. ) ;
#321 = CARTESIAN_POINT ( 'NONE',  ( 7.500000000000000000, 2.900543414065470227, 1.250000000000000000 ) ) ;
#322 = EDGE_LOOP ( 'NONE', ( #9117, #2192, #5883, #4398, #8597, #24 ) ) ;
#323 = DIRECTION ( 'NONE',  ( 0.000000000000000000, 0.000000000000000000, 1.000000000000000000 ) ) ;
#324 = ADVANCED_FACE ( 'NONE', ( #1503 ), #3679, .T. ) ;
#325 = VECTOR ( 'NONE', #3516, 1000.000000000000000 ) ;
#326 = CARTESIAN_POINT ( 'NONE',  ( -0.8000000000000000444, -2.455974827712295028, 3.006760912279035303 ) ) ;
#327 = ORIENTED_EDGE ( 'NONE', *, *, #674, .T. ) ;
#328 = LINE ( 'NONE', #1852, #7351 ) ;
#329 = ORIENTED_EDGE ( 'NONE', *, *, #4120, .F. ) ;
#330 = SHAPE_REPRESENTATION_RELATIONSHIP ( 'NONE' , 'NONE' ,  #1628, #5810 ) ;
#331 = EDGE_CURVE ( 'NONE', #7164, #7460, #8769, .T. ) ;
#332 = LINE ( 'NONE', #3146, #2104 ) ;
#333 = VERTEX_POINT ( 'NONE', #6220 ) ;
#334 = CARTESIAN_POINT ( 'NONE',  ( -0.8000000000000000444, 3.750000000000000000, -2.070372147149684761 ) ) ;
#335 = PLANE ( 'NONE',  #3894 ) ;
#336 = SHAPE_REPRESENTATION ( 'Boss-Extrude3[8]_1', ( #3266 ), #6317 ) ;
#337 = DIRECTION ( 'NONE',  ( 0.000000000000000000, -1.000000000000000000, 0.000000000000000000 ) ) ;
#339 = FILL_AREA_STYLE ('',( #4755 ) ) ;
#338 = PRODUCT_DEFINITION_FORMATION_WITH_SPECIFIED_SOURCE ( 'ANY', '', #7623, .NOT_KNOWN. ) ;
#340 =( NAMED_UNIT ( * ) PLANE_ANGLE_UNIT ( ) SI_UNIT ( $, .RADIAN. ) );
#341 = EDGE_LOOP ( 'NONE', ( #2517, #1137, #6449, #2861 ) ) ;
#342 = CARTESIAN_POINT ( 'NONE',  ( -5.950000000000000178, 3.750000000000000000, 0.8499999999999999778 ) ) ;
#343 = PRODUCT_RELATED_PRODUCT_CATEGORY ( 'part', '', ( #6711 ) ) ;
#344 = CARTESIAN_POINT ( 'NONE',  ( -7.500000000000000000, 0.5999999999999999778, -1.050000000000000044 ) ) ;
#345 = EDGE_CURVE ( 'NONE', #8423, #9256, #5351, .T. ) ;
#346 =( LENGTH_UNIT ( ) NAMED_UNIT ( * ) SI_UNIT ( .MILLI., .METRE. ) );
#347 =( LENGTH_UNIT ( ) NAMED_UNIT ( * ) SI_UNIT ( .MILLI., .METRE. ) );
#348 = PLANE ( 'NONE',  #3918 ) ;
#349 = LINE ( 'NONE', #6976, #8986 ) ;
#350 = ADVANCED_FACE ( 'NONE', ( #3313 ), #7635, .T. ) ;
#351 = EDGE_LOOP ( 'NONE', ( #6529, #8955, #6169, #6823 ) ) ;
#352 = CONTEXT_DEPENDENT_SHAPE_REPRESENTATION ( #2042, #5144 ) ;
#353 = SURFACE_STYLE_FILL_AREA ( #5500 ) ;
#354 = FILL_AREA_STYLE_COLOUR ( '', #9196 ) ;
#355 = AXIS2_PLACEMENT_3D ( 'NONE', #9238, #7772, #6303 ) ;
#356 = PLANE ( 'NONE',  #2632 ) ;
#357 = CLOSED_SHELL ( 'NONE', ( #5216, #7275, #7447, #1453, #6412, #8762, #2963, #9245 ) ) ;
#358 = DIRECTION ( 'NONE',  ( -1.232817212792323889E-16, 0.000000000000000000, -1.000000000000000000 ) ) ;
#359 = VECTOR ( 'NONE', #4995, 1000.000000000000000 ) ;
#360 = ORIENTED_EDGE ( 'NONE', *, *, #7797, .F. ) ;
#361 = AXIS2_PLACEMENT_3D ( 'NONE', #4272, #2858, #720 ) ;
#362 = DIRECTION ( 'NONE',  ( 1.000000000000000000, 0.000000000000000000, 0.000000000000000000 ) ) ;
#363 = FACE_OUTER_BOUND ( 'NONE', #5635, .T. ) ;
#364 = EDGE_LOOP ( 'NONE', ( #1673, #5196, #3388, #1242 ) ) ;
#365 = DIRECTION ( 'NONE',  ( 1.000000000000000000, 0.000000000000000000, 0.000000000000000000 ) ) ;
#366 = AXIS2_PLACEMENT_3D ( 'NONE', #2880, #6561, #6376 ) ;
#367 = VERTEX_POINT ( 'NONE', #5451 ) ;
#368 = PLANE ( 'NONE',  #6570 ) ;
#369 = VECTOR ( 'NONE', #9282, 1000.000000000000000 ) ;
#370 = ORIENTED_EDGE ( 'NONE', *, *, #8886, .F. ) ;
#371 = PLANE ( 'NONE',  #7561 ) ;
#372 = SURFACE_STYLE_FILL_AREA ( #282 ) ;
#373 = VECTOR ( 'NONE', #4012, 1000.000000000000000 ) ;
#374 = AXIS2_PLACEMENT_3D ( 'NONE', #582, #3481, #4948 ) ;
#375 = LINE ( 'NONE', #2560, #535 ) ;
#376 = ORIENTED_EDGE ( 'NONE', *, *, #412, .T. ) ;
#377 = CARTESIAN_POINT ( 'NONE',  ( -7.500000000000000000, 0.5999999999999999778, 4.899999999999999467 ) ) ;
#378 = ORIENTED_EDGE ( 'NONE', *, *, #7154, .T. ) ;
#379 =( LENGTH_UNIT ( ) NAMED_UNIT ( * ) SI_UNIT ( .MILLI., .METRE. ) );
#380 = MECHANICAL_DESIGN_GEOMETRIC_PRESENTATION_REPRESENTATION (  '', ( #5719 ), #4175 ) ;
#381 = CARTESIAN_POINT ( 'NONE',  ( 4.599999999999999645, 3.750000000000000000, -1.727462418455419924 ) ) ;
#382 = ORIENTED_EDGE ( 'NONE', *, *, #2342, .F. ) ;
#383 = FILL_AREA_STYLE ('',( #2567 ) ) ;
#384 = VECTOR ( 'NONE', #2679, 1000.000000000000000 ) ;
#385 = EDGE_CURVE ( 'NONE', #623, #8432, #7681, .T. ) ;
#386 = VECTOR ( 'NONE', #1965, 1000.000000000000000 ) ;
#387 = CARTESIAN_POINT ( 'NONE',  ( 5.950000000000000178, 3.750000000000000000, -1.050000000000000044 ) ) ;
#388 = MECHANICAL_DESIGN_GEOMETRIC_PRESENTATION_REPRESENTATION (  '', ( #2507 ), #9347 ) ;
#389 = PRESENTATION_LAYER_ASSIGNMENT (  '', '', ( #7688 ) ) ;
#390 =( LENGTH_UNIT ( ) NAMED_UNIT ( * ) SI_UNIT ( .MILLI., .METRE. ) );
#391 = PLANE ( 'NONE',  #4152 ) ;
#392 = PRODUCT_DEFINITION_CONTEXT ( 'detailed design', #5447, 'design' ) ;
#393 = ORIENTED_EDGE ( 'NONE', *, *, #4370, .F. ) ;
#394 = AXIS2_PLACEMENT_3D ( 'NONE', #7173, #3604, #6566 ) ;
#395 = PLANE ( 'NONE',  #6188 ) ;
#396 =( REPRESENTATION_RELATIONSHIP ('NONE','NONE', #3559, #8491 ) REPRESENTATION_RELATIONSHIP_WITH_TRANSFORMATION ( #1181 )SHAPE_REPRESENTATION_RELATIONSHIP( ) );
#397 = SURFACE_STYLE_FILL_AREA ( #8392 ) ;
#398 = VECTOR ( 'NONE', #8478, 1000.000000000000114 ) ;
#399 = SURFACE_STYLE_FILL_AREA ( #7633 ) ;
#400 = CARTESIAN_POINT ( 'NONE',  ( -3.799999999999999822, 2.750000000000000000, 1.121535720059525953 ) ) ;
#401 = LINE ( 'NONE', #6221, #7973 ) ;
#402 = ORIENTED_EDGE ( 'NONE', *, *, #3299, .T. ) ;
#403 = MECHANICAL_DESIGN_GEOMETRIC_PRESENTATION_REPRESENTATION (  '', ( #8170 ), #6948 ) ;
#404 = ITEM_DEFINED_TRANSFORMATION ( 'NONE', 'NONE', #2613,  #3266 ) ;
#405 = UNCERTAINTY_MEASURE_WITH_UNIT (LENGTH_MEASURE( 1.000000000000000082E-05 ), #9155, 'distance_accuracy_value', 'NONE');
#406 = DIRECTION ( 'NONE',  ( 0.1736481776669309973, 0.000000000000000000, -0.9848077530122080203 ) ) ;
#407 = PRODUCT ( 'Boss-Extrude3[4]_1', 'Boss-Extrude3[4]_1', '', ( #8957 ) ) ;
#408 = LINE ( 'NONE', #9048, #832 ) ;
#409 = VECTOR ( 'NONE', #8743, 1000.000000000000000 ) ;
#410 = CARTESIAN_POINT ( 'NONE',  ( -7.500000000000000000, 2.900543414065470227, 0.8499999999999999778 ) ) ;
#411 = EDGE_CURVE ( 'NONE', #1248, #6060, #6784, .T. ) ;
#412 = EDGE_CURVE ( 'NONE', #1011, #4351, #8309, .T. ) ;
#413 = ORIENTED_EDGE ( 'NONE', *, *, #7595, .T. ) ;
#414 = PLANE ( 'NONE',  #677 ) ;
#415 = CARTESIAN_POINT ( 'NONE',  ( 2.250000000000000000, 1.797056274847714796, -0.09999999999999993616 ) ) ;
#416 = VERTEX_POINT ( 'NONE', #3960 ) ;
#417 = DIRECTION ( 'NONE',  ( 0.000000000000000000, 0.000000000000000000, 1.000000000000000000 ) ) ;
#418 = CIRCLE ( 'NONE', #1788, 0.6500000000000000222 ) ;
#419 = VERTEX_POINT ( 'NONE', #8395 ) ;
#420 = PLANE ( 'NONE',  #3819 ) ;
#421 = ORIENTED_EDGE ( 'NONE', *, *, #7600, .T. ) ;
#422 = PRESENTATION_STYLE_ASSIGNMENT (( #5469 ) ) ;
#423 = DIRECTION ( 'NONE',  ( 0.000000000000000000, 0.000000000000000000, 1.000000000000000000 ) ) ;
#424 = PRESENTATION_STYLE_ASSIGNMENT (( #8510 ) ) ;
#425 = EDGE_CURVE ( 'NONE', #916, #1577, #4683, .T. ) ;
#426 = MECHANICAL_DESIGN_GEOMETRIC_PRESENTATION_REPRESENTATION (  '', ( #2397 ), #3618 ) ;
#427 = CARTESIAN_POINT ( 'NONE',  ( -0.5999999999999999778, 2.750000000000000000, 1.685782058326620092 ) ) ;
#428 = EDGE_CURVE ( 'NONE', #8735, #5563, #4055, .T. ) ;
#429 = DIRECTION ( 'NONE',  ( 0.000000000000000000, 1.000000000000000000, 0.000000000000000000 ) ) ;
#430 = LINE ( 'NONE', #7709, #3096 ) ;
#431 = VERTEX_POINT ( 'NONE', #8446 ) ;
#432 =( LENGTH_UNIT ( ) NAMED_UNIT ( * ) SI_UNIT ( .MILLI., .METRE. ) );
#433 = DIRECTION ( 'NONE',  ( 0.000000000000000000, -1.000000000000000000, 0.000000000000000000 ) ) ;
#434 = ORIENTED_EDGE ( 'NONE', *, *, #1261, .T. ) ;
#435 = DIRECTION ( 'NONE',  ( 0.7660444431189767922, 0.000000000000000000, -0.6427876096865408062 ) ) ;
#436 = PLANE ( 'NONE',  #1467 ) ;
#437 = EDGE_CURVE ( 'NONE', #4261, #8655, #1079, .T. ) ;
#438 = VERTEX_POINT ( 'NONE', #3168 ) ;
#439 = EDGE_CURVE ( 'NONE', #8423, #5174, #349, .T. ) ;
#440 = CARTESIAN_POINT ( 'NONE',  ( 5.950000000000000178, 0.5999999999999999778, 1.050000000000000044 ) ) ;
#441 = CARTESIAN_POINT ( 'NONE',  ( 4.432180073764544481, 2.750000000000000000, -1.927462418455420101 ) ) ;
#442 = DIRECTION ( 'NONE',  ( 0.000000000000000000, -1.000000000000000000, 0.000000000000000000 ) ) ;
#443 = ORIENTED_EDGE ( 'NONE', *, *, #9278, .F. ) ;
#444 = DIRECTION ( 'NONE',  ( 0.000000000000000000, 0.000000000000000000, 1.000000000000000000 ) ) ;
#445 = DIRECTION ( 'NONE',  ( -0.7660444431189782355, 0.000000000000000000, 0.6427876096865390299 ) ) ;
#446 = CARTESIAN_POINT ( 'NONE',  ( 5.950000000000000178, 0.5999999999999999778, -0.8499999999999999778 ) ) ;
#447 = SURFACE_STYLE_USAGE ( .BOTH. , #6974 ) ;
#448 = CARTESIAN_POINT ( 'NONE',  ( 7.500000000000000000, 0.000000000000000000, 2.949999999999999734 ) ) ;
#449 = CARTESIAN_POINT ( 'NONE',  ( 3.799999999999999822, -2.455974827712295028, 2.461620773443864874 ) ) ;
#450 = CARTESIAN_POINT ( 'NONE',  ( 0.2000000000000000111, 2.750000000000000000, 2.573831925856055136 ) ) ;
#451 = VERTEX_POINT ( 'NONE', #6166 ) ;
#452 = ADVANCED_BREP_SHAPE_REPRESENTATION ( '', ( #7241, #3266 ), #3868 ) ;
#453 = CONTEXT_DEPENDENT_SHAPE_REPRESENTATION ( #396, #2310 ) ;
#454 = CARTESIAN_POINT ( 'NONE',  ( 5.000000000000000000, 3.750000000000000000, -1.250760981417740059 ) ) ;
#455 = DIRECTION ( 'NONE',  ( 0.000000000000000000, -1.000000000000000000, 0.000000000000000000 ) ) ;
#456 = DIRECTION ( 'NONE',  ( -0.7660444431189786796, 0.000000000000000000, 0.6427876096865385858 ) ) ;
#457 = ORIENTED_EDGE ( 'NONE', *, *, #3495, .F. ) ;
#458 = CARTESIAN_POINT ( 'NONE',  ( 4.599999999999999645, 3.750000000000000000, -1.727462418455419924 ) ) ;
#459 =( NAMED_UNIT ( * ) PLANE_ANGLE_UNIT ( ) SI_UNIT ( $, .RADIAN. ) );
#460 = ORIENTED_EDGE ( 'NONE', *, *, #5190, .T. ) ;
#461 = DIRECTION ( 'NONE',  ( 1.000000000000000000, 0.000000000000000000, 0.000000000000000000 ) ) ;
#462 = ORIENTED_EDGE ( 'NONE', *, *, #9066, .T. ) ;
#463 = DIRECTION ( 'NONE',  ( 0.000000000000000000, -1.000000000000000000, 0.000000000000000000 ) ) ;
#464 = EDGE_LOOP ( 'NONE', ( #3683, #7332, #2213, #1753 ) ) ;
#465 = SURFACE_SIDE_STYLE ('',( #4794 ) ) ;
#466 = DIRECTION ( 'NONE',  ( 0.000000000000000000, 0.000000000000000000, 1.000000000000000000 ) ) ;
#467 = EDGE_CURVE ( 'NONE', #3118, #4154, #9090, .T. ) ;
#468 = ADVANCED_FACE ( 'NONE', ( #1829 ), #6075, .F. ) ;
#469 = DIRECTION ( 'NONE',  ( 0.000000000000000000, 0.000000000000000000, 1.000000000000000000 ) ) ;
#470 = CARTESIAN_POINT ( 'NONE',  ( 4.535639852470909616, 3.750000000000000000, 3.338322210481544872 ) ) ;
#471 = LINE ( 'NONE', #3376, #977 ) ;
#472 = ORIENTED_EDGE ( 'NONE', *, *, #6850, .T. ) ;
#473 =( LENGTH_UNIT ( ) NAMED_UNIT ( * ) SI_UNIT ( .MILLI., .METRE. ) );
#474 = ADVANCED_FACE ( 'NONE', ( #1174 ), #4004, .T. ) ;
#475 = VECTOR ( 'NONE', #9075, 1000.000000000000000 ) ;
#476 = CARTESIAN_POINT ( 'NONE',  ( -3.799999999999999822, -2.455974827712295028, 1.121535720059525953 ) ) ;
#477 = ORIENTED_EDGE ( 'NONE', *, *, #4886, .F. ) ;
#478 =( NAMED_UNIT ( * ) PLANE_ANGLE_UNIT ( ) SI_UNIT ( $, .RADIAN. ) );
#479 = VECTOR ( 'NONE', #279, 1000.000000000000000 ) ;
#480 = ORIENTED_EDGE ( 'NONE', *, *, #5960, .T. ) ;
#481 = CARTESIAN_POINT ( 'NONE',  ( 5.950000000000000178, 0.000000000000000000, -0.8499999999999999778 ) ) ;
#482 = PRODUCT ( 'Boss-Extrude3[8]_1', 'Boss-Extrude3[8]_1', '', ( #4443 ) ) ;
#483 = ORIENTED_EDGE ( 'NONE', *, *, #3386, .T. ) ;
#484 = CARTESIAN_POINT ( 'NONE',  ( -5.950000000000000178, 0.000000000000000000, 0.8499999999999999778 ) ) ;
#485 = CARTESIAN_POINT ( 'NONE',  ( 7.500000000000000000, 3.750000000000000000, 0.8499999999999999778 ) ) ;
#486 = ORIENTED_EDGE ( 'NONE', *, *, #1522, .T. ) ;
#487 = PLANE ( 'NONE',  #2982 ) ;
#488 = PLANE ( 'NONE',  #1449 ) ;
#489 = PRESENTATION_LAYER_ASSIGNMENT (  '', '', ( #5045 ) ) ;
#490 = DIRECTION ( 'NONE',  ( 0.000000000000000000, 0.000000000000000000, -1.000000000000000000 ) ) ;
#491 = UNCERTAINTY_MEASURE_WITH_UNIT (LENGTH_MEASURE( 1.000000000000000082E-05 ), #2869, 'distance_accuracy_value', 'NONE');
#492 = PRODUCT_DEFINITION_FORMATION_WITH_SPECIFIED_SOURCE ( 'ANY', '', #3301, .NOT_KNOWN. ) ;
#493 = FACE_OUTER_BOUND ( 'NONE', #7180, .T. ) ;
#494 = CARTESIAN_POINT ( 'NONE',  ( 4.000000000000000000, 3.750000000000000000, -2.442514574011950046 ) ) ;
#495 = ORIENTED_EDGE ( 'NONE', *, *, #7163, .T. ) ;
#496 = ITEM_DEFINED_TRANSFORMATION ( 'NONE', 'NONE', #3834,  #3266 ) ;
#497 = DIRECTION ( 'NONE',  ( -1.000000000000000000, 0.000000000000000000, 0.000000000000000000 ) ) ;
#498 = CARTESIAN_POINT ( 'NONE',  ( 7.500000000000000000, 0.000000000000000000, -3.799999999999999822 ) ) ;
#499 =( NAMED_UNIT ( * ) PLANE_ANGLE_UNIT ( ) SI_UNIT ( $, .RADIAN. ) );
#500 = DIRECTION ( 'NONE',  ( 1.000000000000000000, 0.000000000000000000, 0.000000000000000000 ) ) ;
#501 = CARTESIAN_POINT ( 'NONE',  ( 2.250000000000000000, 1.797056274847714796, 1.099999999999999867 ) ) ;
#502 = EDGE_LOOP ( 'NONE', ( #4661, #3425, #5812, #4553 ) ) ;
#503 = CARTESIAN_POINT ( 'NONE',  ( 7.500000000000000000, 0.000000000000000000, 2.750000000000000000 ) ) ;
#504 = CARTESIAN_POINT ( 'NONE',  ( 0.8000000000000000444, 2.750000000000000000, 2.070372147149684761 ) ) ;
#505 = ORIENTED_EDGE ( 'NONE', *, *, #8183, .F. ) ;
#506 =( NAMED_UNIT ( * ) SI_UNIT ( $, .STERADIAN. ) SOLID_ANGLE_UNIT ( ) );
#507 = VECTOR ( 'NONE', #2668, 1000.000000000000000 ) ;
#508 = VERTEX_POINT ( 'NONE', #6829 ) ;
#509 = DIRECTION ( 'NONE',  ( 0.000000000000000000, 0.000000000000000000, 1.000000000000000000 ) ) ;
#510 = EDGE_LOOP ( 'NONE', ( #5956, #2189, #9243, #6528 ) ) ;
#511 = LINE ( 'NONE', #6332, #8317 ) ;
#512 = DIRECTION ( 'NONE',  ( 0.7660444431189782355, 0.000000000000000000, -0.6427876096865390299 ) ) ;
#513 = AXIS2_PLACEMENT_3D ( 'NONE', #5486, #9229, #8384 ) ;
#514 = CARTESIAN_POINT ( 'NONE',  ( 3.799999999999999822, 2.750000000000000000, -1.056182713513598159 ) ) ;
#515 = DIRECTION ( 'NONE',  ( 0.000000000000000000, 1.000000000000000000, 0.000000000000000000 ) ) ;
#516 = CLOSED_SHELL ( 'NONE', ( #6404, #3420, #2752, #8092, #2720, #704, #9236, #6645 ) ) ;
#517 = CARTESIAN_POINT ( 'NONE',  ( -5.950000000000000178, 2.900543414065470227, 1.050000000000000044 ) ) ;
#518 = EDGE_CURVE ( 'NONE', #8069, #3942, #6120, .T. ) ;
#519 = COLOUR_RGB ( '',0.7921568627450980005, 0.8196078431372548767, 0.9333333333333333481 ) ;
#520 =( LENGTH_UNIT ( ) NAMED_UNIT ( * ) SI_UNIT ( .MILLI., .METRE. ) );
#521 = APPLICATION_CONTEXT ( 'automotive_design' ) ;
#522 = LINE ( 'NONE', #3429, #6861 ) ;
#523 = VERTEX_POINT ( 'NONE', #6261 ) ;
#524 = AXIS2_PLACEMENT_3D ( 'NONE', #7391, #8708, #7240 ) ;
#525 = SURFACE_SIDE_STYLE ('',( #5633 ) ) ;
#526 = VECTOR ( 'NONE', #3801, 1000.000000000000114 ) ;
#527 = AXIS2_PLACEMENT_3D ( 'NONE', #5391, #442, #8484 ) ;
#528 = ORIENTED_EDGE ( 'NONE', *, *, #4873, .T. ) ;
#529 = VECTOR ( 'NONE', #7958, 1000.000000000000227 ) ;
#530 = LINE ( 'NONE', #9123, #9003 ) ;
#531 = EDGE_CURVE ( 'NONE', #7564, #7055, #9134, .T. ) ;
#532 = EDGE_CURVE ( 'NONE', #2708, #8787, #8952, .T. ) ;
#533 = ORIENTED_EDGE ( 'NONE', *, *, #9274, .F. ) ;
#534 = LINE ( 'NONE', #4961, #1136 ) ;
#535 = VECTOR ( 'NONE', #5759, 1000.000000000000000 ) ;
#536 = VERTEX_POINT ( 'NONE', #3206 ) ;
#537 = DIRECTION ( 'NONE',  ( -1.000000000000000000, 0.000000000000000000, 0.000000000000000000 ) ) ;
#538 = DIRECTION ( 'NONE',  ( 0.000000000000000000, -1.000000000000000000, 0.000000000000000000 ) ) ;
#539 = LINE ( 'NONE', #7113, #7251 ) ;
#540 = ADVANCED_FACE ( 'NONE', ( #8990 ), #6502, .F. ) ;
#541 = STYLED_ITEM ( 'NONE', ( #4279 ), #5900 ) ;
#542 = PRESENTATION_LAYER_ASSIGNMENT (  '', '', ( #7680 ) ) ;
#543 = CARTESIAN_POINT ( 'NONE',  ( 3.664360147529090117, -2.455974827712295028, -1.283185001540684045 ) ) ;
#544 = CARTESIAN_POINT ( 'NONE',  ( -4.335639852470909439, 2.750000000000000000, 1.911808560920089883 ) ) ;
#545 = STYLED_ITEM ( 'NONE', ( #222 ), #7438 ) ;
#546 = VERTEX_POINT ( 'NONE', #2711 ) ;
#547 = DIRECTION ( 'NONE',  ( 0.000000000000000000, 0.000000000000000000, -1.000000000000000000 ) ) ;
#548 = CARTESIAN_POINT ( 'NONE',  ( -5.950000000000000178, 2.900543414065470227, -4.649999999999999467 ) ) ;
#549 = PLANE ( 'NONE',  #3108 ) ;
#550 = VECTOR ( 'NONE', #6770, 1000.000000000000000 ) ;
#551 = DIRECTION ( 'NONE',  ( 0.7660444431189782355, 0.000000000000000000, -0.6427876096865390299 ) ) ;
#552 = COLOUR_RGB ( '',0.7921568627450980005, 0.8196078431372548767, 0.9333333333333333481 ) ;
#553 =( GEOMETRIC_REPRESENTATION_CONTEXT ( 3 ) GLOBAL_UNCERTAINTY_ASSIGNED_CONTEXT ( ( #5194 ) ) GLOBAL_UNIT_ASSIGNED_CONTEXT ( ( #4097, #1973, #9111 ) ) REPRESENTATION_CONTEXT ( 'NONE', 'WORKASPACE' ) );
#554 = EDGE_CURVE ( 'NONE', #5741, #4066, #6306, .T. ) ;
#555 = ORIENTED_EDGE ( 'NONE', *, *, #5165, .F. ) ;
#556 = DIRECTION ( 'NONE',  ( 0.000000000000000000, 0.000000000000000000, -1.000000000000000000 ) ) ;
#557 = LINE ( 'NONE', #1799, #1305 ) ;
#558 = ORIENTED_EDGE ( 'NONE', *, *, #554, .F. ) ;
#559 = DIRECTION ( 'NONE',  ( 1.000000000000000000, 0.000000000000000000, 0.000000000000000000 ) ) ;
#560 = ORIENTED_EDGE ( 'NONE', *, *, #5190, .F. ) ;
#561 = DIRECTION ( 'NONE',  ( 1.000000000000000000, 0.000000000000000000, 0.000000000000000000 ) ) ;
#562 = AXIS2_PLACEMENT_3D ( 'NONE', #5445, #5490, #6825 ) ;
#563 = AXIS2_PLACEMENT_3D ( 'NONE', #5082, #3645, #8127 ) ;
#564 = VERTEX_POINT ( 'NONE', #9385 ) ;
#565 = DIRECTION ( 'NONE',  ( -0.6427876096865390299, 0.000000000000000000, -0.7660444431189782355 ) ) ;
#566 = CARTESIAN_POINT ( 'NONE',  ( 7.500000000000000000, 0.000000000000000000, -4.450000000000000178 ) ) ;
#567 = SURFACE_SIDE_STYLE ('',( #7704 ) ) ;
#568 = EDGE_CURVE ( 'NONE', #5847, #5316, #6446, .T. ) ;
#569 = PRODUCT_DEFINITION_SHAPE ( 'NONE', 'NONE',  #6819 ) ;
#570 = DIRECTION ( 'NONE',  ( -0.6427876096865391409, 0.000000000000000000, -0.7660444431189782355 ) ) ;
#571 = LINE ( 'NONE', #6381, #2816 ) ;
#572 = DIRECTION ( 'NONE',  ( 0.000000000000000000, -1.000000000000000000, 0.000000000000000000 ) ) ;
#573 = VECTOR ( 'NONE', #565, 1000.000000000000114 ) ;
#574 = VECTOR ( 'NONE', #358, 1000.000000000000000 ) ;
#575 = DIRECTION ( 'NONE',  ( -0.6427876096865386968, 0.000000000000000000, -0.7660444431189786796 ) ) ;
#576 = CARTESIAN_POINT ( 'NONE',  ( -5.950000000000000178, 0.5999999999999999778, -1.050000000000000044 ) ) ;
#577 = ORIENTED_EDGE ( 'NONE', *, *, #1574, .T. ) ;
#578 =( NAMED_UNIT ( * ) PLANE_ANGLE_UNIT ( ) SI_UNIT ( $, .RADIAN. ) );
#579 = ORIENTED_EDGE ( 'NONE', *, *, #6011, .F. ) ;
#580 = LINE ( 'NONE', #1955, #16 ) ;
#581 = ORIENTED_EDGE ( 'NONE', *, *, #8196, .F. ) ;
#582 = CARTESIAN_POINT ( 'NONE',  ( 5.000000000000000000, 2.750000000000000000, 2.948677781956460464 ) ) ;
#583 = DIRECTION ( 'NONE',  ( 0.000000000000000000, -1.000000000000000000, 0.000000000000000000 ) ) ;
#584 = COLOUR_RGB ( '',0.7921568627450980005, 0.8196078431372548767, 0.9333333333333333481 ) ;
#585 = ORIENTED_EDGE ( 'NONE', *, *, #5259, .F. ) ;
#586 = APPLICATION_CONTEXT ( 'automotive_design' ) ;
#587 = CARTESIAN_POINT ( 'NONE',  ( -5.950000000000000178, 0.5999999999999999778, 1.050000000000000044 ) ) ;
#588 = ORIENTED_EDGE ( 'NONE', *, *, #5285, .F. ) ;
#589 = FILL_AREA_STYLE_COLOUR ( '', #7537 ) ;
#590 = UNCERTAINTY_MEASURE_WITH_UNIT (LENGTH_MEASURE( 1.000000000000000082E-05 ), #7749, 'distance_accuracy_value', 'NONE');
#591 = CARTESIAN_POINT ( 'NONE',  ( -0.8000000000000000444, 2.750000000000000000, 3.006760912279035303 ) ) ;
#592 = VERTEX_POINT ( 'NONE', #8530 ) ;
#593 = LINE ( 'NONE', #3488, #2656 ) ;
#594 = PLANE ( 'NONE',  #245 ) ;
#595 = ADVANCED_FACE ( 'NONE', ( #493 ), #5647, .T. ) ;
#596 = EDGE_CURVE ( 'NONE', #8178, #5233, #1114, .T. ) ;
#597 = CARTESIAN_POINT ( 'NONE',  ( 7.500000000000000000, 2.900543414065470227, 3.149999999999999911 ) ) ;
#598 = SURFACE_STYLE_USAGE ( .BOTH. , #4966 ) ;
#599 = DIRECTION ( 'NONE',  ( 1.000000000000000000, 0.000000000000000000, 0.000000000000000000 ) ) ;
#600 = EDGE_LOOP ( 'NONE', ( #6479, #995, #2439, #7952 ) ) ;
#601 = FILL_AREA_STYLE ('',( #7733 ) ) ;
#602 = EDGE_CURVE ( 'NONE', #3385, #5586, #2115, .T. ) ;
#603 = CARTESIAN_POINT ( 'NONE',  ( 4.000000000000000000, 2.750000000000000000, -2.442514574011950046 ) ) ;
#604 = CARTESIAN_POINT ( 'NONE',  ( 5.000000000000000000, 3.750000000000000000, -1.250760981417740059 ) ) ;
#605 =( NAMED_UNIT ( * ) SI_UNIT ( $, .STERADIAN. ) SOLID_ANGLE_UNIT ( ) );
#606 = CARTESIAN_POINT ( 'NONE',  ( -7.500000000000000000, 0.5999999999999999778, -3.149999999999999911 ) ) ;
#607 = VERTEX_POINT ( 'NONE', #5057 ) ;
#608 = DIRECTION ( 'NONE',  ( 0.000000000000000000, -1.000000000000000000, 0.000000000000000000 ) ) ;
#609 = PLANE ( 'NONE',  #394 ) ;
#610 = EDGE_LOOP ( 'NONE', ( #2085, #234, #3733, #8223 ) ) ;
#611 = ORIENTED_EDGE ( 'NONE', *, *, #3492, .T. ) ;
#612 = LINE ( 'NONE', #6608, #1395 ) ;
#613 = VERTEX_POINT ( 'NONE', #2016 ) ;
#614 = PLANE ( 'NONE',  #1028 ) ;
#615 = CARTESIAN_POINT ( 'NONE',  ( 2.250000000000000000, 0.1000000000000000056, -0.09999999999999993616 ) ) ;
#616 = DIRECTION ( 'NONE',  ( 1.000000000000000000, 0.000000000000000000, 0.000000000000000000 ) ) ;
#617 = ADVANCED_FACE ( 'NONE', ( #8584 ), #4912, .F. ) ;
#618 = PLANE ( 'NONE',  #8997 ) ;
#619 = LINE ( 'NONE', #4168, #6932 ) ;
#620 = FACE_OUTER_BOUND ( 'NONE', #4857, .T. ) ;
#621 = LINE ( 'NONE', #192, #6598 ) ;
#622 = DIRECTION ( 'NONE',  ( 0.000000000000000000, 0.000000000000000000, 1.000000000000000000 ) ) ;
#623 = VERTEX_POINT ( 'NONE', #5573 ) ;
#624 = ORIENTED_EDGE ( 'NONE', *, *, #7047, .T. ) ;
#625 = CARTESIAN_POINT ( 'NONE',  ( -4.400000000000000355, -2.455974827712295028, 3.000000000000000000 ) ) ;
#626 = EDGE_LOOP ( 'NONE', ( #4024, #8473, #4424, #5289 ) ) ;
#627 = EDGE_CURVE ( 'NONE', #1130, #6442, #1277, .T. ) ;
#628 = DIRECTION ( 'NONE',  ( 0.000000000000000000, 0.000000000000000000, -1.000000000000000000 ) ) ;
#629 = CYLINDRICAL_SURFACE ( 'NONE', #3564, 0.5999999999999998668 ) ;
#630 = ORIENTED_EDGE ( 'NONE', *, *, #822, .F. ) ;
#631 = DIRECTION ( 'NONE',  ( 0.6427876096865396960, 0.000000000000000000, 0.7660444431189776804 ) ) ;
#632 = ORIENTED_EDGE ( 'NONE', *, *, #8441, .F. ) ;
#633 = EDGE_CURVE ( 'NONE', #5316, #7909, #7095, .T. ) ;
#634 = VERTEX_POINT ( 'NONE', #2737 ) ;
#635 = LINE ( 'NONE', #7060, #6943 ) ;
#636 = CARTESIAN_POINT ( 'NONE',  ( 2.250000000000000000, 0.000000000000000000, 0.5000000000000000000 ) ) ;
#637 = AXIS2_PLACEMENT_3D ( 'NONE', #1902, #7712, #2565 ) ;
#638 = CARTESIAN_POINT ( 'NONE',  ( -5.200000000000000178, 0.2000000000000000111, -3.000000000000000000 ) ) ;
#639 = EDGE_CURVE ( 'NONE', #1280, #8001, #4940, .T. ) ;
#640 = ORIENTED_EDGE ( 'NONE', *, *, #2630, .T. ) ;
#641 = STYLED_ITEM ( 'NONE', ( #5281 ), #3332 ) ;
#642 = LINE ( 'NONE', #1219, #4481 ) ;
#643 = PRODUCT_DEFINITION_SHAPE ( 'NONE', 'NONE',  #9388 ) ;
#644 = DIRECTION ( 'NONE',  ( 0.000000000000000000, 0.000000000000000000, -1.000000000000000000 ) ) ;
#645 = DIRECTION ( 'NONE',  ( 1.000000000000000000, 0.000000000000000000, 0.000000000000000000 ) ) ;
#646 = ADVANCED_FACE ( 'NONE', ( #4221 ), #3191, .F. ) ;
#647 = ORIENTED_EDGE ( 'NONE', *, *, #714, .F. ) ;
#648 = ORIENTED_EDGE ( 'NONE', *, *, #9122, .T. ) ;
#649 = AXIS2_PLACEMENT_3D ( 'NONE', #2030, #2924, #559 ) ;
#650 = APPLICATION_PROTOCOL_DEFINITION ( 'draft international standard', 'automotive_design', 1998, #1497 ) ;
#651 = ORIENTED_EDGE ( 'NONE', *, *, #6850, .F. ) ;
#652 = CARTESIAN_POINT ( 'NONE',  ( -6.500000000000000000, 0.5999999999999999778, -4.899999999999999467 ) ) ;
#653 = ORIENTED_EDGE ( 'NONE', *, *, #1042, .F. ) ;
#654 = DIRECTION ( 'NONE',  ( 0.000000000000000000, -1.000000000000000000, 0.000000000000000000 ) ) ;
#655 = FILL_AREA_STYLE ('',( #8075 ) ) ;
#656 = ORIENTED_EDGE ( 'NONE', *, *, #1636, .F. ) ;
#657 = ORIENTED_EDGE ( 'NONE', *, *, #5675, .T. ) ;
#658 = VERTEX_POINT ( 'NONE', #3240 ) ;
#659 = DIRECTION ( 'NONE',  ( 0.9848077530122081313, 0.000000000000000000, 0.1736481776669305255 ) ) ;
#660 = VERTEX_POINT ( 'NONE', #6859 ) ;
#661 = DIRECTION ( 'NONE',  ( 0.000000000000000000, -1.000000000000000000, 0.000000000000000000 ) ) ;
#662 = LINE ( 'NONE', #9224, #8751 ) ;
#663 = VECTOR ( 'NONE', #6282, 1000.000000000000000 ) ;
#664 = CARTESIAN_POINT ( 'NONE',  ( -2.250000000000000000, 0.1000000000000000056, -0.5000000000000000000 ) ) ;
#665 = ORIENTED_EDGE ( 'NONE', *, *, #2274, .T. ) ;
#666 = VECTOR ( 'NONE', #4891, 1000.000000000000000 ) ;
#667 = CARTESIAN_POINT ( 'NONE',  ( -4.367819926235454453, 2.750000000000000000, -3.479139848689915215 ) ) ;
#668 = ORIENTED_EDGE ( 'NONE', *, *, #6144, .T. ) ;
#669 = EDGE_CURVE ( 'NONE', #5925, #2708, #3150, .T. ) ;
#670 = FILL_AREA_STYLE_COLOUR ( '', #1608 ) ;
#671 =( NAMED_UNIT ( * ) PLANE_ANGLE_UNIT ( ) SI_UNIT ( $, .RADIAN. ) );
#672 = ORIENTED_EDGE ( 'NONE', *, *, #7399, .T. ) ;
#673 = DIRECTION ( 'NONE',  ( 0.8660254037844383745, 0.000000000000000000, 0.5000000000000003331 ) ) ;
#674 = EDGE_CURVE ( 'NONE', #5686, #2368, #5383, .T. ) ;
#675 = CARTESIAN_POINT ( 'NONE',  ( 3.664360147529090117, 3.750000000000000000, -1.283185001540684045 ) ) ;
#676 = CARTESIAN_POINT ( 'NONE',  ( 0.000000000000000000, 2.750000000000000000, 0.000000000000000000 ) ) ;
#677 = AXIS2_PLACEMENT_3D ( 'NONE', #7741, #6182, #1798 ) ;
#678 = AXIS2_PLACEMENT_3D ( 'NONE', #8124, #5283, #7497 ) ;
#679 = VECTOR ( 'NONE', #4711, 1000.000000000000000 ) ;
#680 = DIRECTION ( 'NONE',  ( 0.000000000000000000, 1.000000000000000000, 0.000000000000000000 ) ) ;
#681 = AXIS2_PLACEMENT_3D ( 'NONE', #664, #2242, #3521 ) ;
#682 =( GEOMETRIC_REPRESENTATION_CONTEXT ( 3 ) GLOBAL_UNCERTAINTY_ASSIGNED_CONTEXT ( ( #6113 ) ) GLOBAL_UNIT_ASSIGNED_CONTEXT ( ( #520, #3477, #4035 ) ) REPRESENTATION_CONTEXT ( 'NONE', 'WORKASPACE' ) );
#683 = CARTESIAN_POINT ( 'NONE',  ( -3.935639852470909972, 3.750000000000000000, -3.841781989187914803 ) ) ;
#684 = VECTOR ( 'NONE', #1740, 1000.000000000000000 ) ;
#685 = LINE ( 'NONE', #4869, #1311 ) ;
#686 = DIRECTION ( 'NONE',  ( 0.000000000000000000, 0.000000000000000000, 1.000000000000000000 ) ) ;
#687 = CARTESIAN_POINT ( 'NONE',  ( 7.500000000000000000, 0.5999999999999999778, 1.250000000000000000 ) ) ;
#688 = VECTOR ( 'NONE', #3585, 1000.000000000000000 ) ;
#689 = LINE ( 'NONE', #6457, #6663 ) ;
#690 = LINE ( 'NONE', #7253, #7563 ) ;
#691 = PRESENTATION_LAYER_ASSIGNMENT (  '', '', ( #1907 ) ) ;
#692 = ORIENTED_EDGE ( 'NONE', *, *, #172, .T. ) ;
#693 = VERTEX_POINT ( 'NONE', #243 ) ;
#694 = EDGE_LOOP ( 'NONE', ( #3648, #5186, #150, #7006 ) ) ;
#695 = CARTESIAN_POINT ( 'NONE',  ( 5.950000000000000178, 3.750000000000000000, 1.050000000000000044 ) ) ;
#696 = ORIENTED_EDGE ( 'NONE', *, *, #6357, .T. ) ;
#697 = AXIS2_PLACEMENT_3D ( 'NONE', #5615, #9057, #9203 ) ;
#698 =( NAMED_UNIT ( * ) SI_UNIT ( $, .STERADIAN. ) SOLID_ANGLE_UNIT ( ) );
#699 = CARTESIAN_POINT ( 'NONE',  ( 4.000000000000000000, -2.455974827712295028, -2.442514574011950046 ) ) ;
#700 = AXIS2_PLACEMENT_3D ( 'NONE', #2406, #3028, #6127 ) ;
#701 = APPLICATION_CONTEXT ( 'automotive_design' ) ;
#702 = EDGE_CURVE ( 'NONE', #1443, #8876, #8935, .T. ) ;
#703 = CARTESIAN_POINT ( 'NONE',  ( 0.000000000000000000, 2.750000000000000000, 0.000000000000000000 ) ) ;
#704 = ADVANCED_FACE ( 'NONE', ( #2465 ), #8380, .T. ) ;
#705 = PRODUCT_DEFINITION_CONTEXT ( 'detailed design', #6062, 'design' ) ;
#706 = ORIENTED_EDGE ( 'NONE', *, *, #4442, .T. ) ;
#707 = ADVANCED_FACE ( 'NONE', ( #4752 ), #436, .F. ) ;
#708 = VECTOR ( 'NONE', #6496, 1000.000000000000000 ) ;
#709 = ORIENTED_EDGE ( 'NONE', *, *, #2850, .T. ) ;
#710 = SHAPE_REPRESENTATION_RELATIONSHIP ( 'NONE' , 'NONE' ,  #3970, #6482 ) ;
#711 = ORIENTED_EDGE ( 'NONE', *, *, #1058, .T. ) ;
#712 = ORIENTED_EDGE ( 'NONE', *, *, #4884, .T. ) ;
#713 = CARTESIAN_POINT ( 'NONE',  ( 7.500000000000000000, 0.000000000000000000, -1.250000000000000000 ) ) ;
#714 = EDGE_CURVE ( 'NONE', #6518, #6249, #6816, .T. ) ;
#715 = CARTESIAN_POINT ( 'NONE',  ( -5.950000000000000178, 0.000000000000000000, 2.949999999999999734 ) ) ;
#716 = AXIS2_PLACEMENT_3D ( 'NONE', #6052, #3227, #8926 ) ;
#717 = VECTOR ( 'NONE', #4205, 1000.000000000000000 ) ;
#718 = CARTESIAN_POINT ( 'NONE',  ( 0.8000000000000000444, -2.455974827712295028, 3.288884081412580151 ) ) ;
#719 = VERTEX_POINT ( 'NONE', #1106 ) ;
#720 = DIRECTION ( 'NONE',  ( 0.000000000000000000, -1.000000000000000000, 0.000000000000000000 ) ) ;
#721 = ORIENTED_EDGE ( 'NONE', *, *, #1033, .F. ) ;
#722 = CARTESIAN_POINT ( 'NONE',  ( 7.500000000000000000, 0.000000000000000000, 2.550000000000000266 ) ) ;
#723 =( NAMED_UNIT ( * ) SI_UNIT ( $, .STERADIAN. ) SOLID_ANGLE_UNIT ( ) );
#724 = VECTOR ( 'NONE', #8864, 1000.000000000000000 ) ;
#725 = ORIENTED_EDGE ( 'NONE', *, *, #6925, .T. ) ;
#726 = COLOUR_RGB ( '',1.000000000000000000, 0.8117647058823529438, 0.5019607843137254832 ) ;
#727 = SURFACE_SIDE_STYLE ('',( #772 ) ) ;
#728 = ADVANCED_FACE ( 'NONE', ( #1064 ), #3853, .F. ) ;
#729 = STYLED_ITEM ( 'NONE', ( #7454 ), #4287 ) ;
#730 = FILL_AREA_STYLE ('',( #5790 ) ) ;
#731 = ORIENTED_EDGE ( 'NONE', *, *, #5702, .T. ) ;
#732 = DIRECTION ( 'NONE',  ( 1.000000000000000000, 0.000000000000000000, 0.000000000000000000 ) ) ;
#733 = ADVANCED_FACE ( 'NONE', ( #1722 ), #7666, .F. ) ;
#734 = DIRECTION ( 'NONE',  ( 0.000000000000000000, 0.000000000000000000, -1.000000000000000000 ) ) ;
#735 = CARTESIAN_POINT ( 'NONE',  ( -4.400000000000000355, 3.750000000000000000, 3.600000000000000089 ) ) ;
#736 = DIRECTION ( 'NONE',  ( 0.000000000000000000, -1.000000000000000000, 0.000000000000000000 ) ) ;
#737 = CARTESIAN_POINT ( 'NONE',  ( -3.799999999999999822, 2.750000000000000000, -2.396267766897934859 ) ) ;
#738 = FACE_OUTER_BOUND ( 'NONE', #278, .T. ) ;
#739 = PLANE ( 'NONE',  #1439 ) ;
#740 = ORIENTED_EDGE ( 'NONE', *, *, #3635, .T. ) ;
#741 = ADVANCED_FACE ( 'NONE', ( #1012 ), #335, .F. ) ;
#742 = VERTEX_POINT ( 'NONE', #2794 ) ;
#743 = EDGE_CURVE ( 'NONE', #3366, #3385, #8426, .T. ) ;
#744 = ORIENTED_EDGE ( 'NONE', *, *, #6474, .T. ) ;
#745 = DIRECTION ( 'NONE',  ( -0.8660254037844387076, 0.000000000000000000, 0.4999999999999998890 ) ) ;
#746 = CARTESIAN_POINT ( 'NONE',  ( 7.499999999999920064, 0.000000000000000000, -2.949999999999999734 ) ) ;
#747 = FILL_AREA_STYLE_COLOUR ( '', #6164 ) ;
#748 = CARTESIAN_POINT ( 'NONE',  ( -7.500000000000000000, 0.000000000000000000, 4.649999999999999467 ) ) ;
#749 = CARTESIAN_POINT ( 'NONE',  ( -5.949999999999919353, 0.000000000000000000, -2.949999999999999734 ) ) ;
#750 = ORIENTED_EDGE ( 'NONE', *, *, #1832, .T. ) ;
#751 = ORIENTED_EDGE ( 'NONE', *, *, #3082, .F. ) ;
#752 = VERTEX_POINT ( 'NONE', #7716 ) ;
#753 = LINE ( 'NONE', #625, #5809 ) ;
#754 = EDGE_CURVE ( 'NONE', #4685, #7456, #7694, .T. ) ;
#755 = ORIENTED_EDGE ( 'NONE', *, *, #437, .T. ) ;
#756 = PLANE ( 'NONE',  #4967 ) ;
#757 = FACE_OUTER_BOUND ( 'NONE', #8721, .T. ) ;
#758 = LINE ( 'NONE', #4319, #3291 ) ;
#759 = EDGE_CURVE ( 'NONE', #5435, #8115, #2000, .T. ) ;
#760 = ORIENTED_EDGE ( 'NONE', *, *, #7870, .T. ) ;
#761 = EDGE_CURVE ( 'NONE', #1903, #367, #4179, .T. ) ;
#762 = DIRECTION ( 'NONE',  ( 0.000000000000000000, 0.000000000000000000, -1.000000000000000000 ) ) ;
#763 = ORIENTED_EDGE ( 'NONE', *, *, #5833, .T. ) ;
#764 = DIRECTION ( 'NONE',  ( 0.000000000000000000, 0.000000000000000000, -1.000000000000000000 ) ) ;
#765 =( LENGTH_UNIT ( ) NAMED_UNIT ( * ) SI_UNIT ( .MILLI., .METRE. ) );
#766 = PRODUCT_DEFINITION ( 'UNKNOWN', '', #5215, #392 ) ;
#767 = ORIENTED_EDGE ( 'NONE', *, *, #6508, .T. ) ;
#768 =( NAMED_UNIT ( * ) SI_UNIT ( $, .STERADIAN. ) SOLID_ANGLE_UNIT ( ) );
#769 = CIRCLE ( 'NONE', #9104, 0.5999999999999999778 ) ;
#770 = CARTESIAN_POINT ( 'NONE',  ( 7.499999999999920064, 3.750000000000000000, -2.949999999999999734 ) ) ;
#771 = CARTESIAN_POINT ( 'NONE',  ( 0.000000000000000000, 0.2000000000000000111, 0.000000000000000000 ) ) ;
#772 = SURFACE_STYLE_FILL_AREA ( #5055 ) ;
#773 = DIRECTION ( 'NONE',  ( 1.000000000000000000, 0.000000000000000000, 0.000000000000000000 ) ) ;
#774 = DIRECTION ( 'NONE',  ( -1.000000000000000000, 0.000000000000000000, 0.000000000000000000 ) ) ;
#775 = EDGE_CURVE ( 'NONE', #2216, #742, #6289, .T. ) ;
#776 = FACE_OUTER_BOUND ( 'NONE', #8711, .T. ) ;
#777 = AXIS2_PLACEMENT_3D ( 'NONE', #7902, #5040, #5775 ) ;
#778 = CARTESIAN_POINT ( 'NONE',  ( -7.500000000000000000, 2.900543414065470227, -4.450000000000000178 ) ) ;
#779 = DIRECTION ( 'NONE',  ( -0.7660444431189782355, 0.000000000000000000, 0.6427876096865390299 ) ) ;
#780 = DIRECTION ( 'NONE',  ( 0.000000000000000000, 0.000000000000000000, -1.000000000000000000 ) ) ;
#781 = SURFACE_SIDE_STYLE ('',( #1501 ) ) ;
#782 = DIRECTION ( 'NONE',  ( 1.000000000000000000, 0.000000000000000000, 0.000000000000000000 ) ) ;
#783 = VECTOR ( 'NONE', #9257, 1000.000000000000000 ) ;
#784 = DIRECTION ( 'NONE',  ( 1.000000000000000000, 0.000000000000000000, 0.000000000000000000 ) ) ;
#785 = EDGE_CURVE ( 'NONE', #7491, #6716, #662, .T. ) ;
#786 = ORIENTED_EDGE ( 'NONE', *, *, #6926, .T. ) ;
#787 = ORIENTED_EDGE ( 'NONE', *, *, #1749, .F. ) ;
#788 = APPLICATION_PROTOCOL_DEFINITION ( 'draft international standard', 'automotive_design', 1998, #701 ) ;
#789 = ORIENTED_EDGE ( 'NONE', *, *, #1086, .T. ) ;
#790 = CARTESIAN_POINT ( 'NONE',  ( 6.500000000000000000, 0.5999999999999999778, 4.899999999999999467 ) ) ;
#791 = DIRECTION ( 'NONE',  ( -0.6427876096865386968, 0.000000000000000000, -0.7660444431189786796 ) ) ;
#792 = DIRECTION ( 'NONE',  ( 0.000000000000000000, 0.000000000000000000, 1.000000000000000000 ) ) ;
#793 = EDGE_CURVE ( 'NONE', #8136, #367, #4898, .T. ) ;
#794 = SURFACE_STYLE_USAGE ( .BOTH. , #5769 ) ;
#795 = UNCERTAINTY_MEASURE_WITH_UNIT (LENGTH_MEASURE( 1.000000000000000082E-05 ), #4959, 'distance_accuracy_value', 'NONE');
#796 = PLANE ( 'NONE',  #7258 ) ;
#797 = PRODUCT_DEFINITION_SHAPE ( 'NONE', 'NONE',  #9405 ) ;
#798 = ORIENTED_EDGE ( 'NONE', *, *, #6235, .T. ) ;
#799 = ORIENTED_EDGE ( 'NONE', *, *, #6590, .F. ) ;
#800 = LINE ( 'NONE', #6618, #5080 ) ;
#801 = ORIENTED_EDGE ( 'NONE', *, *, #702, .F. ) ;
#802 = SHAPE_REPRESENTATION_RELATIONSHIP ( 'NONE' , 'NONE' ,  #5514, #452 ) ;
#803 = ORIENTED_EDGE ( 'NONE', *, *, #1342, .T. ) ;
#804 = LINE ( 'NONE', #7319, #6104 ) ;
#805 = EDGE_LOOP ( 'NONE', ( #3562, #6718, #2935, #8700 ) ) ;
#806 = DIRECTION ( 'NONE',  ( 0.000000000000000000, -1.000000000000000000, 0.000000000000000000 ) ) ;
#807 = SURFACE_STYLE_USAGE ( .BOTH. , #6709 ) ;
#808 = SURFACE_STYLE_USAGE ( .BOTH. , #7278 ) ;
#809 = ADVANCED_BREP_SHAPE_REPRESENTATION ( '', ( #7339, #3266 ), #4634 ) ;
#810 = LINE ( 'NONE', #6435, #9016 ) ;
#811 = ORIENTED_EDGE ( 'NONE', *, *, #1041, .F. ) ;
#812 = ADVANCED_FACE ( 'NONE', ( #9273 ), #2658, .T. ) ;
#813 = DIRECTION ( 'NONE',  ( 0.000000000000000000, -1.000000000000000000, 0.000000000000000000 ) ) ;
#814 = ORIENTED_EDGE ( 'NONE', *, *, #1222, .F. ) ;
#815 = SHAPE_REPRESENTATION_RELATIONSHIP ( 'NONE' , 'NONE' ,  #7577, #9068 ) ;
#816 = ORIENTED_EDGE ( 'NONE', *, *, #518, .F. ) ;
#817 =( GEOMETRIC_REPRESENTATION_CONTEXT ( 3 ) GLOBAL_UNCERTAINTY_ASSIGNED_CONTEXT ( ( #8215 ) ) GLOBAL_UNIT_ASSIGNED_CONTEXT ( ( #8695, #2183, #142 ) ) REPRESENTATION_CONTEXT ( 'NONE', 'WORKASPACE' ) );
#818 = SURFACE_STYLE_FILL_AREA ( #1488 ) ;
#819 = DIRECTION ( 'NONE',  ( 0.000000000000000000, -1.000000000000000000, 0.000000000000000000 ) ) ;
#820 = LINE ( 'NONE', #6637, #8235 ) ;
#821 = CARTESIAN_POINT ( 'NONE',  ( -4.400000000000000355, 3.750000000000000000, 3.600000000000000089 ) ) ;
#822 = EDGE_CURVE ( 'NONE', #4297, #1487, #1243, .T. ) ;
#823 = VECTOR ( 'NONE', #2511, 1000.000000000000000 ) ;
#824 = ADVANCED_FACE ( 'NONE', ( #7182 ), #2746, .F. ) ;
#825 = EDGE_CURVE ( 'NONE', #9315, #4376, #3700, .T. ) ;
#826 = VECTOR ( 'NONE', #5105, 1000.000000000000000 ) ;
#827 = CLOSED_SHELL ( 'NONE', ( #9079, #6994, #5222, #7584, #1000, #264, #3805, #1980 ) ) ;
#828 = VECTOR ( 'NONE', #6679, 1000.000000000000114 ) ;
#829 = DIRECTION ( 'NONE',  ( 0.000000000000000000, -1.000000000000000000, 0.000000000000000000 ) ) ;
#830 = DIRECTION ( 'NONE',  ( 0.000000000000000000, 1.000000000000000000, 0.000000000000000000 ) ) ;
#831 = CARTESIAN_POINT ( 'NONE',  ( -7.500000000000000000, 0.000000000000000000, -0.6500000000000000222 ) ) ;
#832 = VECTOR ( 'NONE', #8453, 1000.000000000000000 ) ;
#833 = EDGE_CURVE ( 'NONE', #8115, #1815, #8829, .T. ) ;
#834 = DIRECTION ( 'NONE',  ( -1.000000000000000000, 0.000000000000000000, 0.000000000000000000 ) ) ;
#835 = VECTOR ( 'NONE', #5875, 1000.000000000000000 ) ;
#836 = FACE_OUTER_BOUND ( 'NONE', #5665, .T. ) ;
#837 = DIRECTION ( 'NONE',  ( -0.6427876096865396960, 0.000000000000000000, -0.7660444431189776804 ) ) ;
#838 = CARTESIAN_POINT ( 'NONE',  ( -7.500000000000000000, 0.000000000000000000, 1.250000000000000000 ) ) ;
#839 = VECTOR ( 'NONE', #5496, 1000.000000000000000 ) ;
#840 = VERTEX_POINT ( 'NONE', #7997 ) ;
#841 = SHAPE_DEFINITION_REPRESENTATION ( #6424, #4954 ) ;
#842 = AXIS2_PLACEMENT_3D ( 'NONE', #7675, #5312, #1072 ) ;
#843 = LINE ( 'NONE', #1553, #2910 ) ;
#844 = COLOUR_RGB ( '',0.7921568627450980005, 0.8196078431372548767, 0.9333333333333333481 ) ;
#845 = SURFACE_SIDE_STYLE ('',( #4690 ) ) ;
#846 = CARTESIAN_POINT ( 'NONE',  ( -6.500000000000000000, 23.78004913997499870, -4.899999999999999467 ) ) ;
#847 = PRESENTATION_STYLE_ASSIGNMENT (( #2271 ) ) ;
#848 = FACE_OUTER_BOUND ( 'NONE', #5357, .T. ) ;
#849 = AXIS2_PLACEMENT_3D ( 'NONE', #7886, #8716, #644 ) ;
#850 = EDGE_CURVE ( 'NONE', #3147, #8544, #758, .T. ) ;
#851 = COLOUR_RGB ( '',0.7921568627450980005, 0.8196078431372548767, 0.9333333333333333481 ) ;
#852 = COLOUR_RGB ( '',1.000000000000000000, 0.8117647058823529438, 0.5019607843137254832 ) ;
#853 = DIRECTION ( 'NONE',  ( 0.4999999999999998890, 0.000000000000000000, 0.8660254037844387076 ) ) ;
#854 = EDGE_LOOP ( 'NONE', ( #5818, #861, #6533, #5365 ) ) ;
#855 = ADVANCED_FACE ( 'NONE', ( #6628 ), #3653, .F. ) ;
#856 = DIRECTION ( 'NONE',  ( 0.000000000000000000, 1.000000000000000000, 0.000000000000000000 ) ) ;
#857 = ORIENTED_EDGE ( 'NONE', *, *, #9029, .T. ) ;
#858 = STYLED_ITEM ( 'NONE', ( #1225 ), #7574 ) ;
#859 = VERTEX_POINT ( 'NONE', #6536 ) ;
#860 = SURFACE_STYLE_USAGE ( .BOTH. , #9011 ) ;
#861 = ORIENTED_EDGE ( 'NONE', *, *, #759, .F. ) ;
#862 = FILL_AREA_STYLE ('',( #6484 ) ) ;
#863 = UNCERTAINTY_MEASURE_WITH_UNIT (LENGTH_MEASURE( 1.000000000000000082E-05 ), #4014, 'distance_accuracy_value', 'NONE');
#864 = EDGE_CURVE ( 'NONE', #7825, #1985, #5923, .T. ) ;
#865 = DIRECTION ( 'NONE',  ( 0.6427876096865386968, 0.000000000000000000, 0.7660444431189786796 ) ) ;
#867 =( GEOMETRIC_REPRESENTATION_CONTEXT ( 3 ) GLOBAL_UNCERTAINTY_ASSIGNED_CONTEXT ( ( #7379 ) ) GLOBAL_UNIT_ASSIGNED_CONTEXT ( ( #4133, #1338, #9118 ) ) REPRESENTATION_CONTEXT ( 'NONE', 'WORKASPACE' ) );
#866 = FILL_AREA_STYLE_COLOUR ( '', #4043 ) ;
#868 = CARTESIAN_POINT ( 'NONE',  ( 3.799999999999999822, 2.750000000000000000, 2.461620773443864874 ) ) ;
#869 = VERTEX_POINT ( 'NONE', #1478 ) ;
#870 = COLOUR_RGB ( '',0.7921568627450980005, 0.8196078431372548767, 0.9333333333333333481 ) ;
#871 = CARTESIAN_POINT ( 'NONE',  ( 2.250000000000000000, 0.1000000000000000056, 0.5000000000000000000 ) ) ;
#872 = ORIENTED_EDGE ( 'NONE', *, *, #4475, .T. ) ;
#873 = ORIENTED_EDGE ( 'NONE', *, *, #3812, .T. ) ;
#874 = FACE_OUTER_BOUND ( 'NONE', #5, .T. ) ;
#875 = AXIS2_PLACEMENT_3D ( 'NONE', #1085, #6795, #1040 ) ;
#876 = DIRECTION ( 'NONE',  ( -1.000000000000000000, 0.000000000000000000, 0.000000000000000000 ) ) ;
#877 = DIRECTION ( 'NONE',  ( 0.000000000000000000, -1.000000000000000000, 0.000000000000000000 ) ) ;
#878 = FACE_OUTER_BOUND ( 'NONE', #262, .T. ) ;
#879 = VECTOR ( 'NONE', #5987, 1000.000000000000000 ) ;
#880 = DIRECTION ( 'NONE',  ( -0.6427876096865396960, 0.000000000000000000, -0.7660444431189776804 ) ) ;
#881 = CARTESIAN_POINT ( 'NONE',  ( -3.871279704941819944, 2.750000000000000000, 2.465211434995460582 ) ) ;
#882 = CIRCLE ( 'NONE', #1642, 0.6500000000000000222 ) ;
#883 = DIRECTION ( 'NONE',  ( -1.000000000000000000, 0.000000000000000000, 0.000000000000000000 ) ) ;
#884 = ADVANCED_FACE ( 'NONE', ( #143 ), #4371, .F. ) ;
#885 = CARTESIAN_POINT ( 'NONE',  ( -3.799999999999999822, 3.750000000000000000, -2.396267766897934859 ) ) ;
#886 = LINE ( 'NONE', #5938, #1905 ) ;
#887 = PRODUCT_DEFINITION_SHAPE ( 'NONE', 'NONE',  #9404 ) ;
#888 = ADVANCED_FACE ( 'NONE', ( #8046 ), #4519, .F. ) ;
#889 = DIRECTION ( 'NONE',  ( 0.000000000000000000, 0.000000000000000000, -1.000000000000000000 ) ) ;
#890 = LINE ( 'NONE', #7404, #258 ) ;
#891 = CARTESIAN_POINT ( 'NONE',  ( 3.799999999999999822, 2.750000000000000000, -1.056182713513598159 ) ) ;
#892 = LINE ( 'NONE', #4439, #988 ) ;
#893 = APPLICATION_CONTEXT ( 'automotive_design' ) ;
#894 = ORIENTED_EDGE ( 'NONE', *, *, #1233, .F. ) ;
#895 = EDGE_CURVE ( 'NONE', #8525, #6225, #6895, .T. ) ;
#896 = ORIENTED_EDGE ( 'NONE', *, *, #3144, .F. ) ;
#897 = APPLICATION_PROTOCOL_DEFINITION ( 'draft international standard', 'automotive_design', 1998, #7510 ) ;
#898 = DIRECTION ( 'NONE',  ( 0.000000000000000000, 0.000000000000000000, 1.000000000000000000 ) ) ;
#899 = DIRECTION ( 'NONE',  ( 0.000000000000000000, 0.000000000000000000, -1.000000000000000000 ) ) ;
#900 = CARTESIAN_POINT ( 'NONE',  ( -0.8000000000000000444, 3.750000000000000000, -3.288884081412580151 ) ) ;
#901 =( NAMED_UNIT ( * ) PLANE_ANGLE_UNIT ( ) SI_UNIT ( $, .RADIAN. ) );
#902 = ORIENTED_EDGE ( 'NONE', *, *, #8668, .T. ) ;
#903 = CARTESIAN_POINT ( 'NONE',  ( 4.432180073764544481, 2.750000000000000000, -1.927462418455420101 ) ) ;
#904 = ORIENTED_EDGE ( 'NONE', *, *, #5333, .T. ) ;
#905 = SHAPE_REPRESENTATION_RELATIONSHIP ( 'NONE' , 'NONE' ,  #6603, #915 ) ;
#906 = ORIENTED_EDGE ( 'NONE', *, *, #7653, .T. ) ;
#907 =( NAMED_UNIT ( * ) PLANE_ANGLE_UNIT ( ) SI_UNIT ( $, .RADIAN. ) );
#908 = ORIENTED_EDGE ( 'NONE', *, *, #5355, .F. ) ;
#909 = CARTESIAN_POINT ( 'NONE',  ( 0.5999999999999999778, 3.750000000000000000, 1.897374435176775176 ) ) ;
#910 = FILL_AREA_STYLE ('',( #7425 ) ) ;
#911 = ORIENTED_EDGE ( 'NONE', *, *, #154, .F. ) ;
#912 = EDGE_CURVE ( 'NONE', #5814, #4214, #3980, .T. ) ;
#913 = CARTESIAN_POINT ( 'NONE',  ( -4.400000000000000355, -2.455974827712295028, 3.600000000000000089 ) ) ;
#914 = EDGE_LOOP ( 'NONE', ( #8437, #954, #1571, #6372 ) ) ;
#915 = ADVANCED_BREP_SHAPE_REPRESENTATION ( '', ( #1043, #3266 ), #9028 ) ;
#916 = VERTEX_POINT ( 'NONE', #8972 ) ;
#917 = DIRECTION ( 'NONE',  ( 0.000000000000000000, 1.000000000000000000, 0.000000000000000000 ) ) ;
#918 = LINE ( 'NONE', #4426, #2584 ) ;
#919 = LINE ( 'NONE', #6721, #8277 ) ;
#920 = CARTESIAN_POINT ( 'NONE',  ( 0.8000000000000000444, 2.750000000000000000, -1.788248978016140134 ) ) ;
#921 = ADVANCED_FACE ( 'NONE', ( #183 ), #8197, .F. ) ;
#922 = CARTESIAN_POINT ( 'NONE',  ( -5.000000000000000000, 2.750000000000000000, 1.120054968325876033 ) ) ;
#923 = PLANE ( 'NONE',  #7996 ) ;
#924 = LINE ( 'NONE', #4344, #6315 ) ;
#925 = AXIS2_PLACEMENT_3D ( 'NONE', #1931, #497, #8995 ) ;
#926 = CARTESIAN_POINT ( 'NONE',  ( 4.535639852470909616, 2.750000000000000000, 3.338322210481544872 ) ) ;
#927 = MANIFOLD_SOLID_BREP ( 'Boss-Extrude6[2][1]', #1879 ) ;
#928 = SURFACE_STYLE_USAGE ( .BOTH. , #6783 ) ;
#929 = CARTESIAN_POINT ( 'NONE',  ( 0.8000000000000000444, 2.750000000000000000, -3.006760912279035303 ) ) ;
#930 = EDGE_CURVE ( 'NONE', #5712, #6853, #6001, .T. ) ;
#931 = DIRECTION ( 'NONE',  ( 0.000000000000000000, -1.000000000000000000, 0.000000000000000000 ) ) ;
#932 = ORIENTED_EDGE ( 'NONE', *, *, #2325, .T. ) ;
#933 = VECTOR ( 'NONE', #2054, 1000.000000000000000 ) ;
#934 = ORIENTED_EDGE ( 'NONE', *, *, #5485, .F. ) ;
#935 = SHAPE_DEFINITION_REPRESENTATION ( #5913, #8536 ) ;
#936 = CARTESIAN_POINT ( 'NONE',  ( -5.950000000000000178, 0.000000000000000000, -2.750000000000000000 ) ) ;
#937 = DIRECTION ( 'NONE',  ( 0.000000000000000000, -1.000000000000000000, 0.000000000000000000 ) ) ;
#938 = EDGE_CURVE ( 'NONE', #916, #1443, #8276, .T. ) ;
#939 = AXIS2_PLACEMENT_3D ( 'NONE', #1945, #3411, #9062 ) ;
#940 = SURFACE_STYLE_FILL_AREA ( #4550 ) ;
#941 = EDGE_CURVE ( 'NONE', #8042, #9369, #6053, .T. ) ;
#942 = ORIENTED_EDGE ( 'NONE', *, *, #4527, .T. ) ;
#943 = LINE ( 'NONE', #5917, #979 ) ;
#944 = SURFACE_STYLE_FILL_AREA ( #1486 ) ;
#945 = ORIENTED_EDGE ( 'NONE', *, *, #9088, .F. ) ;
#946 = ORIENTED_EDGE ( 'NONE', *, *, #7179, .F. ) ;
#947 = CIRCLE ( 'NONE', #7477, 0.5000000000000000000 ) ;
#948 = ORIENTED_EDGE ( 'NONE', *, *, #2483, .T. ) ;
#949 = CARTESIAN_POINT ( 'NONE',  ( -5.950000000000000178, 0.000000000000000000, 2.949999999999999734 ) ) ;
#950 = CARTESIAN_POINT ( 'NONE',  ( -5.950000000000000178, 3.750000000000000000, -0.8499999999999999778 ) ) ;
#951 = CARTESIAN_POINT ( 'NONE',  ( 7.500000000000000000, 2.900543414065470227, -2.949999999999999734 ) ) ;
#952 = EDGE_LOOP ( 'NONE', ( #7419, #4008, #9113, #4449 ) ) ;
#953 = CARTESIAN_POINT ( 'NONE',  ( -5.950000000000000178, 0.000000000000000000, 2.750000000000000000 ) ) ;
#954 = ORIENTED_EDGE ( 'NONE', *, *, #6358, .T. ) ;
#955 = AXIS2_PLACEMENT_3D ( 'NONE', #9059, #4113, #4877 ) ;
#956 = VERTEX_POINT ( 'NONE', #1764 ) ;
#957 = MANIFOLD_SOLID_BREP ( 'Boss-Extrude6[8][1]', #5384 ) ;
#958 = FACE_OUTER_BOUND ( 'NONE', #5345, .T. ) ;
#959 = DIRECTION ( 'NONE',  ( 0.000000000000000000, 1.000000000000000000, 0.000000000000000000 ) ) ;
#960 = PRESENTATION_STYLE_ASSIGNMENT (( #7476 ) ) ;
#961 = CARTESIAN_POINT ( 'NONE',  ( 5.950000000000000178, 2.900543414065470227, -4.649999999999999467 ) ) ;
#962 = ADVANCED_FACE ( 'NONE', ( #3333 ), #7569, .F. ) ;
#963 = ADVANCED_BREP_SHAPE_REPRESENTATION ( '', ( #4202, #3266 ), #6469 ) ;
#964 =( NAMED_UNIT ( * ) PLANE_ANGLE_UNIT ( ) SI_UNIT ( $, .RADIAN. ) );
#965 = CARTESIAN_POINT ( 'NONE',  ( -6.500000000000000000, 23.78004913997499870, 4.899999999999999467 ) ) ;
#966 = FACE_BOUND ( 'NONE', #8134, .T. ) ;
#967 = STYLED_ITEM ( 'NONE', ( #8088 ), #7872 ) ;
#968 = EDGE_CURVE ( 'NONE', #241, #8922, #2781, .T. ) ;
#969 = VERTEX_POINT ( 'NONE', #7855 ) ;
#970 = DIRECTION ( 'NONE',  ( 0.000000000000000000, 1.000000000000000000, 0.000000000000000000 ) ) ;
#971 = DIRECTION ( 'NONE',  ( 0.6427876096865396960, 0.000000000000000000, 0.7660444431189776804 ) ) ;
#972 = CARTESIAN_POINT ( 'NONE',  ( 3.799999999999999822, 2.750000000000000000, -1.056182713513598159 ) ) ;
#973 = MANIFOLD_SOLID_BREP ( 'Boss-Extrude3[2][1]', #59 ) ;
#974 = VECTOR ( 'NONE', #3858, 1000.000000000000000 ) ;
#975 = UNCERTAINTY_MEASURE_WITH_UNIT (LENGTH_MEASURE( 1.000000000000000082E-05 ), #7861, 'distance_accuracy_value', 'NONE');
#976 = LINE ( 'NONE', #7443, #7111 ) ;
#977 = VECTOR ( 'NONE', #515, 1000.000000000000000 ) ;
#978 = CARTESIAN_POINT ( 'NONE',  ( -5.200000000000000178, 0.2000000000000000111, -4.599999999999999645 ) ) ;
#979 = VECTOR ( 'NONE', #3077, 1000.000000000000000 ) ;
#980 = SURFACE_SIDE_STYLE ('',( #123 ) ) ;
#981 = ORIENTED_EDGE ( 'NONE', *, *, #8084, .T. ) ;
#982 = SHAPE_DEFINITION_REPRESENTATION ( #2915, #1628 ) ;
#983 = CIRCLE ( 'NONE', #4316, 0.5999999999999998668 ) ;
#984 = SURFACE_STYLE_FILL_AREA ( #3737 ) ;
#985 = PLANE ( 'NONE',  #700 ) ;
#986 = DIRECTION ( 'NONE',  ( 0.000000000000000000, -1.000000000000000000, 0.000000000000000000 ) ) ;
#987 = CARTESIAN_POINT ( 'NONE',  ( -5.950000000000000178, 0.000000000000000000, 2.949999999999999734 ) ) ;
#988 = VECTOR ( 'NONE', #6076, 1000.000000000000000 ) ;
#989 = AXIS2_PLACEMENT_3D ( 'NONE', #7250, #8637, #736 ) ;
#990 = ORIENTED_EDGE ( 'NONE', *, *, #1406, .F. ) ;
#991 = PLANE ( 'NONE',  #2947 ) ;
#992 = VECTOR ( 'NONE', #1978, 1000.000000000000000 ) ;
#993 = SURFACE_SIDE_STYLE ('',( #944 ) ) ;
#994 = ORIENTED_EDGE ( 'NONE', *, *, #938, .T. ) ;
#995 = ORIENTED_EDGE ( 'NONE', *, *, #3447, .T. ) ;
#996 = DIRECTION ( 'NONE',  ( -1.000000000000000000, 0.000000000000000000, 0.000000000000000000 ) ) ;
#997 = ORIENTED_EDGE ( 'NONE', *, *, #7478, .T. ) ;
#998 = DIRECTION ( 'NONE',  ( -1.000000000000000000, 0.000000000000000000, 0.000000000000000000 ) ) ;
#999 = ADVANCED_FACE ( 'NONE', ( #2092 ), #9261, .F. ) ;
#1000 = ADVANCED_FACE ( 'NONE', ( #3508 ), #4165, .F. ) ;
#1001 = SURFACE_SIDE_STYLE ('',( #372 ) ) ;
#1002 =( GEOMETRIC_REPRESENTATION_CONTEXT ( 3 ) GLOBAL_UNCERTAINTY_ASSIGNED_CONTEXT ( ( #7821 ) ) GLOBAL_UNIT_ASSIGNED_CONTEXT ( ( #3048, #6586, #5786 ) ) REPRESENTATION_CONTEXT ( 'NONE', 'WORKASPACE' ) );
#1003 = CARTESIAN_POINT ( 'NONE',  ( -7.499999999999920064, 0.5999999999999999778, -4.649999999999999467 ) ) ;
#1004 = ORIENTED_EDGE ( 'NONE', *, *, #759, .T. ) ;
#1005 = VECTOR ( 'NONE', #7283, 1000.000000000000000 ) ;
#1006 = DIRECTION ( 'NONE',  ( 0.7660444431189786796, 0.000000000000000000, -0.6427876096865385858 ) ) ;
#1007 = ORIENTED_EDGE ( 'NONE', *, *, #5837, .F. ) ;
#1008 =( NAMED_UNIT ( * ) SI_UNIT ( $, .STERADIAN. ) SOLID_ANGLE_UNIT ( ) );
#1009 = EDGE_CURVE ( 'NONE', #4792, #1882, #9213, .T. ) ;
#1010 = MECHANICAL_DESIGN_GEOMETRIC_PRESENTATION_REPRESENTATION (  '', ( #6930 ), #6028 ) ;
#1011 = VERTEX_POINT ( 'NONE', #3374 ) ;
#1012 = FACE_OUTER_BOUND ( 'NONE', #5800, .T. ) ;
#1013 = VECTOR ( 'NONE', #2336, 1000.000000000000000 ) ;
#1014 = APPLICATION_CONTEXT ( 'automotive_design' ) ;
#1015 = DIRECTION ( 'NONE',  ( 1.000000000000000000, 0.000000000000000000, 0.000000000000000000 ) ) ;
#1016 = VECTOR ( 'NONE', #1959, 1000.000000000000000 ) ;
#1017 = FACE_OUTER_BOUND ( 'NONE', #341, .T. ) ;
#1018 = LINE ( 'NONE', #3911, #8731 ) ;
#1019 = CARTESIAN_POINT ( 'NONE',  ( 3.935639852470909972, 3.750000000000000000, 3.841781989187914803 ) ) ;
#1020 = VECTOR ( 'NONE', #1061, 1000.000000000000000 ) ;
#1021 = ORIENTED_EDGE ( 'NONE', *, *, #2920, .T. ) ;
#1022 = CARTESIAN_POINT ( 'NONE',  ( 0.5999999999999999778, -2.455974827712295028, -1.620429051780690077 ) ) ;
#1023 = DIRECTION ( 'NONE',  ( 0.000000000000000000, 1.000000000000000000, 0.000000000000000000 ) ) ;
#1024 = ADVANCED_FACE ( 'NONE', ( #6421 ), #4991, .T. ) ;
#1025 = LINE ( 'NONE', #8906, #4210 ) ;
#1026 = MANIFOLD_SOLID_BREP ( 'Cut-Extrude3[1]', #4617 ) ;
#1027 = CARTESIAN_POINT ( 'NONE',  ( -0.2000000000000000111, 3.750000000000000000, -2.573831925856055136 ) ) ;
#1028 = AXIS2_PLACEMENT_3D ( 'NONE', #1232, #1847, #1194 ) ;
#1029 = SURFACE_STYLE_FILL_AREA ( #7546 ) ;
#1030 = DIRECTION ( 'NONE',  ( -1.000000000000000000, 0.000000000000000000, 1.232817212792323889E-16 ) ) ;
#1031 = DIRECTION ( 'NONE',  ( 0.000000000000000000, -1.000000000000000000, 0.000000000000000000 ) ) ;
#1032 = ORIENTED_EDGE ( 'NONE', *, *, #7222, .F. ) ;
#1033 = EDGE_CURVE ( 'NONE', #4736, #7993, #1140, .T. ) ;
#1034 = ORIENTED_EDGE ( 'NONE', *, *, #3269, .F. ) ;
#1035 = DIRECTION ( 'NONE',  ( -0.7660444431189785686, 0.000000000000000000, 0.6427876096865385858 ) ) ;
#1036 = CIRCLE ( 'NONE', #4985, 0.5999999999999999778 ) ;
#1037 = FACE_OUTER_BOUND ( 'NONE', #2459, .T. ) ;
#1038 = LINE ( 'NONE', #8262, #5252 ) ;
#1039 = CARTESIAN_POINT ( 'NONE',  ( 7.500000000000000000, 0.000000000000000000, 3.799999999999999822 ) ) ;
#1040 = DIRECTION ( 'NONE',  ( 0.000000000000000000, 0.000000000000000000, -1.000000000000000000 ) ) ;
#1041 = EDGE_CURVE ( 'NONE', #6480, #3476, #1555, .T. ) ;
#1042 = EDGE_CURVE ( 'NONE', #7491, #1692, #6472, .T. ) ;
#1043 = MANIFOLD_SOLID_BREP ( 'Boss-Extrude3[10][1]', #4922 ) ;
#1044 = EDGE_LOOP ( 'NONE', ( #393, #5381, #1381, #1062, #8698, #7991 ) ) ;
#1045 = LINE ( 'NONE', #6131, #3103 ) ;
#1046 = PLANE ( 'NONE',  #7690 ) ;
#1047 = ORIENTED_EDGE ( 'NONE', *, *, #385, .T. ) ;
#1048 = SHAPE_REPRESENTATION_RELATIONSHIP ( 'NONE' , 'NONE' ,  #33, #5115 ) ;
#1049 = EDGE_LOOP ( 'NONE', ( #1419, #1529, #528, #4962, #4952, #4675 ) ) ;
#1050 = FACE_OUTER_BOUND ( 'NONE', #3573, .T. ) ;
#1051 = EDGE_LOOP ( 'NONE', ( #319, #1429, #1375, #7280 ) ) ;
#1052 = CARTESIAN_POINT ( 'NONE',  ( -7.500000000000000000, 0.5999999999999999778, 1.050000000000000044 ) ) ;
#1053 = SURFACE_SIDE_STYLE ('',( #8879 ) ) ;
#1054 = CARTESIAN_POINT ( 'NONE',  ( -7.500000000000000000, 2.900543414065470227, -0.6500000000000000222 ) ) ;
#1055 = ORIENTED_EDGE ( 'NONE', *, *, #6358, .F. ) ;
#1056 = LINE ( 'NONE', #8093, #4615 ) ;
#1057 = PRODUCT_RELATED_PRODUCT_CATEGORY ( 'part', '', ( #2443 ) ) ;
#1058 = EDGE_CURVE ( 'NONE', #3397, #8977, #7363, .T. ) ;
#1059 = ORIENTED_EDGE ( 'NONE', *, *, #6934, .F. ) ;
#1060 =( LENGTH_UNIT ( ) NAMED_UNIT ( * ) SI_UNIT ( .MILLI., .METRE. ) );
#1061 = DIRECTION ( 'NONE',  ( 0.000000000000000000, -1.000000000000000000, 0.000000000000000000 ) ) ;
#1062 = ORIENTED_EDGE ( 'NONE', *, *, #2714, .F. ) ;
#1063 = CARTESIAN_POINT ( 'NONE',  ( 7.500000000000000000, 0.5999999999999999778, 4.899999999999999467 ) ) ;
#1064 = FACE_OUTER_BOUND ( 'NONE', #4130, .T. ) ;
#1065 = EDGE_CURVE ( 'NONE', #5375, #1914, #5855, .T. ) ;
#1066 = CARTESIAN_POINT ( 'NONE',  ( 5.950000000000000178, 3.750000000000000000, -0.8499999999999999778 ) ) ;
#1067 = PRODUCT_RELATED_PRODUCT_CATEGORY ( 'part', '', ( #5212 ) ) ;
#1068 = CARTESIAN_POINT ( 'NONE',  ( 5.950000000000000178, 0.000000000000000000, -0.8499999999999999778 ) ) ;
#1069 = DIRECTION ( 'NONE',  ( 0.000000000000000000, -1.000000000000000000, 0.000000000000000000 ) ) ;
#1070 = ORIENTED_EDGE ( 'NONE', *, *, #1926, .T. ) ;
#1071 = DIRECTION ( 'NONE',  ( 0.000000000000000000, 1.000000000000000000, 0.000000000000000000 ) ) ;
#1072 = DIRECTION ( 'NONE',  ( 0.000000000000000000, 0.000000000000000000, -1.000000000000000000 ) ) ;
#1073 = UNCERTAINTY_MEASURE_WITH_UNIT (LENGTH_MEASURE( 1.000000000000000082E-05 ), #1200, 'distance_accuracy_value', 'NONE');
#1074 = APPLICATION_CONTEXT ( 'automotive_design' ) ;
#1075 = DIRECTION ( 'NONE',  ( 0.000000000000000000, -1.000000000000000000, 0.000000000000000000 ) ) ;
#1076 = MANIFOLD_SOLID_BREP ( 'Boss-Extrude3[6][1]', #5852 ) ;
#1077 = DIRECTION ( 'NONE',  ( 0.000000000000000000, -1.000000000000000000, 0.000000000000000000 ) ) ;
#1078 = FACE_OUTER_BOUND ( 'NONE', #9144, .T. ) ;
#1079 = LINE ( 'NONE', #7547, #3234 ) ;
#1080 = DIRECTION ( 'NONE',  ( -0.7660444431189782355, 0.000000000000000000, 0.6427876096865390299 ) ) ;
#1081 = VERTEX_POINT ( 'NONE', #7170 ) ;
#1082 = UNCERTAINTY_MEASURE_WITH_UNIT (LENGTH_MEASURE( 1.000000000000000082E-05 ), #5718, 'distance_accuracy_value', 'NONE');
#1083 = CARTESIAN_POINT ( 'NONE',  ( 0.8000000000000000444, 3.750000000000000000, -3.006760912279035303 ) ) ;
#1084 = CARTESIAN_POINT ( 'NONE',  ( 9.757819551890340433E-16, 3.750000000000000000, 2.400834213883145107 ) ) ;
#1085 = CARTESIAN_POINT ( 'NONE',  ( 0.000000000000000000, 3.750000000000000000, 0.000000000000000000 ) ) ;
#1086 = EDGE_CURVE ( 'NONE', #8617, #1011, #3739, .T. ) ;
#1087 = MANIFOLD_SOLID_BREP ( 'Boss-Extrude6[6][1]', #8270 ) ;
#1088 = ORIENTED_EDGE ( 'NONE', *, *, #5675, .F. ) ;
#1089 = DIRECTION ( 'NONE',  ( 1.000000000000000000, 0.000000000000000000, 0.000000000000000000 ) ) ;
#1090 = LINE ( 'NONE', #9254, #7990 ) ;
#1091 = ORIENTED_EDGE ( 'NONE', *, *, #1749, .T. ) ;
#1092 = DIRECTION ( 'NONE',  ( 1.000000000000000000, 0.000000000000000000, 0.000000000000000000 ) ) ;
#1093 = EDGE_LOOP ( 'NONE', ( #5461, #5618, #7938, #2654 ) ) ;
#1094 = ADVANCED_FACE ( 'NONE', ( #8961 ), #5180, .T. ) ;
#1095 = DIRECTION ( 'NONE',  ( 0.000000000000000000, 0.000000000000000000, -1.000000000000000000 ) ) ;
#1096 = EDGE_LOOP ( 'NONE', ( #7810, #1515, #8860, #4551 ) ) ;
#1097 = FACE_OUTER_BOUND ( 'NONE', #6631, .T. ) ;
#1098 = VECTOR ( 'NONE', #7661, 1000.000000000000000 ) ;
#1099 = ORIENTED_EDGE ( 'NONE', *, *, #3567, .T. ) ;
#1100 = DIRECTION ( 'NONE',  ( 0.000000000000000000, 0.000000000000000000, 1.000000000000000000 ) ) ;
#1101 = ORIENTED_EDGE ( 'NONE', *, *, #8749, .F. ) ;
#1102 = VECTOR ( 'NONE', #5765, 1000.000000000000000 ) ;
#1103 = CARTESIAN_POINT ( 'NONE',  ( -5.200000000000000178, 0.2000000000000000111, -4.599999999999999645 ) ) ;
#1104 = ORIENTED_EDGE ( 'NONE', *, *, #7179, .T. ) ;
#1105 = FACE_OUTER_BOUND ( 'NONE', #1962, .T. ) ;
#1106 = CARTESIAN_POINT ( 'NONE',  ( -5.950000000000000178, 0.5999999999999999778, 1.050000000000000044 ) ) ;
#1107 = FACE_OUTER_BOUND ( 'NONE', #4575, .T. ) ;
#1109 = FILL_AREA_STYLE_COLOUR ( '', #2067 ) ;
#1108 = PRODUCT_DEFINITION_FORMATION_WITH_SPECIFIED_SOURCE ( 'ANY', '', #3214, .NOT_KNOWN. ) ;
#1110 = VERTEX_POINT ( 'NONE', #6837 ) ;
#1111 = FACE_OUTER_BOUND ( 'NONE', #2939, .T. ) ;
#1112 = FACE_OUTER_BOUND ( 'NONE', #4082, .T. ) ;
#1113 = EDGE_CURVE ( 'NONE', #3336, #4452, #5321, .T. ) ;
#1114 = CIRCLE ( 'NONE', #3252, 0.5999999999999998668 ) ;
#1115 = EDGE_CURVE ( 'NONE', #1337, #6653, #7837, .T. ) ;
#1116 = EDGE_CURVE ( 'NONE', #1803, #1265, #2821, .T. ) ;
#1117 = CARTESIAN_POINT ( 'NONE',  ( 0.8000000000000000444, -2.455974827712295028, -3.006760912279035303 ) ) ;
#1118 = LINE ( 'NONE', #4006, #2646 ) ;
#1119 = ORIENTED_EDGE ( 'NONE', *, *, #428, .F. ) ;
#1120 = EDGE_CURVE ( 'NONE', #3468, #7373, #685, .T. ) ;
#1121 = STYLED_ITEM ( 'NONE', ( #7995 ), #7881 ) ;
#1122 = LINE ( 'NONE', #3931, #4010 ) ;
#1123 = VECTOR ( 'NONE', #9157, 1000.000000000000000 ) ;
#1124 =( NAMED_UNIT ( * ) PLANE_ANGLE_UNIT ( ) SI_UNIT ( $, .RADIAN. ) );
#1125 = CIRCLE ( 'NONE', #5698, 0.5999999999999998668 ) ;
#1126 = ORIENTED_EDGE ( 'NONE', *, *, #6540, .T. ) ;
#1127 = AXIS2_PLACEMENT_3D ( 'NONE', #4184, #7054, #6250 ) ;
#1128 = LINE ( 'NONE', #4017, #3861 ) ;
#1129 = DIRECTION ( 'NONE',  ( 0.000000000000000000, 0.000000000000000000, -1.000000000000000000 ) ) ;
#1130 = VERTEX_POINT ( 'NONE', #7073 ) ;
#1131 = VECTOR ( 'NONE', #5543, 1000.000000000000000 ) ;
#1132 = DIRECTION ( 'NONE',  ( 1.000000000000000000, 0.000000000000000000, 0.000000000000000000 ) ) ;
#1133 = VECTOR ( 'NONE', #3601, 1000.000000000000000 ) ;
#1134 = EDGE_LOOP ( 'NONE', ( #7980, #7606, #5444, #4364 ) ) ;
#1135 = LINE ( 'NONE', #1890, #2001 ) ;
#1136 = VECTOR ( 'NONE', #4087, 1000.000000000000000 ) ;
#1137 = ORIENTED_EDGE ( 'NONE', *, *, #3551, .T. ) ;
#1138 = CARTESIAN_POINT ( 'NONE',  ( 6.500000000000000000, 0.5999999999999999778, 4.899999999999999467 ) ) ;
#1139 = LINE ( 'NONE', #5470, #4462 ) ;
#1140 = LINE ( 'NONE', #7310, #9026 ) ;
#1141 = EDGE_CURVE ( 'NONE', #7993, #8735, #8537, .T. ) ;
#1142 = VECTOR ( 'NONE', #7309, 1000.000000000000000 ) ;
#1143 = VECTOR ( 'NONE', #3519, 1000.000000000000000 ) ;
#1144 = EDGE_CURVE ( 'NONE', #41, #6970, #7202, .T. ) ;
#1145 = VECTOR ( 'NONE', #9156, 1000.000000000000114 ) ;
#1146 = PLANE ( 'NONE',  #1276 ) ;
#1147 = DIRECTION ( 'NONE',  ( 0.000000000000000000, -1.000000000000000000, 0.000000000000000000 ) ) ;
#1148 = ORIENTED_EDGE ( 'NONE', *, *, #2496, .F. ) ;
#1149 =( GEOMETRIC_REPRESENTATION_CONTEXT ( 3 ) GLOBAL_UNCERTAINTY_ASSIGNED_CONTEXT ( ( #8573 ) ) GLOBAL_UNIT_ASSIGNED_CONTEXT ( ( #205, #166, #3114 ) ) REPRESENTATION_CONTEXT ( 'NONE', 'WORKASPACE' ) );
#1150 = EDGE_CURVE ( 'NONE', #623, #2229, #1308, .T. ) ;
#1151 = CARTESIAN_POINT ( 'NONE',  ( 0.2000000000000000111, 3.750000000000000000, -2.503301133572669812 ) ) ;
#1152 = EDGE_LOOP ( 'NONE', ( #8664, #2642, #1800, #3370 ) ) ;
#1153 = MANIFOLD_SOLID_BREP ( 'Boss-Extrude6[1][1]', #2185 ) ;
#1154 = CARTESIAN_POINT ( 'NONE',  ( 7.500000000000000000, 2.900543414065470227, 0.6500000000000000222 ) ) ;
#1155 = AXIS2_PLACEMENT_3D ( 'NONE', #5491, #1825, #1023 ) ;
#1156 = PRESENTATION_LAYER_ASSIGNMENT (  '', '', ( #3572 ) ) ;
#1157 = COLOUR_RGB ( '',0.7921568627450980005, 0.8196078431372548767, 0.9333333333333333481 ) ;
#1158 = PLANE ( 'NONE',  #2491 ) ;
#1159 = ORIENTED_EDGE ( 'NONE', *, *, #7154, .F. ) ;
#1160 = DIRECTION ( 'NONE',  ( -0.9848077530122079093, 0.000000000000000000, -0.1736481776669309696 ) ) ;
#1161 = MECHANICAL_DESIGN_GEOMETRIC_PRESENTATION_REPRESENTATION (  '', ( #7688 ), #2812 ) ;
#1162 = CARTESIAN_POINT ( 'NONE',  ( -0.8000000000000000444, 3.750000000000000000, -2.070372147149684761 ) ) ;
#1163 = UNCERTAINTY_MEASURE_WITH_UNIT (LENGTH_MEASURE( 1.000000000000000082E-05 ), #2315, 'distance_accuracy_value', 'NONE');
#1164 = ORIENTED_EDGE ( 'NONE', *, *, #8590, .T. ) ;
#1165 = AXIS2_PLACEMENT_3D ( 'NONE', #52, #3365, #2549 ) ;
#1166 = CARTESIAN_POINT ( 'NONE',  ( -3.600000000000000089, 2.750000000000000000, 1.294533432032439979 ) ) ;
#1167 = MECHANICAL_DESIGN_GEOMETRIC_PRESENTATION_REPRESENTATION (  '', ( #3156 ), #4801 ) ;
#1168 = CARTESIAN_POINT ( 'NONE',  ( -5.949999999999919353, 0.5999999999999999778, -4.649999999999999467 ) ) ;
#1169 = SURFACE_STYLE_USAGE ( .BOTH. , #4095 ) ;
#1170 = AXIS2_PLACEMENT_3D ( 'NONE', #5583, #7759, #4267 ) ;
#1171 = MANIFOLD_SOLID_BREP ( 'Boss-Extrude5[1][1]', #2777 ) ;
#1172 = SURFACE_STYLE_FILL_AREA ( #5693 ) ;
#1173 = CARTESIAN_POINT ( 'NONE',  ( 0.8000000000000000444, 3.750000000000000000, -3.006760912279035303 ) ) ;
#1174 = FACE_OUTER_BOUND ( 'NONE', #7463, .T. ) ;
#1175 = VECTOR ( 'NONE', #1298, 1000.000000000000000 ) ;
#1176 =( GEOMETRIC_REPRESENTATION_CONTEXT ( 3 ) GLOBAL_UNCERTAINTY_ASSIGNED_CONTEXT ( ( #3699 ) ) GLOBAL_UNIT_ASSIGNED_CONTEXT ( ( #4729, #1124, #3267 ) ) REPRESENTATION_CONTEXT ( 'NONE', 'WORKASPACE' ) );
#1177 = CARTESIAN_POINT ( 'NONE',  ( -3.935639852470909972, 2.750000000000000000, -3.841781989187914803 ) ) ;
#1178 = ADVANCED_FACE ( 'NONE', ( #3455 ), #5793, .F. ) ;
#1179 = ADVANCED_FACE ( 'NONE', ( #2020 ), #6592, .T. ) ;
#1180 = ORIENTED_EDGE ( 'NONE', *, *, #3791, .F. ) ;
#1181 = ITEM_DEFINED_TRANSFORMATION ( 'NONE', 'NONE', #9140,  #3266 ) ;
#1182 = FACE_OUTER_BOUND ( 'NONE', #5075, .T. ) ;
#1183 = VECTOR ( 'NONE', #323, 1000.000000000000000 ) ;
#1184 = CARTESIAN_POINT ( 'NONE',  ( 4.000000000000000000, 2.750000000000000000, -2.442514574011950046 ) ) ;
#1185 = EDGE_CURVE ( 'NONE', #7816, #1842, #5060, .T. ) ;
#1186 = VERTEX_POINT ( 'NONE', #6687 ) ;
#1187 = DIRECTION ( 'NONE',  ( 0.000000000000000000, 0.000000000000000000, 1.000000000000000000 ) ) ;
#1188 = CIRCLE ( 'NONE', #3582, 0.6500000000000000222 ) ;
#1189 = EDGE_LOOP ( 'NONE', ( #7483, #8703, #6429, #175 ) ) ;
#1190 = CARTESIAN_POINT ( 'NONE',  ( 0.000000000000000000, 0.000000000000000000, 0.000000000000000000 ) ) ;
#1191 = ORIENTED_EDGE ( 'NONE', *, *, #6596, .T. ) ;
#1192 = LINE ( 'NONE', #7037, #4883 ) ;
#1193 = EDGE_LOOP ( 'NONE', ( #9084, #7162, #1946, #6292 ) ) ;
#1194 = DIRECTION ( 'NONE',  ( 1.000000000000000000, 0.000000000000000000, 0.000000000000000000 ) ) ;
#1195 = SURFACE_STYLE_USAGE ( .BOTH. , #7703 ) ;
#1196 = MECHANICAL_DESIGN_GEOMETRIC_PRESENTATION_REPRESENTATION (  '', ( #9225 ), #2854 ) ;
#1197 = DIRECTION ( 'NONE',  ( 0.000000000000000000, 0.000000000000000000, -1.000000000000000000 ) ) ;
#1198 = LINE ( 'NONE', #4124, #8110 ) ;
#1199 = ORIENTED_EDGE ( 'NONE', *, *, #6112, .F. ) ;
#1200 =( LENGTH_UNIT ( ) NAMED_UNIT ( * ) SI_UNIT ( .MILLI., .METRE. ) );
#1201 = APPLICATION_CONTEXT ( 'automotive_design' ) ;
#1202 = EDGE_LOOP ( 'NONE', ( #1741, #7768, #6984, #4198, #4068, #6133 ) ) ;
#1203 = DIRECTION ( 'NONE',  ( -0.7660444431189777914, 0.000000000000000000, 0.6427876096865398070 ) ) ;
#1204 = LINE ( 'NONE', #2057, #7367 ) ;
#1205 = DIRECTION ( 'NONE',  ( 0.000000000000000000, 0.000000000000000000, -1.000000000000000000 ) ) ;
#1206 = ORIENTED_EDGE ( 'NONE', *, *, #1236, .F. ) ;
#1207 = CARTESIAN_POINT ( 'NONE',  ( 7.500000000000000000, 3.750000000000000000, 1.050000000000000044 ) ) ;
#1208 = VERTEX_POINT ( 'NONE', #3105 ) ;
#1209 = SURFACE_SIDE_STYLE ('',( #2470 ) ) ;
#1210 = CARTESIAN_POINT ( 'NONE',  ( -5.950000000000000178, 3.750000000000000000, 4.649999999999999467 ) ) ;
#1211 = ORIENTED_EDGE ( 'NONE', *, *, #3447, .F. ) ;
#1212 = FACE_OUTER_BOUND ( 'NONE', #5147, .T. ) ;
#1213 =( LENGTH_UNIT ( ) NAMED_UNIT ( * ) SI_UNIT ( .MILLI., .METRE. ) );
#1214 = LINE ( 'NONE', #5042, #2774 ) ;
#1215 = FILL_AREA_STYLE_COLOUR ( '', #4499 ) ;
#1216 = LINE ( 'NONE', #3396, #684 ) ;
#1217 = ORIENTED_EDGE ( 'NONE', *, *, #6728, .T. ) ;
#1218 = CARTESIAN_POINT ( 'NONE',  ( -7.500000000000000000, 0.000000000000000000, 4.899999999999999467 ) ) ;
#1219 = CARTESIAN_POINT ( 'NONE',  ( -3.935639852470909972, -2.455974827712295028, -3.841781989187914803 ) ) ;
#1220 = DIRECTION ( 'NONE',  ( 0.000000000000000000, 0.000000000000000000, -1.000000000000000000 ) ) ;
#1221 = CARTESIAN_POINT ( 'NONE',  ( -7.500000000000000000, 2.900543414065470227, 0.6500000000000000222 ) ) ;
#1222 = EDGE_CURVE ( 'NONE', #3503, #4100, #4342, .T. ) ;
#1223 = ORIENTED_EDGE ( 'NONE', *, *, #4493, .F. ) ;
#1224 = LINE ( 'NONE', #8362, #6759 ) ;
#1225 = PRESENTATION_STYLE_ASSIGNMENT (( #4838 ) ) ;
#1226 = ORIENTED_EDGE ( 'NONE', *, *, #8943, .T. ) ;
#1227 = CARTESIAN_POINT ( 'NONE',  ( 0.000000000000000000, 0.000000000000000000, 0.000000000000000000 ) ) ;
#1228 = ORIENTED_EDGE ( 'NONE', *, *, #2228, .T. ) ;
#1229 = VECTOR ( 'NONE', #6858, 1000.000000000000000 ) ;
#1230 = CARTESIAN_POINT ( 'NONE',  ( -5.950000000000000178, 0.000000000000000000, -0.8499999999999999778 ) ) ;
#1231 = EDGE_LOOP ( 'NONE', ( #6254, #1306, #2741, #8486 ) ) ;
#1232 = CARTESIAN_POINT ( 'NONE',  ( -7.500000000000000000, 0.5999999999999999778, -4.899999999999999467 ) ) ;
#1233 = EDGE_CURVE ( 'NONE', #3655, #9268, #4386, .T. ) ;
#1234 = FILL_AREA_STYLE_COLOUR ( '', #2360 ) ;
#1235 = EDGE_CURVE ( 'NONE', #5317, #3382, #5122, .T. ) ;
#1236 = EDGE_CURVE ( 'NONE', #4988, #5626, #2257, .T. ) ;
#1237 = CARTESIAN_POINT ( 'NONE',  ( 0.2000000000000000111, 3.750000000000000000, -2.503301133572669812 ) ) ;
#1238 = CARTESIAN_POINT ( 'NONE',  ( 0.8000000000000000444, 3.750000000000000000, 2.070372147149684761 ) ) ;
#1239 = DIRECTION ( 'NONE',  ( 0.000000000000000000, 1.000000000000000000, 0.000000000000000000 ) ) ;
#1240 = ORIENTED_EDGE ( 'NONE', *, *, #8213, .T. ) ;
#1241 = DIRECTION ( 'NONE',  ( 0.000000000000000000, 1.000000000000000000, 0.000000000000000000 ) ) ;
#1242 = ORIENTED_EDGE ( 'NONE', *, *, #2523, .T. ) ;
#1243 = LINE ( 'NONE', #4229, #4658 ) ;
#1244 = VECTOR ( 'NONE', #8924, 1000.000000000000000 ) ;
#1245 = DIRECTION ( 'NONE',  ( 0.000000000000000000, 1.000000000000000000, 0.000000000000000000 ) ) ;
#1246 = ORIENTED_EDGE ( 'NONE', *, *, #5415, .T. ) ;
#1247 = FACE_OUTER_BOUND ( 'NONE', #6042, .T. ) ;
#1248 = VERTEX_POINT ( 'NONE', #5974 ) ;
#1249 = CARTESIAN_POINT ( 'NONE',  ( 4.400000000000000355, 3.750000000000000000, 3.452137560662829951 ) ) ;
#1250 = ORIENTED_EDGE ( 'NONE', *, *, #6869, .F. ) ;
#1251 = CARTESIAN_POINT ( 'NONE',  ( 3.664360147529090117, 2.750000000000000000, 2.575436123625144624 ) ) ;
#1252 = LINE ( 'NONE', #5538, #8148 ) ;
#1254 = CARTESIAN_POINT ( 'NONE',  ( 5.949999999999919353, 0.000000000000000000, -2.949999999999999734 ) ) ;
#1253 = PRESENTATION_LAYER_ASSIGNMENT (  '', '', ( #5969 ) ) ;
#1255 = EDGE_CURVE ( 'NONE', #4555, #2877, #3772, .T. ) ;
#1256 = UNCERTAINTY_MEASURE_WITH_UNIT (LENGTH_MEASURE( 1.000000000000000082E-05 ), #6680, 'distance_accuracy_value', 'NONE');
#1257 =( GEOMETRIC_REPRESENTATION_CONTEXT ( 3 ) GLOBAL_UNCERTAINTY_ASSIGNED_CONTEXT ( ( #8387 ) ) GLOBAL_UNIT_ASSIGNED_CONTEXT ( ( #4209, #6371, #8028 ) ) REPRESENTATION_CONTEXT ( 'NONE', 'WORKASPACE' ) );
#1258 = ADVANCED_FACE ( 'NONE', ( #776 ), #5167, .T. ) ;
#1259 = LINE ( 'NONE', #3628, #6311 ) ;
#1260 = ORIENTED_EDGE ( 'NONE', *, *, #1327, .T. ) ;
#1261 = EDGE_CURVE ( 'NONE', #5686, #3087, #8846, .T. ) ;
#1262 = PRESENTATION_STYLE_ASSIGNMENT (( #5549 ) ) ;
#1263 = DIRECTION ( 'NONE',  ( 0.000000000000000000, 0.000000000000000000, -1.000000000000000000 ) ) ;
#1264 = DIRECTION ( 'NONE',  ( 0.000000000000000000, 0.000000000000000000, -1.000000000000000000 ) ) ;
#1265 = VERTEX_POINT ( 'NONE', #8106 ) ;
#1266 = DIRECTION ( 'NONE',  ( 1.000000000000000000, 0.000000000000000000, 0.000000000000000000 ) ) ;
#1267 = CARTESIAN_POINT ( 'NONE',  ( 3.935639852470909972, 2.750000000000000000, 3.841781989187914803 ) ) ;
#1268 = EDGE_LOOP ( 'NONE', ( #9302, #6477, #2304, #1561 ) ) ;
#1269 = AXIS2_PLACEMENT_3D ( 'NONE', #3793, #6047, #6824 ) ;
#1270 = ORIENTED_EDGE ( 'NONE', *, *, #8482, .T. ) ;
#1271 = DIRECTION ( 'NONE',  ( 0.000000000000000000, 1.000000000000000000, 0.000000000000000000 ) ) ;
#1272 = CARTESIAN_POINT ( 'NONE',  ( -0.8000000000000000444, -2.455974827712295028, -3.288884081412580151 ) ) ;
#1273 = SURFACE_STYLE_FILL_AREA ( #7798 ) ;
#1274 = VECTOR ( 'NONE', #3300, 1000.000000000000000 ) ;
#1275 = CARTESIAN_POINT ( 'NONE',  ( -4.567819926235459960, 2.750000000000000000, -3.311319922454459608 ) ) ;
#1276 = AXIS2_PLACEMENT_3D ( 'NONE', #7042, #1331, #8469 ) ;
#1277 = LINE ( 'NONE', #4171, #1921 ) ;
#1278 = PRESENTATION_LAYER_ASSIGNMENT (  '', '', ( #541 ) ) ;
#1279 = CARTESIAN_POINT ( 'NONE',  ( -3.600000000000000089, -2.455974827712295028, -2.564087693133389578 ) ) ;
#1280 = VERTEX_POINT ( 'NONE', #7441 ) ;
#1281 = COLOUR_RGB ( '',0.7921568627450980005, 0.8196078431372548767, 0.9333333333333333481 ) ;
#1282 = VERTEX_POINT ( 'NONE', #159 ) ;
#1283 = EDGE_CURVE ( 'NONE', #1967, #3889, #2344, .T. ) ;
#1284 = EDGE_CURVE ( 'NONE', #1186, #3190, #15, .T. ) ;
#1285 = ORIENTED_EDGE ( 'NONE', *, *, #8158, .F. ) ;
#1286 = VECTOR ( 'NONE', #4728, 1000.000000000000000 ) ;
#1287 = CARTESIAN_POINT ( 'NONE',  ( -2.250000000000000000, 0.000000000000000000, -0.5000000000000000000 ) ) ;
#1288 =( GEOMETRIC_REPRESENTATION_CONTEXT ( 3 ) GLOBAL_UNCERTAINTY_ASSIGNED_CONTEXT ( ( #4960 ) ) GLOBAL_UNIT_ASSIGNED_CONTEXT ( ( #7005, #1961, #7868 ) ) REPRESENTATION_CONTEXT ( 'NONE', 'WORKASPACE' ) );
#1289 = ORIENTED_EDGE ( 'NONE', *, *, #6320, .T. ) ;
#1290 = VECTOR ( 'NONE', #6167, 1000.000000000000114 ) ;
#1291 = ADVANCED_FACE ( 'NONE', ( #3016 ), #923, .F. ) ;
#1292 = DIRECTION ( 'NONE',  ( 0.000000000000000000, 1.000000000000000000, 0.000000000000000000 ) ) ;
#1293 = ORIENTED_EDGE ( 'NONE', *, *, #8447, .T. ) ;
#1294 = SURFACE_STYLE_FILL_AREA ( #6494 ) ;
#1295 = DIRECTION ( 'NONE',  ( 0.9848077530122079093, 0.000000000000000000, 0.1736481776669309696 ) ) ;
#1296 = CIRCLE ( 'NONE', #2958, 0.6500000000000000222 ) ;
#1297 = ORIENTED_EDGE ( 'NONE', *, *, #639, .T. ) ;
#1298 = DIRECTION ( 'NONE',  ( 0.000000000000000000, 0.000000000000000000, -1.000000000000000000 ) ) ;
#1299 = CARTESIAN_POINT ( 'NONE',  ( 3.799999999999999822, 3.750000000000000000, -1.056182713513598159 ) ) ;
#1300 = AXIS2_PLACEMENT_3D ( 'NONE', #8296, #9031, #1912 ) ;
#1301 = VECTOR ( 'NONE', #4578, 1000.000000000000000 ) ;
#1302 = MECHANICAL_DESIGN_GEOMETRIC_PRESENTATION_REPRESENTATION (  '', ( #7680 ), #6633 ) ;
#1303 = FILL_AREA_STYLE ('',( #1215 ) ) ;
#1304 = SURFACE_SIDE_STYLE ('',( #5696 ) ) ;
#1305 = VECTOR ( 'NONE', #6888, 1000.000000000000000 ) ;
#1306 = ORIENTED_EDGE ( 'NONE', *, *, #1141, .T. ) ;
#1307 = EDGE_CURVE ( 'NONE', #274, #5134, #2912, .T. ) ;
#1308 = LINE ( 'NONE', #5017, #8890 ) ;
#1309 = DIRECTION ( 'NONE',  ( 0.000000000000000000, 0.000000000000000000, -1.000000000000000000 ) ) ;
#1310 = DIRECTION ( 'NONE',  ( 0.000000000000000000, 0.000000000000000000, 1.000000000000000000 ) ) ;
#1311 = VECTOR ( 'NONE', #4148, 1000.000000000000000 ) ;
#1312 = DIRECTION ( 'NONE',  ( 0.000000000000000000, 0.000000000000000000, -1.000000000000000000 ) ) ;
#1313 = VECTOR ( 'NONE', #8937, 1000.000000000000000 ) ;
#1314 = CARTESIAN_POINT ( 'NONE',  ( 7.500000000000000000, 0.5999999999999999778, -4.649999999999999467 ) ) ;
#1315 = PRESENTATION_LAYER_ASSIGNMENT (  '', '', ( #8611 ) ) ;
#1316 = ORIENTED_EDGE ( 'NONE', *, *, #1261, .F. ) ;
#1317 = CARTESIAN_POINT ( 'NONE',  ( 5.950000000000000178, 0.000000000000000000, 0.8499999999999999778 ) ) ;
#1318 = ORIENTED_EDGE ( 'NONE', *, *, #8222, .T. ) ;
#1319 = DIRECTION ( 'NONE',  ( 1.000000000000000000, 0.000000000000000000, 0.000000000000000000 ) ) ;
#1320 = ORIENTED_EDGE ( 'NONE', *, *, #3051, .T. ) ;
#1321 = VECTOR ( 'NONE', #93, 1000.000000000000000 ) ;
#1322 = VECTOR ( 'NONE', #2226, 1000.000000000000000 ) ;
#1323 = VERTEX_POINT ( 'NONE', #8167 ) ;
#1324 = CARTESIAN_POINT ( 'NONE',  ( 7.499999999999920064, 0.5999999999999999778, -4.649999999999999467 ) ) ;
#1325 = PLANE ( 'NONE',  #8123 ) ;
#1326 =( NAMED_UNIT ( * ) PLANE_ANGLE_UNIT ( ) SI_UNIT ( $, .RADIAN. ) );
#1327 = EDGE_CURVE ( 'NONE', #4513, #3270, #1643, .T. ) ;
#1328 = PRODUCT_DEFINITION_SHAPE ( 'NONE', 'NONE',  #9397 ) ;
#1329 = FILL_AREA_STYLE_COLOUR ( '', #2932 ) ;
#1330 = PLANE ( 'NONE',  #4650 ) ;
#1331 = DIRECTION ( 'NONE',  ( -0.7660444431189777914, 0.000000000000000000, 0.6427876096865398070 ) ) ;
#1332 = COLOUR_RGB ( '',0.7921568627450980005, 0.8196078431372548767, 0.9333333333333333481 ) ;
#1333 = DIRECTION ( 'NONE',  ( 0.000000000000000000, -1.000000000000000000, 0.000000000000000000 ) ) ;
#1334 =( NAMED_UNIT ( * ) PLANE_ANGLE_UNIT ( ) SI_UNIT ( $, .RADIAN. ) );
#1335 = VERTEX_POINT ( 'NONE', #2962 ) ;
#1336 = ORIENTED_EDGE ( 'NONE', *, *, #3635, .F. ) ;
#1337 = VERTEX_POINT ( 'NONE', #199 ) ;
#1338 =( NAMED_UNIT ( * ) PLANE_ANGLE_UNIT ( ) SI_UNIT ( $, .RADIAN. ) );
#1339 = VECTOR ( 'NONE', #69, 1000.000000000000000 ) ;
#1340 = LINE ( 'NONE', #3705, #2639 ) ;
#1341 = ORIENTED_EDGE ( 'NONE', *, *, #3117, .F. ) ;
#1342 = EDGE_CURVE ( 'NONE', #8822, #5686, #1591, .T. ) ;
#1343 = DIRECTION ( 'NONE',  ( 0.000000000000000000, 0.000000000000000000, -1.000000000000000000 ) ) ;
#1344 = VERTEX_POINT ( 'NONE', #5892 ) ;
#1345 = LINE ( 'NONE', #3441, #7998 ) ;
#1346 = UNCERTAINTY_MEASURE_WITH_UNIT (LENGTH_MEASURE( 1.000000000000000082E-05 ), #8318, 'distance_accuracy_value', 'NONE');
#1347 = PLANE ( 'NONE',  #9330 ) ;
#1348 = ORIENTED_EDGE ( 'NONE', *, *, #2638, .F. ) ;
#1349 = DIRECTION ( 'NONE',  ( 0.000000000000000000, 0.000000000000000000, 1.000000000000000000 ) ) ;
#1350 = DIRECTION ( 'NONE',  ( 0.000000000000000000, -1.000000000000000000, 0.000000000000000000 ) ) ;
#1351 =( NAMED_UNIT ( * ) PLANE_ANGLE_UNIT ( ) SI_UNIT ( $, .RADIAN. ) );
#1352 = ADVANCED_FACE ( 'NONE', ( #3056 ), #8904, .F. ) ;
#1353 = PRODUCT_RELATED_PRODUCT_CATEGORY ( 'part', '', ( #7782 ) ) ;
#1354 = VERTEX_POINT ( 'NONE', #7538 ) ;
#1355 = PLANE ( 'NONE',  #5483 ) ;
#1356 = DIRECTION ( 'NONE',  ( 0.000000000000000000, -1.000000000000000000, 0.000000000000000000 ) ) ;
#1357 = LINE ( 'NONE', #8638, #7022 ) ;
#1358 = CARTESIAN_POINT ( 'NONE',  ( 0.8000000000000000444, 2.750000000000000000, -1.788248978016140134 ) ) ;
#1359 = LINE ( 'NONE', #2829, #3120 ) ;
#1360 = ADVANCED_BREP_SHAPE_REPRESENTATION ( '', ( #957, #3266 ), #8728 ) ;
#1361 = ORIENTED_EDGE ( 'NONE', *, *, #4766, .T. ) ;
#1362 = ORIENTED_EDGE ( 'NONE', *, *, #4992, .F. ) ;
#1363 = PRODUCT_CONTEXT ( 'NONE', #9069, 'mechanical' ) ;
#1364 = ORIENTED_EDGE ( 'NONE', *, *, #12, .F. ) ;
#1365 = DIRECTION ( 'NONE',  ( 1.232817212792323889E-16, 0.000000000000000000, 1.000000000000000000 ) ) ;
#1366 = ORIENTED_EDGE ( 'NONE', *, *, #1372, .F. ) ;
#1367 = DIRECTION ( 'NONE',  ( -1.000000000000000000, 0.000000000000000000, 0.000000000000000000 ) ) ;
#1368 =( NAMED_UNIT ( * ) PLANE_ANGLE_UNIT ( ) SI_UNIT ( $, .RADIAN. ) );
#1369 = DIRECTION ( 'NONE',  ( 1.000000000000000000, 0.000000000000000000, 0.000000000000000000 ) ) ;
#1370 = APPLICATION_CONTEXT ( 'automotive_design' ) ;
#1371 = SHAPE_REPRESENTATION ( 'Boss-Extrude6[7]_1', ( #3266 ), #6469 ) ;
#1372 = EDGE_CURVE ( 'NONE', #5317, #6051, #7484, .T. ) ;
#1373 = CARTESIAN_POINT ( 'NONE',  ( -5.950000000000000178, 0.5999999999999999778, 2.750000000000000000 ) ) ;
#1374 = DIRECTION ( 'NONE',  ( 0.000000000000000000, 0.000000000000000000, -1.000000000000000000 ) ) ;
#1375 = ORIENTED_EDGE ( 'NONE', *, *, #1144, .T. ) ;
#1376 = EDGE_CURVE ( 'NONE', #3706, #4685, #3161, .T. ) ;
#1377 = PLANE ( 'NONE',  #6450 ) ;
#1378 = STYLED_ITEM ( 'NONE', ( #7203 ), #3497 ) ;
#1379 = ORIENTED_EDGE ( 'NONE', *, *, #9114, .T. ) ;
#1380 = PLANE ( 'NONE',  #8382 ) ;
#1381 = ORIENTED_EDGE ( 'NONE', *, *, #3968, .F. ) ;
#1382 = LINE ( 'NONE', #5153, #7867 ) ;
#1383 = CARTESIAN_POINT ( 'NONE',  ( 5.950000000000000178, 0.000000000000000000, -0.8499999999999999778 ) ) ;
#1384 = DIRECTION ( 'NONE',  ( -1.000000000000000000, 0.000000000000000000, 0.000000000000000000 ) ) ;
#1385 = ORIENTED_EDGE ( 'NONE', *, *, #6654, .F. ) ;
#1386 = AXIS2_PLACEMENT_3D ( 'NONE', #11, #8840, #2904 ) ;
#1387 = ORIENTED_EDGE ( 'NONE', *, *, #5630, .F. ) ;
#1388 =( NAMED_UNIT ( * ) SI_UNIT ( $, .STERADIAN. ) SOLID_ANGLE_UNIT ( ) );
#1389 = ORIENTED_EDGE ( 'NONE', *, *, #7683, .F. ) ;
#1390 = SURFACE_STYLE_USAGE ( .BOTH. , #4090 ) ;
#1391 = CARTESIAN_POINT ( 'NONE',  ( 7.500000000000000000, 0.5999999999999999778, 0.8499999999999999778 ) ) ;
#1392 = VECTOR ( 'NONE', #8043, 1000.000000000000000 ) ;
#1393 = LINE ( 'NONE', #4969, #5869 ) ;
#1394 = ORIENTED_EDGE ( 'NONE', *, *, #4598, .F. ) ;
#1395 = VECTOR ( 'NONE', #3504, 1000.000000000000000 ) ;
#1396 = ITEM_DEFINED_TRANSFORMATION ( 'NONE', 'NONE', #2168,  #3266 ) ;
#1397 = CARTESIAN_POINT ( 'NONE',  ( -4.567819926235459960, -2.455974827712295028, -3.311319922454459608 ) ) ;
#1398 = ADVANCED_FACE ( 'NONE', ( #2573 ), #4627, .T. ) ;
#1399 = DIRECTION ( 'NONE',  ( 0.000000000000000000, -1.000000000000000000, 0.000000000000000000 ) ) ;
#1400 = EDGE_CURVE ( 'NONE', #4016, #7890, #1923, .T. ) ;
#1401 = FILL_AREA_STYLE ('',( #5065 ) ) ;
#1402 = DIRECTION ( 'NONE',  ( 0.000000000000000000, 1.000000000000000000, 0.000000000000000000 ) ) ;
#1403 = PRESENTATION_STYLE_ASSIGNMENT (( #6599 ) ) ;
#1404 = CARTESIAN_POINT ( 'NONE',  ( -4.335639852470909439, 2.750000000000000000, 1.911808560920089883 ) ) ;
#1405 = ORIENTED_EDGE ( 'NONE', *, *, #7919, .F. ) ;
#1406 = EDGE_CURVE ( 'NONE', #8199, #1815, #7674, .T. ) ;
#1407 = ORIENTED_EDGE ( 'NONE', *, *, #6983, .F. ) ;
#1408 = PRODUCT_CONTEXT ( 'NONE', #9190, 'mechanical' ) ;
#1409 = ORIENTED_EDGE ( 'NONE', *, *, #8581, .F. ) ;
#1410 = CARTESIAN_POINT ( 'NONE',  ( -7.500000000000000000, 3.750000000000000000, -2.750000000000000000 ) ) ;
#1411 = LINE ( 'NONE', #4255, #2841 ) ;
#1412 = FACE_OUTER_BOUND ( 'NONE', #3357, .T. ) ;
#1413 = VERTEX_POINT ( 'NONE', #8347 ) ;
#1414 = PLANE ( 'NONE',  #9321 ) ;
#1415 = EDGE_LOOP ( 'NONE', ( #7525, #1485, #4942, #3897, #8319, #7448 ) ) ;
#1416 = ORIENTED_EDGE ( 'NONE', *, *, #8834, .F. ) ;
#1417 = LINE ( 'NONE', #6531, #6413 ) ;
#1418 = EDGE_CURVE ( 'NONE', #1282, #8785, #8985, .T. ) ;
#1419 = ORIENTED_EDGE ( 'NONE', *, *, #5093, .T. ) ;
#1420 = DIRECTION ( 'NONE',  ( 0.000000000000000000, -1.000000000000000000, 0.000000000000000000 ) ) ;
#1421 = FACE_OUTER_BOUND ( 'NONE', #1505, .T. ) ;
#1422 = VECTOR ( 'NONE', #5342, 1000.000000000000000 ) ;
#1423 = CLOSED_SHELL ( 'NONE', ( #1694, #7915, #7446, #7329, #1992, #212, #6763, #540, #6778, #3788, #8117, #4074, #8799, #1454, #3602, #6871, #8125, #1291, #7284, #2318, #7676, #855, #3780, #149, #7499, #1543, #8002, #7471, #2114, #6122, #6065, #2907, #1956, #300, #3236, #6532, #2352, #4185, #7579, #2247, #3500, #8634, #2039, #7621, #3757, #3577, #9038, #999, #6812, #7950, #3821, #2783, #8402, #9091, #5249, #4430 ) ) ;
#1424 = CARTESIAN_POINT ( 'NONE',  ( 5.000000000000000000, 2.750000000000000000, -1.250760981417740059 ) ) ;
#1425 = ORIENTED_EDGE ( 'NONE', *, *, #1862, .F. ) ;
#1426 = VECTOR ( 'NONE', #3127, 1000.000000000000000 ) ;
#1427 = ADVANCED_FACE ( 'NONE', ( #1111 ), #395, .T. ) ;
#1428 = SURFACE_STYLE_FILL_AREA ( #7949 ) ;
#1429 = ORIENTED_EDGE ( 'NONE', *, *, #1838, .T. ) ;
#1430 = FILL_AREA_STYLE ('',( #3661 ) ) ;
#1431 =( LENGTH_UNIT ( ) NAMED_UNIT ( * ) SI_UNIT ( .MILLI., .METRE. ) );
#1432 = VECTOR ( 'NONE', #312, 999.9999999999998863 ) ;
#1433 = EDGE_LOOP ( 'NONE', ( #5111, #3591, #5984, #505 ) ) ;
#1434 = FILL_AREA_STYLE_COLOUR ( '', #870 ) ;
#1435 = COLOUR_RGB ( '',0.7921568627450980005, 0.8196078431372548767, 0.9333333333333333481 ) ;
#1436 = LINE ( 'NONE', #1489, #9009 ) ;
#1437 = FACE_OUTER_BOUND ( 'NONE', #5983, .T. ) ;
#1438 = VECTOR ( 'NONE', #9055, 1000.000000000000000 ) ;
#1439 = AXIS2_PLACEMENT_3D ( 'NONE', #3825, #2401, #8025 ) ;
#1440 = VECTOR ( 'NONE', #3948, 1000.000000000000000 ) ;
#1441 = VECTOR ( 'NONE', #2719, 1000.000000000000000 ) ;
#1442 = SURFACE_STYLE_USAGE ( .BOTH. , #1304 ) ;
#1443 = VERTEX_POINT ( 'NONE', #5394 ) ;
#1444 = PRESENTATION_LAYER_ASSIGNMENT (  '', '', ( #1452 ) ) ;
#1445 = DIRECTION ( 'NONE',  ( 0.000000000000000000, 0.000000000000000000, -1.000000000000000000 ) ) ;
#1446 = PLANE ( 'NONE',  #2886 ) ;
#1447 = DIRECTION ( 'NONE',  ( -0.9848077530122079093, 0.000000000000000000, -0.1736481776669314692 ) ) ;
#1448 =( NAMED_UNIT ( * ) PLANE_ANGLE_UNIT ( ) SI_UNIT ( $, .RADIAN. ) );
#1449 = AXIS2_PLACEMENT_3D ( 'NONE', #3394, #2759, #1350 ) ;
#1450 = LINE ( 'NONE', #7252, #3159 ) ;
#1451 = DIRECTION ( 'NONE',  ( 0.000000000000000000, 1.000000000000000000, 0.000000000000000000 ) ) ;
#1452 = STYLED_ITEM ( 'NONE', ( #4535 ), #7264 ) ;
#1453 = ADVANCED_FACE ( 'NONE', ( #3247 ), #4050, .T. ) ;
#1454 = ADVANCED_FACE ( 'NONE', ( #6971 ), #2393, .F. ) ;
#1455 = EDGE_CURVE ( 'NONE', #4100, #3522, #6160, .T. ) ;
#1456 = EDGE_LOOP ( 'NONE', ( #8081, #5291, #2018, #8931 ) ) ;
#1457 = ORIENTED_EDGE ( 'NONE', *, *, #3418, .F. ) ;
#1458 = AXIS2_PLACEMENT_3D ( 'NONE', #6644, #8062, #5836 ) ;
#1459 = SHAPE_DEFINITION_REPRESENTATION ( #3895, #6190 ) ;
#1460 = ORIENTED_EDGE ( 'NONE', *, *, #9001, .T. ) ;
#1461 = CARTESIAN_POINT ( 'NONE',  ( -3.600000000000000089, 3.750000000000000000, -2.564087693133389578 ) ) ;
#1462 =( GEOMETRIC_REPRESENTATION_CONTEXT ( 3 ) GLOBAL_UNCERTAINTY_ASSIGNED_CONTEXT ( ( #8779 ) ) GLOBAL_UNIT_ASSIGNED_CONTEXT ( ( #8921, #5418, #8753 ) ) REPRESENTATION_CONTEXT ( 'NONE', 'WORKASPACE' ) );
#1463 = DIRECTION ( 'NONE',  ( 0.000000000000000000, 0.000000000000000000, -1.000000000000000000 ) ) ;
#1464 = VECTOR ( 'NONE', #8666, 1000.000000000000000 ) ;
#1465 =( NAMED_UNIT ( * ) SI_UNIT ( $, .STERADIAN. ) SOLID_ANGLE_UNIT ( ) );
#1466 = EDGE_CURVE ( 'NONE', #8871, #5792, #6776, .T. ) ;
#1467 = AXIS2_PLACEMENT_3D ( 'NONE', #4616, #8289, #3339 ) ;
#1468 = PRODUCT_DEFINITION ( 'UNKNOWN', '', #5681, #6524 ) ;
#1469 = PRODUCT_DEFINITION_CONTEXT ( 'detailed design', #7693, 'design' ) ;
#1470 = EDGE_LOOP ( 'NONE', ( #3763, #2382, #2035, #3560, #1379, #7698 ) ) ;
#1471 = DIRECTION ( 'NONE',  ( 0.6427876096865398070, 0.000000000000000000, 0.7660444431189777914 ) ) ;
#1472 = VECTOR ( 'NONE', #6585, 1000.000000000000000 ) ;
#1473 =( GEOMETRIC_REPRESENTATION_CONTEXT ( 3 ) GLOBAL_UNCERTAINTY_ASSIGNED_CONTEXT ( ( #6672 ) ) GLOBAL_UNIT_ASSIGNED_CONTEXT ( ( #5401, #4682, #2538 ) ) REPRESENTATION_CONTEXT ( 'NONE', 'WORKASPACE' ) );
#1474 = ORIENTED_EDGE ( 'NONE', *, *, #5503, .T. ) ;
#1475 = ORIENTED_EDGE ( 'NONE', *, *, #5364, .T. ) ;
#1476 = DIRECTION ( 'NONE',  ( 0.000000000000000000, -1.000000000000000000, 0.000000000000000000 ) ) ;
#1477 = ORIENTED_EDGE ( 'NONE', *, *, #4212, .F. ) ;
#1478 = CARTESIAN_POINT ( 'NONE',  ( 5.950000000000000178, 0.000000000000000000, 1.050000000000000044 ) ) ;
#1479 = CIRCLE ( 'NONE', #6799, 0.6500000000000000222 ) ;
#1480 = COLOUR_RGB ( '',0.7921568627450980005, 0.8196078431372548767, 0.9333333333333333481 ) ;
#1481 = LINE ( 'NONE', #7906, #5392 ) ;
#1482 = ORIENTED_EDGE ( 'NONE', *, *, #3143, .F. ) ;
#1483 = FACE_OUTER_BOUND ( 'NONE', #8911, .T. ) ;
#1484 = PRODUCT ( 'Boss-Extrude6[8]_1', 'Boss-Extrude6[8]_1', '', ( #6738 ) ) ;
#1485 = ORIENTED_EDGE ( 'NONE', *, *, #6589, .T. ) ;
#1486 = FILL_AREA_STYLE ('',( #7459 ) ) ;
#1487 = VERTEX_POINT ( 'NONE', #7827 ) ;
#1488 = FILL_AREA_STYLE ('',( #2902 ) ) ;
#1489 = CARTESIAN_POINT ( 'NONE',  ( -3.814359353944920095, 0.2000000000000000111, -3.799999999999999822 ) ) ;
#1490 = DIRECTION ( 'NONE',  ( 0.000000000000000000, -1.000000000000000000, 0.000000000000000000 ) ) ;
#1491 = DIRECTION ( 'NONE',  ( -0.6427876096865396960, 0.000000000000000000, -0.7660444431189776804 ) ) ;
#1492 = EDGE_CURVE ( 'NONE', #3997, #1602, #6255, .T. ) ;
#1493 = MECHANICAL_DESIGN_GEOMETRIC_PRESENTATION_REPRESENTATION (  '', ( #729 ), #1176 ) ;
#1494 = DIRECTION ( 'NONE',  ( 0.000000000000000000, 0.000000000000000000, -1.000000000000000000 ) ) ;
#1495 = PLANE ( 'NONE',  #5545 ) ;
#1496 = PRODUCT_DEFINITION_CONTEXT ( 'detailed design', #8535, 'design' ) ;
#1497 = APPLICATION_CONTEXT ( 'automotive_design' ) ;
#1498 = DIRECTION ( 'NONE',  ( 0.9848077530122081313, 0.000000000000000000, 0.1736481776669305255 ) ) ;
#1499 = FILL_AREA_STYLE ('',( #5123 ) ) ;
#1500 = DIRECTION ( 'NONE',  ( 0.000000000000000000, -1.000000000000000000, 0.000000000000000000 ) ) ;
#1501 = SURFACE_STYLE_FILL_AREA ( #3589 ) ;
#1502 = DIRECTION ( 'NONE',  ( 0.000000000000000000, 0.000000000000000000, 1.000000000000000000 ) ) ;
#1503 = FACE_OUTER_BOUND ( 'NONE', #2287, .T. ) ;
#1504 = CARTESIAN_POINT ( 'NONE',  ( -5.950000000000000178, 3.750000000000000000, -2.750000000000000000 ) ) ;
#1505 = EDGE_LOOP ( 'NONE', ( #4265, #263, #5861, #7152 ) ) ;
#1506 = ORIENTED_EDGE ( 'NONE', *, *, #7458, .T. ) ;
#1507 = PRODUCT_CONTEXT ( 'NONE', #4456, 'mechanical' ) ;
#1508 = VERTEX_POINT ( 'NONE', #9179 ) ;
#1509 = SURFACE_STYLE_USAGE ( .BOTH. , #7307 ) ;
#1510 = CARTESIAN_POINT ( 'NONE',  ( -7.500000000000000000, 0.5999999999999999778, 1.250000000000000000 ) ) ;
#1511 = EDGE_CURVE ( 'NONE', #1081, #6370, #635, .T. ) ;
#1512 = LINE ( 'NONE', #82, #5898 ) ;
#1513 = ORIENTED_EDGE ( 'NONE', *, *, #3203, .T. ) ;
#1514 = CARTESIAN_POINT ( 'NONE',  ( -5.950000000000000178, 0.5999999999999999778, 1.050000000000000044 ) ) ;
#1515 = ORIENTED_EDGE ( 'NONE', *, *, #9371, .F. ) ;
#1516 = ORIENTED_EDGE ( 'NONE', *, *, #7364, .F. ) ;
#1517 = CARTESIAN_POINT ( 'NONE',  ( 7.500000000000000000, 0.000000000000000000, 1.899999999999999911 ) ) ;
#1518 = EDGE_CURVE ( 'NONE', #3190, #1760, #5010, .T. ) ;
#1519 = ORIENTED_EDGE ( 'NONE', *, *, #3781, .F. ) ;
#1520 = LINE ( 'NONE', #8789, #409 ) ;
#1521 = UNCERTAINTY_MEASURE_WITH_UNIT (LENGTH_MEASURE( 1.000000000000000082E-05 ), #6646, 'distance_accuracy_value', 'NONE');
#1522 = EDGE_CURVE ( 'NONE', #4808, #1842, #8577, .T. ) ;
#1523 = EDGE_CURVE ( 'NONE', #7616, #1692, #4862, .T. ) ;
#1524 =( NAMED_UNIT ( * ) SI_UNIT ( $, .STERADIAN. ) SOLID_ANGLE_UNIT ( ) );
#1525 = FILL_AREA_STYLE_COLOUR ( '', #2081 ) ;
#1526 = CARTESIAN_POINT ( 'NONE',  ( 0.8000000000000000444, 3.750000000000000000, 2.070372147149684761 ) ) ;
#1527 = VERTEX_POINT ( 'NONE', #7910 ) ;
#1528 = FACE_OUTER_BOUND ( 'NONE', #2974, .T. ) ;
#1529 = ORIENTED_EDGE ( 'NONE', *, *, #3152, .T. ) ;
#1530 = DIRECTION ( 'NONE',  ( 0.000000000000000000, 0.000000000000000000, -1.000000000000000000 ) ) ;
#1531 = EDGE_CURVE ( 'NONE', #1344, #6270, #3530, .T. ) ;
#1532 = EDGE_LOOP ( 'NONE', ( #5835, #8514, #6843, #2856 ) ) ;
#1533 = LINE ( 'NONE', #5162, #708 ) ;
#1534 = VECTOR ( 'NONE', #2022, 1000.000000000000000 ) ;
#1535 = LINE ( 'NONE', #3713, #1849 ) ;
#1536 =( NAMED_UNIT ( * ) SI_UNIT ( $, .STERADIAN. ) SOLID_ANGLE_UNIT ( ) );
#1537 = CARTESIAN_POINT ( 'NONE',  ( -5.200000000000000178, 0.2000000000000000111, -4.599999999999999645 ) ) ;
#1538 = DIRECTION ( 'NONE',  ( 0.000000000000000000, 0.000000000000000000, -1.000000000000000000 ) ) ;
#1539 = CARTESIAN_POINT ( 'NONE',  ( -3.600000000000000089, -2.455974827712295028, 1.294533432032439979 ) ) ;
#1540 = CARTESIAN_POINT ( 'NONE',  ( -5.200000000000000178, 2.316601048851675060, -3.000000000000000000 ) ) ;
#1541 = ADVANCED_FACE ( 'NONE', ( #1212 ), #9284, .F. ) ;
#1542 = PLANE ( 'NONE',  #4530 ) ;
#1543 = ADVANCED_FACE ( 'NONE', ( #5537 ), #4963, .F. ) ;
#1544 = PLANE ( 'NONE',  #7708 ) ;
#1545 = FACE_OUTER_BOUND ( 'NONE', #3954, .T. ) ;
#1546 = CARTESIAN_POINT ( 'NONE',  ( -7.500000000000000000, 2.900543414065470227, 3.149999999999999911 ) ) ;
#1547 = FACE_OUTER_BOUND ( 'NONE', #8186, .T. ) ;
#1548 =( REPRESENTATION_RELATIONSHIP ('NONE','NONE', #3559, #4224 ) REPRESENTATION_RELATIONSHIP_WITH_TRANSFORMATION ( #496 )SHAPE_REPRESENTATION_RELATIONSHIP( ) );
#1549 = ORIENTED_EDGE ( 'NONE', *, *, #4102, .F. ) ;
#1550 = EDGE_CURVE ( 'NONE', #859, #4555, #4140, .T. ) ;
#1551 = ORIENTED_EDGE ( 'NONE', *, *, #3461, .T. ) ;
#1552 = PRODUCT_CONTEXT ( 'NONE', #6114, 'mechanical' ) ;
#1553 = CARTESIAN_POINT ( 'NONE',  ( 5.950000000000000178, 3.750000000000000000, -0.8499999999999999778 ) ) ;
#1554 = CARTESIAN_POINT ( 'NONE',  ( 5.950000000000000178, 0.000000000000000000, 1.050000000000000044 ) ) ;
#1555 = LINE ( 'NONE', #2840, #6772 ) ;
#1556 = UNCERTAINTY_MEASURE_WITH_UNIT (LENGTH_MEASURE( 1.000000000000000082E-05 ), #9241, 'distance_accuracy_value', 'NONE');
#1557 = PLANE ( 'NONE',  #1948 ) ;
#1558 = PRODUCT_DEFINITION_SHAPE ( 'NONE', 'NONE',  #9395 ) ;
#1559 =( GEOMETRIC_REPRESENTATION_CONTEXT ( 3 ) GLOBAL_UNCERTAINTY_ASSIGNED_CONTEXT ( ( #1163 ) ) GLOBAL_UNIT_ASSIGNED_CONTEXT ( ( #2315, #4069, #506 ) ) REPRESENTATION_CONTEXT ( 'NONE', 'WORKASPACE' ) );
#1560 = CARTESIAN_POINT ( 'NONE',  ( -3.814359353944920095, 0.2000000000000000111, -3.799999999999999822 ) ) ;
#1561 = ORIENTED_EDGE ( 'NONE', *, *, #7632, .T. ) ;
#1562 = ORIENTED_EDGE ( 'NONE', *, *, #1065, .T. ) ;
#1563 = SHAPE_REPRESENTATION_RELATIONSHIP ( 'NONE' , 'NONE' ,  #6500, #8946 ) ;
#1564 = ORIENTED_EDGE ( 'NONE', *, *, #5142, .T. ) ;
#1565 = CARTESIAN_POINT ( 'NONE',  ( -5.950000000000000178, 0.000000000000000000, 0.8499999999999999778 ) ) ;
#1566 = ORIENTED_EDGE ( 'NONE', *, *, #7751, .T. ) ;
#1567 = PLANE ( 'NONE',  #3597 ) ;
#1568 = CARTESIAN_POINT ( 'NONE',  ( 7.500000000000000000, 0.5999999999999999778, 4.899999999999999467 ) ) ;
#1569 = UNCERTAINTY_MEASURE_WITH_UNIT (LENGTH_MEASURE( 1.000000000000000082E-05 ), #7049, 'distance_accuracy_value', 'NONE');
#1570 = SURFACE_STYLE_FILL_AREA ( #7466 ) ;
#1571 = ORIENTED_EDGE ( 'NONE', *, *, #8265, .F. ) ;
#1572 = LINE ( 'NONE', #101, #7664 ) ;
#1573 = ADVANCED_FACE ( 'NONE', ( #7192 ), #487, .F. ) ;
#1574 = EDGE_CURVE ( 'NONE', #6853, #4748, #4278, .T. ) ;
#1575 = VERTEX_POINT ( 'NONE', #3347 ) ;
#1576 =( LENGTH_UNIT ( ) NAMED_UNIT ( * ) SI_UNIT ( .MILLI., .METRE. ) );
#1577 = VERTEX_POINT ( 'NONE', #8438 ) ;
#1578 =( GEOMETRIC_REPRESENTATION_CONTEXT ( 3 ) GLOBAL_UNCERTAINTY_ASSIGNED_CONTEXT ( ( #302 ) ) GLOBAL_UNIT_ASSIGNED_CONTEXT ( ( #1971, #6535, #7631 ) ) REPRESENTATION_CONTEXT ( 'NONE', 'WORKASPACE' ) );
#1579 = SURFACE_SIDE_STYLE ('',( #818 ) ) ;
#1581 = EDGE_CURVE ( 'NONE', #2098, #592, #2149, .T. ) ;
#1580 = DIRECTION ( 'NONE',  ( 0.000000000000000000, 0.000000000000000000, -1.000000000000000000 ) ) ;
#1582 =( NAMED_UNIT ( * ) SI_UNIT ( $, .STERADIAN. ) SOLID_ANGLE_UNIT ( ) );
#1583 = VECTOR ( 'NONE', #1789, 1000.000000000000000 ) ;
#1584 = DIRECTION ( 'NONE',  ( 0.000000000000000000, -1.000000000000000000, 0.000000000000000000 ) ) ;
#1585 = EDGE_CURVE ( 'NONE', #6666, #7460, #5052, .T. ) ;
#1586 = CARTESIAN_POINT ( 'NONE',  ( -5.950000000000000178, 0.000000000000000000, 0.8499999999999999778 ) ) ;
#1587 = AXIS2_PLACEMENT_3D ( 'NONE', #5046, #2749, #3569 ) ;
#1588 = DIRECTION ( 'NONE',  ( 0.000000000000000000, 1.000000000000000000, 0.000000000000000000 ) ) ;
#1589 = AXIS2_PLACEMENT_3D ( 'NONE', #4256, #3642, #8509 ) ;
#1590 =( GEOMETRIC_REPRESENTATION_CONTEXT ( 3 ) GLOBAL_UNCERTAINTY_ASSIGNED_CONTEXT ( ( #7543 ) ) GLOBAL_UNIT_ASSIGNED_CONTEXT ( ( #9253, #5888, #4928 ) ) REPRESENTATION_CONTEXT ( 'NONE', 'WORKASPACE' ) );
#1591 = LINE ( 'NONE', #7398, #2217 ) ;
#1592 = DIRECTION ( 'NONE',  ( 0.000000000000000000, 0.000000000000000000, -1.000000000000000000 ) ) ;
#1593 = CARTESIAN_POINT ( 'NONE',  ( -3.799999999999999822, 3.750000000000000000, 1.121535720059525953 ) ) ;
#1594 = VECTOR ( 'NONE', #1607, 1000.000000000000114 ) ;
#1595 = DIRECTION ( 'NONE',  ( 0.6427876096865398070, 0.000000000000000000, 0.7660444431189777914 ) ) ;
#1596 = VECTOR ( 'NONE', #3941, 1000.000000000000000 ) ;
#1597 = DIRECTION ( 'NONE',  ( 0.000000000000000000, 0.000000000000000000, -1.000000000000000000 ) ) ;
#1598 = EDGE_CURVE ( 'NONE', #5521, #8923, #1632, .T. ) ;
#1599 = LINE ( 'NONE', #838, #2800 ) ;
#1600 = ORIENTED_EDGE ( 'NONE', *, *, #4946, .T. ) ;
#1601 = AXIS2_PLACEMENT_3D ( 'NONE', #1560, #853, #9200 ) ;
#1602 = VERTEX_POINT ( 'NONE', #6635 ) ;
#1603 = APPLICATION_PROTOCOL_DEFINITION ( 'draft international standard', 'automotive_design', 1998, #6062 ) ;
#1604 = VECTOR ( 'NONE', #5169, 1000.000000000000000 ) ;
#1605 = SURFACE_STYLE_USAGE ( .BOTH. , #5226 ) ;
#1606 =( GEOMETRIC_REPRESENTATION_CONTEXT ( 3 ) GLOBAL_UNCERTAINTY_ASSIGNED_CONTEXT ( ( #4758 ) ) GLOBAL_UNIT_ASSIGNED_CONTEXT ( ( #4554, #8189, #4603 ) ) REPRESENTATION_CONTEXT ( 'NONE', 'WORKASPACE' ) );
#1607 = DIRECTION ( 'NONE',  ( -0.7660444431189782355, 0.000000000000000000, 0.6427876096865390299 ) ) ;
#1608 = COLOUR_RGB ( '',1.000000000000000000, 1.000000000000000000, 1.000000000000000000 ) ;
#1609 = PLANE ( 'NONE',  #563 ) ;
#1610 = ADVANCED_FACE ( 'NONE', ( #5829 ), #3047, .F. ) ;
#1611 = MECHANICAL_DESIGN_GEOMETRIC_PRESENTATION_REPRESENTATION (  '', ( #541 ), #1002 ) ;
#1612 = VECTOR ( 'NONE', #4244, 1000.000000000000000 ) ;
#1613 = ORIENTED_EDGE ( 'NONE', *, *, #4655, .T. ) ;
#1614 = EDGE_LOOP ( 'NONE', ( #2686, #4784, #5102, #4395, #8376, #8190 ) ) ;
#1615 = AXIS2_PLACEMENT_3D ( 'NONE', #8557, #7267, #4219 ) ;
#1616 = VERTEX_POINT ( 'NONE', #3626 ) ;
#1617 = DIRECTION ( 'NONE',  ( 0.000000000000000000, 0.000000000000000000, -1.000000000000000000 ) ) ;
#1618 = ORIENTED_EDGE ( 'NONE', *, *, #3542, .F. ) ;
#1619 = DIRECTION ( 'NONE',  ( 0.7660444431189782355, 0.000000000000000000, -0.6427876096865390299 ) ) ;
#1620 = EDGE_CURVE ( 'NONE', #5581, #241, #8756, .T. ) ;
#1621 = PLANE ( 'NONE',  #4911 ) ;
#1623 = MECHANICAL_DESIGN_GEOMETRIC_PRESENTATION_REPRESENTATION (  '', ( #9045 ), #9360 ) ;
#1622 =( NAMED_UNIT ( * ) SI_UNIT ( $, .STERADIAN. ) SOLID_ANGLE_UNIT ( ) );
#1624 = ADVANCED_FACE ( 'NONE', ( #8796 ), #4470, .F. ) ;
#1625 =( LENGTH_UNIT ( ) NAMED_UNIT ( * ) SI_UNIT ( .MILLI., .METRE. ) );
#1626 = ORIENTED_EDGE ( 'NONE', *, *, #2078, .T. ) ;
#1627 = AXIS2_PLACEMENT_3D ( 'NONE', #1782, #7589, #1071 ) ;
#1628 = SHAPE_REPRESENTATION ( 'Boss-Extrude3[2]_1', ( #3266 ), #79 ) ;
#1629 = CARTESIAN_POINT ( 'NONE',  ( -5.950000000000000178, 2.900543414065470227, -4.649999999999999467 ) ) ;
#1630 = EDGE_LOOP ( 'NONE', ( #2015, #5994, #3749, #3068, #4610, #816 ) ) ;
#1631 = ORIENTED_EDGE ( 'NONE', *, *, #7053, .F. ) ;
#1632 = LINE ( 'NONE', #4380, #8166 ) ;
#1633 = LINE ( 'NONE', #6766, #6150 ) ;
#1634 = VECTOR ( 'NONE', #6884, 1000.000000000000000 ) ;
#1635 = DIRECTION ( 'NONE',  ( 0.000000000000000000, 0.000000000000000000, -1.000000000000000000 ) ) ;
#1636 = EDGE_CURVE ( 'NONE', #4284, #3607, #7387, .T. ) ;
#1637 = DIRECTION ( 'NONE',  ( 0.000000000000000000, 0.000000000000000000, 1.000000000000000000 ) ) ;
#1638 = DIRECTION ( 'NONE',  ( 0.000000000000000000, 0.000000000000000000, 1.000000000000000000 ) ) ;
#1639 = COLOUR_RGB ( '',0.7921568627450980005, 0.8196078431372548767, 0.9333333333333333481 ) ;
#1640 = SURFACE_STYLE_USAGE ( .BOTH. , #3053 ) ;
#1641 =( NAMED_UNIT ( * ) SI_UNIT ( $, .STERADIAN. ) SOLID_ANGLE_UNIT ( ) );
#1642 = AXIS2_PLACEMENT_3D ( 'NONE', #5611, #4872, #5706 ) ;
#1643 = LINE ( 'NONE', #63, #5117 ) ;
#1644 = EDGE_CURVE ( 'NONE', #9351, #6228, #1533, .T. ) ;
#1645 = DIRECTION ( 'NONE',  ( 0.000000000000000000, 0.000000000000000000, -1.000000000000000000 ) ) ;
#1646 = PRODUCT_DEFINITION_SHAPE ( 'NONE', 'NONE',  #9396 ) ;
#1647 = ADVANCED_FACE ( 'NONE', ( #8054 ), #2289, .T. ) ;
#1648 = DIRECTION ( 'NONE',  ( -0.7660444431189782355, 0.000000000000000000, 0.6427876096865390299 ) ) ;
#1649 = PRESENTATION_LAYER_ASSIGNMENT (  '', '', ( #2397 ) ) ;
#1650 = DIRECTION ( 'NONE',  ( 0.000000000000000000, 0.000000000000000000, -1.000000000000000000 ) ) ;
#1651 =( LENGTH_UNIT ( ) NAMED_UNIT ( * ) SI_UNIT ( .MILLI., .METRE. ) );
#1652 = DIRECTION ( 'NONE',  ( 0.9848077530122079093, 0.000000000000000000, 0.1736481776669309696 ) ) ;
#1653 = EDGE_LOOP ( 'NONE', ( #23, #6989, #3413, #8430 ) ) ;
#1654 = ORIENTED_EDGE ( 'NONE', *, *, #7455, .T. ) ;
#1655 = APPLICATION_PROTOCOL_DEFINITION ( 'draft international standard', 'automotive_design', 1998, #2629 ) ;
#1656 =( LENGTH_UNIT ( ) NAMED_UNIT ( * ) SI_UNIT ( .MILLI., .METRE. ) );
#1657 = DIRECTION ( 'NONE',  ( 0.000000000000000000, 0.000000000000000000, -1.000000000000000000 ) ) ;
#1658 = CARTESIAN_POINT ( 'NONE',  ( -5.950000000000000178, 0.000000000000000000, -2.949999999999999734 ) ) ;
#1659 = DIRECTION ( 'NONE',  ( 1.232817212792323889E-16, 0.000000000000000000, 1.000000000000000000 ) ) ;
#1660 = ORIENTED_EDGE ( 'NONE', *, *, #9252, .F. ) ;
#1661 = CARTESIAN_POINT ( 'NONE',  ( -2.250000000000000000, 0.000000000000000000, 0.000000000000000000 ) ) ;
#1662 = ORIENTED_EDGE ( 'NONE', *, *, #7919, .T. ) ;
#1663 = ORIENTED_EDGE ( 'NONE', *, *, #5213, .T. ) ;
#1664 = CARTESIAN_POINT ( 'NONE',  ( 6.500000000000000000, 23.78004913997499870, 4.899999999999999467 ) ) ;
#1665 = VERTEX_POINT ( 'NONE', #5785 ) ;
#1666 = PLANE ( 'NONE',  #6044 ) ;
#1667 = DIRECTION ( 'NONE',  ( 0.000000000000000000, 0.000000000000000000, -1.000000000000000000 ) ) ;
#1668 = ADVANCED_FACE ( 'NONE', ( #8 ), #7333, .F. ) ;
#1669 = ADVANCED_FACE ( 'NONE', ( #9223 ), #1904, .T. ) ;
#1670 = LINE ( 'NONE', #1054, #1596 ) ;
#1671 = ORIENTED_EDGE ( 'NONE', *, *, #3831, .F. ) ;
#1672 = LINE ( 'NONE', #5926, #2624 ) ;
#1673 = ORIENTED_EDGE ( 'NONE', *, *, #6878, .T. ) ;
#1674 = SURFACE_STYLE_USAGE ( .BOTH. , #8201 ) ;
#1675 = ORIENTED_EDGE ( 'NONE', *, *, #6474, .F. ) ;
#1676 = LINE ( 'NONE', #4566, #3433 ) ;
#1677 =( LENGTH_UNIT ( ) NAMED_UNIT ( * ) SI_UNIT ( .MILLI., .METRE. ) );
#1678 = FILL_AREA_STYLE ('',( #3855 ) ) ;
#1679 =( REPRESENTATION_RELATIONSHIP ('NONE','NONE', #3559, #7150 ) REPRESENTATION_RELATIONSHIP_WITH_TRANSFORMATION ( #309 )SHAPE_REPRESENTATION_RELATIONSHIP( ) );
#1680 = CARTESIAN_POINT ( 'NONE',  ( 0.8000000000000000444, -2.455974827712295028, -1.788248978016140134 ) ) ;
#1681 = DIRECTION ( 'NONE',  ( 0.000000000000000000, 0.000000000000000000, -1.000000000000000000 ) ) ;
#1682 =( NAMED_UNIT ( * ) SI_UNIT ( $, .STERADIAN. ) SOLID_ANGLE_UNIT ( ) );
#1683 = FACE_OUTER_BOUND ( 'NONE', #4231, .T. ) ;
#1684 = VECTOR ( 'NONE', #3964, 1000.000000000000114 ) ;
#1685 = ORIENTED_EDGE ( 'NONE', *, *, #7763, .F. ) ;
#1686 = CARTESIAN_POINT ( 'NONE',  ( -0.8000000000000000444, -2.455974827712295028, -2.070372147149684761 ) ) ;
#1687 = CARTESIAN_POINT ( 'NONE',  ( -7.500000000000000000, 0.000000000000000000, -4.649999999999999467 ) ) ;
#1688 = CYLINDRICAL_SURFACE ( 'NONE', #3312, 0.6500000000000000222 ) ;
#1689 = PRESENTATION_STYLE_ASSIGNMENT (( #928 ) ) ;
#1690 = FACE_OUTER_BOUND ( 'NONE', #5738, .T. ) ;
#1691 = DIRECTION ( 'NONE',  ( 0.000000000000000000, 1.000000000000000000, 0.000000000000000000 ) ) ;
#1692 = VERTEX_POINT ( 'NONE', #4228 ) ;
#1693 = AXIS2_PLACEMENT_3D ( 'NONE', #3665, #5831, #4473 ) ;
#1694 = ADVANCED_FACE ( 'NONE', ( #7812 ), #2605, .F. ) ;
#1695 = ADVANCED_FACE ( 'NONE', ( #2655 ), #5632, .T. ) ;
#1696 = ORIENTED_EDGE ( 'NONE', *, *, #2128, .F. ) ;
#1697 = APPLICATION_PROTOCOL_DEFINITION ( 'draft international standard', 'automotive_design', 1998, #8954 ) ;
#1698 = LINE ( 'NONE', #4592, #7630 ) ;
#1699 = PLANE ( 'NONE',  #7715 ) ;
#1700 = CARTESIAN_POINT ( 'NONE',  ( -7.500000000000000000, 0.000000000000000000, 4.899999999999999467 ) ) ;
#1701 = EDGE_CURVE ( 'NONE', #1769, #9258, #4855, .T. ) ;
#1702 = COLOUR_RGB ( '',0.7921568627450980005, 0.8196078431372548767, 0.9333333333333333481 ) ;
#1703 = ADVANCED_FACE ( 'NONE', ( #8425 ), #2792, .F. ) ;
#1704 = ORIENTED_EDGE ( 'NONE', *, *, #3022, .T. ) ;
#1705 = SURFACE_SIDE_STYLE ('',( #8229 ) ) ;
#1706 = ORIENTED_EDGE ( 'NONE', *, *, #2128, .T. ) ;
#1707 = ORIENTED_EDGE ( 'NONE', *, *, #2850, .F. ) ;
#1708 = LINE ( 'NONE', #1664, #3217 ) ;
#1709 = AXIS2_PLACEMENT_3D ( 'NONE', #4501, #6834, #310 ) ;
#1710 = VERTEX_POINT ( 'NONE', #7994 ) ;
#1711 = FACE_OUTER_BOUND ( 'NONE', #914, .T. ) ;
#1712 = CARTESIAN_POINT ( 'NONE',  ( -5.000000000000000000, 2.750000000000000000, -2.948677781956460464 ) ) ;
#1713 = PRODUCT_DEFINITION_FORMATION_WITH_SPECIFIED_SOURCE ( 'ANY', '', #4433, .NOT_KNOWN. ) ;
#1714 =( NAMED_UNIT ( * ) PLANE_ANGLE_UNIT ( ) SI_UNIT ( $, .RADIAN. ) );
#1715 = ORIENTED_EDGE ( 'NONE', *, *, #425, .T. ) ;
#1716 = DIRECTION ( 'NONE',  ( 0.000000000000000000, 0.000000000000000000, 1.000000000000000000 ) ) ;
#1717 = ORIENTED_EDGE ( 'NONE', *, *, #2417, .T. ) ;
#1718 = EDGE_CURVE ( 'NONE', #719, #7850, #1520, .T. ) ;
#1719 =( NAMED_UNIT ( * ) PLANE_ANGLE_UNIT ( ) SI_UNIT ( $, .RADIAN. ) );
#1720 = ORIENTED_EDGE ( 'NONE', *, *, #6817, .F. ) ;
#1721 = EDGE_LOOP ( 'NONE', ( #5297, #3431, #4243, #799 ) ) ;
#1722 = FACE_OUTER_BOUND ( 'NONE', #6462, .T. ) ;
#1723 = EDGE_CURVE ( 'NONE', #4160, #7461, #7321, .T. ) ;
#1724 = CARTESIAN_POINT ( 'NONE',  ( 0.000000000000000000, 0.5999999999999999778, 2.949999999999999734 ) ) ;
#1725 = CARTESIAN_POINT ( 'NONE',  ( 5.949999999999919353, 0.000000000000000000, -4.649999999999999467 ) ) ;
#1726 = LINE ( 'NONE', #1019, #2343 ) ;
#1727 = AXIS2_PLACEMENT_3D ( 'NONE', #7041, #4993, #9214 ) ;
#1728 = ORIENTED_EDGE ( 'NONE', *, *, #2132, .T. ) ;
#1729 =( NAMED_UNIT ( * ) SI_UNIT ( $, .STERADIAN. ) SOLID_ANGLE_UNIT ( ) );
#1730 = LINE ( 'NONE', #2574, #1301 ) ;
#1731 = UNCERTAINTY_MEASURE_WITH_UNIT (LENGTH_MEASURE( 1.000000000000000082E-05 ), #473, 'distance_accuracy_value', 'NONE');
#1732 = EDGE_CURVE ( 'NONE', #8533, #2277, #5000, .T. ) ;
#1733 = DIRECTION ( 'NONE',  ( -1.000000000000000000, 0.000000000000000000, 0.000000000000000000 ) ) ;
#1734 = EDGE_CURVE ( 'NONE', #3076, #5317, #6626, .T. ) ;
#1735 = MECHANICAL_DESIGN_GEOMETRIC_PRESENTATION_REPRESENTATION (  '', ( #8119 ), #8267 ) ;
#1736 = UNCERTAINTY_MEASURE_WITH_UNIT (LENGTH_MEASURE( 1.000000000000000082E-05 ), #4077, 'distance_accuracy_value', 'NONE');
#1737 = DIRECTION ( 'NONE',  ( 0.000000000000000000, -1.000000000000000000, 0.000000000000000000 ) ) ;
#1738 = CARTESIAN_POINT ( 'NONE',  ( -7.500000000000000000, 0.000000000000000000, -4.899999999999999467 ) ) ;
#1739 = AXIS2_PLACEMENT_3D ( 'NONE', #3743, #4404, #135 ) ;
#1740 = DIRECTION ( 'NONE',  ( 0.000000000000000000, 0.000000000000000000, 1.000000000000000000 ) ) ;
#1741 = ORIENTED_EDGE ( 'NONE', *, *, #1058, .F. ) ;
#1742 = EDGE_LOOP ( 'NONE', ( #760, #3971, #2243, #3338 ) ) ;
#1743 = APPLICATION_PROTOCOL_DEFINITION ( 'draft international standard', 'automotive_design', 1998, #6114 ) ;
#1744 = STYLED_ITEM ( 'NONE', ( #960 ), #6753 ) ;
#1745 = DIRECTION ( 'NONE',  ( 0.000000000000000000, -1.000000000000000000, 0.000000000000000000 ) ) ;
#1746 = DIRECTION ( 'NONE',  ( 0.000000000000000000, 0.000000000000000000, 1.000000000000000000 ) ) ;
#1747 = VECTOR ( 'NONE', #184, 1000.000000000000000 ) ;
#1748 = VECTOR ( 'NONE', #6253, 1000.000000000000000 ) ;
#1749 = EDGE_CURVE ( 'NONE', #7863, #9346, #6671, .T. ) ;
#1750 = CARTESIAN_POINT ( 'NONE',  ( 5.950000000000000178, 0.000000000000000000, -2.949999999999999734 ) ) ;
#1751 = ADVANCED_FACE ( 'NONE', ( #4413 ), #756, .T. ) ;
#1752 = AXIS2_PLACEMENT_3D ( 'NONE', #7302, #261, #3681 ) ;
#1753 = ORIENTED_EDGE ( 'NONE', *, *, #4955, .T. ) ;
#1754 = LINE ( 'NONE', #3935, #2938 ) ;
#1755 = VECTOR ( 'NONE', #8452, 1000.000000000000000 ) ;
#1756 = EDGE_CURVE ( 'NONE', #6249, #5799, #5777, .T. ) ;
#1757 = ORIENTED_EDGE ( 'NONE', *, *, #4493, .T. ) ;
#1758 = ORIENTED_EDGE ( 'NONE', *, *, #5874, .F. ) ;
#1759 = DIRECTION ( 'NONE',  ( 0.000000000000000000, 0.000000000000000000, -1.000000000000000000 ) ) ;
#1760 = VERTEX_POINT ( 'NONE', #713 ) ;
#1761 = MECHANICAL_DESIGN_GEOMETRIC_PRESENTATION_REPRESENTATION (  '', ( #5265 ), #6168 ) ;
#1762 = DIRECTION ( 'NONE',  ( -1.232817212792323889E-16, 0.000000000000000000, -1.000000000000000000 ) ) ;
#1763 = ADVANCED_FACE ( 'NONE', ( #2852 ), #1567, .T. ) ;
#1764 = CARTESIAN_POINT ( 'NONE',  ( 3.935639852470909972, 2.750000000000000000, 3.841781989187914803 ) ) ;
#1765 = PRODUCT_DEFINITION ( 'UNKNOWN', '', #8696, #2133 ) ;
#1766 = VECTOR ( 'NONE', #2431, 1000.000000000000000 ) ;
#1767 = VECTOR ( 'NONE', #4357, 1000.000000000000000 ) ;
#1768 = CARTESIAN_POINT ( 'NONE',  ( 0.000000000000000000, 2.750000000000000000, 0.000000000000000000 ) ) ;
#1769 = VERTEX_POINT ( 'NONE', #4457 ) ;
#1770 = MECHANICAL_DESIGN_GEOMETRIC_PRESENTATION_REPRESENTATION (  '', ( #4032 ), #6331 ) ;
#1771 = DIRECTION ( 'NONE',  ( 0.000000000000000000, 1.000000000000000000, 0.000000000000000000 ) ) ;
#1772 =( LENGTH_UNIT ( ) NAMED_UNIT ( * ) SI_UNIT ( .MILLI., .METRE. ) );
#1773 = STYLED_ITEM ( 'NONE', ( #7918 ), #1153 ) ;
#1774 = ORIENTED_EDGE ( 'NONE', *, *, #3791, .T. ) ;
#1775 = VECTOR ( 'NONE', #8159, 1000.000000000000114 ) ;
#1776 = STYLED_ITEM ( 'NONE', ( #9128 ), #1541 ) ;
#1777 = CARTESIAN_POINT ( 'NONE',  ( 2.976659776242249813E-16, 2.750000000000000000, -2.335481207337215093 ) ) ;
#1778 = PRESENTATION_LAYER_ASSIGNMENT (  '', '', ( #8161 ) ) ;
#1779 = LINE ( 'NONE', #4572, #2329 ) ;
#1780 = FACE_OUTER_BOUND ( 'NONE', #7430, .T. ) ;
#1781 = ORIENTED_EDGE ( 'NONE', *, *, #2153, .F. ) ;
#1782 = CARTESIAN_POINT ( 'NONE',  ( -3.871279704941819944, -2.455974827712295028, 2.465211434995460582 ) ) ;
#1783 = LINE ( 'NONE', #3956, #5262 ) ;
#1784 = CARTESIAN_POINT ( 'NONE',  ( 0.5999999999999999778, 2.750000000000000000, -1.620429051780690077 ) ) ;
#1785 = EDGE_CURVE ( 'NONE', #1975, #8617, #2237, .T. ) ;
#1786 = DIRECTION ( 'NONE',  ( 0.000000000000000000, 1.000000000000000000, 0.000000000000000000 ) ) ;
#1787 = VECTOR ( 'NONE', #806, 1000.000000000000000 ) ;
#1788 = AXIS2_PLACEMENT_3D ( 'NONE', #7487, #8251, #1650 ) ;
#1789 = DIRECTION ( 'NONE',  ( 1.000000000000000000, 0.000000000000000000, 0.000000000000000000 ) ) ;
#1790 = EDGE_CURVE ( 'NONE', #7927, #2663, #6573, .T. ) ;
#1791 = CARTESIAN_POINT ( 'NONE',  ( -5.950000000000000178, 0.000000000000000000, -2.750000000000000000 ) ) ;
#1792 = ORIENTED_EDGE ( 'NONE', *, *, #1732, .T. ) ;
#1793 = CARTESIAN_POINT ( 'NONE',  ( 0.5999999999999999778, 3.750000000000000000, 1.897374435176775176 ) ) ;
#1794 = MECHANICAL_DESIGN_GEOMETRIC_PRESENTATION_REPRESENTATION (  '', ( #4830 ), #6359 ) ;
#1795 = PLANE ( 'NONE',  #5600 ) ;
#1796 = CARTESIAN_POINT ( 'NONE',  ( 4.400000000000000355, 2.750000000000000000, 3.452137560662829951 ) ) ;
#1797 = ORIENTED_EDGE ( 'NONE', *, *, #2282, .F. ) ;
#1798 = DIRECTION ( 'NONE',  ( 0.000000000000000000, 1.000000000000000000, 0.000000000000000000 ) ) ;
#1799 = CARTESIAN_POINT ( 'NONE',  ( 0.5999999999999999778, 3.750000000000000000, -1.620429051780690077 ) ) ;
#1800 = ORIENTED_EDGE ( 'NONE', *, *, #2004, .F. ) ;
#1801 = CARTESIAN_POINT ( 'NONE',  ( -7.500000000000000000, 0.000000000000000000, 2.750000000000000000 ) ) ;
#1802 = CARTESIAN_POINT ( 'NONE',  ( 0.000000000000000000, 0.000000000000000000, 0.000000000000000000 ) ) ;
#1803 = VERTEX_POINT ( 'NONE', #2182 ) ;
#1804 = DIRECTION ( 'NONE',  ( 0.000000000000000000, -1.000000000000000000, 0.000000000000000000 ) ) ;
#1805 = EDGE_LOOP ( 'NONE', ( #5547, #7354, #1320, #8397 ) ) ;
#1806 = CARTESIAN_POINT ( 'NONE',  ( -5.950000000000000178, 3.750000000000000000, -2.750000000000000000 ) ) ;
#1807 =( LENGTH_UNIT ( ) NAMED_UNIT ( * ) SI_UNIT ( .MILLI., .METRE. ) );
#1808 = ORIENTED_EDGE ( 'NONE', *, *, #6378, .T. ) ;
#1809 = CARTESIAN_POINT ( 'NONE',  ( 7.500000000000000000, 0.5999999999999999778, 4.899999999999999467 ) ) ;
#1810 = EDGE_CURVE ( 'NONE', #4464, #3035, #1382, .T. ) ;
#1811 = ORIENTED_EDGE ( 'NONE', *, *, #8948, .F. ) ;
#1812 = EDGE_CURVE ( 'NONE', #8737, #6361, #1479, .T. ) ;
#1813 =( NAMED_UNIT ( * ) PLANE_ANGLE_UNIT ( ) SI_UNIT ( $, .RADIAN. ) );
#1814 = EDGE_CURVE ( 'NONE', #7901, #4612, #2456, .T. ) ;
#1815 = VERTEX_POINT ( 'NONE', #5426 ) ;
#1816 = DIRECTION ( 'NONE',  ( -0.7660444431189782355, 0.000000000000000000, 0.6427876096865391409 ) ) ;
#1817 = DIRECTION ( 'NONE',  ( 0.000000000000000000, 0.000000000000000000, -1.000000000000000000 ) ) ;
#1818 = ADVANCED_FACE ( 'NONE', ( #3185 ), #8138, .F. ) ;
#1819 = LINE ( 'NONE', #387, #2943 ) ;
#1820 = CARTESIAN_POINT ( 'NONE',  ( -0.5999999999999999778, 3.750000000000000000, 1.685782058326620092 ) ) ;
#1821 = LINE ( 'NONE', #6915, #2484 ) ;
#1822 = UNCERTAINTY_MEASURE_WITH_UNIT (LENGTH_MEASURE( 1.000000000000000082E-05 ), #8231, 'distance_accuracy_value', 'NONE');
#1823 = ORIENTED_EDGE ( 'NONE', *, *, #8887, .F. ) ;
#1824 = DIRECTION ( 'NONE',  ( -0.9848077530122079093, 0.000000000000000000, -0.1736481776669309696 ) ) ;
#1825 = DIRECTION ( 'NONE',  ( -1.000000000000000000, 0.000000000000000000, 1.232817212792323889E-16 ) ) ;
#1826 = DIRECTION ( 'NONE',  ( 0.000000000000000000, -1.000000000000000000, 0.000000000000000000 ) ) ;
#1827 =( NAMED_UNIT ( * ) PLANE_ANGLE_UNIT ( ) SI_UNIT ( $, .RADIAN. ) );
#1828 = FILL_AREA_STYLE_COLOUR ( '', #9209 ) ;
#1829 = FACE_OUTER_BOUND ( 'NONE', #6572, .T. ) ;
#1830 = DIRECTION ( 'NONE',  ( 0.7660444431189790127, 0.000000000000000000, -0.6427876096865380307 ) ) ;
#1831 = ORIENTED_EDGE ( 'NONE', *, *, #1620, .F. ) ;
#1832 = EDGE_CURVE ( 'NONE', #333, #8929, #3840, .T. ) ;
#1833 = ITEM_DEFINED_TRANSFORMATION ( 'NONE', 'NONE', #7946,  #3266 ) ;
#1834 = UNCERTAINTY_MEASURE_WITH_UNIT (LENGTH_MEASURE( 1.000000000000000082E-05 ), #9271, 'distance_accuracy_value', 'NONE');
#1835 =( NAMED_UNIT ( * ) PLANE_ANGLE_UNIT ( ) SI_UNIT ( $, .RADIAN. ) );
#1836 = CARTESIAN_POINT ( 'NONE',  ( -2.250000000000000000, 0.000000000000000000, -0.5000000000000000000 ) ) ;
#1837 = EDGE_CURVE ( 'NONE', #4986, #7892, #3135, .T. ) ;
#1838 = EDGE_CURVE ( 'NONE', #660, #41, #8970, .T. ) ;
#1839 = ORIENTED_EDGE ( 'NONE', *, *, #2881, .F. ) ;
#1840 = DIRECTION ( 'NONE',  ( -2.065422993075124858E-16, 0.000000000000000000, -1.000000000000000000 ) ) ;
#1841 = DIRECTION ( 'NONE',  ( -1.000000000000000000, 0.000000000000000000, 0.000000000000000000 ) ) ;
#1842 = VERTEX_POINT ( 'NONE', #8195 ) ;
#1843 = CARTESIAN_POINT ( 'NONE',  ( 0.000000000000000000, 0.000000000000000000, 0.000000000000000000 ) ) ;
#1844 = VERTEX_POINT ( 'NONE', #8329 ) ;
#1845 = CARTESIAN_POINT ( 'NONE',  ( -7.500000000000000000, 0.5999999999999999778, -4.899999999999999467 ) ) ;
#1846 = ORIENTED_EDGE ( 'NONE', *, *, #5659, .T. ) ;
#1847 = DIRECTION ( 'NONE',  ( 0.000000000000000000, 0.000000000000000000, 1.000000000000000000 ) ) ;
#1848 = DIRECTION ( 'NONE',  ( 0.000000000000000000, -1.000000000000000000, 0.000000000000000000 ) ) ;
#1849 = VECTOR ( 'NONE', #8154, 1000.000000000000114 ) ;
#1850 = PRODUCT ( 'Boss-Extrude6[2]_1', 'Boss-Extrude6[2]_1', '', ( #1363 ) ) ;
#1851 = DIRECTION ( 'NONE',  ( 0.6427876096865396960, 0.000000000000000000, 0.7660444431189776804 ) ) ;
#1852 = CARTESIAN_POINT ( 'NONE',  ( -7.500000000000000000, 2.900543414065470227, 1.050000000000000044 ) ) ;
#1853 = VECTOR ( 'NONE', #2926, 1000.000000000000000 ) ;
#1854 =( REPRESENTATION_RELATIONSHIP ('NONE','NONE', #3559, #336 ) REPRESENTATION_RELATIONSHIP_WITH_TRANSFORMATION ( #2622 )SHAPE_REPRESENTATION_RELATIONSHIP( ) );
#1855 = LINE ( 'NONE', #4749, #1098 ) ;
#1856 = ORIENTED_EDGE ( 'NONE', *, *, #3182, .F. ) ;
#1857 = SURFACE_STYLE_USAGE ( .BOTH. , #8379 ) ;
#1858 = DIRECTION ( 'NONE',  ( -0.7660444431189782355, 0.000000000000000000, 0.6427876096865391409 ) ) ;
#1859 = VECTOR ( 'NONE', #456, 1000.000000000000114 ) ;
#1860 = EDGE_CURVE ( 'NONE', #8505, #660, #9014, .T. ) ;
#1861 = DIRECTION ( 'NONE',  ( -0.7660444431189777914, 0.000000000000000000, 0.6427876096865398070 ) ) ;
#1862 = EDGE_CURVE ( 'NONE', #5576, #5521, #2373, .T. ) ;
#1863 = CARTESIAN_POINT ( 'NONE',  ( -3.600000000000000089, 2.750000000000000000, 1.294533432032439979 ) ) ;
#1865 = DIRECTION ( 'NONE',  ( 0.000000000000000000, 0.000000000000000000, 1.000000000000000000 ) ) ;
#1864 = PRODUCT_DEFINITION_FORMATION_WITH_SPECIFIED_SOURCE ( 'ANY', '', #8467, .NOT_KNOWN. ) ;
#1866 = CARTESIAN_POINT ( 'NONE',  ( 5.950000000000000178, 2.900543414065470227, 1.050000000000000044 ) ) ;
#1867 = VERTEX_POINT ( 'NONE', #6136 ) ;
#1868 = PLANE ( 'NONE',  #8140 ) ;
#1869 = EDGE_CURVE ( 'NONE', #6442, #3368, #7568, .T. ) ;
#1870 = FILL_AREA_STYLE ('',( #3311 ) ) ;
#1871 = PLANE ( 'NONE',  #7517 ) ;
#1872 = CARTESIAN_POINT ( 'NONE',  ( -7.500000000000000000, 2.900543414065470227, 3.149999999999999911 ) ) ;
#1873 = CARTESIAN_POINT ( 'NONE',  ( 7.500000000000000000, 2.900543414065470227, 3.149999999999999911 ) ) ;
#1874 = CARTESIAN_POINT ( 'NONE',  ( -5.950000000000000178, 2.900543414065470227, 0.8499999999999999778 ) ) ;
#1875 = ORIENTED_EDGE ( 'NONE', *, *, #1120, .F. ) ;
#1876 = SURFACE_SIDE_STYLE ('',( #353 ) ) ;
#1877 = CARTESIAN_POINT ( 'NONE',  ( -4.335639852470909439, 3.750000000000000000, 1.911808560920089883 ) ) ;
#1878 = PLANE ( 'NONE',  #144 ) ;
#1879 = CLOSED_SHELL ( 'NONE', ( #1669, #7873, #7888, #182, #1751, #324, #733, #5116 ) ) ;
#1880 = LINE ( 'NONE', #8596, #2095 ) ;
#1881 =( GEOMETRIC_REPRESENTATION_CONTEXT ( 3 ) GLOBAL_UNCERTAINTY_ASSIGNED_CONTEXT ( ( #6116 ) ) GLOBAL_UNIT_ASSIGNED_CONTEXT ( ( #275, #4600, #7314 ) ) REPRESENTATION_CONTEXT ( 'NONE', 'WORKASPACE' ) );
#1882 = VERTEX_POINT ( 'NONE', #1052 ) ;
#1883 = AXIS2_PLACEMENT_3D ( 'NONE', #3803, #6058, #3142 ) ;
#1884 = LINE ( 'NONE', #3364, #4925 ) ;
#1885 = FILL_AREA_STYLE_COLOUR ( '', #4950 ) ;
#1886 = ORIENTED_EDGE ( 'NONE', *, *, #9358, .F. ) ;
#1887 = DIRECTION ( 'NONE',  ( 1.000000000000000000, 0.000000000000000000, 0.000000000000000000 ) ) ;
#1888 = VERTEX_POINT ( 'NONE', #3939 ) ;
#1889 = STYLED_ITEM ( 'NONE', ( #4807 ), #4834 ) ;
#1890 = CARTESIAN_POINT ( 'NONE',  ( -5.000000000000000000, 2.750000000000000000, 1.120054968325876033 ) ) ;
#1891 = VECTOR ( 'NONE', #3671, 1000.000000000000227 ) ;
#1892 = VERTEX_POINT ( 'NONE', #3081 ) ;
#1893 = FACE_OUTER_BOUND ( 'NONE', #6197, .T. ) ;
#1894 = SURFACE_STYLE_FILL_AREA ( #6333 ) ;
#1895 = VECTOR ( 'NONE', #2362, 1000.000000000000000 ) ;
#1896 = VECTOR ( 'NONE', #6390, 1000.000000000000000 ) ;
#1897 = AXIS2_PLACEMENT_3D ( 'NONE', #9080, #6248, #1817 ) ;
#1898 = CARTESIAN_POINT ( 'NONE',  ( -3.814359353944920095, 0.2000000000000000111, -3.799999999999999822 ) ) ;
#1899 = CARTESIAN_POINT ( 'NONE',  ( 3.664360147529090117, -2.455974827712295028, 2.575436123625144624 ) ) ;
#1900 = VERTEX_POINT ( 'NONE', #3281 ) ;
#1901 = EDGE_CURVE ( 'NONE', #4214, #7164, #7464, .T. ) ;
#1902 = CARTESIAN_POINT ( 'NONE',  ( -4.400000000000000355, 2.750000000000000000, 3.600000000000000089 ) ) ;
#1903 = VERTEX_POINT ( 'NONE', #6751 ) ;
#1904 = PLANE ( 'NONE',  #5591 ) ;
#1905 = VECTOR ( 'NONE', #3631, 999.9999999999998863 ) ;
#1906 = AXIS2_PLACEMENT_3D ( 'NONE', #4217, #4846, #7750 ) ;
#1907 = STYLED_ITEM ( 'NONE', ( #5308 ), #7209 ) ;
#1908 = SURFACE_STYLE_USAGE ( .BOTH. , #9276 ) ;
#1909 = EDGE_LOOP ( 'NONE', ( #1416, #4522, #1626, #5251 ) ) ;
#1910 = LINE ( 'NONE', #1207, #6743 ) ;
#1911 = ORIENTED_EDGE ( 'NONE', *, *, #4479, .F. ) ;
#1912 = DIRECTION ( 'NONE',  ( 0.000000000000000000, -1.000000000000000000, 0.000000000000000000 ) ) ;
#1913 = CARTESIAN_POINT ( 'NONE',  ( 0.000000000000000000, 0.5999999999999999778, 0.8499999999999999778 ) ) ;
#1914 = VERTEX_POINT ( 'NONE', #3798 ) ;
#1915 = PRESENTATION_LAYER_ASSIGNMENT (  '', '', ( #9188 ) ) ;
#1916 =( NAMED_UNIT ( * ) SI_UNIT ( $, .STERADIAN. ) SOLID_ANGLE_UNIT ( ) );
#1917 = VECTOR ( 'NONE', #4594, 1000.000000000000000 ) ;
#1918 = CARTESIAN_POINT ( 'NONE',  ( -7.500000000000000000, 0.000000000000000000, -2.949999999999999734 ) ) ;
#1919 = ADVANCED_FACE ( 'NONE', ( #181 ), #2505, .F. ) ;
#1920 = DIRECTION ( 'NONE',  ( -0.6427876096865391409, 0.000000000000000000, -0.7660444431189782355 ) ) ;
#1921 = VECTOR ( 'NONE', #429, 1000.000000000000000 ) ;
#1922 = CARTESIAN_POINT ( 'NONE',  ( -5.950000000000000178, 0.000000000000000000, -2.949999999999999734 ) ) ;
#1923 = CIRCLE ( 'NONE', #6344, 0.5999999999999998668 ) ;
#1924 = PRESENTATION_LAYER_ASSIGNMENT (  '', '', ( #7102 ) ) ;
#1925 = LINE ( 'NONE', #9135, #230 ) ;
#1926 = EDGE_CURVE ( 'NONE', #7137, #2216, #5292, .T. ) ;
#1927 = ORIENTED_EDGE ( 'NONE', *, *, #5132, .F. ) ;
#1928 = CONTEXT_DEPENDENT_SHAPE_REPRESENTATION ( #1679, #4201 ) ;
#1929 = FILL_AREA_STYLE ('',( #5652 ) ) ;
#1930 = ADVANCED_FACE ( 'NONE', ( #1097 ), #1666, .F. ) ;
#1931 = CARTESIAN_POINT ( 'NONE',  ( 7.500000000000000000, 2.900543414065470227, -4.450000000000000178 ) ) ;
#1932 = DIRECTION ( 'NONE',  ( 0.6427876096865396960, 0.000000000000000000, 0.7660444431189776804 ) ) ;
#1933 = PRODUCT_DEFINITION_SHAPE ( 'NONE', 'NONE',  #7115 ) ;
#1934 = DIRECTION ( 'NONE',  ( 0.000000000000000000, -1.000000000000000000, 0.000000000000000000 ) ) ;
#1935 = AXIS2_PLACEMENT_3D ( 'NONE', #4607, #2320, #6894 ) ;
#1936 = AXIS2_PLACEMENT_3D ( 'NONE', #3540, #9142, #7887 ) ;
#1937 = CARTESIAN_POINT ( 'NONE',  ( -7.500000000000000000, 2.900543414065470227, 4.450000000000000178 ) ) ;
#1938 = ORIENTED_EDGE ( 'NONE', *, *, #4000, .F. ) ;
#1939 = DIRECTION ( 'NONE',  ( 0.000000000000000000, 0.000000000000000000, -1.000000000000000000 ) ) ;
#1940 = VECTOR ( 'NONE', #5644, 1000.000000000000000 ) ;
#1941 = VERTEX_POINT ( 'NONE', #8234 ) ;
#1942 = CARTESIAN_POINT ( 'NONE',  ( 0.000000000000000000, 0.000000000000000000, 0.000000000000000000 ) ) ;
#1943 = VECTOR ( 'NONE', #1733, 1000.000000000000000 ) ;
#1944 = ORIENTED_EDGE ( 'NONE', *, *, #1376, .F. ) ;
#1945 = CARTESIAN_POINT ( 'NONE',  ( -5.950000000000000178, 2.900543414065470227, 2.750000000000000000 ) ) ;
#1946 = ORIENTED_EDGE ( 'NONE', *, *, #674, .F. ) ;
#1947 = DIRECTION ( 'NONE',  ( 0.000000000000000000, -1.000000000000000000, 0.000000000000000000 ) ) ;
#1948 = AXIS2_PLACEMENT_3D ( 'NONE', #703, #4448, #7365 ) ;
#1949 = LINE ( 'NONE', #514, #4289 ) ;
#1950 = LINE ( 'NONE', #6139, #4632 ) ;
#1951 = LINE ( 'NONE', #4746, #2047 ) ;
#1952 = DIRECTION ( 'NONE',  ( 0.000000000000000000, -1.000000000000000000, 0.000000000000000000 ) ) ;
#1953 = ORIENTED_EDGE ( 'NONE', *, *, #7016, .T. ) ;
#1954 =( NAMED_UNIT ( * ) PLANE_ANGLE_UNIT ( ) SI_UNIT ( $, .RADIAN. ) );
#1955 = CARTESIAN_POINT ( 'NONE',  ( 5.950000000000000178, 0.5999999999999999778, 0.000000000000000000 ) ) ;
#1956 = ADVANCED_FACE ( 'NONE', ( #1711 ), #3979, .F. ) ;
#1957 = ORIENTED_EDGE ( 'NONE', *, *, #9198, .T. ) ;
#1958 = CARTESIAN_POINT ( 'NONE',  ( -0.5999999999999999778, 2.750000000000000000, 1.685782058326620092 ) ) ;
#1959 = DIRECTION ( 'NONE',  ( 0.000000000000000000, -1.000000000000000000, 0.000000000000000000 ) ) ;
#1960 = ADVANCED_FACE ( 'NONE', ( #7511 ), #371, .F. ) ;
#1961 =( NAMED_UNIT ( * ) PLANE_ANGLE_UNIT ( ) SI_UNIT ( $, .RADIAN. ) );
#1962 = EDGE_LOOP ( 'NONE', ( #2773, #5962, #8678, #1562 ) ) ;
#1963 = CARTESIAN_POINT ( 'NONE',  ( 7.500000000000000000, 0.5999999999999999778, 1.050000000000000044 ) ) ;
#1964 = ORIENTED_EDGE ( 'NONE', *, *, #9269, .T. ) ;
#1965 = DIRECTION ( 'NONE',  ( 0.000000000000000000, 1.000000000000000000, 0.000000000000000000 ) ) ;
#1966 = CARTESIAN_POINT ( 'NONE',  ( -3.871279704941819944, 2.750000000000000000, 2.465211434995460582 ) ) ;
#1967 = VERTEX_POINT ( 'NONE', #6277 ) ;
#1968 = CARTESIAN_POINT ( 'NONE',  ( 7.500000000000000000, 0.000000000000000000, -1.250000000000000000 ) ) ;
#1969 = CARTESIAN_POINT ( 'NONE',  ( 0.5999999999999999778, 2.750000000000000000, -1.620429051780690077 ) ) ;
#1970 = SURFACE_STYLE_FILL_AREA ( #3263 ) ;
#1971 =( LENGTH_UNIT ( ) NAMED_UNIT ( * ) SI_UNIT ( .MILLI., .METRE. ) );
#1972 = DIRECTION ( 'NONE',  ( 0.000000000000000000, -1.000000000000000000, 0.000000000000000000 ) ) ;
#1973 =( NAMED_UNIT ( * ) PLANE_ANGLE_UNIT ( ) SI_UNIT ( $, .RADIAN. ) );
#1974 = PRESENTATION_STYLE_ASSIGNMENT (( #1442 ) ) ;
#1975 = VERTEX_POINT ( 'NONE', #1324 ) ;
#1976 = DIRECTION ( 'NONE',  ( 0.000000000000000000, -1.000000000000000000, 0.000000000000000000 ) ) ;
#1977 = CARTESIAN_POINT ( 'NONE',  ( 0.8000000000000000444, 2.750000000000000000, -3.006760912279035303 ) ) ;
#1978 = DIRECTION ( 'NONE',  ( 0.000000000000000000, 1.000000000000000000, 0.000000000000000000 ) ) ;
#1979 = LINE ( 'NONE', #1184, #6354 ) ;
#1980 = ADVANCED_FACE ( 'NONE', ( #7651 ), #6375, .F. ) ;
#1981 = EDGE_CURVE ( 'NONE', #1337, #3397, #9153, .T. ) ;
#1982 = VERTEX_POINT ( 'NONE', #5565 ) ;
#1983 = PRESENTATION_STYLE_ASSIGNMENT (( #2028 ) ) ;
#1984 = LINE ( 'NONE', #7645, #9354 ) ;
#1985 = VERTEX_POINT ( 'NONE', #5620 ) ;
#1986 = CARTESIAN_POINT ( 'NONE',  ( 0.000000000000000000, 0.000000000000000000, 0.000000000000000000 ) ) ;
#1987 = ORIENTED_EDGE ( 'NONE', *, *, #6796, .F. ) ;
#1988 = DIRECTION ( 'NONE',  ( 0.000000000000000000, 0.000000000000000000, -1.000000000000000000 ) ) ;
#1989 = ORIENTED_EDGE ( 'NONE', *, *, #6243, .F. ) ;
#1990 = DIRECTION ( 'NONE',  ( 0.000000000000000000, 0.000000000000000000, -1.000000000000000000 ) ) ;
#1991 = PLANE ( 'NONE',  #6909 ) ;
#1992 = ADVANCED_FACE ( 'NONE', ( #8508 ), #4117, .T. ) ;
#1993 = DIRECTION ( 'NONE',  ( 0.000000000000000000, -1.000000000000000000, 0.000000000000000000 ) ) ;
#1994 = DIRECTION ( 'NONE',  ( 0.6427876096865385858, 0.000000000000000000, 0.7660444431189786796 ) ) ;
#1995 = LINE ( 'NONE', #3287, #8421 ) ;
#1996 = ORIENTED_EDGE ( 'NONE', *, *, #6083, .T. ) ;
#1997 = EDGE_LOOP ( 'NONE', ( #3484, #5022 ) ) ;
#1998 = EDGE_LOOP ( 'NONE', ( #1823, #1021, #7972, #4331 ) ) ;
#1999 = CARTESIAN_POINT ( 'NONE',  ( -3.871279704941819944, 2.750000000000000000, 2.465211434995460582 ) ) ;
#2000 = LINE ( 'NONE', #4081, #6194 ) ;
#2001 = VECTOR ( 'NONE', #3977, 1000.000000000000000 ) ;
#2002 = LINE ( 'NONE', #4900, #6757 ) ;
#2003 = ORIENTED_EDGE ( 'NONE', *, *, #1284, .F. ) ;
#2004 = EDGE_CURVE ( 'NONE', #3210, #3336, #4844, .T. ) ;
#2005 = DIRECTION ( 'NONE',  ( 1.000000000000000000, 0.000000000000000000, 0.000000000000000000 ) ) ;
#2006 = PRODUCT_DEFINITION_SHAPE ( 'NONE', 'NONE',  #9402 ) ;
#2007 = EDGE_LOOP ( 'NONE', ( #5828, #3036, #2635, #2552 ) ) ;
#2008 = SURFACE_STYLE_USAGE ( .BOTH. , #2802 ) ;
#2009 = UNCERTAINTY_MEASURE_WITH_UNIT (LENGTH_MEASURE( 1.000000000000000082E-05 ), #1213, 'distance_accuracy_value', 'NONE');
#2010 = CARTESIAN_POINT ( 'NONE',  ( -7.500000000000000000, 0.000000000000000000, -2.550000000000000266 ) ) ;
#2011 = ORIENTED_EDGE ( 'NONE', *, *, #4863, .F. ) ;
#2012 = DIRECTION ( 'NONE',  ( -1.000000000000000000, 0.000000000000000000, 0.000000000000000000 ) ) ;
#2013 = EDGE_CURVE ( 'NONE', #840, #7901, #7702, .T. ) ;
#2014 = UNCERTAINTY_MEASURE_WITH_UNIT (LENGTH_MEASURE( 1.000000000000000082E-05 ), #6080, 'distance_accuracy_value', 'NONE');
#2015 = ORIENTED_EDGE ( 'NONE', *, *, #7653, .F. ) ;
#2016 = CARTESIAN_POINT ( 'NONE',  ( -7.500000000000000000, 0.000000000000000000, 2.750000000000000000 ) ) ;
#2017 = VECTOR ( 'NONE', #9289, 1000.000000000000000 ) ;
#2018 = ORIENTED_EDGE ( 'NONE', *, *, #8447, .F. ) ;
#2019 = CONTEXT_DEPENDENT_SHAPE_REPRESENTATION ( #8193, #4887 ) ;
#2020 = FACE_OUTER_BOUND ( 'NONE', #5879, .T. ) ;
#2021 = EDGE_CURVE ( 'NONE', #6222, #7434, #5667, .T. ) ;
#2022 = DIRECTION ( 'NONE',  ( 0.000000000000000000, 1.000000000000000000, 0.000000000000000000 ) ) ;
#2023 = CARTESIAN_POINT ( 'NONE',  ( -5.950000000000000178, 0.5999999999999999778, 0.8499999999999999778 ) ) ;
#2024 = EDGE_CURVE ( 'NONE', #2946, #9106, #6233, .T. ) ;
#2025 = FACE_OUTER_BOUND ( 'NONE', #3985, .T. ) ;
#2026 = CARTESIAN_POINT ( 'NONE',  ( -3.600000000000000089, 3.750000000000000000, 1.294533432032439979 ) ) ;
#2027 = ORIENTED_EDGE ( 'NONE', *, *, #6294, .F. ) ;
#2028 = SURFACE_STYLE_USAGE ( .BOTH. , #6368 ) ;
#2029 = EDGE_LOOP ( 'NONE', ( #6568, #1007 ) ) ;
#2030 = CARTESIAN_POINT ( 'NONE',  ( 0.000000000000000000, 0.000000000000000000, 0.000000000000000000 ) ) ;
#2031 = COLOUR_RGB ( '',0.7921568627450980005, 0.8196078431372548767, 0.9333333333333333481 ) ;
#2032 = ORIENTED_EDGE ( 'NONE', *, *, #6540, .F. ) ;
#2033 = FILL_AREA_STYLE ('',( #7894 ) ) ;
#2034 = AXIS2_PLACEMENT_3D ( 'NONE', #8175, #4543, #782 ) ;
#2035 = ORIENTED_EDGE ( 'NONE', *, *, #2848, .T. ) ;
#2036 = LINE ( 'NONE', #1272, #4669 ) ;
#2037 = DIRECTION ( 'NONE',  ( 0.000000000000000000, 0.000000000000000000, -1.000000000000000000 ) ) ;
#2038 = PRODUCT_RELATED_PRODUCT_CATEGORY ( 'part', '', ( #4360 ) ) ;
#2039 = ADVANCED_FACE ( 'NONE', ( #4215 ), #614, .F. ) ;
#2040 = CARTESIAN_POINT ( 'NONE',  ( 2.250000000000000000, 1.797056274847714796, 0.5000000000000000000 ) ) ;
#2041 = STYLED_ITEM ( 'NONE', ( #7096 ), #8771 ) ;
#2042 =( REPRESENTATION_RELATIONSHIP ('NONE','NONE', #3559, #7830 ) REPRESENTATION_RELATIONSHIP_WITH_TRANSFORMATION ( #7596 )SHAPE_REPRESENTATION_RELATIONSHIP( ) );
#2043 = AXIS2_PLACEMENT_3D ( 'NONE', #8621, #813, #1343 ) ;
#2044 =( NAMED_UNIT ( * ) PLANE_ANGLE_UNIT ( ) SI_UNIT ( $, .RADIAN. ) );
#2045 = DIRECTION ( 'NONE',  ( 1.000000000000000000, 0.000000000000000000, 0.000000000000000000 ) ) ;
#2046 = FACE_OUTER_BOUND ( 'NONE', #2179, .T. ) ;
#2047 = VECTOR ( 'NONE', #7093, 1000.000000000000114 ) ;
#2048 = VECTOR ( 'NONE', #445, 1000.000000000000114 ) ;
#2049 = DIRECTION ( 'NONE',  ( -0.1736481776669309973, 0.000000000000000000, 0.9848077530122080203 ) ) ;
#2050 = ORIENTED_EDGE ( 'NONE', *, *, #5891, .F. ) ;
#2051 = AXIS2_PLACEMENT_3D ( 'NONE', #8017, #4484, #7341 ) ;
#2052 = EDGE_CURVE ( 'NONE', #8929, #3024, #511, .T. ) ;
#2053 = ORIENTED_EDGE ( 'NONE', *, *, #1086, .F. ) ;
#2054 = DIRECTION ( 'NONE',  ( 0.000000000000000000, 0.000000000000000000, 1.000000000000000000 ) ) ;
#2055 = VERTEX_POINT ( 'NONE', #1138 ) ;
#2056 = VECTOR ( 'NONE', #7289, 1000.000000000000000 ) ;
#2057 = CARTESIAN_POINT ( 'NONE',  ( 7.500000000000000000, 0.000000000000000000, 4.899999999999999467 ) ) ;
#2058 = DIRECTION ( 'NONE',  ( -0.1736481776669305255, 0.000000000000000000, 0.9848077530122081313 ) ) ;
#2059 = ORIENTED_EDGE ( 'NONE', *, *, #761, .F. ) ;
#2060 = CIRCLE ( 'NONE', #1752, 0.6500000000000000222 ) ;
#2061 = DIRECTION ( 'NONE',  ( 0.000000000000000000, -1.000000000000000000, 0.000000000000000000 ) ) ;
#2062 = ORIENTED_EDGE ( 'NONE', *, *, #850, .F. ) ;
#2063 = CARTESIAN_POINT ( 'NONE',  ( 5.950000000000000178, 0.5999999999999999778, 2.750000000000000000 ) ) ;
#2064 = ORIENTED_EDGE ( 'NONE', *, *, #627, .F. ) ;
#2065 = DIRECTION ( 'NONE',  ( 0.000000000000000000, -1.000000000000000000, 0.000000000000000000 ) ) ;
#2066 = PRESENTATION_STYLE_ASSIGNMENT (( #3446 ) ) ;
#2067 = COLOUR_RGB ( '',0.7529411764705882248, 0.000000000000000000, 0.000000000000000000 ) ;
#2068 = PRESENTATION_LAYER_ASSIGNMENT (  '', '', ( #9030 ) ) ;
#2069 = DIRECTION ( 'NONE',  ( -0.1736481776669305255, 0.000000000000000000, 0.9848077530122081313 ) ) ;
#2070 = ORIENTED_EDGE ( 'NONE', *, *, #5427, .F. ) ;
#2071 =( NAMED_UNIT ( * ) PLANE_ANGLE_UNIT ( ) SI_UNIT ( $, .RADIAN. ) );
#2072 = PLANE ( 'NONE',  #3355 ) ;
#2073 = LINE ( 'NONE', #3538, #688 ) ;
#2074 = VECTOR ( 'NONE', #3752, 1000.000000000000000 ) ;
#2075 = EDGE_CURVE ( 'NONE', #3874, #5944, #2690, .T. ) ;
#2076 = PLANE ( 'NONE',  #6154 ) ;
#2077 = DIRECTION ( 'NONE',  ( 1.000000000000000000, 0.000000000000000000, 0.000000000000000000 ) ) ;
#2078 = EDGE_CURVE ( 'NONE', #3623, #6225, #2036, .T. ) ;
#2079 = LINE ( 'NONE', #1221, #6048 ) ;
#2080 = AXIS2_PLACEMENT_3D ( 'NONE', #7286, #5930, #2330 ) ;
#2081 = COLOUR_RGB ( '',0.7921568627450980005, 0.8196078431372548767, 0.9333333333333333481 ) ;
#2082 = ORIENTED_EDGE ( 'NONE', *, *, #8852, .T. ) ;
#2083 = ORIENTED_EDGE ( 'NONE', *, *, #2793, .F. ) ;
#2084 = APPLICATION_PROTOCOL_DEFINITION ( 'draft international standard', 'automotive_design', 1998, #5323 ) ;
#2085 = ORIENTED_EDGE ( 'NONE', *, *, #2607, .F. ) ;
#2086 = CARTESIAN_POINT ( 'NONE',  ( 7.500000000000000000, 0.000000000000000000, 1.050000000000000044 ) ) ;
#2087 = VECTOR ( 'NONE', #1762, 1000.000000000000000 ) ;
#2088 = COLOUR_RGB ( '',1.000000000000000000, 0.8117647058823529438, 0.5019607843137254832 ) ;
#2089 = EDGE_LOOP ( 'NONE', ( #1707, #6215, #533, #3543, #2275, #5329 ) ) ;
#2090 = DIRECTION ( 'NONE',  ( 0.000000000000000000, 1.000000000000000000, 0.000000000000000000 ) ) ;
#2091 = PLANE ( 'NONE',  #1589 ) ;
#2092 = FACE_OUTER_BOUND ( 'NONE', #1189, .T. ) ;
#2093 = LINE ( 'NONE', #7375, #8704 ) ;
#2094 = PRESENTATION_STYLE_ASSIGNMENT (( #6426 ) ) ;
#2095 = VECTOR ( 'NONE', #7785, 999.9999999999998863 ) ;
#2096 = DIRECTION ( 'NONE',  ( 0.000000000000000000, 0.000000000000000000, -1.000000000000000000 ) ) ;
#2097 = ORIENTED_EDGE ( 'NONE', *, *, #2558, .T. ) ;
#2098 = VERTEX_POINT ( 'NONE', #7127 ) ;
#2099 = CARTESIAN_POINT ( 'NONE',  ( -5.000000000000000000, -2.455974827712295028, -2.948677781956460464 ) ) ;
#2100 = ORIENTED_EDGE ( 'NONE', *, *, #3669, .F. ) ;
#2101 = DIRECTION ( 'NONE',  ( 0.1736481776669309973, 0.000000000000000000, -0.9848077530122080203 ) ) ;
#2102 = LINE ( 'NONE', #9272, #1143 ) ;
#2103 = DIRECTION ( 'NONE',  ( 0.7660444431189782355, 0.000000000000000000, -0.6427876096865391409 ) ) ;
#2104 = VECTOR ( 'NONE', #6904, 1000.000000000000000 ) ;
#2105 = FACE_OUTER_BOUND ( 'NONE', #2589, .T. ) ;
#2106 = ORIENTED_EDGE ( 'NONE', *, *, #9269, .F. ) ;
#2107 = CYLINDRICAL_SURFACE ( 'NONE', #5703, 0.5000000000000000000 ) ;
#2108 = EDGE_CURVE ( 'NONE', #3529, #6970, #9107, .T. ) ;
#2109 = EDGE_CURVE ( 'NONE', #6225, #3188, #2594, .T. ) ;
#2110 = ORIENTED_EDGE ( 'NONE', *, *, #4358, .F. ) ;
#2111 = ORIENTED_EDGE ( 'NONE', *, *, #6669, .T. ) ;
#2112 = DIRECTION ( 'NONE',  ( 0.000000000000000000, 1.000000000000000000, 0.000000000000000000 ) ) ;
#2113 = DIRECTION ( 'NONE',  ( 0.000000000000000000, -1.000000000000000000, 0.000000000000000000 ) ) ;
#2114 = ADVANCED_FACE ( 'NONE', ( #1893 ), #7853, .F. ) ;
#2115 = LINE ( 'NONE', #5789, #7552 ) ;
#2116 = CARTESIAN_POINT ( 'NONE',  ( -4.503459778706369931, -2.455974827712295028, 1.711808560920089928 ) ) ;
#2117 = ORIENTED_EDGE ( 'NONE', *, *, #7959, .T. ) ;
#2118 = DIRECTION ( 'NONE',  ( 0.000000000000000000, 1.000000000000000000, 0.000000000000000000 ) ) ;
#2119 = DIRECTION ( 'NONE',  ( 1.000000000000000000, 0.000000000000000000, 0.000000000000000000 ) ) ;
#2120 = LINE ( 'NONE', #2023, #2499 ) ;
#2121 = PLANE ( 'NONE',  #37 ) ;
#2122 = DIRECTION ( 'NONE',  ( 0.6427876096865396960, 0.000000000000000000, 0.7660444431189776804 ) ) ;
#2123 = ADVANCED_FACE ( 'NONE', ( #8370 ), #4026, .F. ) ;
#2124 = ORIENTED_EDGE ( 'NONE', *, *, #3957, .F. ) ;
#2125 = ORIENTED_EDGE ( 'NONE', *, *, #9367, .F. ) ;
#2126 = SHAPE_DEFINITION_REPRESENTATION ( #6949, #6500 ) ;
#2127 = ORIENTED_EDGE ( 'NONE', *, *, #1550, .F. ) ;
#2128 = EDGE_CURVE ( 'NONE', #7238, #1888, #8605, .T. ) ;
#2129 = LINE ( 'NONE', #8646, #3824 ) ;
#2130 = CARTESIAN_POINT ( 'NONE',  ( -7.500000000000000000, 0.5999999999999999778, -4.336808689942014778E-16 ) ) ;
#2131 = CARTESIAN_POINT ( 'NONE',  ( -2.250000000000000000, 0.000000000000000000, -0.5000000000000000000 ) ) ;
#2132 = EDGE_CURVE ( 'NONE', #7434, #969, #1411, .T. ) ;
#2133 = PRODUCT_DEFINITION_CONTEXT ( 'detailed design', #7029, 'design' ) ;
#2134 = FACE_BOUND ( 'NONE', #8833, .T. ) ;
#2135 = VERTEX_POINT ( 'NONE', #4300 ) ;
#2136 = CARTESIAN_POINT ( 'NONE',  ( -2.250000000000000000, 1.797056274847714796, -1.000000000000000000 ) ) ;
#2137 = AXIS2_PLACEMENT_3D ( 'NONE', #7294, #3584, #9338 ) ;
#2138 = ORIENTED_EDGE ( 'NONE', *, *, #1550, .T. ) ;
#2139 = CARTESIAN_POINT ( 'NONE',  ( 4.432180073764544481, 3.750000000000000000, -1.927462418455420101 ) ) ;
#2140 = VERTEX_POINT ( 'NONE', #2269 ) ;
#2141 = CARTESIAN_POINT ( 'NONE',  ( 3.799999999999999822, 2.750000000000000000, -1.056182713513598159 ) ) ;
#2142 = PRESENTATION_STYLE_ASSIGNMENT (( #808 ) ) ;
#2143 = ORIENTED_EDGE ( 'NONE', *, *, #9170, .F. ) ;
#2144 = FILL_AREA_STYLE_COLOUR ( '', #5382 ) ;
#2145 = COLOUR_RGB ( '',0.7921568627450980005, 0.8196078431372548767, 0.9333333333333333481 ) ;
#2146 = ORIENTED_EDGE ( 'NONE', *, *, #7783, .T. ) ;
#2147 =( LENGTH_UNIT ( ) NAMED_UNIT ( * ) SI_UNIT ( .MILLI., .METRE. ) );
#2148 = ORIENTED_EDGE ( 'NONE', *, *, #5193, .T. ) ;
#2149 = LINE ( 'NONE', #4531, #1472 ) ;
#2150 = CARTESIAN_POINT ( 'NONE',  ( 3.664360147529090117, 2.750000000000000000, 2.575436123625144624 ) ) ;
#2151 = FILL_AREA_STYLE_COLOUR ( '', #3710 ) ;
#2152 = AXIS2_PLACEMENT_3D ( 'NONE', #8550, #4701, #1095 ) ;
#2153 = EDGE_CURVE ( 'NONE', #8655, #1248, #8648, .T. ) ;
#2154 = EDGE_CURVE ( 'NONE', #3322, #8602, #1188, .T. ) ;
#2155 = ADVANCED_BREP_SHAPE_REPRESENTATION ( '', ( #7377, #3266 ), #4281 ) ;
#2156 = DIRECTION ( 'NONE',  ( 0.000000000000000000, 1.000000000000000000, 0.000000000000000000 ) ) ;
#2157 = PLANE ( 'NONE',  #3268 ) ;
#2158 = VERTEX_POINT ( 'NONE', #5027 ) ;
#2159 = CARTESIAN_POINT ( 'NONE',  ( 0.000000000000000000, 2.750000000000000000, 0.000000000000000000 ) ) ;
#2160 = ADVANCED_FACE ( 'NONE', ( #4400 ), #2879, .F. ) ;
#2161 = LINE ( 'NONE', #5977, #1604 ) ;
#2162 = PRODUCT_DEFINITION_SHAPE ( 'NONE', 'NONE',  #9403 ) ;
#2163 =( LENGTH_UNIT ( ) NAMED_UNIT ( * ) SI_UNIT ( .MILLI., .METRE. ) );
#2164 = DIRECTION ( 'NONE',  ( 1.000000000000000000, 0.000000000000000000, 0.000000000000000000 ) ) ;
#2165 = PLANE ( 'NONE',  #4166 ) ;
#2166 = EDGE_LOOP ( 'NONE', ( #8221, #7835, #140, #4233 ) ) ;
#2167 = ORIENTED_EDGE ( 'NONE', *, *, #7299, .T. ) ;
#2168 = AXIS2_PLACEMENT_3D ( 'NONE', #6516, #2218, #8679 ) ;
#2169 = DIRECTION ( 'NONE',  ( 0.000000000000000000, 0.000000000000000000, 1.000000000000000000 ) ) ;
#2170 = VERTEX_POINT ( 'NONE', #2172 ) ;
#2171 = PLANE ( 'NONE',  #4585 ) ;
#2172 = CARTESIAN_POINT ( 'NONE',  ( -6.500000000000000000, 0.5999999999999999778, 4.899999999999999467 ) ) ;
#2173 = CARTESIAN_POINT ( 'NONE',  ( 0.000000000000000000, 2.750000000000000000, 0.000000000000000000 ) ) ;
#2174 = ORIENTED_EDGE ( 'NONE', *, *, #5179, .T. ) ;
#2175 =( GEOMETRIC_REPRESENTATION_CONTEXT ( 3 ) GLOBAL_UNCERTAINTY_ASSIGNED_CONTEXT ( ( #2398 ) ) GLOBAL_UNIT_ASSIGNED_CONTEXT ( ( #2941, #5871, #1524 ) ) REPRESENTATION_CONTEXT ( 'NONE', 'WORKASPACE' ) );
#2176 = SURFACE_STYLE_USAGE ( .BOTH. , #7988 ) ;
#2177 = VERTEX_POINT ( 'NONE', #7168 ) ;
#2178 =( NAMED_UNIT ( * ) PLANE_ANGLE_UNIT ( ) SI_UNIT ( $, .RADIAN. ) );
#2179 = EDGE_LOOP ( 'NONE', ( #7036, #7917, #5995, #5368 ) ) ;
#2180 = LINE ( 'NONE', #5092, #171 ) ;
#2181 = ORIENTED_EDGE ( 'NONE', *, *, #2810, .T. ) ;
#2182 = CARTESIAN_POINT ( 'NONE',  ( 6.500000000000000000, 3.750000000000000000, -4.899999999999999467 ) ) ;
#2183 =( NAMED_UNIT ( * ) PLANE_ANGLE_UNIT ( ) SI_UNIT ( $, .RADIAN. ) );
#2184 = CARTESIAN_POINT ( 'NONE',  ( -0.8000000000000000444, 2.750000000000000000, -2.070372147149684761 ) ) ;
#2185 = CLOSED_SHELL ( 'NONE', ( #9337, #9248, #8278, #5975, #474, #2993, #8298, #4257 ) ) ;
#2186 = CARTESIAN_POINT ( 'NONE',  ( -7.500000000000000000, 0.000000000000000000, -4.450000000000000178 ) ) ;
#2187 = EDGE_LOOP ( 'NONE', ( #7261, #495, #8040, #6386 ) ) ;
#2188 = MECHANICAL_DESIGN_GEOMETRIC_PRESENTATION_REPRESENTATION (  '', ( #3856 ), #1881 ) ;
#2189 = ORIENTED_EDGE ( 'NONE', *, *, #4488, .T. ) ;
#2190 =( LENGTH_UNIT ( ) NAMED_UNIT ( * ) SI_UNIT ( .MILLI., .METRE. ) );
#2191 = VECTOR ( 'NONE', #4549, 1000.000000000000000 ) ;
#2192 = ORIENTED_EDGE ( 'NONE', *, *, #4, .F. ) ;
#2193 = AXIS2_PLACEMENT_3D ( 'NONE', #1768, #5924, #8090 ) ;
#2194 = CARTESIAN_POINT ( 'NONE',  ( -4.367819926235454453, 2.750000000000000000, -3.479139848689915215 ) ) ;
#2195 = CARTESIAN_POINT ( 'NONE',  ( -5.200000000000000178, 0.2000000000000000111, -4.599999999999999645 ) ) ;
#2196 = CARTESIAN_POINT ( 'NONE',  ( -7.500000000000000000, 0.5999999999999999778, -2.750000000000000000 ) ) ;
#2197 = CIRCLE ( 'NONE', #4629, 0.6500000000000000222 ) ;
#2198 = COLOUR_RGB ( '',0.7921568627450980005, 0.8196078431372548767, 0.9333333333333333481 ) ;
#2199 = PRESENTATION_LAYER_ASSIGNMENT (  '', '', ( #4169 ) ) ;
#2200 = CARTESIAN_POINT ( 'NONE',  ( 5.000000000000000000, 3.750000000000000000, 2.948677781956460464 ) ) ;
#2201 = FACE_OUTER_BOUND ( 'NONE', #1614, .T. ) ;
#2202 = EDGE_CURVE ( 'NONE', #2731, #3322, #2778, .T. ) ;
#2203 =( GEOMETRIC_REPRESENTATION_CONTEXT ( 3 ) GLOBAL_UNCERTAINTY_ASSIGNED_CONTEXT ( ( #30 ) ) GLOBAL_UNIT_ASSIGNED_CONTEXT ( ( #390, #7722, #3242 ) ) REPRESENTATION_CONTEXT ( 'NONE', 'WORKASPACE' ) );
#2204 = DIRECTION ( 'NONE',  ( 0.000000000000000000, 0.000000000000000000, -1.000000000000000000 ) ) ;
#2205 = PLANE ( 'NONE',  #7453 ) ;
#2206 = CARTESIAN_POINT ( 'NONE',  ( -0.2000000000000000111, 3.750000000000000000, 2.503301133572669812 ) ) ;
#2207 = LINE ( 'NONE', #6455, #3110 ) ;
#2208 = VECTOR ( 'NONE', #6497, 1000.000000000000000 ) ;
#2209 = FACE_OUTER_BOUND ( 'NONE', #6347, .T. ) ;
#2210 = LINE ( 'NONE', #8639, #3599 ) ;
#2211 = DIRECTION ( 'NONE',  ( -1.000000000000000000, 0.000000000000000000, 0.000000000000000000 ) ) ;
#2212 = DIRECTION ( 'NONE',  ( -1.000000000000000000, 0.000000000000000000, 0.000000000000000000 ) ) ;
#2213 = ORIENTED_EDGE ( 'NONE', *, *, #8802, .T. ) ;
#2214 = EDGE_CURVE ( 'NONE', #2177, #5689, #8031, .T. ) ;
#2215 = EDGE_CURVE ( 'NONE', #6716, #7137, #6560, .T. ) ;
#2216 = VERTEX_POINT ( 'NONE', #936 ) ;
#2217 = VECTOR ( 'NONE', #883, 1000.000000000000000 ) ;
#2218 = DIRECTION ( 'NONE',  ( 0.000000000000000000, 0.000000000000000000, 1.000000000000000000 ) ) ;
#2219 = ORIENTED_EDGE ( 'NONE', *, *, #4263, .T. ) ;
#2220 = DIRECTION ( 'NONE',  ( 0.000000000000000000, -1.000000000000000000, 0.000000000000000000 ) ) ;
#2221 = AXIS2_PLACEMENT_3D ( 'NONE', #8897, #1637, #5306 ) ;
#2222 = SURFACE_STYLE_FILL_AREA ( #5715 ) ;
#2223 = LINE ( 'NONE', #1658, #1142 ) ;
#2224 = DIRECTION ( 'NONE',  ( 0.000000000000000000, 0.000000000000000000, -1.000000000000000000 ) ) ;
#2225 = UNCERTAINTY_MEASURE_WITH_UNIT (LENGTH_MEASURE( 1.000000000000000082E-05 ), #2190, 'distance_accuracy_value', 'NONE');
#2226 = DIRECTION ( 'NONE',  ( 0.000000000000000000, 1.000000000000000000, 0.000000000000000000 ) ) ;
#2227 = VECTOR ( 'NONE', #6206, 1000.000000000000000 ) ;
#2228 = EDGE_CURVE ( 'NONE', #6222, #840, #7451, .T. ) ;
#2229 = VERTEX_POINT ( 'NONE', #3829 ) ;
#2230 = LINE ( 'NONE', #8610, #359 ) ;
#2231 = VECTOR ( 'NONE', #2112, 1000.000000000000000 ) ;
#2232 = STYLED_ITEM ( 'NONE', ( #1689 ), #4138 ) ;
#2233 = ORIENTED_EDGE ( 'NONE', *, *, #5753, .T. ) ;
#2234 = ORIENTED_EDGE ( 'NONE', *, *, #7045, .F. ) ;
#2235 = CARTESIAN_POINT ( 'NONE',  ( -5.950000000000000178, 0.000000000000000000, 2.949999999999999734 ) ) ;
#2236 = EDGE_LOOP ( 'NONE', ( #8098, #6388, #7285, #3613 ) ) ;
#2237 = LINE ( 'NONE', #141, #9372 ) ;
#2238 = CARTESIAN_POINT ( 'NONE',  ( 4.400000000000000355, -2.455974827712295028, 3.452137560662829951 ) ) ;
#2239 = CARTESIAN_POINT ( 'NONE',  ( 0.000000000000000000, 2.750000000000000000, 0.000000000000000000 ) ) ;
#2240 = VECTOR ( 'NONE', #8413, 1000.000000000000000 ) ;
#2241 = VECTOR ( 'NONE', #645, 1000.000000000000000 ) ;
#2242 = DIRECTION ( 'NONE',  ( 0.000000000000000000, 1.000000000000000000, 0.000000000000000000 ) ) ;
#2243 = ORIENTED_EDGE ( 'NONE', *, *, #1718, .F. ) ;
#2244 = DIRECTION ( 'NONE',  ( 0.000000000000000000, -1.000000000000000000, 0.000000000000000000 ) ) ;
#2245 = PRODUCT ( 'Boss-Extrude6[5]_1', 'Boss-Extrude6[5]_1', '', ( #8224 ) ) ;
#2246 = ORIENTED_EDGE ( 'NONE', *, *, #7392, .F. ) ;
#2247 = ADVANCED_FACE ( 'NONE', ( #1037 ), #1699, .F. ) ;
#2248 = PLANE ( 'NONE',  #1165 ) ;
#2249 = EDGE_LOOP ( 'NONE', ( #630, #2748, #3826, #2651 ) ) ;
#2250 = VECTOR ( 'NONE', #8306, 1000.000000000000000 ) ;
#2251 = CARTESIAN_POINT ( 'NONE',  ( 5.000000000000000000, 2.750000000000000000, -1.250760981417740059 ) ) ;
#2252 = ADVANCED_FACE ( 'NONE', ( #3174 ), #8226, .F. ) ;
#2253 = DIRECTION ( 'NONE',  ( 0.000000000000000000, -1.000000000000000000, 0.000000000000000000 ) ) ;
#2254 = EDGE_CURVE ( 'NONE', #2430, #4697, #5361, .T. ) ;
#2255 = LINE ( 'NONE', #8059, #7529 ) ;
#2256 = FACE_OUTER_BOUND ( 'NONE', #2895, .T. ) ;
#2257 = LINE ( 'NONE', #7342, #6640 ) ;
#2258 = FACE_OUTER_BOUND ( 'NONE', #8568, .T. ) ;
#2259 = CARTESIAN_POINT ( 'NONE',  ( -0.8000000000000000444, 3.750000000000000000, 3.006760912279035303 ) ) ;
#2260 = DIRECTION ( 'NONE',  ( 0.000000000000000000, 1.000000000000000000, 0.000000000000000000 ) ) ;
#2261 = DIRECTION ( 'NONE',  ( -1.000000000000000000, 0.000000000000000000, 0.000000000000000000 ) ) ;
#2262 = PLANE ( 'NONE',  #9025 ) ;
#2263 = FACE_OUTER_BOUND ( 'NONE', #6285, .T. ) ;
#2264 = FACE_OUTER_BOUND ( 'NONE', #364, .T. ) ;
#2265 = ORIENTED_EDGE ( 'NONE', *, *, #938, .F. ) ;
#2266 = ORIENTED_EDGE ( 'NONE', *, *, #7017, .F. ) ;
#2267 = PRODUCT_CONTEXT ( 'NONE', #4147, 'mechanical' ) ;
#2268 = DIRECTION ( 'NONE',  ( -0.7660444431189782355, 0.000000000000000000, 0.6427876096865391409 ) ) ;
#2269 = CARTESIAN_POINT ( 'NONE',  ( 0.8000000000000000444, 3.750000000000000000, 3.288884081412580151 ) ) ;
#2270 = CARTESIAN_POINT ( 'NONE',  ( -6.500000000000000000, 23.78004913997499870, 4.899999999999999467 ) ) ;
#2271 = SURFACE_STYLE_USAGE ( .BOTH. , #4302 ) ;
#2272 = EDGE_CURVE ( 'NONE', #2991, #1903, #2361, .T. ) ;
#2273 = SURFACE_SIDE_STYLE ('',( #2929 ) ) ;
#2274 = EDGE_CURVE ( 'NONE', #2512, #5712, #6835, .T. ) ;
#2275 = ORIENTED_EDGE ( 'NONE', *, *, #1531, .F. ) ;
#2276 = PRESENTATION_STYLE_ASSIGNMENT (( #6085 ) ) ;
#2277 = VERTEX_POINT ( 'NONE', #5282 ) ;
#2278 = ORIENTED_EDGE ( 'NONE', *, *, #5540, .F. ) ;
#2279 = LINE ( 'NONE', #4410, #3813 ) ;
#2280 = ORIENTED_EDGE ( 'NONE', *, *, #7595, .F. ) ;
#2281 = DIRECTION ( 'NONE',  ( -0.7660444431189785686, 0.000000000000000000, 0.6427876096865385858 ) ) ;
#2282 = EDGE_CURVE ( 'NONE', #4983, #8432, #6660, .T. ) ;
#2283 = UNCERTAINTY_MEASURE_WITH_UNIT (LENGTH_MEASURE( 1.000000000000000082E-05 ), #8835, 'distance_accuracy_value', 'NONE');
#2284 = DIRECTION ( 'NONE',  ( 0.000000000000000000, 1.000000000000000000, 0.000000000000000000 ) ) ;
#2285 = ORIENTED_EDGE ( 'NONE', *, *, #2579, .F. ) ;
#2286 = PLANE ( 'NONE',  #8862 ) ;
#2287 = EDGE_LOOP ( 'NONE', ( #5921, #5958, #7234, #1101 ) ) ;
#2288 = ORIENTED_EDGE ( 'NONE', *, *, #9217, .T. ) ;
#2289 = PLANE ( 'NONE',  #4347 ) ;
#2290 = FILL_AREA_STYLE ('',( #5203 ) ) ;
#2291 = FACE_OUTER_BOUND ( 'NONE', #8612, .T. ) ;
#2292 = LINE ( 'NONE', #1586, #1313 ) ;
#2293 = SURFACE_STYLE_USAGE ( .BOTH. , #3721 ) ;
#2294 = CARTESIAN_POINT ( 'NONE',  ( 7.500000000000000000, 0.5999999999999999778, 3.149999999999999911 ) ) ;
#2295 = CARTESIAN_POINT ( 'NONE',  ( 2.976659776242249813E-16, 2.750000000000000000, -2.335481207337215093 ) ) ;
#2296 = DIRECTION ( 'NONE',  ( 0.6427876096865390299, 0.000000000000000000, 0.7660444431189782355 ) ) ;
#2297 = CARTESIAN_POINT ( 'NONE',  ( 5.950000000000000178, 0.000000000000000000, 2.750000000000000000 ) ) ;
#2298 = SURFACE_STYLE_FILL_AREA ( #3061 ) ;
#2299 = DIRECTION ( 'NONE',  ( 0.7660444431189777914, 0.000000000000000000, -0.6427876096865398070 ) ) ;
#2300 = FACE_OUTER_BOUND ( 'NONE', #6184, .T. ) ;
#2301 = CARTESIAN_POINT ( 'NONE',  ( 3.664360147529090117, 2.750000000000000000, 2.575436123625144624 ) ) ;
#2302 = VERTEX_POINT ( 'NONE', #8260 ) ;
#2303 = EDGE_CURVE ( 'NONE', #1985, #613, #269, .T. ) ;
#2304 = ORIENTED_EDGE ( 'NONE', *, *, #4183, .T. ) ;
#2305 = APPLICATION_PROTOCOL_DEFINITION ( 'draft international standard', 'automotive_design', 1998, #92 ) ;
#2306 = FILL_AREA_STYLE_COLOUR ( '', #9292 ) ;
#2307 = DIRECTION ( 'NONE',  ( 0.7660444431189786796, 0.000000000000000000, -0.6427876096865385858 ) ) ;
#2308 = CARTESIAN_POINT ( 'NONE',  ( -7.499999999999920064, 3.750000000000000000, -2.949999999999999734 ) ) ;
#2309 = CARTESIAN_POINT ( 'NONE',  ( -7.500000000000000000, 0.5999999999999999778, 4.899999999999999467 ) ) ;
#2310 = PRODUCT_DEFINITION_SHAPE ( 'NONE', 'NONE',  #9399 ) ;
#2311 = PRODUCT_DEFINITION_FORMATION_WITH_SPECIFIED_SOURCE ( 'ANY', '', #3675, .NOT_KNOWN. ) ;
#2312 = VERTEX_POINT ( 'NONE', #3071 ) ;
#2313 = FACE_OUTER_BOUND ( 'NONE', #3292, .T. ) ;
#2314 = EDGE_LOOP ( 'NONE', ( #289, #7303, #7417, #4590 ) ) ;
#2315 =( LENGTH_UNIT ( ) NAMED_UNIT ( * ) SI_UNIT ( .MILLI., .METRE. ) );
#2316 = ORIENTED_EDGE ( 'NONE', *, *, #2021, .T. ) ;
#2317 = PLANE ( 'NONE',  #3373 ) ;
#2318 = ADVANCED_FACE ( 'NONE', ( #3879 ), #4548, .F. ) ;
#2319 = ORIENTED_EDGE ( 'NONE', *, *, #7739, .F. ) ;
#2320 = DIRECTION ( 'NONE',  ( 0.000000000000000000, 0.000000000000000000, -1.000000000000000000 ) ) ;
#2321 = SURFACE_SIDE_STYLE ('',( #7277 ) ) ;
#2322 = CARTESIAN_POINT ( 'NONE',  ( 0.000000000000000000, 0.5999999999999999778, 0.000000000000000000 ) ) ;
#2323 = CARTESIAN_POINT ( 'NONE',  ( -5.000000000000000000, 3.750000000000000000, 1.120054968325876033 ) ) ;
#2324 = ORIENTED_EDGE ( 'NONE', *, *, #7745, .T. ) ;
#2325 = EDGE_CURVE ( 'NONE', #6340, #1280, #7554, .T. ) ;
#2326 = DIRECTION ( 'NONE',  ( 0.000000000000000000, 1.000000000000000000, 0.000000000000000000 ) ) ;
#2327 = ORIENTED_EDGE ( 'NONE', *, *, #5670, .T. ) ;
#2328 = EDGE_LOOP ( 'NONE', ( #7110, #7615, #5497, #8009 ) ) ;
#2329 = VECTOR ( 'NONE', #8843, 1000.000000000000000 ) ;
#2330 = DIRECTION ( 'NONE',  ( 0.000000000000000000, -1.000000000000000000, 0.000000000000000000 ) ) ;
#2331 = SURFACE_STYLE_FILL_AREA ( #2290 ) ;
#2332 = CARTESIAN_POINT ( 'NONE',  ( 5.950000000000000178, 3.750000000000000000, 4.649999999999999467 ) ) ;
#2333 = VECTOR ( 'NONE', #3064, 1000.000000000000000 ) ;
#2334 = VECTOR ( 'NONE', #85, 1000.000000000000000 ) ;
#2335 = APPLICATION_CONTEXT ( 'automotive_design' ) ;
#2336 = DIRECTION ( 'NONE',  ( 0.000000000000000000, 0.000000000000000000, -1.000000000000000000 ) ) ;
#2337 = AXIS2_PLACEMENT_3D ( 'NONE', #2379, #5197, #4523 ) ;
#2338 = SURFACE_STYLE_FILL_AREA ( #4673 ) ;
#2339 = VECTOR ( 'NONE', #7730, 1000.000000000000000 ) ;
#2340 = FILL_AREA_STYLE_COLOUR ( '', #4335 ) ;
#2341 = AXIS2_PLACEMENT_3D ( 'NONE', #2131, #28, #8649 ) ;
#2342 = EDGE_CURVE ( 'NONE', #8151, #6809, #5947, .T. ) ;
#2343 = VECTOR ( 'NONE', #3912, 1000.000000000000114 ) ;
#2344 = LINE ( 'NONE', #6550, #6780 ) ;
#2345 = CARTESIAN_POINT ( 'NONE',  ( 5.950000000000000178, 0.5999999999999999778, 0.000000000000000000 ) ) ;
#2346 = DIRECTION ( 'NONE',  ( 0.000000000000000000, 0.000000000000000000, 1.000000000000000000 ) ) ;
#2347 = VECTOR ( 'NONE', #4336, 1000.000000000000000 ) ;
#2348 = CARTESIAN_POINT ( 'NONE',  ( 7.500000000000000000, 0.000000000000000000, 2.949999999999999734 ) ) ;
#2349 = DIRECTION ( 'NONE',  ( 0.000000000000000000, -1.000000000000000000, 0.000000000000000000 ) ) ;
#2350 = DIRECTION ( 'NONE',  ( 0.000000000000000000, -1.000000000000000000, 0.000000000000000000 ) ) ;
#2351 = SURFACE_STYLE_USAGE ( .BOTH. , #980 ) ;
#2352 = ADVANCED_FACE ( 'NONE', ( #8917 ), #985, .F. ) ;
#2353 = ORIENTED_EDGE ( 'NONE', *, *, #775, .F. ) ;
#2354 = VECTOR ( 'NONE', #3356, 1000.000000000000114 ) ;
#2355 = ORIENTED_EDGE ( 'NONE', *, *, #2782, .T. ) ;
#2356 = EDGE_CURVE ( 'NONE', #9346, #8495, #8996, .T. ) ;
#2357 = APPLICATION_PROTOCOL_DEFINITION ( 'draft international standard', 'automotive_design', 1998, #7693 ) ;
#2358 = VECTOR ( 'NONE', #9085, 1000.000000000000114 ) ;
#2359 = DIRECTION ( 'NONE',  ( -0.9848077530122079093, 0.000000000000000000, -0.1736481776669309696 ) ) ;
#2360 = COLOUR_RGB ( '',1.000000000000000000, 0.8117647058823529438, 0.5019607843137254832 ) ;
#2361 = LINE ( 'NONE', #7495, #879 ) ;
#2362 = DIRECTION ( 'NONE',  ( 0.000000000000000000, 1.000000000000000000, 0.000000000000000000 ) ) ;
#2363 = ADVANCED_FACE ( 'NONE', ( #8315 ), #1795, .F. ) ;
#2364 = AXIS2_PLACEMENT_3D ( 'NONE', #5487, #4812, #294 ) ;
#2365 = DIRECTION ( 'NONE',  ( 0.9848077530122079093, 0.000000000000000000, 0.1736481776669309696 ) ) ;
#2366 = EDGE_LOOP ( 'NONE', ( #6761, #2278, #1797, #3817, #4176, #4341 ) ) ;
#2367 = LINE ( 'NONE', #5288, #7508 ) ;
#2368 = VERTEX_POINT ( 'NONE', #1254 ) ;
#2369 = ORIENTED_EDGE ( 'NONE', *, *, #9051, .F. ) ;
#2370 = AXIS2_PLACEMENT_3D ( 'NONE', #6470, #791, #3600 ) ;
#2371 =( NAMED_UNIT ( * ) SI_UNIT ( $, .STERADIAN. ) SOLID_ANGLE_UNIT ( ) );
#2372 = ORIENTED_EDGE ( 'NONE', *, *, #8527, .T. ) ;
#2373 = LINE ( 'NONE', #4654, #4814 ) ;
#2375 = AXIS2_PLACEMENT_3D ( 'NONE', #6148, #6246, #7527 ) ;
#2374 =( NAMED_UNIT ( * ) SI_UNIT ( $, .STERADIAN. ) SOLID_ANGLE_UNIT ( ) );
#2376 = DIRECTION ( 'NONE',  ( 0.000000000000000000, 0.000000000000000000, 1.000000000000000000 ) ) ;
#2377 = ORIENTED_EDGE ( 'NONE', *, *, #3289, .F. ) ;
#2378 =( GEOMETRIC_REPRESENTATION_CONTEXT ( 3 ) GLOBAL_UNCERTAINTY_ASSIGNED_CONTEXT ( ( #9046 ) ) GLOBAL_UNIT_ASSIGNED_CONTEXT ( ( #9234, #7769, #1916 ) ) REPRESENTATION_CONTEXT ( 'NONE', 'WORKASPACE' ) );
#2379 = CARTESIAN_POINT ( 'NONE',  ( 7.500000000000000000, 0.5999999999999999778, 4.899999999999999467 ) ) ;
#2380 = EDGE_LOOP ( 'NONE', ( #1032, #6419, #5822, #6393 ) ) ;
#2381 = SURFACE_STYLE_FILL_AREA ( #3089 ) ;
#2382 = ORIENTED_EDGE ( 'NONE', *, *, #3933, .T. ) ;
#2383 = DIRECTION ( 'NONE',  ( 1.000000000000000000, 0.000000000000000000, 0.000000000000000000 ) ) ;
#2384 =( GEOMETRIC_REPRESENTATION_CONTEXT ( 3 ) GLOBAL_UNCERTAINTY_ASSIGNED_CONTEXT ( ( #6305 ) ) GLOBAL_UNIT_ASSIGNED_CONTEXT ( ( #7181, #4266, #3698 ) ) REPRESENTATION_CONTEXT ( 'NONE', 'WORKASPACE' ) );
#2385 = SURFACE_STYLE_USAGE ( .BOTH. , #6103 ) ;
#2386 = FACE_OUTER_BOUND ( 'NONE', #7098, .T. ) ;
#2387 = ADVANCED_FACE ( 'NONE', ( #9329 ), #7913, .T. ) ;
#2388 = DIRECTION ( 'NONE',  ( 0.000000000000000000, 0.000000000000000000, 1.000000000000000000 ) ) ;
#2389 = EDGE_CURVE ( 'NONE', #4066, #1892, #7828, .T. ) ;
#2390 =( LENGTH_UNIT ( ) NAMED_UNIT ( * ) SI_UNIT ( .MILLI., .METRE. ) );
#2391 = VECTOR ( 'NONE', #1737, 1000.000000000000000 ) ;
#2392 = ORIENTED_EDGE ( 'NONE', *, *, #1790, .T. ) ;
#2393 = PLANE ( 'NONE',  #2521 ) ;
#2394 = DIRECTION ( 'NONE',  ( 0.000000000000000000, 0.000000000000000000, -1.000000000000000000 ) ) ;
#2395 = EDGE_CURVE ( 'NONE', #6624, #1186, #5012, .T. ) ;
#2396 = CARTESIAN_POINT ( 'NONE',  ( -5.950000000000000178, 0.000000000000000000, 2.750000000000000000 ) ) ;
#2397 = STYLED_ITEM ( 'NONE', ( #5348 ), #3927 ) ;
#2398 = UNCERTAINTY_MEASURE_WITH_UNIT (LENGTH_MEASURE( 1.000000000000000082E-05 ), #2941, 'distance_accuracy_value', 'NONE');
#2399 = DIRECTION ( 'NONE',  ( 1.000000000000000000, 0.000000000000000000, 0.000000000000000000 ) ) ;
#2400 = PLANE ( 'NONE',  #3402 ) ;
#2401 = DIRECTION ( 'NONE',  ( 0.000000000000000000, 0.000000000000000000, -1.000000000000000000 ) ) ;
#2402 = ORIENTED_EDGE ( 'NONE', *, *, #3386, .F. ) ;
#2403 = ORIENTED_EDGE ( 'NONE', *, *, #7893, .F. ) ;
#2404 = SHAPE_DEFINITION_REPRESENTATION ( #3004, #8194 ) ;
#2405 = FACE_OUTER_BOUND ( 'NONE', #5048, .T. ) ;
#2406 = CARTESIAN_POINT ( 'NONE',  ( -5.950000000000000178, 3.750000000000000000, 2.949999999999999734 ) ) ;
#2407 = DIRECTION ( 'NONE',  ( 0.000000000000000000, -1.000000000000000000, 0.000000000000000000 ) ) ;
#2408 = EDGE_CURVE ( 'NONE', #1985, #8737, #9286, .T. ) ;
#2409 = ORIENTED_EDGE ( 'NONE', *, *, #8359, .T. ) ;
#2410 = CARTESIAN_POINT ( 'NONE',  ( -3.600000000000000089, 2.750000000000000000, 1.294533432032439979 ) ) ;
#2411 = ORIENTED_EDGE ( 'NONE', *, *, #8686, .T. ) ;
#2412 =( NAMED_UNIT ( * ) PLANE_ANGLE_UNIT ( ) SI_UNIT ( $, .RADIAN. ) );
#2413 = ORIENTED_EDGE ( 'NONE', *, *, #8659, .F. ) ;
#2414 = DIRECTION ( 'NONE',  ( -0.7660444431189786796, 0.000000000000000000, 0.6427876096865385858 ) ) ;
#2415 = ORIENTED_EDGE ( 'NONE', *, *, #3890, .T. ) ;
#2416 = DIRECTION ( 'NONE',  ( 0.000000000000000000, 0.000000000000000000, -1.000000000000000000 ) ) ;
#2417 = EDGE_CURVE ( 'NONE', #333, #5919, #539, .T. ) ;
#2418 = CARTESIAN_POINT ( 'NONE',  ( -5.950000000000000178, 0.000000000000000000, 1.050000000000000044 ) ) ;
#2419 = ORIENTED_EDGE ( 'NONE', *, *, #7423, .F. ) ;
#2420 = CARTESIAN_POINT ( 'NONE',  ( -3.799999999999999822, 3.750000000000000000, 1.121535720059525953 ) ) ;
#2421 = ORIENTED_EDGE ( 'NONE', *, *, #4852, .T. ) ;
#2422 = CARTESIAN_POINT ( 'NONE',  ( 7.500000000000000000, 2.900543414065470227, -1.250000000000000000 ) ) ;
#2423 = EDGE_LOOP ( 'NONE', ( #1191, #8247, #5826, #8964 ) ) ;
#2424 = CARTESIAN_POINT ( 'NONE',  ( -4.567819926235459960, -2.455974827712295028, -3.311319922454459608 ) ) ;
#2425 = LINE ( 'NONE', #1777, #1775 ) ;
#2426 = CARTESIAN_POINT ( 'NONE',  ( 3.799999999999999822, -2.455974827712295028, 2.461620773443864874 ) ) ;
#2427 = DIRECTION ( 'NONE',  ( 0.000000000000000000, 0.000000000000000000, 1.000000000000000000 ) ) ;
#2428 = CARTESIAN_POINT ( 'NONE',  ( 0.000000000000000000, 3.750000000000000000, 0.000000000000000000 ) ) ;
#2429 = AXIS2_PLACEMENT_3D ( 'NONE', #778, #3293, #8168 ) ;
#2430 = VERTEX_POINT ( 'NONE', #3575 ) ;
#2431 = DIRECTION ( 'NONE',  ( -0.6427876096865396960, 0.000000000000000000, -0.7660444431189776804 ) ) ;
#2432 = EDGE_CURVE ( 'NONE', #178, #4022, #6499, .T. ) ;
#2433 = FACE_OUTER_BOUND ( 'NONE', #2486, .T. ) ;
#2434 =( NAMED_UNIT ( * ) SI_UNIT ( $, .STERADIAN. ) SOLID_ANGLE_UNIT ( ) );
#2435 = CARTESIAN_POINT ( 'NONE',  ( -5.950000000000000178, 0.5999999999999999778, 0.000000000000000000 ) ) ;
#2436 = CARTESIAN_POINT ( 'NONE',  ( -0.5999999999999999778, 3.750000000000000000, -1.832021428630845161 ) ) ;
#2437 = EDGE_LOOP ( 'NONE', ( #9017, #4931, #5868, #5638, #7372, #9335 ) ) ;
#2438 = EDGE_CURVE ( 'NONE', #4513, #4297, #4865, .T. ) ;
#2439 = ORIENTED_EDGE ( 'NONE', *, *, #7763, .T. ) ;
#2440 = APPLICATION_PROTOCOL_DEFINITION ( 'draft international standard', 'automotive_design', 1998, #6549 ) ;
#2441 = PRODUCT_DEFINITION ( 'UNKNOWN', '', #8097, #7199 ) ;
#2442 = DIRECTION ( 'NONE',  ( 0.000000000000000000, -1.000000000000000000, 0.000000000000000000 ) ) ;
#2443 = PRODUCT ( 'Boss-Extrude3[10]_1', 'Boss-Extrude3[10]_1', '', ( #7849 ) ) ;
#2444 = DIRECTION ( 'NONE',  ( 0.000000000000000000, -1.000000000000000000, 0.000000000000000000 ) ) ;
#2445 = DIRECTION ( 'NONE',  ( 0.000000000000000000, -1.000000000000000000, 0.000000000000000000 ) ) ;
#2446 = VECTOR ( 'NONE', #8875, 1000.000000000000000 ) ;
#2447 = LINE ( 'NONE', #273, #6952 ) ;
#2448 = ORIENTED_EDGE ( 'NONE', *, *, #3611, .T. ) ;
#2449 = LINE ( 'NONE', #5367, #88 ) ;
#2450 = ORIENTED_EDGE ( 'NONE', *, *, #4832, .T. ) ;
#2451 = ORIENTED_EDGE ( 'NONE', *, *, #6669, .F. ) ;
#2452 = CARTESIAN_POINT ( 'NONE',  ( 2.976659776242249813E-16, 3.750000000000000000, -2.335481207337215093 ) ) ;
#2453 = EDGE_CURVE ( 'NONE', #5792, #6543, #7598, .T. ) ;
#2454 = VECTOR ( 'NONE', #2359, 1000.000000000000114 ) ;
#2455 = ORIENTED_EDGE ( 'NONE', *, *, #5013, .T. ) ;
#2456 = LINE ( 'NONE', #949, #8173 ) ;
#2457 = PRODUCT_DEFINITION_FORMATION_WITH_SPECIFIED_SOURCE ( 'ANY', '', #2245, .NOT_KNOWN. ) ;
#2458 = FILL_AREA_STYLE_COLOUR ( '', #1435 ) ;
#2459 = EDGE_LOOP ( 'NONE', ( #6547, #7211, #483, #4546, #1996, #5740, #1662, #2219, #2148, #7304, #4705, #3981, #1164, #3839, #2448, #2082, #3222, #7948, #3974, #4514, #1460, #5175, #640, #7226, #5523, #803, #434, #2097, #9280, #3080, #7758, #8369, #3079, #8773, #5425, #8336, #6876, #665, #8274, #8512, #1715, #4315, #5589, #2117 ) ) ;
#2460 = CARTESIAN_POINT ( 'NONE',  ( 2.250000000000000000, 0.1000000000000000056, 1.099999999999999867 ) ) ;
#2461 = ORIENTED_EDGE ( 'NONE', *, *, #2722, .F. ) ;
#2462 = DIRECTION ( 'NONE',  ( 0.000000000000000000, 0.000000000000000000, 1.000000000000000000 ) ) ;
#2463 =( LENGTH_UNIT ( ) NAMED_UNIT ( * ) SI_UNIT ( .MILLI., .METRE. ) );
#2464 = ORIENTED_EDGE ( 'NONE', *, *, #1981, .T. ) ;
#2465 = FACE_OUTER_BOUND ( 'NONE', #1721, .T. ) ;
#2466 = ADVANCED_FACE ( 'NONE', ( #6882 ), #594, .F. ) ;
#2467 = EDGE_CURVE ( 'NONE', #1527, #8209, #5030, .T. ) ;
#2468 = DIRECTION ( 'NONE',  ( 0.000000000000000000, -1.000000000000000000, 0.000000000000000000 ) ) ;
#2469 = LINE ( 'NONE', #7480, #3098 ) ;
#2470 = SURFACE_STYLE_FILL_AREA ( #339 ) ;
#2471 = ORIENTED_EDGE ( 'NONE', *, *, #236, .T. ) ;
#2472 = FACE_OUTER_BOUND ( 'NONE', #4070, .T. ) ;
#2473 = CARTESIAN_POINT ( 'NONE',  ( 0.000000000000000000, 2.750000000000000000, 0.000000000000000000 ) ) ;
#2474 = CARTESIAN_POINT ( 'NONE',  ( -7.500000000000000000, 0.5999999999999999778, 1.250000000000000000 ) ) ;
#2475 = UNCERTAINTY_MEASURE_WITH_UNIT (LENGTH_MEASURE( 1.000000000000000082E-05 ), #2147, 'distance_accuracy_value', 'NONE');
#2476 = CIRCLE ( 'NONE', #4454, 0.5000000000000000000 ) ;
#2477 = LINE ( 'NONE', #926, #8479 ) ;
#2478 = SURFACE_STYLE_USAGE ( .BOTH. , #6117 ) ;
#2479 = VECTOR ( 'NONE', #837, 1000.000000000000000 ) ;
#2480 = CARTESIAN_POINT ( 'NONE',  ( 0.000000000000000000, 2.750000000000000000, 0.000000000000000000 ) ) ;
#2481 = VECTOR ( 'NONE', #538, 1000.000000000000000 ) ;
#2482 = DIRECTION ( 'NONE',  ( -0.7660444431189786796, 0.000000000000000000, 0.6427876096865385858 ) ) ;
#2483 = EDGE_CURVE ( 'NONE', #6370, #564, #152, .T. ) ;
#2484 = VECTOR ( 'NONE', #2526, 1000.000000000000114 ) ;
#2485 = PLANE ( 'NONE',  #4937 ) ;
#2486 = EDGE_LOOP ( 'NONE', ( #2064, #872, #740, #9152 ) ) ;
#2487 = STYLED_ITEM ( 'NONE', ( #3767 ), #6701 ) ;
#2488 = UNCERTAINTY_MEASURE_WITH_UNIT (LENGTH_MEASURE( 1.000000000000000082E-05 ), #1807, 'distance_accuracy_value', 'NONE');
#2489 = CARTESIAN_POINT ( 'NONE',  ( 4.000000000000000000, 2.750000000000000000, -2.442514574011950046 ) ) ;
#2490 = DIRECTION ( 'NONE',  ( 0.6427876096865408062, 0.000000000000000000, 0.7660444431189766812 ) ) ;
#2491 = AXIS2_PLACEMENT_3D ( 'NONE', #2701, #6910, #7620 ) ;
#2492 = FILL_AREA_STYLE_COLOUR ( '', #6199 ) ;
#2493 = ADVANCED_FACE ( 'NONE', ( #1437 ), #6587, .F. ) ;
#2494 = VECTOR ( 'NONE', #6403, 1000.000000000000000 ) ;
#2495 = ADVANCED_FACE ( 'NONE', ( #5114 ), #5257, .T. ) ;
#2496 = EDGE_CURVE ( 'NONE', #4901, #9346, #5204, .T. ) ;
#2497 = ORIENTED_EDGE ( 'NONE', *, *, #7751, .F. ) ;
#2498 = LINE ( 'NONE', #7696, #8428 ) ;
#2499 = VECTOR ( 'NONE', #7735, 1000.000000000000000 ) ;
#2500 = EDGE_LOOP ( 'NONE', ( #1034, #4560, #1211, #6541, #6677, #7550 ) ) ;
#2501 = DIRECTION ( 'NONE',  ( 1.000000000000000000, 0.000000000000000000, 0.000000000000000000 ) ) ;
#2502 = VERTEX_POINT ( 'NONE', #4382 ) ;
#2503 = FACE_OUTER_BOUND ( 'NONE', #5513, .T. ) ;
#2504 = ORIENTED_EDGE ( 'NONE', *, *, #5782, .T. ) ;
#2505 = PLANE ( 'NONE',  #716 ) ;
#2506 = EDGE_CURVE ( 'NONE', #7059, #8874, #1535, .T. ) ;
#2507 = STYLED_ITEM ( 'NONE', ( #7770 ), #5832 ) ;
#2508 = MECHANICAL_DESIGN_GEOMETRIC_PRESENTATION_REPRESENTATION (  '', ( #3878 ), #83 ) ;
#2509 = ORIENTED_EDGE ( 'NONE', *, *, #6398, .T. ) ;
#2510 = AXIS2_PLACEMENT_3D ( 'NONE', #7605, #3464, #3973 ) ;
#2511 = DIRECTION ( 'NONE',  ( 0.000000000000000000, 0.000000000000000000, -1.000000000000000000 ) ) ;
#2512 = VERTEX_POINT ( 'NONE', #54 ) ;
#2513 =( LENGTH_UNIT ( ) NAMED_UNIT ( * ) SI_UNIT ( .MILLI., .METRE. ) );
#2514 =( REPRESENTATION_RELATIONSHIP ('NONE','NONE', #3559, #4954 ) REPRESENTATION_RELATIONSHIP_WITH_TRANSFORMATION ( #4009 )SHAPE_REPRESENTATION_RELATIONSHIP( ) );
#2515 = SURFACE_STYLE_USAGE ( .BOTH. , #7433 ) ;
#2516 = VECTOR ( 'NONE', #1538, 1000.000000000000000 ) ;
#2517 = ORIENTED_EDGE ( 'NONE', *, *, #3492, .F. ) ;
#2518 = CARTESIAN_POINT ( 'NONE',  ( -5.950000000000000178, 3.750000000000000000, -2.750000000000000000 ) ) ;
#2519 = SURFACE_SIDE_STYLE ('',( #9027 ) ) ;
#2520 =( GEOMETRIC_REPRESENTATION_CONTEXT ( 3 ) GLOBAL_UNCERTAINTY_ASSIGNED_CONTEXT ( ( #4401 ) ) GLOBAL_UNIT_ASSIGNED_CONTEXT ( ( #2884, #3554, #5811 ) ) REPRESENTATION_CONTEXT ( 'NONE', 'WORKASPACE' ) );
#2521 = AXIS2_PLACEMENT_3D ( 'NONE', #342, #3955, #8210 ) ;
#2522 = AXIS2_PLACEMENT_3D ( 'NONE', #4670, #1816, #6961 ) ;
#2523 = EDGE_CURVE ( 'NONE', #956, #3235, #108, .T. ) ;
#2524 = LINE ( 'NONE', #3769, #3251 ) ;
#2525 = LINE ( 'NONE', #441, #5877 ) ;
#2526 = DIRECTION ( 'NONE',  ( 0.7660444431189782355, 0.000000000000000000, -0.6427876096865390299 ) ) ;
#2527 = EDGE_CURVE ( 'NONE', #719, #8151, #918, .T. ) ;
#2528 = AXIS2_PLACEMENT_3D ( 'NONE', #9259, #3414, #3371 ) ;
#2529 = VECTOR ( 'NONE', #5460, 1000.000000000000000 ) ;
#2530 = ORIENTED_EDGE ( 'NONE', *, *, #6839, .T. ) ;
#2531 = DIRECTION ( 'NONE',  ( 0.000000000000000000, -1.000000000000000000, 0.000000000000000000 ) ) ;
#2532 = CARTESIAN_POINT ( 'NONE',  ( -7.500000000000000000, 0.000000000000000000, 1.899999999999999911 ) ) ;
#2533 = EDGE_CURVE ( 'NONE', #3177, #8560, #7335, .T. ) ;
#2534 = DIRECTION ( 'NONE',  ( 0.000000000000000000, -1.000000000000000000, 0.000000000000000000 ) ) ;
#2535 = CARTESIAN_POINT ( 'NONE',  ( -4.503459778706369931, 2.750000000000000000, 1.711808560920089928 ) ) ;
#2536 = VECTOR ( 'NONE', #2490, 1000.000000000000114 ) ;
#2537 = PRESENTATION_LAYER_ASSIGNMENT (  '', '', ( #6659 ) ) ;
#2538 =( NAMED_UNIT ( * ) SI_UNIT ( $, .STERADIAN. ) SOLID_ANGLE_UNIT ( ) );
#2539 = DIRECTION ( 'NONE',  ( 0.000000000000000000, 1.000000000000000000, 0.000000000000000000 ) ) ;
#2540 = LINE ( 'NONE', #3923, #3717 ) ;
#2541 = ORIENTED_EDGE ( 'NONE', *, *, #1701, .F. ) ;
#2542 = PLANE ( 'NONE',  #925 ) ;
#2543 = VECTOR ( 'NONE', #19, 1000.000000000000000 ) ;
#2544 =( NAMED_UNIT ( * ) SI_UNIT ( $, .STERADIAN. ) SOLID_ANGLE_UNIT ( ) );
#2545 = PLANE ( 'NONE',  #3406 ) ;
#2546 = DIRECTION ( 'NONE',  ( 0.000000000000000000, -1.000000000000000000, 0.000000000000000000 ) ) ;
#2547 = ORIENTED_EDGE ( 'NONE', *, *, #5728, .T. ) ;
#2548 = DIRECTION ( 'NONE',  ( -0.000000000000000000, 1.000000000000000000, 0.000000000000000000 ) ) ;
#2549 = DIRECTION ( 'NONE',  ( 0.000000000000000000, 1.000000000000000000, 0.000000000000000000 ) ) ;
#2550 = ORIENTED_EDGE ( 'NONE', *, *, #3659, .T. ) ;
#2551 = DIRECTION ( 'NONE',  ( 0.000000000000000000, 0.000000000000000000, 1.000000000000000000 ) ) ;
#2552 = ORIENTED_EDGE ( 'NONE', *, *, #8441, .T. ) ;
#2553 = CARTESIAN_POINT ( 'NONE',  ( 7.500000000000000000, 0.000000000000000000, -2.550000000000000266 ) ) ;
#2554 = VERTEX_POINT ( 'NONE', #2195 ) ;
#2555 = CARTESIAN_POINT ( 'NONE',  ( 3.664360147529090117, 2.750000000000000000, -1.283185001540684045 ) ) ;
#2556 = CARTESIAN_POINT ( 'NONE',  ( 7.500000000000000000, 0.5999999999999999778, -2.750000000000000000 ) ) ;
#2557 = EDGE_CURVE ( 'NONE', #3802, #4259, #820, .T. ) ;
#2558 = EDGE_CURVE ( 'NONE', #3087, #1975, #3810, .T. ) ;
#2559 =( LENGTH_UNIT ( ) NAMED_UNIT ( * ) SI_UNIT ( .MILLI., .METRE. ) );
#2560 = CARTESIAN_POINT ( 'NONE',  ( -6.500000000000000000, 3.750000000000000000, -4.899999999999999467 ) ) ;
#2561 = CYLINDRICAL_SURFACE ( 'NONE', #4759, 0.6500000000000001332 ) ;
#2562 = SURFACE_SIDE_STYLE ('',( #5520 ) ) ;
#2563 = ORIENTED_EDGE ( 'NONE', *, *, #1790, .F. ) ;
#2564 = ADVANCED_FACE ( 'NONE', ( #2291 ), #5580, .F. ) ;
#2565 = DIRECTION ( 'NONE',  ( 0.000000000000000000, 0.000000000000000000, 1.000000000000000000 ) ) ;
#2566 = ORIENTED_EDGE ( 'NONE', *, *, #6860, .F. ) ;
#2567 = FILL_AREA_STYLE_COLOUR ( '', #8129 ) ;
#2568 =( NAMED_UNIT ( * ) PLANE_ANGLE_UNIT ( ) SI_UNIT ( $, .RADIAN. ) );
#2569 = DIRECTION ( 'NONE',  ( -0.6427876096865390299, 0.000000000000000000, -0.7660444431189782355 ) ) ;
#2570 = LINE ( 'NONE', #1913, #62 ) ;
#2571 = PRODUCT_DEFINITION_CONTEXT ( 'detailed design', #1014, 'design' ) ;
#2572 = ORIENTED_EDGE ( 'NONE', *, *, #4475, .F. ) ;
#2573 = FACE_OUTER_BOUND ( 'NONE', #3690, .T. ) ;
#2574 = CARTESIAN_POINT ( 'NONE',  ( 5.950000000000000178, 2.900543414065470227, 4.649999999999999467 ) ) ;
#2575 =( NAMED_UNIT ( * ) SI_UNIT ( $, .STERADIAN. ) SOLID_ANGLE_UNIT ( ) );
#2576 = DIRECTION ( 'NONE',  ( 0.000000000000000000, 0.000000000000000000, 1.000000000000000000 ) ) ;
#2577 = VECTOR ( 'NONE', #7780, 1000.000000000000000 ) ;
#2578 = LINE ( 'NONE', #4056, #839 ) ;
#2579 = EDGE_CURVE ( 'NONE', #7850, #8459, #3337, .T. ) ;
#2580 = ORIENTED_EDGE ( 'NONE', *, *, #912, .T. ) ;
#2581 = EDGE_CURVE ( 'NONE', #5174, #3913, #7002, .T. ) ;
#2582 = FACE_OUTER_BOUND ( 'NONE', #2925, .T. ) ;
#2583 = DIRECTION ( 'NONE',  ( 0.000000000000000000, 1.000000000000000000, 0.000000000000000000 ) ) ;
#2584 = VECTOR ( 'NONE', #8707, 1000.000000000000000 ) ;
#2585 = EDGE_CURVE ( 'NONE', #8505, #9106, #4226, .T. ) ;
#2586 = ORIENTED_EDGE ( 'NONE', *, *, #9217, .F. ) ;
#2587 = PLANE ( 'NONE',  #9167 ) ;
#2588 = LINE ( 'NONE', #9100, #3581 ) ;
#2589 = EDGE_LOOP ( 'NONE', ( #7805, #8956, #5725, #3762 ) ) ;
#2590 = CARTESIAN_POINT ( 'NONE',  ( 0.000000000000000000, 0.000000000000000000, 0.000000000000000000 ) ) ;
#2591 = ORIENTED_EDGE ( 'NONE', *, *, #6236, .F. ) ;
#2592 = DIRECTION ( 'NONE',  ( 0.7660444431189782355, 0.000000000000000000, -0.6427876096865390299 ) ) ;
#2593 = VERTEX_POINT ( 'NONE', #8563 ) ;
#2594 = LINE ( 'NONE', #3470, #5908 ) ;
#2595 = FACE_OUTER_BOUND ( 'NONE', #3746, .T. ) ;
#2596 = ADVANCED_BREP_SHAPE_REPRESENTATION ( '', ( #7325, #3266 ), #3276 ) ;
#2597 = LINE ( 'NONE', #4745, #3571 ) ;
#2598 = DIRECTION ( 'NONE',  ( 0.000000000000000000, 0.000000000000000000, -1.000000000000000000 ) ) ;
#2599 = CARTESIAN_POINT ( 'NONE',  ( -0.5999999999999999778, 3.750000000000000000, -1.832021428630845161 ) ) ;
#2600 = ADVANCED_FACE ( 'NONE', ( #4895 ), #6387, .F. ) ;
#2601 = ORIENTED_EDGE ( 'NONE', *, *, #6752, .F. ) ;
#2602 = COLOUR_RGB ( '',0.7921568627450980005, 0.8196078431372548767, 0.9333333333333333481 ) ;
#2603 =( NAMED_UNIT ( * ) SI_UNIT ( $, .STERADIAN. ) SOLID_ANGLE_UNIT ( ) );
#2604 = ORIENTED_EDGE ( 'NONE', *, *, #6213, .F. ) ;
#2605 = CYLINDRICAL_SURFACE ( 'NONE', #8618, 0.5999999999999999778 ) ;
#2606 =( NAMED_UNIT ( * ) SI_UNIT ( $, .STERADIAN. ) SOLID_ANGLE_UNIT ( ) );
#2607 = EDGE_CURVE ( 'NONE', #4042, #3128, #9161, .T. ) ;
#2608 = FILL_AREA_STYLE ('',( #9120 ) ) ;
#2609 = ORIENTED_EDGE ( 'NONE', *, *, #1734, .T. ) ;
#2610 = LINE ( 'NONE', #4044, #2784 ) ;
#2611 = EDGE_CURVE ( 'NONE', #431, #8001, #2653, .T. ) ;
#2612 = VERTEX_POINT ( 'NONE', #7809 ) ;
#2613 = AXIS2_PLACEMENT_3D ( 'NONE', #5420, #8407, #8324 ) ;
#2614 = CARTESIAN_POINT ( 'NONE',  ( 4.599999999999999645, -2.455974827712295028, -1.727462418455419924 ) ) ;
#2615 = ORIENTED_EDGE ( 'NONE', *, *, #5293, .F. ) ;
#2616 = CARTESIAN_POINT ( 'NONE',  ( 9.757819551890340433E-16, 2.750000000000000000, 2.400834213883145107 ) ) ;
#2617 = DIRECTION ( 'NONE',  ( 0.000000000000000000, -1.000000000000000000, 0.000000000000000000 ) ) ;
#2618 = AXIS2_PLACEMENT_3D ( 'NONE', #2141, #1920, #7013 ) ;
#2619 = CARTESIAN_POINT ( 'NONE',  ( 0.2000000000000000111, 2.750000000000000000, 2.573831925856055136 ) ) ;
#2620 = LINE ( 'NONE', #494, #2354 ) ;
#2621 = ORIENTED_EDGE ( 'NONE', *, *, #4584, .T. ) ;
#2622 = ITEM_DEFINED_TRANSFORMATION ( 'NONE', 'NONE', #4593,  #3266 ) ;
#2623 = DIRECTION ( 'NONE',  ( 0.000000000000000000, 0.000000000000000000, -1.000000000000000000 ) ) ;
#2624 = VECTOR ( 'NONE', #8975, 1000.000000000000000 ) ;
#2625 = CARTESIAN_POINT ( 'NONE',  ( -0.8000000000000000444, 2.750000000000000000, -3.288884081412580151 ) ) ;
#2626 = CLOSED_SHELL ( 'NONE', ( #7296, #3808, #1919, #7663, #6063, #6223, #4064, #9183 ) ) ;
#2627 = CYLINDRICAL_SURFACE ( 'NONE', #1936, 0.5999999999999999778 ) ;
#2628 = AXIS2_PLACEMENT_3D ( 'NONE', #7175, #8039, #9266 ) ;
#2629 = APPLICATION_CONTEXT ( 'automotive_design' ) ;
#2630 = EDGE_CURVE ( 'NONE', #592, #8619, #580, .T. ) ;
#2631 = ORIENTED_EDGE ( 'NONE', *, *, #1518, .F. ) ;
#2632 = AXIS2_PLACEMENT_3D ( 'NONE', #5362, #1220, #7599 ) ;
#2633 = FACE_OUTER_BOUND ( 'NONE', #3186, .T. ) ;
#2634 = PLANE ( 'NONE',  #2510 ) ;
#2635 = ORIENTED_EDGE ( 'NONE', *, *, #6926, .F. ) ;
#2636 = DIRECTION ( 'NONE',  ( 0.000000000000000000, 0.000000000000000000, 1.000000000000000000 ) ) ;
#2637 = ORIENTED_EDGE ( 'NONE', *, *, #5968, .T. ) ;
#2638 = EDGE_CURVE ( 'NONE', #7500, #4788, #3479, .T. ) ;
#2639 = VECTOR ( 'NONE', #3565, 1000.000000000000000 ) ;
#2640 = DIRECTION ( 'NONE',  ( 0.000000000000000000, -1.000000000000000000, 0.000000000000000000 ) ) ;
#2641 = AXIS2_PLACEMENT_3D ( 'NONE', #7081, #61, #556 ) ;
#2642 = ORIENTED_EDGE ( 'NONE', *, *, #4186, .F. ) ;
#2643 = DIRECTION ( 'NONE',  ( 0.000000000000000000, 1.000000000000000000, 0.000000000000000000 ) ) ;
#2644 = DIRECTION ( 'NONE',  ( 0.000000000000000000, -1.000000000000000000, 0.000000000000000000 ) ) ;
#2645 = SURFACE_SIDE_STYLE ('',( #1273 ) ) ;
#2646 = VECTOR ( 'NONE', #3314, 1000.000000000000000 ) ;
#2647 = CARTESIAN_POINT ( 'NONE',  ( 5.950000000000000178, 3.750000000000000000, 2.750000000000000000 ) ) ;
#2648 = DIRECTION ( 'NONE',  ( 0.000000000000000000, -1.000000000000000000, 0.000000000000000000 ) ) ;
#2649 = DIRECTION ( 'NONE',  ( -0.6427876096865408062, 0.000000000000000000, -0.7660444431189766812 ) ) ;
#2650 = LINE ( 'NONE', #1809, #823 ) ;
#2651 = ORIENTED_EDGE ( 'NONE', *, *, #5364, .F. ) ;
#2652 = AXIS2_PLACEMENT_3D ( 'NONE', #249, #5343, #1865 ) ;
#2653 = LINE ( 'NONE', #9115, #4724 ) ;
#2654 = ORIENTED_EDGE ( 'NONE', *, *, #3611, .F. ) ;
#2655 = FACE_OUTER_BOUND ( 'NONE', #7218, .T. ) ;
#2656 = VECTOR ( 'NONE', #6402, 1000.000000000000000 ) ;
#2658 = PLANE ( 'NONE',  #1170 ) ;
#2657 = STYLED_ITEM ( 'NONE', ( #7220 ), #1043 ) ;
#2659 = COLOUR_RGB ( '',0.7921568627450980005, 0.8196078431372548767, 0.9333333333333333481 ) ;
#2660 = ORIENTED_EDGE ( 'NONE', *, *, #4290, .F. ) ;
#2661 = DIRECTION ( 'NONE',  ( 0.000000000000000000, -1.000000000000000000, 0.000000000000000000 ) ) ;
#2662 = VECTOR ( 'NONE', #2224, 1000.000000000000000 ) ;
#2663 = VERTEX_POINT ( 'NONE', #5522 ) ;
#2664 = CARTESIAN_POINT ( 'NONE',  ( -7.500000000000000000, 0.000000000000000000, -1.050000000000000044 ) ) ;
#2665 = ORIENTED_EDGE ( 'NONE', *, *, #4275, .F. ) ;
#2666 = DIRECTION ( 'NONE',  ( 0.000000000000000000, -1.000000000000000000, 0.000000000000000000 ) ) ;
#2667 = LINE ( 'NONE', #6256, #2048 ) ;
#2668 = DIRECTION ( 'NONE',  ( 0.000000000000000000, 0.000000000000000000, 1.000000000000000000 ) ) ;
#2669 = EDGE_CURVE ( 'NONE', #8280, #127, #4853, .T. ) ;
#2670 = EDGE_CURVE ( 'NONE', #451, #1616, #7136, .T. ) ;
#2671 = PRESENTATION_LAYER_ASSIGNMENT (  '', '', ( #9045 ) ) ;
#2672 = UNCERTAINTY_MEASURE_WITH_UNIT (LENGTH_MEASURE( 1.000000000000000082E-05 ), #2463, 'distance_accuracy_value', 'NONE');
#2673 = DIRECTION ( 'NONE',  ( 0.000000000000000000, -1.000000000000000000, 0.000000000000000000 ) ) ;
#2674 = CARTESIAN_POINT ( 'NONE',  ( -4.335639852470909439, 3.750000000000000000, 1.911808560920089883 ) ) ;
#2675 = ORIENTED_EDGE ( 'NONE', *, *, #1523, .T. ) ;
#2676 = SURFACE_STYLE_USAGE ( .BOTH. , #7153 ) ;
#2677 = EDGE_CURVE ( 'NONE', #5563, #9351, #522, .T. ) ;
#2678 = LINE ( 'NONE', #4058, #2577 ) ;
#2679 = DIRECTION ( 'NONE',  ( -2.065422993075124858E-16, 0.000000000000000000, -1.000000000000000000 ) ) ;
#2680 = VECTOR ( 'NONE', #7611, 1000.000000000000000 ) ;
#2681 =( GEOMETRIC_REPRESENTATION_CONTEXT ( 3 ) GLOBAL_UNCERTAINTY_ASSIGNED_CONTEXT ( ( #7144 ) ) GLOBAL_UNIT_ASSIGNED_CONTEXT ( ( #119, #2970, #3020 ) ) REPRESENTATION_CONTEXT ( 'NONE', 'WORKASPACE' ) );
#2682 = CARTESIAN_POINT ( 'NONE',  ( -5.950000000000000178, 0.5999999999999999778, 2.949999999999999734 ) ) ;
#2683 = ORIENTED_EDGE ( 'NONE', *, *, #9340, .T. ) ;
#2684 = DIRECTION ( 'NONE',  ( 1.000000000000000000, 0.000000000000000000, 0.000000000000000000 ) ) ;
#2685 =( LENGTH_UNIT ( ) NAMED_UNIT ( * ) SI_UNIT ( .MILLI., .METRE. ) );
#2686 = ORIENTED_EDGE ( 'NONE', *, *, #8482, .F. ) ;
#2687 = CARTESIAN_POINT ( 'NONE',  ( 0.000000000000000000, 0.000000000000000000, 0.000000000000000000 ) ) ;
#2688 = EDGE_LOOP ( 'NONE', ( #8688, #8691, #7256, #26 ) ) ;
#2689 = FACE_OUTER_BOUND ( 'NONE', #8588, .T. ) ;
#2690 = LINE ( 'NONE', #2555, #2240 ) ;
#2691 = CARTESIAN_POINT ( 'NONE',  ( 0.2000000000000000111, -2.455974827712295028, -2.503301133572669812 ) ) ;
#2692 = EDGE_CURVE ( 'NONE', #8520, #4227, #9287, .T. ) ;
#2693 = CARTESIAN_POINT ( 'NONE',  ( -0.2000000000000000111, 2.750000000000000000, 2.503301133572669812 ) ) ;
#2694 = DIRECTION ( 'NONE',  ( -0.6427876096865396960, 0.000000000000000000, -0.7660444431189776804 ) ) ;
#2695 = ORIENTED_EDGE ( 'NONE', *, *, #5179, .F. ) ;
#2696 = ORIENTED_EDGE ( 'NONE', *, *, #639, .F. ) ;
#2697 = CARTESIAN_POINT ( 'NONE',  ( 5.000000000000000000, 2.750000000000000000, -1.250760981417740059 ) ) ;
#2698 = ORIENTED_EDGE ( 'NONE', *, *, #2527, .F. ) ;
#2699 = CARTESIAN_POINT ( 'NONE',  ( 3.664360147529090117, -2.455974827712295028, 2.575436123625144624 ) ) ;
#2700 = DIRECTION ( 'NONE',  ( 0.000000000000000000, 1.000000000000000000, 0.000000000000000000 ) ) ;
#2701 = CARTESIAN_POINT ( 'NONE',  ( 5.950000000000000178, 2.900543414065470227, 0.8499999999999999778 ) ) ;
#2702 = EDGE_LOOP ( 'NONE', ( #577, #6396, #2265, #7536 ) ) ;
#2703 = CARTESIAN_POINT ( 'NONE',  ( 0.8000000000000000444, 3.750000000000000000, 3.288884081412580151 ) ) ;
#2704 = ORIENTED_EDGE ( 'NONE', *, *, #7114, .T. ) ;
#2705 = DIRECTION ( 'NONE',  ( 0.000000000000000000, -1.000000000000000000, 0.000000000000000000 ) ) ;
#2706 = EDGE_CURVE ( 'NONE', #8459, #7927, #1855, .T. ) ;
#2707 = FACE_OUTER_BOUND ( 'NONE', #7989, .T. ) ;
#2708 = VERTEX_POINT ( 'NONE', #2139 ) ;
#2709 = CARTESIAN_POINT ( 'NONE',  ( -5.950000000000000178, 0.000000000000000000, 4.649999999999999467 ) ) ;
#2710 = SURFACE_STYLE_USAGE ( .BOTH. , #5492 ) ;
#2711 = CARTESIAN_POINT ( 'NONE',  ( 5.950000000000000178, 0.000000000000000000, 4.649999999999999467 ) ) ;
#2712 = CARTESIAN_POINT ( 'NONE',  ( 4.400000000000000355, 3.750000000000000000, 3.452137560662829951 ) ) ;
#2713 = PRODUCT_RELATED_PRODUCT_CATEGORY ( 'part', '', ( #7623 ) ) ;
#2714 = EDGE_CURVE ( 'NONE', #7603, #4313, #2279, .T. ) ;
#2715 = ORIENTED_EDGE ( 'NONE', *, *, #3517, .F. ) ;
#2716 = CONTEXT_DEPENDENT_SHAPE_REPRESENTATION ( #5276, #8540 ) ;
#2717 = DIRECTION ( 'NONE',  ( 0.000000000000000000, 0.000000000000000000, -1.000000000000000000 ) ) ;
#2718 = LINE ( 'NONE', #603, #9 ) ;
#2719 = DIRECTION ( 'NONE',  ( 0.000000000000000000, -1.000000000000000000, 0.000000000000000000 ) ) ;
#2720 = ADVANCED_FACE ( 'NONE', ( #8083 ), #7272, .T. ) ;
#2721 = CARTESIAN_POINT ( 'NONE',  ( -0.5999999999999999778, 2.750000000000000000, -1.832021428630845161 ) ) ;
#2722 = EDGE_CURVE ( 'NONE', #6299, #8178, #753, .T. ) ;
#2723 = ORIENTED_EDGE ( 'NONE', *, *, #6485, .T. ) ;
#2724 = PRODUCT_DEFINITION ( 'UNKNOWN', '', #2457, #8061 ) ;
#2725 = LINE ( 'NONE', #6183, #8454 ) ;
#2726 = ORIENTED_EDGE ( 'NONE', *, *, #568, .T. ) ;
#2727 = PRODUCT_CONTEXT ( 'NONE', #9384, 'mechanical' ) ;
#2728 = VERTEX_POINT ( 'NONE', #90 ) ;
#2729 = PRESENTATION_LAYER_ASSIGNMENT (  '', '', ( #1378 ) ) ;
#2730 = PLANE ( 'NONE',  #939 ) ;
#2731 = VERTEX_POINT ( 'NONE', #3561 ) ;
#2732 = DIRECTION ( 'NONE',  ( -0.7660444431189786796, 0.000000000000000000, 0.6427876096865385858 ) ) ;
#2733 = CARTESIAN_POINT ( 'NONE',  ( 7.500000000000000000, 3.750000000000000000, -2.750000000000000000 ) ) ;
#2734 = CARTESIAN_POINT ( 'NONE',  ( -7.500000000000000000, 0.5999999999999999778, 4.899999999999999467 ) ) ;
#2735 = FACE_OUTER_BOUND ( 'NONE', #2089, .T. ) ;
#2736 = CARTESIAN_POINT ( 'NONE',  ( 5.950000000000000178, 0.5999999999999999778, -2.750000000000000000 ) ) ;
#2737 = CARTESIAN_POINT ( 'NONE',  ( 2.250000000000000000, 0.1000000000000000056, -0.09999999999999993616 ) ) ;
#2738 = LINE ( 'NONE', #7133, #57 ) ;
#2739 = ORIENTED_EDGE ( 'NONE', *, *, #833, .F. ) ;
#2740 =( NAMED_UNIT ( * ) SI_UNIT ( $, .STERADIAN. ) SOLID_ANGLE_UNIT ( ) );
#2741 = ORIENTED_EDGE ( 'NONE', *, *, #4195, .T. ) ;
#2742 = VECTOR ( 'NONE', #4036, 1000.000000000000114 ) ;
#2743 = CARTESIAN_POINT ( 'NONE',  ( -6.500000000000000000, 3.750000000000000000, 4.899999999999999467 ) ) ;
#2744 = ORIENTED_EDGE ( 'NONE', *, *, #5960, .F. ) ;
#2745 = DIRECTION ( 'NONE',  ( 0.000000000000000000, -1.000000000000000000, 0.000000000000000000 ) ) ;
#2746 = PLANE ( 'NONE',  #6180 ) ;
#2747 = CARTESIAN_POINT ( 'NONE',  ( 0.5999999999999999778, 3.750000000000000000, -1.620429051780690077 ) ) ;
#2748 = ORIENTED_EDGE ( 'NONE', *, *, #12, .T. ) ;
#2749 = DIRECTION ( 'NONE',  ( 0.000000000000000000, 0.000000000000000000, -1.000000000000000000 ) ) ;
#2750 = PRODUCT_DEFINITION_SHAPE ( 'NONE', 'NONE',  #9407 ) ;
#2751 = ORIENTED_EDGE ( 'NONE', *, *, #8948, .T. ) ;
#2752 = ADVANCED_FACE ( 'NONE', ( #2849 ), #8615, .T. ) ;
#2753 = SURFACE_STYLE_USAGE ( .BOTH. , #9281 ) ;
#2754 = UNCERTAINTY_MEASURE_WITH_UNIT (LENGTH_MEASURE( 1.000000000000000082E-05 ), #9288, 'distance_accuracy_value', 'NONE');
#2755 = LINE ( 'NONE', #3485, #5865 ) ;
#2756 = ORIENTED_EDGE ( 'NONE', *, *, #8936, .T. ) ;
#2757 = SURFACE_STYLE_FILL_AREA ( #6300 ) ;
#2758 = EDGE_CURVE ( 'NONE', #5454, #5944, #804, .T. ) ;
#2759 = DIRECTION ( 'NONE',  ( 0.4999999999999998890, 0.000000000000000000, -0.8660254037844387076 ) ) ;
#2760 = CARTESIAN_POINT ( 'NONE',  ( -7.500000000000000000, 0.5999999999999999778, 2.550000000000000266 ) ) ;
#2761 = AXIS2_PLACEMENT_3D ( 'NONE', #3277, #2636, #3367 ) ;
#2762 = DIRECTION ( 'NONE',  ( 0.000000000000000000, 0.000000000000000000, 1.000000000000000000 ) ) ;
#2763 = LINE ( 'NONE', #7883, #7072 ) ;
#2764 = VECTOR ( 'NONE', #2482, 1000.000000000000114 ) ;
#2765 = EDGE_LOOP ( 'NONE', ( #9353, #4190, #8450, #4057 ) ) ;
#2766 = CARTESIAN_POINT ( 'NONE',  ( -5.950000000000000178, 0.5999999999999999778, -1.050000000000000044 ) ) ;
#2767 = SURFACE_STYLE_FILL_AREA ( #1499 ) ;
#2768 = DIRECTION ( 'NONE',  ( 0.000000000000000000, 0.000000000000000000, -1.000000000000000000 ) ) ;
#2769 = ORIENTED_EDGE ( 'NONE', *, *, #4121, .T. ) ;
#2770 = PLANE ( 'NONE',  #8830 ) ;
#2771 = LINE ( 'NONE', #8718, #8764 ) ;
#2772 = VERTEX_POINT ( 'NONE', #2235 ) ;
#2773 = ORIENTED_EDGE ( 'NONE', *, *, #4241, .T. ) ;
#2774 = VECTOR ( 'NONE', #3349, 1000.000000000000114 ) ;
#2775 = VERTEX_POINT ( 'NONE', #5729 ) ;
#2776 = CARTESIAN_POINT ( 'NONE',  ( -3.600000000000000089, 3.750000000000000000, 1.294533432032439979 ) ) ;
#2777 = CLOSED_SHELL ( 'NONE', ( #1024, #292, #7974, #5634 ) ) ;
#2778 = LINE ( 'NONE', #5078, #2817 ) ;
#2779 = CARTESIAN_POINT ( 'NONE',  ( 4.400000000000000355, 2.750000000000000000, 3.452137560662829951 ) ) ;
#2780 = EDGE_CURVE ( 'NONE', #5586, #4697, #2992, .T. ) ;
#2781 = LINE ( 'NONE', #4936, #7533 ) ;
#2782 = EDGE_CURVE ( 'NONE', #280, #1892, #1417, .T. ) ;
#2783 = ADVANCED_FACE ( 'NONE', ( #2937 ), #1380, .F. ) ;
#2784 = VECTOR ( 'NONE', #7622, 1000.000000000000000 ) ;
#2785 = CARTESIAN_POINT ( 'NONE',  ( -5.950000000000000178, 0.000000000000000000, 1.050000000000000044 ) ) ;
#2786 = AXIS2_PLACEMENT_3D ( 'NONE', #1873, #3922, #2576 ) ;
#2787 = AXIS2_PLACEMENT_3D ( 'NONE', #9356, #5668, #654 ) ;
#2788 = DIRECTION ( 'NONE',  ( 0.000000000000000000, -1.000000000000000000, 0.000000000000000000 ) ) ;
#2789 = ORIENTED_EDGE ( 'NONE', *, *, #1455, .F. ) ;
#2790 = ORIENTED_EDGE ( 'NONE', *, *, #2408, .F. ) ;
#2791 = AXIS2_PLACEMENT_3D ( 'NONE', #9096, #6174, #7736 ) ;
#2792 = PLANE ( 'NONE',  #4355 ) ;
#2793 = EDGE_CURVE ( 'NONE', #4227, #8520, #3209, .T. ) ;
#2794 = CARTESIAN_POINT ( 'NONE',  ( -5.950000000000000178, 0.000000000000000000, -1.050000000000000044 ) ) ;
#2795 = MECHANICAL_DESIGN_GEOMETRIC_PRESENTATION_REPRESENTATION (  '', ( #4320 ), #5099 ) ;
#2796 = VECTOR ( 'NONE', #5296, 1000.000000000000000 ) ;
#2797 =( GEOMETRIC_REPRESENTATION_CONTEXT ( 3 ) GLOBAL_UNCERTAINTY_ASSIGNED_CONTEXT ( ( #8950 ) ) GLOBAL_UNIT_ASSIGNED_CONTEXT ( ( #1431, #671, #723 ) ) REPRESENTATION_CONTEXT ( 'NONE', 'WORKASPACE' ) );
#2798 = DIRECTION ( 'NONE',  ( 0.000000000000000000, -1.000000000000000000, 0.000000000000000000 ) ) ;
#2799 = EDGE_LOOP ( 'NONE', ( #1549, #5991, #1660, #2909, #284, #7865 ) ) ;
#2800 = VECTOR ( 'NONE', #8220, 1000.000000000000000 ) ;
#2801 = VERTEX_POINT ( 'NONE', #6571 ) ;
#2802 = SURFACE_SIDE_STYLE ('',( #1294 ) ) ;
#2803 = VECTOR ( 'NONE', #7629, 1000.000000000000000 ) ;
#2804 =( GEOMETRIC_REPRESENTATION_CONTEXT ( 3 ) GLOBAL_UNCERTAINTY_ASSIGNED_CONTEXT ( ( #8313 ) ) GLOBAL_UNIT_ASSIGNED_CONTEXT ( ( #6562, #5807, #7933 ) ) REPRESENTATION_CONTEXT ( 'NONE', 'WORKASPACE' ) );
#2805 = ORIENTED_EDGE ( 'NONE', *, *, #8761, .F. ) ;
#2806 = DIRECTION ( 'NONE',  ( -1.000000000000000000, 0.000000000000000000, 0.000000000000000000 ) ) ;
#2807 = CARTESIAN_POINT ( 'NONE',  ( 4.599999999999999645, 2.750000000000000000, -1.727462418455419924 ) ) ;
#2808 = DIRECTION ( 'NONE',  ( 0.000000000000000000, 0.000000000000000000, 1.000000000000000000 ) ) ;
#2809 = AXIS2_PLACEMENT_3D ( 'NONE', #9377, #7190, #4274 ) ;
#2810 = EDGE_CURVE ( 'NONE', #2612, #7456, #2180, .T. ) ;
#2811 = VECTOR ( 'NONE', #512, 1000.000000000000114 ) ;
#2812 =( GEOMETRIC_REPRESENTATION_CONTEXT ( 3 ) GLOBAL_UNCERTAINTY_ASSIGNED_CONTEXT ( ( #6125 ) ) GLOBAL_UNIT_ASSIGNED_CONTEXT ( ( #3176, #8918, #6700 ) ) REPRESENTATION_CONTEXT ( 'NONE', 'WORKASPACE' ) );
#2813 = CARTESIAN_POINT ( 'NONE',  ( -4.400000000000000355, 3.750000000000000000, 3.600000000000000089 ) ) ;
#2814 = EDGE_CURVE ( 'NONE', #2368, #8085, #7178, .T. ) ;
#2815 = LINE ( 'NONE', #7340, #6769 ) ;
#2816 = VECTOR ( 'NONE', #2930, 1000.000000000000000 ) ;
#2817 = VECTOR ( 'NONE', #7981, 1000.000000000000000 ) ;
#2818 = ORIENTED_EDGE ( 'NONE', *, *, #3201, .T. ) ;
#2819 = ITEM_DEFINED_TRANSFORMATION ( 'NONE', 'NONE', #6434,  #3266 ) ;
#2820 =( REPRESENTATION_RELATIONSHIP ('NONE','NONE', #3559, #3970 ) REPRESENTATION_RELATIONSHIP_WITH_TRANSFORMATION ( #1833 )SHAPE_REPRESENTATION_RELATIONSHIP( ) );
#2821 = LINE ( 'NONE', #7799, #95 ) ;
#2822 = EDGE_CURVE ( 'NONE', #2775, #7327, #5189, .T. ) ;
#2823 = CARTESIAN_POINT ( 'NONE',  ( -7.500000000000000000, 0.000000000000000000, -1.050000000000000044 ) ) ;
#2824 = LINE ( 'NONE', #687, #4018 ) ;
#2825 = COLOUR_RGB ( '',0.7921568627450980005, 0.8196078431372548767, 0.9333333333333333481 ) ;
#2826 = DIRECTION ( 'NONE',  ( -1.000000000000000000, 0.000000000000000000, 0.000000000000000000 ) ) ;
#2827 = CARTESIAN_POINT ( 'NONE',  ( -0.5999999999999999778, 2.750000000000000000, 1.685782058326620092 ) ) ;
#2828 = VECTOR ( 'NONE', #4907, 1000.000000000000000 ) ;
#2829 = CARTESIAN_POINT ( 'NONE',  ( 5.000000000000000000, -2.455974827712295028, 2.948677781956460464 ) ) ;
#2830 = AXIS2_PLACEMENT_3D ( 'NONE', #2239, #5155, #2893 ) ;
#2831 = ORIENTED_EDGE ( 'NONE', *, *, #1810, .T. ) ;
#2832 = ADVANCED_FACE ( 'NONE', ( #4368 ), #44, .T. ) ;
#2833 = ORIENTED_EDGE ( 'NONE', *, *, #4596, .T. ) ;
#2834 = APPLICATION_PROTOCOL_DEFINITION ( 'draft international standard', 'automotive_design', 1998, #8709 ) ;
#2835 = ORIENTED_EDGE ( 'NONE', *, *, #7840, .F. ) ;
#2836 = FACE_OUTER_BOUND ( 'NONE', #1093, .T. ) ;
#2837 = VECTOR ( 'NONE', #5819, 1000.000000000000000 ) ;
#2838 = VECTOR ( 'NONE', #2546, 1000.000000000000000 ) ;
#2839 = DIRECTION ( 'NONE',  ( 0.000000000000000000, 0.000000000000000000, -1.000000000000000000 ) ) ;
#2840 = CARTESIAN_POINT ( 'NONE',  ( -0.8000000000000000444, 2.750000000000000000, -3.288884081412580151 ) ) ;
#2841 = VECTOR ( 'NONE', #5853, 1000.000000000000000 ) ;
#2842 = AXIS2_PLACEMENT_3D ( 'NONE', #8807, #2299, #2349 ) ;
#2843 = ORIENTED_EDGE ( 'NONE', *, *, #3615, .F. ) ;
#2844 = CARTESIAN_POINT ( 'NONE',  ( -0.2000000000000000111, -2.455974827712295028, -2.573831925856055136 ) ) ;
#2845 = EDGE_LOOP ( 'NONE', ( #2867, #9380 ) ) ;
#2846 =( NAMED_UNIT ( * ) PLANE_ANGLE_UNIT ( ) SI_UNIT ( $, .RADIAN. ) );
#2847 = EDGE_LOOP ( 'NONE', ( #7808, #668, #8795, #7975 ) ) ;
#2848 = EDGE_CURVE ( 'NONE', #5136, #3997, #6481, .T. ) ;
#2849 = FACE_OUTER_BOUND ( 'NONE', #3465, .T. ) ;
#2850 = EDGE_CURVE ( 'NONE', #3428, #1844, #3362, .T. ) ;
#2851 = ORIENTED_EDGE ( 'NONE', *, *, #2109, .F. ) ;
#2852 = FACE_OUTER_BOUND ( 'NONE', #6797, .T. ) ;
#2853 =( LENGTH_UNIT ( ) NAMED_UNIT ( * ) SI_UNIT ( .MILLI., .METRE. ) );
#2854 =( GEOMETRIC_REPRESENTATION_CONTEXT ( 3 ) GLOBAL_UNCERTAINTY_ASSIGNED_CONTEXT ( ( #2283 ) ) GLOBAL_UNIT_ASSIGNED_CONTEXT ( ( #8835, #1813, #4528 ) ) REPRESENTATION_CONTEXT ( 'NONE', 'WORKASPACE' ) );
#2855 = CARTESIAN_POINT ( 'NONE',  ( 7.500000000000000000, 0.5999999999999999778, 4.450000000000000178 ) ) ;
#2856 = ORIENTED_EDGE ( 'NONE', *, *, #2075, .T. ) ;
#2857 = EDGE_CURVE ( 'NONE', #416, #4455, #6847, .T. ) ;
#2858 = DIRECTION ( 'NONE',  ( 0.6427876096865386968, 0.000000000000000000, 0.7660444431189786796 ) ) ;
#2859 = EDGE_LOOP ( 'NONE', ( #8177, #378, #4126, #462, #8457, #1953 ) ) ;
#2860 = CARTESIAN_POINT ( 'NONE',  ( -5.000000000000000000, 2.750000000000000000, 1.120054968325876033 ) ) ;
#2861 = ORIENTED_EDGE ( 'NONE', *, *, #5013, .F. ) ;
#2862 = DIRECTION ( 'NONE',  ( 1.000000000000000000, 0.000000000000000000, 0.000000000000000000 ) ) ;
#2863 = CARTESIAN_POINT ( 'NONE',  ( 5.950000000000000178, 0.5999999999999999778, 2.750000000000000000 ) ) ;
#2864 = DIRECTION ( 'NONE',  ( 0.000000000000000000, 1.000000000000000000, 0.000000000000000000 ) ) ;
#2865 = DIRECTION ( 'NONE',  ( 0.000000000000000000, 1.000000000000000000, 0.000000000000000000 ) ) ;
#2866 = CARTESIAN_POINT ( 'NONE',  ( -3.600000000000000089, 2.750000000000000000, 1.294533432032439979 ) ) ;
#2867 = ORIENTED_EDGE ( 'NONE', *, *, #8741, .T. ) ;
#2868 =( NAMED_UNIT ( * ) SI_UNIT ( $, .STERADIAN. ) SOLID_ANGLE_UNIT ( ) );
#2869 =( LENGTH_UNIT ( ) NAMED_UNIT ( * ) SI_UNIT ( .MILLI., .METRE. ) );
#2870 = CARTESIAN_POINT ( 'NONE',  ( 7.500000000000000000, 0.5999999999999999778, 2.550000000000000266 ) ) ;
#2871 = DIRECTION ( 'NONE',  ( 1.000000000000000000, 0.000000000000000000, 0.000000000000000000 ) ) ;
#2872 = DIRECTION ( 'NONE',  ( -0.6427876096865408062, 0.000000000000000000, -0.7660444431189766812 ) ) ;
#2873 = APPLICATION_CONTEXT ( 'automotive_design' ) ;
#2874 = ORIENTED_EDGE ( 'NONE', *, *, #1574, .F. ) ;
#2875 = ORIENTED_EDGE ( 'NONE', *, *, #1860, .F. ) ;
#2876 = DIRECTION ( 'NONE',  ( 1.000000000000000000, 0.000000000000000000, 0.000000000000000000 ) ) ;
#2877 = VERTEX_POINT ( 'NONE', #139 ) ;
#2878 = ORIENTED_EDGE ( 'NONE', *, *, #5378, .T. ) ;
#2879 = PLANE ( 'NONE',  #5754 ) ;
#2880 = CARTESIAN_POINT ( 'NONE',  ( -0.8000000000000000444, -2.455974827712295028, -2.070372147149684761 ) ) ;
#2881 = EDGE_CURVE ( 'NONE', #7648, #1844, #3225, .T. ) ;
#2882 = CARTESIAN_POINT ( 'NONE',  ( 0.8000000000000000444, 2.750000000000000000, 2.070372147149684761 ) ) ;
#2883 = PRODUCT_DEFINITION_CONTEXT ( 'detailed design', #701, 'design' ) ;
#2884 =( LENGTH_UNIT ( ) NAMED_UNIT ( * ) SI_UNIT ( .MILLI., .METRE. ) );
#2885 = ORIENTED_EDGE ( 'NONE', *, *, #5192, .F. ) ;
#2886 = AXIS2_PLACEMENT_3D ( 'NONE', #7119, #7155, #7248 ) ;
#2887 = ORIENTED_EDGE ( 'NONE', *, *, #8037, .F. ) ;
#2888 = ORIENTED_EDGE ( 'NONE', *, *, #2214, .F. ) ;
#2889 = DIRECTION ( 'NONE',  ( 0.000000000000000000, 0.000000000000000000, 1.000000000000000000 ) ) ;
#2890 = ORIENTED_EDGE ( 'NONE', *, *, #6112, .T. ) ;
#2891 = CARTESIAN_POINT ( 'NONE',  ( -3.935639852470909972, -2.455974827712295028, -3.841781989187914803 ) ) ;
#2892 = DIRECTION ( 'NONE',  ( 0.000000000000000000, 1.000000000000000000, 0.000000000000000000 ) ) ;
#2893 = DIRECTION ( 'NONE',  ( 0.000000000000000000, 0.000000000000000000, -1.000000000000000000 ) ) ;
#2894 = LINE ( 'NONE', #5821, #216 ) ;
#2895 = EDGE_LOOP ( 'NONE', ( #7627, #5764, #91 ) ) ;
#2896 = EDGE_CURVE ( 'NONE', #1081, #1508, #6134, .T. ) ;
#2897 = DIRECTION ( 'NONE',  ( 0.000000000000000000, 1.000000000000000000, 0.000000000000000000 ) ) ;
#2898 = AXIS2_PLACEMENT_3D ( 'NONE', #5817, #3695, #8692 ) ;
#2899 = ORIENTED_EDGE ( 'NONE', *, *, #1812, .F. ) ;
#2900 = CARTESIAN_POINT ( 'NONE',  ( 2.250000000000000000, 0.1000000000000000056, 0.5000000000000000000 ) ) ;
#2901 = ORIENTED_EDGE ( 'NONE', *, *, #4570, .F. ) ;
#2902 = FILL_AREA_STYLE_COLOUR ( '', #100 ) ;
#2903 = CARTESIAN_POINT ( 'NONE',  ( 5.950000000000000178, 0.000000000000000000, -1.050000000000000044 ) ) ;
#2904 = DIRECTION ( 'NONE',  ( 0.000000000000000000, 0.000000000000000000, -1.000000000000000000 ) ) ;
#2905 = ADVANCED_FACE ( 'NONE', ( #1050 ), #2317, .F. ) ;
#2906 = AXIS2_PLACEMENT_3D ( 'NONE', #7565, #996, #8327 ) ;
#2907 = ADVANCED_FACE ( 'NONE', ( #2503 ), #5423, .F. ) ;
#2908 = EDGE_CURVE ( 'NONE', #7313, #3270, #8191, .T. ) ;
#2909 = ORIENTED_EDGE ( 'NONE', *, *, #7163, .F. ) ;
#2910 = VECTOR ( 'NONE', #2442, 1000.000000000000000 ) ;
#2911 = ITEM_DEFINED_TRANSFORMATION ( 'NONE', 'NONE', #649,  #3266 ) ;
#2912 = LINE ( 'NONE', #4486, #3735 ) ;
#2913 = CARTESIAN_POINT ( 'NONE',  ( -3.799999999999999822, -2.455974827712295028, 1.121535720059525953 ) ) ;
#2914 = PLANE ( 'NONE',  #1155 ) ;
#2915 = PRODUCT_DEFINITION_SHAPE ( 'NONE', 'NONE',  #6124 ) ;
#2916 = FILL_AREA_STYLE ('',( #4203 ) ) ;
#2917 = FACE_OUTER_BOUND ( 'NONE', #2500, .T. ) ;
#2918 = CARTESIAN_POINT ( 'NONE',  ( 5.950000000000000178, 0.000000000000000000, 0.8499999999999999778 ) ) ;
#2919 = DIRECTION ( 'NONE',  ( 0.6427876096865408062, 0.000000000000000000, 0.7660444431189766812 ) ) ;
#2920 = EDGE_CURVE ( 'NONE', #1867, #2055, #1708, .T. ) ;
#2921 = PLANE ( 'NONE',  #6149 ) ;
#2922 = EDGE_LOOP ( 'NONE', ( #8925, #2726, #2723, #2138 ) ) ;
#2923 = ORIENTED_EDGE ( 'NONE', *, *, #6872, .T. ) ;
#2924 = DIRECTION ( 'NONE',  ( 0.000000000000000000, 0.000000000000000000, 1.000000000000000000 ) ) ;
#2925 = EDGE_LOOP ( 'NONE', ( #1618, #4861, #3001, #6664 ) ) ;
#2926 = DIRECTION ( 'NONE',  ( 0.000000000000000000, 0.000000000000000000, -1.000000000000000000 ) ) ;
#2927 = FACE_OUTER_BOUND ( 'NONE', #3789, .T. ) ;
#2928 = DIRECTION ( 'NONE',  ( 0.000000000000000000, 1.000000000000000000, 0.000000000000000000 ) ) ;
#2929 = SURFACE_STYLE_FILL_AREA ( #4506 ) ;
#2930 = DIRECTION ( 'NONE',  ( 0.000000000000000000, -1.000000000000000000, 0.000000000000000000 ) ) ;
#2931 = ORIENTED_EDGE ( 'NONE', *, *, #3841, .F. ) ;
#2932 = COLOUR_RGB ( '',0.7921568627450980005, 0.8196078431372548767, 0.9333333333333333481 ) ;
#2933 = ADVANCED_FACE ( 'NONE', ( #8272 ), #4556, .F. ) ;
#2934 = CARTESIAN_POINT ( 'NONE',  ( -2.250000000000000000, 0.000000000000000000, -0.5000000000000000000 ) ) ;
#2935 = ORIENTED_EDGE ( 'NONE', *, *, #5904, .T. ) ;
#2936 = ORIENTED_EDGE ( 'NONE', *, *, #2706, .T. ) ;
#2937 = FACE_OUTER_BOUND ( 'NONE', #8742, .T. ) ;
#2938 = VECTOR ( 'NONE', #9145, 1000.000000000000000 ) ;
#2939 = EDGE_LOOP ( 'NONE', ( #5419, #6232, #4839, #581, #3709, #8974 ) ) ;
#2940 = CARTESIAN_POINT ( 'NONE',  ( -7.500000000000000000, 0.5999999999999999778, 1.899999999999999911 ) ) ;
#2941 =( LENGTH_UNIT ( ) NAMED_UNIT ( * ) SI_UNIT ( .MILLI., .METRE. ) );
#2942 = DIRECTION ( 'NONE',  ( 0.000000000000000000, 0.000000000000000000, 1.000000000000000000 ) ) ;
#2943 = VECTOR ( 'NONE', #2661, 1000.000000000000000 ) ;
#2944 = VECTOR ( 'NONE', #7706, 1000.000000000000000 ) ;
#2945 = CARTESIAN_POINT ( 'NONE',  ( 7.500000000000000000, 2.900543414065470227, -3.149999999999999911 ) ) ;
#2946 = VERTEX_POINT ( 'NONE', #5236 ) ;
#2947 = AXIS2_PLACEMENT_3D ( 'NONE', #220, #6704, #4510 ) ;
#2948 = ORIENTED_EDGE ( 'NONE', *, *, #743, .T. ) ;
#2949 =( NAMED_UNIT ( * ) PLANE_ANGLE_UNIT ( ) SI_UNIT ( $, .RADIAN. ) );
#2950 = VECTOR ( 'NONE', #3507, 1000.000000000000114 ) ;
#2951 = ORIENTED_EDGE ( 'NONE', *, *, #3031, .F. ) ;
#2952 = CIRCLE ( 'NONE', #3265, 0.5999999999999998668 ) ;
#2953 = DIRECTION ( 'NONE',  ( 0.000000000000000000, 0.000000000000000000, 1.000000000000000000 ) ) ;
#2954 = CARTESIAN_POINT ( 'NONE',  ( 7.500000000000000000, 0.000000000000000000, -0.6500000000000000222 ) ) ;
#2955 = VECTOR ( 'NONE', #6727, 1000.000000000000114 ) ;
#2956 = VECTOR ( 'NONE', #6504, 999.9999999999998863 ) ;
#2957 = ADVANCED_BREP_SHAPE_REPRESENTATION ( '', ( #4138, #3266 ), #5258 ) ;
#2958 = AXIS2_PLACEMENT_3D ( 'NONE', #9247, #8636, #6510 ) ;
#2959 =( LENGTH_UNIT ( ) NAMED_UNIT ( * ) SI_UNIT ( .MILLI., .METRE. ) );
#2960 = PLANE ( 'NONE',  #4625 ) ;
#2961 =( GEOMETRIC_REPRESENTATION_CONTEXT ( 3 ) GLOBAL_UNCERTAINTY_ASSIGNED_CONTEXT ( ( #7265 ) ) GLOBAL_UNIT_ASSIGNED_CONTEXT ( ( #2959, #3670, #5207 ) ) REPRESENTATION_CONTEXT ( 'NONE', 'WORKASPACE' ) );
#2962 = CARTESIAN_POINT ( 'NONE',  ( -5.200000000000000178, 0.2000000000000000111, -3.000000000000000000 ) ) ;
#2963 = ADVANCED_FACE ( 'NONE', ( #4605 ), #7507, .F. ) ;
#2964 = FACE_OUTER_BOUND ( 'NONE', #2236, .T. ) ;
#2965 = CARTESIAN_POINT ( 'NONE',  ( 5.000000000000000000, 2.750000000000000000, 2.948677781956460464 ) ) ;
#2966 = EDGE_CURVE ( 'NONE', #4875, #2158, #6748, .T. ) ;
#2967 = VECTOR ( 'NONE', #2953, 1000.000000000000000 ) ;
#2968 = PLANE ( 'NONE',  #6517 ) ;
#2969 = VECTOR ( 'NONE', #3893, 1000.000000000000000 ) ;
#2970 =( NAMED_UNIT ( * ) PLANE_ANGLE_UNIT ( ) SI_UNIT ( $, .RADIAN. ) );
#2971 = CIRCLE ( 'NONE', #3730, 0.5000000000000000000 ) ;
#2972 = DIRECTION ( 'NONE',  ( 0.1736481776669314692, 0.000000000000000000, -0.9848077530122079093 ) ) ;
#2973 = DIRECTION ( 'NONE',  ( 0.000000000000000000, 0.000000000000000000, -1.000000000000000000 ) ) ;
#2974 = EDGE_LOOP ( 'NONE', ( #7174, #7008, #6927, #751 ) ) ;
#2975 = EDGE_CURVE ( 'NONE', #8233, #4313, #179, .T. ) ;
#2976 = ORIENTED_EDGE ( 'NONE', *, *, #5952, .F. ) ;
#2977 = SHAPE_DEFINITION_REPRESENTATION ( #36, #7150 ) ;
#2978 = LINE ( 'NONE', #652, #6722 ) ;
#2979 = VECTOR ( 'NONE', #4571, 1000.000000000000114 ) ;
#2980 = SURFACE_STYLE_USAGE ( .BOTH. , #4989 ) ;
#2981 = LINE ( 'NONE', #5178, #1594 ) ;
#2982 = AXIS2_PLACEMENT_3D ( 'NONE', #7147, #2806, #8627 ) ;
#2983 = CARTESIAN_POINT ( 'NONE',  ( 7.500000000000000000, 0.000000000000000000, 4.899999999999999467 ) ) ;
#2984 = UNCERTAINTY_MEASURE_WITH_UNIT (LENGTH_MEASURE( 1.000000000000000082E-05 ), #9175, 'distance_accuracy_value', 'NONE');
#2985 = DIRECTION ( 'NONE',  ( 0.7660444431189790127, 0.000000000000000000, -0.6427876096865380307 ) ) ;
#2986 =( GEOMETRIC_REPRESENTATION_CONTEXT ( 3 ) GLOBAL_UNCERTAINTY_ASSIGNED_CONTEXT ( ( #1569 ) ) GLOBAL_UNIT_ASSIGNED_CONTEXT ( ( #7049, #8567, #2606 ) ) REPRESENTATION_CONTEXT ( 'NONE', 'WORKASPACE' ) );
#2987 = VERTEX_POINT ( 'NONE', #3132 ) ;
#2988 = MECHANICAL_DESIGN_GEOMETRIC_PRESENTATION_REPRESENTATION (  '', ( #8470 ), #2384 ) ;
#2989 = AXIS2_PLACEMENT_3D ( 'NONE', #4054, #6975, #2617 ) ;
#2990 = ORIENTED_EDGE ( 'NONE', *, *, #3680, .F. ) ;
#2991 = VERTEX_POINT ( 'NONE', #3469 ) ;
#2992 = LINE ( 'NONE', #7992, #325 ) ;
#2993 = ADVANCED_FACE ( 'NONE', ( #4842 ), #8411, .T. ) ;
#2994 = ORIENTED_EDGE ( 'NONE', *, *, #8827, .F. ) ;
#2995 = CARTESIAN_POINT ( 'NONE',  ( 0.5999999999999999778, 2.750000000000000000, -1.620429051780690077 ) ) ;
#2996 = DIRECTION ( 'NONE',  ( -1.000000000000000000, 0.000000000000000000, 0.000000000000000000 ) ) ;
#2997 = VECTOR ( 'NONE', #1745, 1000.000000000000000 ) ;
#2998 = UNCERTAINTY_MEASURE_WITH_UNIT (LENGTH_MEASURE( 1.000000000000000082E-05 ), #2853, 'distance_accuracy_value', 'NONE');
#2999 = MECHANICAL_DESIGN_GEOMETRIC_PRESENTATION_REPRESENTATION (  '', ( #8018 ), #6513 ) ;
#3000 = SURFACE_STYLE_USAGE ( .BOTH. , #233 ) ;
#3001 = ORIENTED_EDGE ( 'NONE', *, *, #6291, .T. ) ;
#3002 = ADVANCED_FACE ( 'NONE', ( #3279 ), #368, .F. ) ;
#3003 = PLANE ( 'NONE',  #4296 ) ;
#3004 = PRODUCT_DEFINITION_SHAPE ( 'NONE', 'NONE',  #2441 ) ;
#3005 = EDGE_LOOP ( 'NONE', ( #8266, #1654, #4353, #8653 ) ) ;
#3006 =( NAMED_UNIT ( * ) PLANE_ANGLE_UNIT ( ) SI_UNIT ( $, .RADIAN. ) );
#3007 = ORIENTED_EDGE ( 'NONE', *, *, #2438, .T. ) ;
#3008 =( GEOMETRIC_REPRESENTATION_CONTEXT ( 3 ) GLOBAL_UNCERTAINTY_ASSIGNED_CONTEXT ( ( #5240 ) ) GLOBAL_UNIT_ASSIGNED_CONTEXT ( ( #346, #4768, #2575 ) ) REPRESENTATION_CONTEXT ( 'NONE', 'WORKASPACE' ) );
#3009 = LINE ( 'NONE', #2863, #2208 ) ;
#3010 = DIRECTION ( 'NONE',  ( 1.000000000000000000, 0.000000000000000000, 0.000000000000000000 ) ) ;
#3011 = PLANE ( 'NONE',  #3563 ) ;
#3012 = APPLICATION_CONTEXT ( 'automotive_design' ) ;
#3013 = EDGE_CURVE ( 'NONE', #1186, #6340, #5467, .T. ) ;
#3014 = DIRECTION ( 'NONE',  ( 0.000000000000000000, -1.000000000000000000, 0.000000000000000000 ) ) ;
#3015 = DIRECTION ( 'NONE',  ( 0.6427876096865408062, 0.000000000000000000, 0.7660444431189766812 ) ) ;
#3016 = FACE_OUTER_BOUND ( 'NONE', #7140, .T. ) ;
#3017 = LINE ( 'NONE', #5937, #7760 ) ;
#3018 = PLANE ( 'NONE',  #221 ) ;
#3019 = CARTESIAN_POINT ( 'NONE',  ( 5.950000000000000178, 0.000000000000000000, -2.949999999999999734 ) ) ;
#3020 =( NAMED_UNIT ( * ) SI_UNIT ( $, .STERADIAN. ) SOLID_ANGLE_UNIT ( ) );
#3021 = FACE_OUTER_BOUND ( 'NONE', #3887, .T. ) ;
#3022 = EDGE_CURVE ( 'NONE', #3035, #5925, #6373, .T. ) ;
#3023 = PRESENTATION_STYLE_ASSIGNMENT (( #2351 ) ) ;
#3024 = VERTEX_POINT ( 'NONE', #1230 ) ;
#3025 = ORIENTED_EDGE ( 'NONE', *, *, #6195, .F. ) ;
#3026 = APPLICATION_PROTOCOL_DEFINITION ( 'draft international standard', 'automotive_design', 1998, #8535 ) ;
#3027 = DIRECTION ( 'NONE',  ( 0.8660254037844387076, 0.000000000000000000, -0.4999999999999998890 ) ) ;
#3028 = DIRECTION ( 'NONE',  ( 1.000000000000000000, 0.000000000000000000, 0.000000000000000000 ) ) ;
#3029 = CARTESIAN_POINT ( 'NONE',  ( -7.500000000000000000, 0.000000000000000000, -4.336808689942014778E-16 ) ) ;
#3030 = DIRECTION ( 'NONE',  ( 0.000000000000000000, 1.000000000000000000, 0.000000000000000000 ) ) ;
#3031 = EDGE_CURVE ( 'NONE', #8151, #8459, #9151, .T. ) ;
#3032 = CARTESIAN_POINT ( 'NONE',  ( -5.950000000000000178, 0.5999999999999999778, -4.649999999999999467 ) ) ;
#3033 = ORIENTED_EDGE ( 'NONE', *, *, #7642, .F. ) ;
#3034 = CARTESIAN_POINT ( 'NONE',  ( 0.2000000000000000111, -2.455974827712295028, -2.503301133572669812 ) ) ;
#3035 = VERTEX_POINT ( 'NONE', #6990 ) ;
#3036 = ORIENTED_EDGE ( 'NONE', *, *, #2075, .F. ) ;
#3037 = DIRECTION ( 'NONE',  ( 0.000000000000000000, 0.000000000000000000, 1.000000000000000000 ) ) ;
#3038 = VERTEX_POINT ( 'NONE', #7746 ) ;
#3039 = CARTESIAN_POINT ( 'NONE',  ( -7.500000000000000000, 0.000000000000000000, 4.899999999999999467 ) ) ;
#3040 = UNCERTAINTY_MEASURE_WITH_UNIT (LENGTH_MEASURE( 1.000000000000000082E-05 ), #4721, 'distance_accuracy_value', 'NONE');
#3041 = SURFACE_STYLE_FILL_AREA ( #5872 ) ;
#3042 = CARTESIAN_POINT ( 'NONE',  ( 5.000000000000000000, 3.750000000000000000, 2.948677781956460464 ) ) ;
#3043 = VERTEX_POINT ( 'NONE', #6187 ) ;
#3044 = CARTESIAN_POINT ( 'NONE',  ( -7.500000000000000000, 2.900543414065470227, -1.250000000000000000 ) ) ;
#3045 = EDGE_LOOP ( 'NONE', ( #7104, #6005, #2890, #3482 ) ) ;
#3046 = ORIENTED_EDGE ( 'NONE', *, *, #8349, .F. ) ;
#3047 = PLANE ( 'NONE',  #2080 ) ;
#3048 =( LENGTH_UNIT ( ) NAMED_UNIT ( * ) SI_UNIT ( .MILLI., .METRE. ) );
#3049 = ADVANCED_FACE ( 'NONE', ( #6892 ), #420, .T. ) ;
#3050 = DIRECTION ( 'NONE',  ( 0.000000000000000000, 0.000000000000000000, 1.000000000000000000 ) ) ;
#3051 = EDGE_CURVE ( 'NONE', #8202, #536, #9207, .T. ) ;
#3052 = FACE_OUTER_BOUND ( 'NONE', #2423, .T. ) ;
#3053 = SURFACE_SIDE_STYLE ('',( #157 ) ) ;
#3054 = DIRECTION ( 'NONE',  ( 0.000000000000000000, 0.000000000000000000, -1.000000000000000000 ) ) ;
#3055 = EDGE_CURVE ( 'NONE', #5136, #7740, #3328, .T. ) ;
#3056 = FACE_OUTER_BOUND ( 'NONE', #208, .T. ) ;
#3057 = VECTOR ( 'NONE', #1490, 1000.000000000000000 ) ;
#3058 = DIRECTION ( 'NONE',  ( 1.000000000000000000, 0.000000000000000000, 0.000000000000000000 ) ) ;
#3059 =( LENGTH_UNIT ( ) NAMED_UNIT ( * ) SI_UNIT ( .MILLI., .METRE. ) );
#3060 = ADVANCED_BREP_SHAPE_REPRESENTATION ( '', ( #1153, #3266 ), #7371 ) ;
#3061 = FILL_AREA_STYLE ('',( #163 ) ) ;
#3062 =( NAMED_UNIT ( * ) SI_UNIT ( $, .STERADIAN. ) SOLID_ANGLE_UNIT ( ) );
#3063 = CARTESIAN_POINT ( 'NONE',  ( -5.950000000000000178, 2.900543414065470227, 0.8499999999999999778 ) ) ;
#3064 = DIRECTION ( 'NONE',  ( 0.000000000000000000, -1.000000000000000000, 0.000000000000000000 ) ) ;
#3065 = AXIS2_PLACEMENT_3D ( 'NONE', #695, #3596, #6519 ) ;
#3066 = PLANE ( 'NONE',  #6762 ) ;
#3067 = EDGE_LOOP ( 'NONE', ( #3629, #7765, #2450, #6576 ) ) ;
#3068 = ORIENTED_EDGE ( 'NONE', *, *, #8614, .F. ) ;
#3069 = APPLICATION_PROTOCOL_DEFINITION ( 'draft international standard', 'automotive_design', 1998, #9131 ) ;
#3070 = CARTESIAN_POINT ( 'NONE',  ( -0.5999999999999999778, 3.750000000000000000, -1.832021428630845161 ) ) ;
#3071 = CARTESIAN_POINT ( 'NONE',  ( 5.950000000000000178, 0.5999999999999999778, 1.050000000000000044 ) ) ;
#3072 = FACE_OUTER_BOUND ( 'NONE', #9313, .T. ) ;
#3073 = CARTESIAN_POINT ( 'NONE',  ( -4.400000000000000355, 2.750000000000000000, 3.000000000000000000 ) ) ;
#3074 = PRODUCT_DEFINITION_SHAPE ( 'NONE', 'NONE',  #9390 ) ;
#3075 = PRODUCT_DEFINITION_FORMATION_WITH_SPECIFIED_SOURCE ( 'ANY', '', #4659, .NOT_KNOWN. ) ;
#3076 = VERTEX_POINT ( 'NONE', #8462 ) ;
#3077 = DIRECTION ( 'NONE',  ( 0.000000000000000000, 1.000000000000000000, 0.000000000000000000 ) ) ;
#3078 = ORIENTED_EDGE ( 'NONE', *, *, #4293, .F. ) ;
#3079 = ORIENTED_EDGE ( 'NONE', *, *, #4240, .T. ) ;
#3080 = ORIENTED_EDGE ( 'NONE', *, *, #4540, .T. ) ;
#3081 = CARTESIAN_POINT ( 'NONE',  ( 3.799999999999999822, 3.750000000000000000, -1.056182713513598159 ) ) ;
#3082 = EDGE_CURVE ( 'NONE', #438, #5233, #1192, .T. ) ;
#3083 = ADVANCED_FACE ( 'NONE', ( #2689 ), #2730, .F. ) ;
#3084 = DIRECTION ( 'NONE',  ( 0.000000000000000000, 0.000000000000000000, -1.000000000000000000 ) ) ;
#3085 = EDGE_LOOP ( 'NONE', ( #7268, #8080, #2288, #5235 ) ) ;
#3086 = CARTESIAN_POINT ( 'NONE',  ( 0.2000000000000000111, 2.750000000000000000, 2.573831925856055136 ) ) ;
#3087 = VERTEX_POINT ( 'NONE', #5666 ) ;
#3088 = EDGE_CURVE ( 'NONE', #7373, #3807, #1135, .T. ) ;
#3089 = FILL_AREA_STYLE ('',( #6717 ) ) ;
#3090 = EDGE_LOOP ( 'NONE', ( #8053, #3742, #5432, #7100 ) ) ;
#3091 = VECTOR ( 'NONE', #2244, 1000.000000000000000 ) ;
#3092 = CARTESIAN_POINT ( 'NONE',  ( 0.5999999999999999778, 3.750000000000000000, -1.620429051780690077 ) ) ;
#3093 = DIRECTION ( 'NONE',  ( 0.000000000000000000, 1.000000000000000000, 0.000000000000000000 ) ) ;
#3094 = CLOSED_SHELL ( 'NONE', ( #8305, #707, #6537, #8410 ) ) ;
#3095 = LINE ( 'NONE', #6639, #2056 ) ;
#3096 = VECTOR ( 'NONE', #3335, 1000.000000000000000 ) ;
#3097 = LINE ( 'NONE', #4478, #7094 ) ;
#3098 = VECTOR ( 'NONE', #1638, 1000.000000000000000 ) ;
#3099 = PRESENTATION_STYLE_ASSIGNMENT (( #6820 ) ) ;
#3100 = LINE ( 'NONE', #8016, #6319 ) ;
#3101 = FILL_AREA_STYLE_COLOUR ( '', #8281 ) ;
#3102 = VECTOR ( 'NONE', #7139, 999.9999999999998863 ) ;
#3103 = VECTOR ( 'NONE', #9099, 1000.000000000000114 ) ;
#3104 = ORIENTED_EDGE ( 'NONE', *, *, #8887, .T. ) ;
#3105 = CARTESIAN_POINT ( 'NONE',  ( -7.500000000000000000, 0.000000000000000000, 0.6500000000000000222 ) ) ;
#3106 = LINE ( 'NONE', #3863, #5881 ) ;
#3107 = ADVANCED_FACE ( 'NONE', ( #7609 ), #3369, .F. ) ;
#3108 = AXIS2_PLACEMENT_3D ( 'NONE', #6456, #3458, #8541 ) ;
#3109 = CARTESIAN_POINT ( 'NONE',  ( -5.950000000000000178, 0.5999999999999999778, 0.8499999999999999778 ) ) ;
#3110 = VECTOR ( 'NONE', #1312, 1000.000000000000000 ) ;
#3111 = AXIS2_PLACEMENT_3D ( 'NONE', #5654, #9294, #2768 ) ;
#3112 =( NAMED_UNIT ( * ) PLANE_ANGLE_UNIT ( ) SI_UNIT ( $, .RADIAN. ) );
#3113 = CARTESIAN_POINT ( 'NONE',  ( 4.599999999999999645, 2.750000000000000000, -1.727462418455419924 ) ) ;
#3114 =( NAMED_UNIT ( * ) SI_UNIT ( $, .STERADIAN. ) SOLID_ANGLE_UNIT ( ) );
#3115 = ORIENTED_EDGE ( 'NONE', *, *, #4212, .T. ) ;
#3116 = VECTOR ( 'NONE', #7490, 1000.000000000000000 ) ;
#3117 = EDGE_CURVE ( 'NONE', #8623, #7315, #5512, .T. ) ;
#3118 = VERTEX_POINT ( 'NONE', #8506 ) ;
#3119 = APPLICATION_PROTOCOL_DEFINITION ( 'draft international standard', 'automotive_design', 1998, #7029 ) ;
#3120 = VECTOR ( 'NONE', #7970, 1000.000000000000000 ) ;
#3121 = CARTESIAN_POINT ( 'NONE',  ( 0.8000000000000000444, 3.750000000000000000, -3.006760912279035303 ) ) ;
#3122 = CARTESIAN_POINT ( 'NONE',  ( -5.949999999999919353, 3.750000000000000000, -2.949999999999999734 ) ) ;
#3123 = PLANE ( 'NONE',  #4155 ) ;
#3124 = PRESENTATION_LAYER_ASSIGNMENT (  '', '', ( #5265 ) ) ;
#3125 = VECTOR ( 'NONE', #8019, 1000.000000000000000 ) ;
#3126 = ORIENTED_EDGE ( 'NONE', *, *, #7512, .F. ) ;
#3127 = DIRECTION ( 'NONE',  ( 0.000000000000000000, -1.000000000000000000, 0.000000000000000000 ) ) ;
#3128 = VERTEX_POINT ( 'NONE', #2553 ) ;
#3129 = VECTOR ( 'NONE', #3179, 1000.000000000000114 ) ;
#3130 = EDGE_LOOP ( 'NONE', ( #2233, #4367, #5776, #4589 ) ) ;
#3131 = VECTOR ( 'NONE', #8729, 1000.000000000000000 ) ;
#3132 = CARTESIAN_POINT ( 'NONE',  ( -5.000000000000000000, 3.750000000000000000, -2.948677781956460464 ) ) ;
#3133 = ORIENTED_EDGE ( 'NONE', *, *, #2523, .F. ) ;
#3134 =( REPRESENTATION_RELATIONSHIP ('NONE','NONE', #3559, #8536 ) REPRESENTATION_RELATIONSHIP_WITH_TRANSFORMATION ( #404 )SHAPE_REPRESENTATION_RELATIONSHIP( ) );
#3135 = LINE ( 'NONE', #8878, #7707 ) ;
#3137 = STYLED_ITEM ( 'NONE', ( #4143 ), #617 ) ;
#3136 = DIRECTION ( 'NONE',  ( 0.000000000000000000, -1.000000000000000000, 0.000000000000000000 ) ) ;
#3138 = CARTESIAN_POINT ( 'NONE',  ( 0.000000000000000000, 2.750000000000000000, 0.000000000000000000 ) ) ;
#3139 = ORIENTED_EDGE ( 'NONE', *, *, #1327, .F. ) ;
#3140 = STYLED_ITEM ( 'NONE', ( #7239 ), #1610 ) ;
#3141 = AXIS2_PLACEMENT_3D ( 'NONE', #3869, #3959, #4635 ) ;
#3142 = DIRECTION ( 'NONE',  ( 0.000000000000000000, 0.000000000000000000, -1.000000000000000000 ) ) ;
#3143 = EDGE_CURVE ( 'NONE', #6370, #3306, #8368, .T. ) ;
#3144 = EDGE_CURVE ( 'NONE', #2728, #4351, #4879, .T. ) ;
#3145 = EDGE_LOOP ( 'NONE', ( #2637, #5489, #1811, #8888 ) ) ;
#3146 = CARTESIAN_POINT ( 'NONE',  ( -0.8000000000000000444, 2.750000000000000000, 1.788248978016145241 ) ) ;
#3147 = VERTEX_POINT ( 'NONE', #2086 ) ;
#3148 = DIRECTION ( 'NONE',  ( 0.000000000000000000, 0.000000000000000000, -1.000000000000000000 ) ) ;
#3149 = AXIS2_PLACEMENT_3D ( 'NONE', #1958, #1203, #4132 ) ;
#3150 = LINE ( 'NONE', #4567, #2227 ) ;
#3151 = VECTOR ( 'NONE', #4391, 1000.000000000000000 ) ;
#3152 = EDGE_CURVE ( 'NONE', #4022, #2302, #7979, .T. ) ;
#3153 = CARTESIAN_POINT ( 'NONE',  ( -7.500000000000000000, 0.5999999999999999778, 1.050000000000000044 ) ) ;
#3154 = PRODUCT_RELATED_PRODUCT_CATEGORY ( 'part', '', ( #482 ) ) ;
#3155 = LINE ( 'NONE', #2426, #1422 ) ;
#3156 = STYLED_ITEM ( 'NONE', ( #9355 ), #2160 ) ;
#3157 = FILL_AREA_STYLE ('',( #1109 ) ) ;
#3158 = DIRECTION ( 'NONE',  ( -0.000000000000000000, 1.000000000000000000, 0.000000000000000000 ) ) ;
#3159 = VECTOR ( 'NONE', #3588, 1000.000000000000000 ) ;
#3160 = ORIENTED_EDGE ( 'NONE', *, *, #8442, .F. ) ;
#3161 = LINE ( 'NONE', #7628, #7862 ) ;
#3162 = CYLINDRICAL_SURFACE ( 'NONE', #7378, 0.5999999999999999778 ) ;
#3163 = UNCERTAINTY_MEASURE_WITH_UNIT (LENGTH_MEASURE( 1.000000000000000082E-05 ), #1060, 'distance_accuracy_value', 'NONE');
#3164 = LINE ( 'NONE', #1784, #5601 ) ;
#3165 =( GEOMETRIC_REPRESENTATION_CONTEXT ( 3 ) GLOBAL_UNCERTAINTY_ASSIGNED_CONTEXT ( ( #94 ) ) GLOBAL_UNIT_ASSIGNED_CONTEXT ( ( #5182, #901, #3787 ) ) REPRESENTATION_CONTEXT ( 'NONE', 'WORKASPACE' ) );
#3166 = UNCERTAINTY_MEASURE_WITH_UNIT (LENGTH_MEASURE( 1.000000000000000082E-05 ), #9378, 'distance_accuracy_value', 'NONE');
#3167 = PLANE ( 'NONE',  #4204 ) ;
#3168 = CARTESIAN_POINT ( 'NONE',  ( -4.400000000000000355, 2.750000000000000000, 4.200000000000000178 ) ) ;
#3169 = DIRECTION ( 'NONE',  ( 0.000000000000000000, 1.000000000000000000, 0.000000000000000000 ) ) ;
#3170 = ORIENTED_EDGE ( 'NONE', *, *, #8847, .T. ) ;
#3171 = VERTEX_POINT ( 'NONE', #7167 ) ;
#3172 = PRODUCT_CONTEXT ( 'NONE', #5692, 'mechanical' ) ;
#3173 = CARTESIAN_POINT ( 'NONE',  ( 7.500000000000000000, 0.000000000000000000, 4.450000000000000178 ) ) ;
#3174 = FACE_OUTER_BOUND ( 'NONE', #8599, .T. ) ;
#3175 = CARTESIAN_POINT ( 'NONE',  ( 7.500000000000000000, 2.900543414065470227, -0.8499999999999999778 ) ) ;
#3176 =( LENGTH_UNIT ( ) NAMED_UNIT ( * ) SI_UNIT ( .MILLI., .METRE. ) );
#3177 = VERTEX_POINT ( 'NONE', #4399 ) ;
#3178 = CARTESIAN_POINT ( 'NONE',  ( 7.500000000000000000, 0.5999999999999999778, -2.550000000000000266 ) ) ;
#3179 = DIRECTION ( 'NONE',  ( -0.7660444431189782355, 0.000000000000000000, 0.6427876096865390299 ) ) ;
#3180 = ORIENTED_EDGE ( 'NONE', *, *, #5397, .T. ) ;
#3181 = EDGE_LOOP ( 'NONE', ( #1927, #2948, #7660, #8346 ) ) ;
#3182 = EDGE_CURVE ( 'NONE', #2055, #1265, #27, .T. ) ;
#3183 = FILL_AREA_STYLE ('',( #7421 ) ) ;
#3184 = ORIENTED_EDGE ( 'NONE', *, *, #5781, .F. ) ;
#3185 = FACE_OUTER_BOUND ( 'NONE', #3045, .T. ) ;
#3186 = EDGE_LOOP ( 'NONE', ( #6556, #6490, #2994, #5072, #9376, #8378 ) ) ;
#3187 = CARTESIAN_POINT ( 'NONE',  ( 4.535639852470909616, 3.750000000000000000, 3.338322210481544872 ) ) ;
#3188 = VERTEX_POINT ( 'NONE', #8603 ) ;
#3189 = APPLICATION_CONTEXT ( 'automotive_design' ) ;
#3190 = VERTEX_POINT ( 'NONE', #78 ) ;
#3191 = PLANE ( 'NONE',  #2522 ) ;
#3192 = EDGE_CURVE ( 'NONE', #3285, #7603, #2129, .T. ) ;
#3193 = LINE ( 'NONE', #6105, #7346 ) ;
#3194 = DIRECTION ( 'NONE',  ( -1.000000000000000000, 0.000000000000000000, 0.000000000000000000 ) ) ;
#3195 = ADVANCED_FACE ( 'NONE', ( #5907 ), #5803, .F. ) ;
#3196 = FACE_BOUND ( 'NONE', #1202, .T. ) ;
#3197 =( GEOMETRIC_REPRESENTATION_CONTEXT ( 3 ) GLOBAL_UNCERTAINTY_ASSIGNED_CONTEXT ( ( #4096 ) ) GLOBAL_UNIT_ASSIGNED_CONTEXT ( ( #5457, #1835, #4726 ) ) REPRESENTATION_CONTEXT ( 'NONE', 'WORKASPACE' ) );
#3198 = ORIENTED_EDGE ( 'NONE', *, *, #3, .F. ) ;
#3199 = CARTESIAN_POINT ( 'NONE',  ( -0.2000000000000000111, 2.750000000000000000, 2.503301133572669812 ) ) ;
#3200 = CARTESIAN_POINT ( 'NONE',  ( -0.8000000000000000444, 2.750000000000000000, 1.788248978016145241 ) ) ;
#3201 = EDGE_CURVE ( 'NONE', #6716, #9058, #8030, .T. ) ;
#3202 = EDGE_CURVE ( 'NONE', #8655, #3682, #612, .T. ) ;
#3203 = EDGE_CURVE ( 'NONE', #2612, #3706, #947, .T. ) ;
#3204 = CARTESIAN_POINT ( 'NONE',  ( -7.500000000000000000, 2.900543414065470227, -2.550000000000000266 ) ) ;
#3205 = PRESENTATION_STYLE_ASSIGNMENT (( #8252 ) ) ;
#3206 = CARTESIAN_POINT ( 'NONE',  ( 5.950000000000000178, 0.000000000000000000, 2.750000000000000000 ) ) ;
#3207 = DIRECTION ( 'NONE',  ( 0.000000000000000000, 0.000000000000000000, -1.000000000000000000 ) ) ;
#3208 = ORIENTED_EDGE ( 'NONE', *, *, #1511, .F. ) ;
#3209 = CIRCLE ( 'NONE', #2898, 0.5999999999999998668 ) ;
#3210 = VERTEX_POINT ( 'NONE', #5851 ) ;
#3211 = ITEM_DEFINED_TRANSFORMATION ( 'NONE', 'NONE', #6583,  #3266 ) ;
#3212 = EDGE_CURVE ( 'NONE', #1265, #4187, #2978, .T. ) ;
#3213 = PLANE ( 'NONE',  #4270 ) ;
#3214 = PRODUCT ( 'Boss-Extrude3[6]_1', 'Boss-Extrude3[6]_1', '', ( #8070 ) ) ;
#3215 = DIRECTION ( 'NONE',  ( -1.000000000000000000, 0.000000000000000000, 0.000000000000000000 ) ) ;
#3216 = LINE ( 'NONE', #8400, #7212 ) ;
#3217 = VECTOR ( 'NONE', #5370, 1000.000000000000000 ) ;
#3218 = CARTESIAN_POINT ( 'NONE',  ( -7.500000000000000000, 0.000000000000000000, -4.899999999999999467 ) ) ;
#3219 = VERTEX_POINT ( 'NONE', #2776 ) ;
#3220 = DIRECTION ( 'NONE',  ( 0.000000000000000000, 1.000000000000000000, 0.000000000000000000 ) ) ;
#3221 = CARTESIAN_POINT ( 'NONE',  ( 0.2000000000000000111, 2.750000000000000000, -2.503301133572669812 ) ) ;
#3222 = ORIENTED_EDGE ( 'NONE', *, *, #3701, .T. ) ;
#3223 = CARTESIAN_POINT ( 'NONE',  ( 0.000000000000000000, 0.000000000000000000, 0.000000000000000000 ) ) ;
#3224 = EDGE_LOOP ( 'NONE', ( #3329, #8476, #2125, #6746 ) ) ;
#3225 = LINE ( 'NONE', #321, #2446 ) ;
#3226 = VERTEX_POINT ( 'NONE', #2918 ) ;
#3227 = DIRECTION ( 'NONE',  ( -1.000000000000000000, 0.000000000000000000, 0.000000000000000000 ) ) ;
#3228 = DIRECTION ( 'NONE',  ( 0.000000000000000000, 1.000000000000000000, 0.000000000000000000 ) ) ;
#3229 = ORIENTED_EDGE ( 'NONE', *, *, #1120, .T. ) ;
#3230 = EDGE_CURVE ( 'NONE', #7740, #1602, #6418, .T. ) ;
#3231 = CARTESIAN_POINT ( 'NONE',  ( 0.2000000000000000111, 2.750000000000000000, 2.573831925856055136 ) ) ;
#3232 = ORIENTED_EDGE ( 'NONE', *, *, #8850, .T. ) ;
#3233 = CARTESIAN_POINT ( 'NONE',  ( 7.500000000000000000, 0.5999999999999999778, -0.8499999999999999778 ) ) ;
#3234 = VECTOR ( 'NONE', #4722, 1000.000000000000000 ) ;
#3235 = VERTEX_POINT ( 'NONE', #4298 ) ;
#3236 = ADVANCED_FACE ( 'NONE', ( #2836 ), #7217, .F. ) ;
#3237 = SHAPE_DEFINITION_REPRESENTATION ( #5501, #3559 ) ;
#3238 = ORIENTED_EDGE ( 'NONE', *, *, #154, .T. ) ;
#3239 = DIRECTION ( 'NONE',  ( 0.000000000000000000, 0.000000000000000000, 1.000000000000000000 ) ) ;
#3240 = CARTESIAN_POINT ( 'NONE',  ( 7.500000000000000000, 0.5999999999999999778, 4.649999999999999467 ) ) ;
#3241 = CARTESIAN_POINT ( 'NONE',  ( 5.950000000000000178, 0.000000000000000000, -0.8499999999999999778 ) ) ;
#3242 =( NAMED_UNIT ( * ) SI_UNIT ( $, .STERADIAN. ) SOLID_ANGLE_UNIT ( ) );
#3243 = LINE ( 'NONE', #6773, #3412 ) ;
#3244 = STYLED_ITEM ( 'NONE', ( #4258 ), #7843 ) ;
#3245 = CLOSED_SHELL ( 'NONE', ( #3310, #8494, #1258, #4007, #4796, #3724, #1647, #5609 ) ) ;
#3246 = ORIENTED_EDGE ( 'NONE', *, *, #4083, .F. ) ;
#3247 = FACE_OUTER_BOUND ( 'NONE', #2187, .T. ) ;
#3248 = LINE ( 'NONE', #8488, #2481 ) ;
#3249 = VECTOR ( 'NONE', #4850, 1000.000000000000000 ) ;
#3250 = PRESENTATION_STYLE_ASSIGNMENT (( #1169 ) ) ;
#3251 = VECTOR ( 'NONE', #8104, 1000.000000000000114 ) ;
#3252 = AXIS2_PLACEMENT_3D ( 'NONE', #2813, #5014, #8631 ) ;
#3253 = AXIS2_PLACEMENT_3D ( 'NONE', #5621, #6234, #917 ) ;
#3254 = DIRECTION ( 'NONE',  ( 0.000000000000000000, 1.000000000000000000, 0.000000000000000000 ) ) ;
#3255 = VECTOR ( 'NONE', #8345, 1000.000000000000000 ) ;
#3256 = LINE ( 'NONE', #5403, #3864 ) ;
#3257 = ADVANCED_FACE ( 'NONE', ( #8681 ), #2171, .F. ) ;
#3258 = EDGE_CURVE ( 'NONE', #2801, #7088, #7494, .T. ) ;
#3259 = ORIENTED_EDGE ( 'NONE', *, *, #1814, .T. ) ;
#3260 = CIRCLE ( 'NONE', #6010, 0.6500000000000000222 ) ;
#3261 = UNCERTAINTY_MEASURE_WITH_UNIT (LENGTH_MEASURE( 1.000000000000000082E-05 ), #9191, 'distance_accuracy_value', 'NONE');
#3262 = CARTESIAN_POINT ( 'NONE',  ( -0.5999999999999999778, 2.750000000000000000, -1.832021428630845161 ) ) ;
#3263 = FILL_AREA_STYLE ('',( #354 ) ) ;
#3264 = DIRECTION ( 'NONE',  ( 0.000000000000000000, 0.000000000000000000, -1.000000000000000000 ) ) ;
#3265 = AXIS2_PLACEMENT_3D ( 'NONE', #7380, #2284, #2376 ) ;
#3266 = AXIS2_PLACEMENT_3D ( 'NONE', #3528, #4422, #4378 ) ;
#3267 =( NAMED_UNIT ( * ) SI_UNIT ( $, .STERADIAN. ) SOLID_ANGLE_UNIT ( ) );
#3268 = AXIS2_PLACEMENT_3D ( 'NONE', #3453, #5015, #3580 ) ;
#3269 = EDGE_CURVE ( 'NONE', #4455, #4875, #129, .T. ) ;
#3270 = VERTEX_POINT ( 'NONE', #3070 ) ;
#3271 = CARTESIAN_POINT ( 'NONE',  ( 6.500000000000000000, 3.750000000000000000, 4.899999999999999467 ) ) ;
#3272 = VECTOR ( 'NONE', #1932, 1000.000000000000000 ) ;
#3273 = CARTESIAN_POINT ( 'NONE',  ( -2.250000000000000000, 0.000000000000000000, -0.5000000000000000000 ) ) ;
#3274 = ORIENTED_EDGE ( 'NONE', *, *, #5955, .F. ) ;
#3275 = STYLED_ITEM ( 'NONE', ( #424 ), #1026 ) ;
#3276 =( GEOMETRIC_REPRESENTATION_CONTEXT ( 3 ) GLOBAL_UNCERTAINTY_ASSIGNED_CONTEXT ( ( #7626 ) ) GLOBAL_UNIT_ASSIGNED_CONTEXT ( ( #5037, #8561, #42 ) ) REPRESENTATION_CONTEXT ( 'NONE', 'WORKASPACE' ) );
#3277 = CARTESIAN_POINT ( 'NONE',  ( 0.000000000000000000, 0.000000000000000000, 0.000000000000000000 ) ) ;
#3278 = ORIENTED_EDGE ( 'NONE', *, *, #4183, .F. ) ;
#3279 = FACE_OUTER_BOUND ( 'NONE', #8147, .T. ) ;
#3280 = EDGE_LOOP ( 'NONE', ( #5592, #9251, #1228, #7786 ) ) ;
#3281 = CARTESIAN_POINT ( 'NONE',  ( 4.000000000000000000, 3.750000000000000000, -2.442514574011950046 ) ) ;
#3282 = MECHANICAL_DESIGN_GEOMETRIC_PRESENTATION_REPRESENTATION (  '', ( #9030 ), #4489 ) ;
#3283 = COLOUR_RGB ( '',0.7921568627450980005, 0.8196078431372548767, 0.9333333333333333481 ) ;
#3284 = LINE ( 'NONE', #9071, #8435 ) ;
#3285 = VERTEX_POINT ( 'NONE', #5177 ) ;
#3286 = AXIS2_PLACEMENT_3D ( 'NONE', #1267, #3544, #5662 ) ;
#3287 = CARTESIAN_POINT ( 'NONE',  ( -0.8000000000000000444, 2.750000000000000000, -3.288884081412580151 ) ) ;
#3288 = ORIENTED_EDGE ( 'NONE', *, *, #7079, .F. ) ;
#3289 = EDGE_CURVE ( 'NONE', #8787, #4154, #8225, .T. ) ;
#3290 = DIRECTION ( 'NONE',  ( 1.000000000000000000, 0.000000000000000000, 0.000000000000000000 ) ) ;
#3291 = VECTOR ( 'NONE', #7231, 1000.000000000000000 ) ;
#3292 = EDGE_LOOP ( 'NONE', ( #9219, #632, #1394, #7473 ) ) ;
#3293 = DIRECTION ( 'NONE',  ( 1.000000000000000000, 0.000000000000000000, 0.000000000000000000 ) ) ;
#3294 = FILL_AREA_STYLE_COLOUR ( '', #2825 ) ;
#3295 = PRESENTATION_LAYER_ASSIGNMENT (  '', '', ( #1776 ) ) ;
#3296 = EDGE_CURVE ( 'NONE', #2991, #8136, #843, .T. ) ;
#3297 = CARTESIAN_POINT ( 'NONE',  ( -7.500000000000000000, 0.5999999999999999778, 0.8499999999999999778 ) ) ;
#3298 = PRESENTATION_LAYER_ASSIGNMENT (  '', '', ( #7401 ) ) ;
#3299 = EDGE_CURVE ( 'NONE', #9320, #523, #1698, .T. ) ;
#3300 = DIRECTION ( 'NONE',  ( -1.000000000000000000, 0.000000000000000000, 0.000000000000000000 ) ) ;
#3301 = PRODUCT ( 'Boss-Extrude5[1]_1', 'Boss-Extrude5[1]_1', '', ( #5280 ) ) ;
#3302 =( NAMED_UNIT ( * ) SI_UNIT ( $, .STERADIAN. ) SOLID_ANGLE_UNIT ( ) );
#3303 = DIRECTION ( 'NONE',  ( 0.000000000000000000, -1.000000000000000000, 0.000000000000000000 ) ) ;
#3304 = AXIS2_PLACEMENT_3D ( 'NONE', #8466, #1947, #1990 ) ;
#3305 = STYLED_ITEM ( 'NONE', ( #9052 ), #4328 ) ;
#3306 = VERTEX_POINT ( 'NONE', #6037 ) ;
#3307 = DIRECTION ( 'NONE',  ( 0.000000000000000000, 0.000000000000000000, -1.000000000000000000 ) ) ;
#3308 = LINE ( 'NONE', #6216, #2358 ) ;
#3309 = CARTESIAN_POINT ( 'NONE',  ( -3.871279704941819944, 2.750000000000000000, 2.465211434995460582 ) ) ;
#3310 = ADVANCED_FACE ( 'NONE', ( #2405 ), #3784, .T. ) ;
#3311 = FILL_AREA_STYLE_COLOUR ( '', #7117 ) ;
#3312 = AXIS2_PLACEMENT_3D ( 'NONE', #6691, #1077, #8853 ) ;
#3313 = FACE_OUTER_BOUND ( 'NONE', #3224, .T. ) ;
#3314 = DIRECTION ( 'NONE',  ( -1.000000000000000000, 0.000000000000000000, 0.000000000000000000 ) ) ;
#3315 = ORIENTED_EDGE ( 'NONE', *, *, #8943, .F. ) ;
#3316 = PRESENTATION_LAYER_ASSIGNMENT (  '', '', ( #4830 ) ) ;
#3317 = CARTESIAN_POINT ( 'NONE',  ( 3.664360147529090117, 3.750000000000000000, -1.283185001540684045 ) ) ;
#3318 = FILL_AREA_STYLE_COLOUR ( '', #2088 ) ;
#3319 = ADVANCED_FACE ( 'NONE', ( #3929 ), #8259, .F. ) ;
#3320 = APPLICATION_CONTEXT ( 'automotive_design' ) ;
#3321 = SHAPE_REPRESENTATION ( 'Boss-Extrude3[6]_1', ( #3266 ), #6165 ) ;
#3322 = VERTEX_POINT ( 'NONE', #5946 ) ;
#3323 = LINE ( 'NONE', #7031, #5858 ) ;
#3324 = DIRECTION ( 'NONE',  ( 0.000000000000000000, -1.000000000000000000, 0.000000000000000000 ) ) ;
#3325 = ORIENTED_EDGE ( 'NONE', *, *, #5333, .F. ) ;
#3326 = DIRECTION ( 'NONE',  ( 0.000000000000000000, 0.000000000000000000, 1.000000000000000000 ) ) ;
#3327 = ORIENTED_EDGE ( 'NONE', *, *, #5386, .T. ) ;
#3328 = LINE ( 'NONE', #4115, #783 ) ;
#3329 = ORIENTED_EDGE ( 'NONE', *, *, #3299, .F. ) ;
#3330 = DIRECTION ( 'NONE',  ( 0.000000000000000000, -1.000000000000000000, 0.000000000000000000 ) ) ;
#3331 = PLANE ( 'NONE',  #5705 ) ;
#3332 = ADVANCED_FACE ( 'NONE', ( #7411 ), #3213, .F. ) ;
#3333 = FACE_OUTER_BOUND ( 'NONE', #7122, .T. ) ;
#3334 = DIRECTION ( 'NONE',  ( 0.000000000000000000, 0.000000000000000000, -1.000000000000000000 ) ) ;
#3335 = DIRECTION ( 'NONE',  ( -0.6427876096865396960, 0.000000000000000000, -0.7660444431189776804 ) ) ;
#3336 = VERTEX_POINT ( 'NONE', #3262 ) ;
#3337 = LINE ( 'NONE', #6244, #475 ) ;
#3338 = ORIENTED_EDGE ( 'NONE', *, *, #7959, .F. ) ;
#3339 = DIRECTION ( 'NONE',  ( 0.000000000000000000, 0.000000000000000000, -1.000000000000000000 ) ) ;
#3340 = CARTESIAN_POINT ( 'NONE',  ( -3.799999999999999822, 2.750000000000000000, 1.121535720059525953 ) ) ;
#3341 = ORIENTED_EDGE ( 'NONE', *, *, #4120, .T. ) ;
#3342 = LINE ( 'NONE', #8431, #6002 ) ;
#3343 = SURFACE_STYLE_FILL_AREA ( #3157 ) ;
#3344 = CARTESIAN_POINT ( 'NONE',  ( -3.935639852470909972, 2.750000000000000000, -3.841781989187914803 ) ) ;
#3345 = UNCERTAINTY_MEASURE_WITH_UNIT (LENGTH_MEASURE( 1.000000000000000082E-05 ), #6088, 'distance_accuracy_value', 'NONE');
#3346 = ORIENTED_EDGE ( 'NONE', *, *, #2052, .T. ) ;
#3347 = CARTESIAN_POINT ( 'NONE',  ( 2.250000000000000000, 0.000000000000000000, -0.09999999999999993616 ) ) ;
#3348 = LINE ( 'NONE', #8439, #6632 ) ;
#3349 = DIRECTION ( 'NONE',  ( 0.6427876096865385858, 0.000000000000000000, 0.7660444431189786796 ) ) ;
#3350 = SURFACE_SIDE_STYLE ('',( #397 ) ) ;
#3351 = ADVANCED_FACE ( 'NONE', ( #7597 ), #2542, .F. ) ;
#3352 = DIRECTION ( 'NONE',  ( 1.000000000000000000, 0.000000000000000000, 0.000000000000000000 ) ) ;
#3353 = CARTESIAN_POINT ( 'NONE',  ( 7.500000000000000000, 0.000000000000000000, 3.149999999999999911 ) ) ;
#3354 = EDGE_CURVE ( 'NONE', #6957, #4284, #6171, .T. ) ;
#3355 = AXIS2_PLACEMENT_3D ( 'NONE', #8538, #1309, #5751 ) ;
#3356 = DIRECTION ( 'NONE',  ( -0.6427876096865390299, 0.000000000000000000, -0.7660444431189782355 ) ) ;
#3357 = EDGE_LOOP ( 'NONE', ( #1671, #6991, #2111, #6736 ) ) ;
#3358 = LINE ( 'NONE', #1218, #8960 ) ;
#3359 = DIRECTION ( 'NONE',  ( 0.7660444431189782355, 0.000000000000000000, -0.6427876096865391409 ) ) ;
#3360 = PRESENTATION_STYLE_ASSIGNMENT (( #6410 ) ) ;
#3361 = CARTESIAN_POINT ( 'NONE',  ( 7.500000000000000000, 0.000000000000000000, -3.149999999999999911 ) ) ;
#3362 = CIRCLE ( 'NONE', #6715, 0.6500000000000000222 ) ;
#3363 = VERTEX_POINT ( 'NONE', #9192 ) ;
#3364 = CARTESIAN_POINT ( 'NONE',  ( 5.950000000000000178, 3.750000000000000000, 0.8499999999999999778 ) ) ;
#3365 = DIRECTION ( 'NONE',  ( -0.1736481776669309973, 0.000000000000000000, 0.9848077530122080203 ) ) ;
#3366 = VERTEX_POINT ( 'NONE', #9095 ) ;
#3367 = DIRECTION ( 'NONE',  ( 1.000000000000000000, 0.000000000000000000, 0.000000000000000000 ) ) ;
#3368 = VERTEX_POINT ( 'NONE', #1793 ) ;
#3369 = CYLINDRICAL_SURFACE ( 'NONE', #2152, 0.6500000000000000222 ) ;
#3370 = ORIENTED_EDGE ( 'NONE', *, *, #4537, .T. ) ;
#3371 = DIRECTION ( 'NONE',  ( 1.000000000000000000, 0.000000000000000000, 0.000000000000000000 ) ) ;
#3372 = FACE_OUTER_BOUND ( 'NONE', #6130, .T. ) ;
#3373 = AXIS2_PLACEMENT_3D ( 'NONE', #3795, #6706, #6090 ) ;
#3374 = CARTESIAN_POINT ( 'NONE',  ( 7.500000000000000000, 0.000000000000000000, -4.899999999999999467 ) ) ;
#3375 = LINE ( 'NONE', #3231, #1145 ) ;
#3376 = CARTESIAN_POINT ( 'NONE',  ( 0.5999999999999999778, 2.750000000000000000, -1.620429051780690077 ) ) ;
#3377 = LINE ( 'NONE', #1279, #666 ) ;
#3378 = VERTEX_POINT ( 'NONE', #2489 ) ;
#3379 = EDGE_CURVE ( 'NONE', #178, #3503, #4688, .T. ) ;
#3380 = CARTESIAN_POINT ( 'NONE',  ( 5.950000000000000178, 2.900543414065470227, 0.8499999999999999778 ) ) ;
#3381 = EDGE_CURVE ( 'NONE', #1900, #5174, #9047, .T. ) ;
#3382 = VERTEX_POINT ( 'NONE', #7639 ) ;
#3383 = AXIS2_PLACEMENT_3D ( 'NONE', #7035, #3326, #7085 ) ;
#3384 = ADVANCED_FACE ( 'NONE', ( #6313 ), #6880, .F. ) ;
#3385 = VERTEX_POINT ( 'NONE', #4778 ) ;
#3386 = EDGE_CURVE ( 'NONE', #6809, #1110, #2678, .T. ) ;
#3387 = PLANE ( 'NONE',  #1127 ) ;
#3388 = ORIENTED_EDGE ( 'NONE', *, *, #7016, .F. ) ;
#3390 = LINE ( 'NONE', #8572, #386 ) ;
#3389 = AXIS2_PLACEMENT_3D ( 'NONE', #8601, #2169, #2876 ) ;
#3391 = LINE ( 'NONE', #7723, #369 ) ;
#3392 = ORIENTED_EDGE ( 'NONE', *, *, #3082, .T. ) ;
#3393 = CARTESIAN_POINT ( 'NONE',  ( -5.949999999999919353, 0.000000000000000000, -2.949999999999999734 ) ) ;
#3394 = CARTESIAN_POINT ( 'NONE',  ( -5.200000000000000178, 2.316601048851675060, -4.599999999999999645 ) ) ;
#3395 = CARTESIAN_POINT ( 'NONE',  ( -7.500000000000000000, 0.5999999999999999778, 4.899999999999999467 ) ) ;
#3396 = CARTESIAN_POINT ( 'NONE',  ( 7.500000000000000000, 0.5999999999999999778, -0.6500000000000000222 ) ) ;
#3397 = VERTEX_POINT ( 'NONE', #454 ) ;
#3398 = CONTEXT_DEPENDENT_SHAPE_REPRESENTATION ( #1854, #116 ) ;
#3399 = DIRECTION ( 'NONE',  ( 0.000000000000000000, 0.000000000000000000, -1.000000000000000000 ) ) ;
#3400 = CIRCLE ( 'NONE', #7357, 0.5999999999999999778 ) ;
#3401 = CARTESIAN_POINT ( 'NONE',  ( -3.935639852470909972, 2.750000000000000000, -3.841781989187914803 ) ) ;
#3402 = AXIS2_PLACEMENT_3D ( 'NONE', #978, #5130, #2350 ) ;
#3403 = VECTOR ( 'NONE', #8736, 1000.000000000000114 ) ;
#3404 = EDGE_CURVE ( 'NONE', #1692, #9058, #3358, .T. ) ;
#3405 = ORIENTED_EDGE ( 'NONE', *, *, #1492, .T. ) ;
#3406 = AXIS2_PLACEMENT_3D ( 'NONE', #1836, #1934, #6981 ) ;
#3407 = CARTESIAN_POINT ( 'NONE',  ( 5.950000000000000178, 0.000000000000000000, -1.050000000000000044 ) ) ;
#3408 = ORIENTED_EDGE ( 'NONE', *, *, #2303, .F. ) ;
#3409 = VERTEX_POINT ( 'NONE', #7074 ) ;
#3410 = AXIS2_PLACEMENT_3D ( 'NONE', #2945, #1384, #8658 ) ;
#3411 = DIRECTION ( 'NONE',  ( 0.000000000000000000, 0.000000000000000000, -1.000000000000000000 ) ) ;
#3412 = VECTOR ( 'NONE', #4717, 1000.000000000000000 ) ;
#3413 = ORIENTED_EDGE ( 'NONE', *, *, #1284, .T. ) ;
#3414 = DIRECTION ( 'NONE',  ( -0.000000000000000000, 1.000000000000000000, 0.000000000000000000 ) ) ;
#3415 = DIRECTION ( 'NONE',  ( -0.6427876096865386968, 0.000000000000000000, -0.7660444431189786796 ) ) ;
#3416 = CARTESIAN_POINT ( 'NONE',  ( -7.500000000000000000, 2.900543414065470227, -0.6500000000000000222 ) ) ;
#3417 = AXIS2_PLACEMENT_3D ( 'NONE', #3491, #8632, #5748 ) ;
#3418 = EDGE_CURVE ( 'NONE', #3838, #6186, #769, .T. ) ;
#3419 = PRESENTATION_LAYER_ASSIGNMENT (  '', '', ( #7524 ) ) ;
#3420 = ADVANCED_FACE ( 'NONE', ( #5700 ), #1355, .T. ) ;
#3421 = DIRECTION ( 'NONE',  ( -0.7660444431189782355, 0.000000000000000000, 0.6427876096865390299 ) ) ;
#3422 = CIRCLE ( 'NONE', #77, 0.6500000000000001332 ) ;
#3423 = FACE_OUTER_BOUND ( 'NONE', #4947, .T. ) ;
#3424 = LINE ( 'NONE', #6283, #8856 ) ;
#3425 = ORIENTED_EDGE ( 'NONE', *, *, #5952, .T. ) ;
#3426 = SHAPE_REPRESENTATION_RELATIONSHIP ( 'NONE' , 'NONE' ,  #5578, #5567 ) ;
#3427 = MECHANICAL_DESIGN_GEOMETRIC_PRESENTATION_REPRESENTATION (  '', ( #1452 ), #4793 ) ;
#3428 = VERTEX_POINT ( 'NONE', #7338 ) ;
#3429 = CARTESIAN_POINT ( 'NONE',  ( -7.500000000000000000, 2.900543414065470227, -1.050000000000000044 ) ) ;
#3430 = AXIS2_PLACEMENT_3D ( 'NONE', #8674, #2077, #1402 ) ;
#3431 = ORIENTED_EDGE ( 'NONE', *, *, #7423, .T. ) ;
#3432 = CARTESIAN_POINT ( 'NONE',  ( -5.000000000000000000, 3.750000000000000000, -2.948677781956460464 ) ) ;
#3433 = VECTOR ( 'NONE', #7435, 1000.000000000000114 ) ;
#3434 = DIRECTION ( 'NONE',  ( 0.000000000000000000, -1.000000000000000000, 0.000000000000000000 ) ) ;
#3435 = MECHANICAL_DESIGN_GEOMETRIC_PRESENTATION_REPRESENTATION (  '', ( #6924 ), #6638 ) ;
#3436 = ORIENTED_EDGE ( 'NONE', *, *, #6596, .F. ) ;
#3437 = ADVANCED_FACE ( 'NONE', ( #5838 ), #2205, .F. ) ;
#3438 = LINE ( 'NONE', #440, #7956 ) ;
#3439 = PRESENTATION_LAYER_ASSIGNMENT (  '', '', ( #5270 ) ) ;
#3440 = VERTEX_POINT ( 'NONE', #2823 ) ;
#3441 = CARTESIAN_POINT ( 'NONE',  ( 2.250000000000000000, 0.1000000000000000056, -0.09999999999999993616 ) ) ;
#3442 = DIRECTION ( 'NONE',  ( 1.000000000000000000, 0.000000000000000000, 0.000000000000000000 ) ) ;
#3443 = ORIENTED_EDGE ( 'NONE', *, *, #2758, .F. ) ;
#3444 = VECTOR ( 'NONE', #6064, 1000.000000000000000 ) ;
#3445 = DIRECTION ( 'NONE',  ( 0.000000000000000000, 0.000000000000000000, -1.000000000000000000 ) ) ;
#3446 = SURFACE_STYLE_USAGE ( .BOTH. , #4280 ) ;
#3447 = EDGE_CURVE ( 'NONE', #8233, #416, #6551, .T. ) ;
#3448 = AXIS2_PLACEMENT_3D ( 'NONE', #8559, #575, #7803 ) ;
#3449 = PRODUCT_RELATED_PRODUCT_CATEGORY ( 'part', '', ( #6662 ) ) ;
#3450 = UNCERTAINTY_MEASURE_WITH_UNIT (LENGTH_MEASURE( 1.000000000000000082E-05 ), #5478, 'distance_accuracy_value', 'NONE');
#3451 = MECHANICAL_DESIGN_GEOMETRIC_PRESENTATION_REPRESENTATION (  '', ( #5128 ), #6643 ) ;
#3452 = COLOUR_RGB ( '',0.7529411764705882248, 0.000000000000000000, 0.000000000000000000 ) ;
#3453 = CARTESIAN_POINT ( 'NONE',  ( -7.500000000000000000, 0.000000000000000000, -3.799999999999999822 ) ) ;
#3454 = ORIENTED_EDGE ( 'NONE', *, *, #5757, .T. ) ;
#3455 = FACE_OUTER_BOUND ( 'NONE', #5561, .T. ) ;
#3456 = CARTESIAN_POINT ( 'NONE',  ( -5.950000000000000178, 2.900543414065470227, 1.050000000000000044 ) ) ;
#3457 = DIRECTION ( 'NONE',  ( 0.000000000000000000, -1.000000000000000000, 0.000000000000000000 ) ) ;
#3458 = DIRECTION ( 'NONE',  ( 0.000000000000000000, 0.000000000000000000, 1.000000000000000000 ) ) ;
#3459 = VECTOR ( 'NONE', #7944, 1000.000000000000000 ) ;
#3460 = LINE ( 'NONE', #4833, #7244 ) ;
#3461 = EDGE_CURVE ( 'NONE', #5044, #3043, #2718, .T. ) ;
#3462 = ORIENTED_EDGE ( 'NONE', *, *, #4358, .T. ) ;
#3463 = SURFACE_STYLE_FILL_AREA ( #6686 ) ;
#3464 = DIRECTION ( 'NONE',  ( 0.000000000000000000, 0.000000000000000000, 1.000000000000000000 ) ) ;
#3465 = EDGE_LOOP ( 'NONE', ( #3694, #4775, #6339, #7409 ) ) ;
#3466 = APPLICATION_PROTOCOL_DEFINITION ( 'draft international standard', 'automotive_design', 1998, #9384 ) ;
#3467 = STYLED_ITEM ( 'NONE', ( #3250 ), #4037 ) ;
#3468 = VERTEX_POINT ( 'NONE', #9293 ) ;
#3469 = CARTESIAN_POINT ( 'NONE',  ( 5.950000000000000178, 0.5999999999999999778, -0.8499999999999999778 ) ) ;
#3470 = CARTESIAN_POINT ( 'NONE',  ( -3.935639852470909972, 3.750000000000000000, -3.841781989187914803 ) ) ;
#3471 = FACE_OUTER_BOUND ( 'NONE', #2314, .T. ) ;
#3472 = ADVANCED_FACE ( 'NONE', ( #6364 ), #1446, .F. ) ;
#3473 = FACE_OUTER_BOUND ( 'NONE', #5157, .T. ) ;
#3474 = FACE_OUTER_BOUND ( 'NONE', #6580, .T. ) ;
#3475 = DIRECTION ( 'NONE',  ( 0.000000000000000000, -1.000000000000000000, 0.000000000000000000 ) ) ;
#3476 = VERTEX_POINT ( 'NONE', #8591 ) ;
#3477 =( NAMED_UNIT ( * ) PLANE_ANGLE_UNIT ( ) SI_UNIT ( $, .RADIAN. ) );
#3478 = ORIENTED_EDGE ( 'NONE', *, *, #5397, .F. ) ;
#3479 = LINE ( 'NONE', #2743, #933 ) ;
#3480 = ORIENTED_EDGE ( 'NONE', *, *, #6209, .F. ) ;
#3481 = DIRECTION ( 'NONE',  ( 0.6427876096865381417, 0.000000000000000000, 0.7660444431189790127 ) ) ;
#3482 = ORIENTED_EDGE ( 'NONE', *, *, #4370, .T. ) ;
#3483 = CARTESIAN_POINT ( 'NONE',  ( -5.950000000000000178, 0.5999999999999999778, 2.750000000000000000 ) ) ;
#3484 = ORIENTED_EDGE ( 'NONE', *, *, #3957, .T. ) ;
#3485 = CARTESIAN_POINT ( 'NONE',  ( -7.500000000000000000, 3.750000000000000000, 2.949999999999999734 ) ) ;
#3486 = ORIENTED_EDGE ( 'NONE', *, *, #6590, .T. ) ;
#3487 = DIRECTION ( 'NONE',  ( 0.7660444431189772363, 0.000000000000000000, -0.6427876096865402511 ) ) ;
#3488 = CARTESIAN_POINT ( 'NONE',  ( 3.799999999999999822, 3.750000000000000000, 2.461620773443864874 ) ) ;
#3489 = SURFACE_SIDE_STYLE ('',( #1970 ) ) ;
#3490 = PRESENTATION_STYLE_ASSIGNMENT (( #447 ) ) ;
#3491 = CARTESIAN_POINT ( 'NONE',  ( -7.500000000000000000, 0.000000000000000000, 3.799999999999999822 ) ) ;
#3492 = EDGE_CURVE ( 'NONE', #8068, #2502, #6452, .T. ) ;
#3493 = EDGE_LOOP ( 'NONE', ( #8858, #4253, #2127, #8783, #2887, #6367 ) ) ;
#3494 =( REPRESENTATION_RELATIONSHIP ('NONE','NONE', #3559, #5578 ) REPRESENTATION_RELATIONSHIP_WITH_TRANSFORMATION ( #5406 )SHAPE_REPRESENTATION_RELATIONSHIP( ) );
#3495 = EDGE_CURVE ( 'NONE', #1941, #8874, #9246, .T. ) ;
#3496 = CARTESIAN_POINT ( 'NONE',  ( 5.950000000000000178, 0.5999999999999999778, -2.949999999999999734 ) ) ;
#3497 = ADVANCED_FACE ( 'NONE', ( #5062 ), #4387, .T. ) ;
#3498 = CARTESIAN_POINT ( 'NONE',  ( 7.500000000000000000, 3.750000000000000000, -1.050000000000000044 ) ) ;
#3499 = ORIENTED_EDGE ( 'NONE', *, *, #2692, .T. ) ;
#3500 = ADVANCED_FACE ( 'NONE', ( #5653 ), #2072, .F. ) ;
#3501 = CARTESIAN_POINT ( 'NONE',  ( -7.500000000000000000, 0.000000000000000000, 0.6500000000000000222 ) ) ;
#3502 = ORIENTED_EDGE ( 'NONE', *, *, #6236, .T. ) ;
#3503 = VERTEX_POINT ( 'NONE', #8635 ) ;
#3504 = DIRECTION ( 'NONE',  ( -1.000000000000000000, 0.000000000000000000, 0.000000000000000000 ) ) ;
#3505 = ORIENTED_EDGE ( 'NONE', *, *, #1400, .T. ) ;
#3506 = DIRECTION ( 'NONE',  ( 1.000000000000000000, 0.000000000000000000, 0.000000000000000000 ) ) ;
#3507 = DIRECTION ( 'NONE',  ( 0.7660444431189786796, 0.000000000000000000, -0.6427876096865385858 ) ) ;
#3508 = FACE_OUTER_BOUND ( 'NONE', #6123, .T. ) ;
#3509 = CARTESIAN_POINT ( 'NONE',  ( -5.950000000000000178, 2.900543414065470227, 4.649999999999999467 ) ) ;
#3510 = FILL_AREA_STYLE ('',( #8609 ) ) ;
#3511 = CARTESIAN_POINT ( 'NONE',  ( 7.500000000000000000, 0.5999999999999999778, 4.899999999999999467 ) ) ;
#3512 =( NAMED_UNIT ( * ) SI_UNIT ( $, .STERADIAN. ) SOLID_ANGLE_UNIT ( ) );
#3513 = ORIENTED_EDGE ( 'NONE', *, *, #210, .F. ) ;
#3514 = ORIENTED_EDGE ( 'NONE', *, *, #3951, .T. ) ;
#3515 = VECTOR ( 'NONE', #3290, 1000.000000000000000 ) ;
#3516 = DIRECTION ( 'NONE',  ( -0.6427876096865396960, 0.000000000000000000, -0.7660444431189776804 ) ) ;
#3517 = EDGE_CURVE ( 'NONE', #1413, #6222, #7963, .T. ) ;
#3518 = EDGE_LOOP ( 'NONE', ( #329, #5876, #7030, #6328 ) ) ;
#3519 = DIRECTION ( 'NONE',  ( 0.000000000000000000, 1.000000000000000000, 0.000000000000000000 ) ) ;
#3520 = ADVANCED_FACE ( 'NONE', ( #6509 ), #7581, .F. ) ;
#3521 = DIRECTION ( 'NONE',  ( 0.000000000000000000, 0.000000000000000000, -1.000000000000000000 ) ) ;
#3522 = VERTEX_POINT ( 'NONE', #334 ) ;
#3523 = AXIS2_PLACEMENT_3D ( 'NONE', #8120, #5359, #1035 ) ;
#3524 =( LENGTH_UNIT ( ) NAMED_UNIT ( * ) SI_UNIT ( .MILLI., .METRE. ) );
#3525 = PRODUCT_DEFINITION_SHAPE ( 'NONE', 'NONE',  #7515 ) ;
#3526 = ORIENTED_EDGE ( 'NONE', *, *, #3542, .T. ) ;
#3527 = UNCERTAINTY_MEASURE_WITH_UNIT (LENGTH_MEASURE( 1.000000000000000082E-05 ), #347, 'distance_accuracy_value', 'NONE');
#3528 = CARTESIAN_POINT ( 'NONE',  ( 0.000000000000000000, 0.000000000000000000, 0.000000000000000000 ) ) ;
#3529 = VERTEX_POINT ( 'NONE', #885 ) ;
#3530 = LINE ( 'NONE', #7726, #5890 ) ;
#3531 = DIRECTION ( 'NONE',  ( 0.000000000000000000, 0.000000000000000000, -1.000000000000000000 ) ) ;
#3532 = FILL_AREA_STYLE_COLOUR ( '', #3605 ) ;
#3533 = PRODUCT_DEFINITION_FORMATION_WITH_SPECIFIED_SOURCE ( 'ANY', '', #1850, .NOT_KNOWN. ) ;
#3534 = CARTESIAN_POINT ( 'NONE',  ( 5.950000000000000178, 0.5999999999999999778, 0.8499999999999999778 ) ) ;
#3535 = PLANE ( 'NONE',  #3576 ) ;
#3536 = ORIENTED_EDGE ( 'NONE', *, *, #1732, .F. ) ;
#3537 = DIRECTION ( 'NONE',  ( 0.000000000000000000, 1.000000000000000000, 0.000000000000000000 ) ) ;
#3538 = CARTESIAN_POINT ( 'NONE',  ( -7.500000000000000000, 0.5999999999999999778, 3.149999999999999911 ) ) ;
#3539 = CARTESIAN_POINT ( 'NONE',  ( 7.500000000000000000, 0.5999999999999999778, 2.750000000000000000 ) ) ;
#3540 = CARTESIAN_POINT ( 'NONE',  ( 2.250000000000000000, 0.1000000000000000056, 0.5000000000000000000 ) ) ;
#3541 = ADVANCED_FACE ( 'NONE', ( #9077 ), #114, .F. ) ;
#3542 = EDGE_CURVE ( 'NONE', #7185, #3219, #8107, .T. ) ;
#3543 = ORIENTED_EDGE ( 'NONE', *, *, #5503, .F. ) ;
#3544 = DIRECTION ( 'NONE',  ( -0.1736481776669309973, 0.000000000000000000, 0.9848077530122080203 ) ) ;
#3545 = ORIENTED_EDGE ( 'NONE', *, *, #4417, .F. ) ;
#3546 = SHAPE_DEFINITION_REPRESENTATION ( #8314, #4893 ) ;
#3547 = ORIENTED_EDGE ( 'NONE', *, *, #1860, .T. ) ;
#3548 = AXIS2_PLACEMENT_3D ( 'NONE', #7301, #6692, #165 ) ;
#3549 = CARTESIAN_POINT ( 'NONE',  ( 7.500000000000000000, 2.900543414065470227, -3.149999999999999911 ) ) ;
#3550 = FILL_AREA_STYLE ('',( #747 ) ) ;
#3551 = EDGE_CURVE ( 'NONE', #8068, #3609, #8848, .T. ) ;
#3552 = VECTOR ( 'NONE', #2326, 1000.000000000000000 ) ;
#3553 = PRODUCT_DEFINITION_CONTEXT ( 'detailed design', #4953, 'design' ) ;
#3554 =( NAMED_UNIT ( * ) PLANE_ANGLE_UNIT ( ) SI_UNIT ( $, .RADIAN. ) );
#3555 = EDGE_LOOP ( 'NONE', ( #1348, #1808, #2509, #6813 ) ) ;
#3556 = DIRECTION ( 'NONE',  ( 0.000000000000000000, 0.000000000000000000, -1.000000000000000000 ) ) ;
#3557 = ORIENTED_EDGE ( 'NONE', *, *, #1116, .T. ) ;
#3558 = VECTOR ( 'NONE', #4860, 1000.000000000000000 ) ;
#3559 = SHAPE_REPRESENTATION ( 'VDMR10A0', ( #7789, #6583, #7486, #2761, #3383, #7331, #3834, #6732, #6126, #2613, #8836, #4593, #9140, #8399, #7946, #955, #6881, #9303, #6280, #6434, #2168, #189, #3389, #649 ), #1257 ) ;
#3560 = ORIENTED_EDGE ( 'NONE', *, *, #6752, .T. ) ;
#3561 = CARTESIAN_POINT ( 'NONE',  ( -7.500000000000000000, 0.5999999999999999778, 0.8499999999999999778 ) ) ;
#3562 = ORIENTED_EDGE ( 'NONE', *, *, #6693, .F. ) ;
#3563 = AXIS2_PLACEMENT_3D ( 'NONE', #4533, #877, #8760 ) ;
#3564 = AXIS2_PLACEMENT_3D ( 'NONE', #4268, #5002, #5101 ) ;
#3565 = DIRECTION ( 'NONE',  ( 0.000000000000000000, 1.000000000000000000, 0.000000000000000000 ) ) ;
#3566 = ORIENTED_EDGE ( 'NONE', *, *, #8442, .T. ) ;
#3567 = EDGE_CURVE ( 'NONE', #4351, #5678, #3017, .T. ) ;
#3568 = VECTOR ( 'NONE', #5315, 1000.000000000000000 ) ;
#3569 = DIRECTION ( 'NONE',  ( 0.000000000000000000, -1.000000000000000000, 0.000000000000000000 ) ) ;
#3570 = EDGE_LOOP ( 'NONE', ( #1199, #712, #4651, #5106 ) ) ;
#3571 = VECTOR ( 'NONE', #6461, 1000.000000000000000 ) ;
#3572 = STYLED_ITEM ( 'NONE', ( #6137 ), #927 ) ;
#3573 = EDGE_LOOP ( 'NONE', ( #711, #2100, #8480, #2464 ) ) ;
#3574 = LINE ( 'NONE', #5053, #6610 ) ;
#3575 = CARTESIAN_POINT ( 'NONE',  ( -0.8000000000000000444, 2.750000000000000000, 1.788248978016145241 ) ) ;
#3576 = AXIS2_PLACEMENT_3D ( 'NONE', #544, #6448, #9334 ) ;
#3577 = ADVANCED_FACE ( 'NONE', ( #2964 ), #6147, .F. ) ;
#3578 = AXIS2_PLACEMENT_3D ( 'NONE', #6362, #9244, #2717 ) ;
#3579 = LINE ( 'NONE', #5304, #5842 ) ;
#3580 = DIRECTION ( 'NONE',  ( 1.000000000000000000, 0.000000000000000000, 0.000000000000000000 ) ) ;
#3581 = VECTOR ( 'NONE', #6369, 1000.000000000000000 ) ;
#3582 = AXIS2_PLACEMENT_3D ( 'NONE', #2130, #2090, #1463 ) ;
#3583 = ORIENTED_EDGE ( 'NONE', *, *, #4707, .T. ) ;
#3584 = DIRECTION ( 'NONE',  ( -0.000000000000000000, 1.000000000000000000, 0.000000000000000000 ) ) ;
#3585 = DIRECTION ( 'NONE',  ( 0.000000000000000000, 0.000000000000000000, -1.000000000000000000 ) ) ;
#3586 = VECTOR ( 'NONE', #7582, 1000.000000000000000 ) ;
#3587 = EDGE_CURVE ( 'NONE', #1975, #3835, #8804, .T. ) ;
#3588 = DIRECTION ( 'NONE',  ( -1.000000000000000000, 0.000000000000000000, 0.000000000000000000 ) ) ;
#3589 = FILL_AREA_STYLE ('',( #7924 ) ) ;
#3590 = CIRCLE ( 'NONE', #3141, 0.5999999999999999778 ) ;
#3591 = ORIENTED_EDGE ( 'NONE', *, *, #6530, .T. ) ;
#3592 = FACE_OUTER_BOUND ( 'NONE', #2380, .T. ) ;
#3593 = VERTEX_POINT ( 'NONE', #3673 ) ;
#3594 = SHAPE_DEFINITION_REPRESENTATION ( #6864, #3924 ) ;
#3595 = ORIENTED_EDGE ( 'NONE', *, *, #2356, .T. ) ;
#3596 = DIRECTION ( 'NONE',  ( -1.000000000000000000, 0.000000000000000000, 0.000000000000000000 ) ) ;
#3597 = AXIS2_PLACEMENT_3D ( 'NONE', #2891, #8657, #1420 ) ;
#3598 = ORIENTED_EDGE ( 'NONE', *, *, #2669, .T. ) ;
#3599 = VECTOR ( 'NONE', #8066, 1000.000000000000000 ) ;
#3600 = DIRECTION ( 'NONE',  ( -0.7660444431189785686, 0.000000000000000000, 0.6427876096865385858 ) ) ;
#3601 = DIRECTION ( 'NONE',  ( 1.000000000000000000, 0.000000000000000000, 0.000000000000000000 ) ) ;
#3602 = ADVANCED_FACE ( 'NONE', ( #2258 ), #6204, .F. ) ;
#3603 = SURFACE_STYLE_USAGE ( .BOTH. , #2273 ) ;
#3604 = DIRECTION ( 'NONE',  ( -1.000000000000000000, 0.000000000000000000, 0.000000000000000000 ) ) ;
#3605 = COLOUR_RGB ( '',0.7921568627450980005, 0.8196078431372548767, 0.9333333333333333481 ) ;
#3606 = AXIS2_PLACEMENT_3D ( 'NONE', #1937, #500, #2583 ) ;
#3607 = VERTEX_POINT ( 'NONE', #3773 ) ;
#3608 = CARTESIAN_POINT ( 'NONE',  ( -3.600000000000000089, -2.455974827712295028, 1.294533432032439979 ) ) ;
#3609 = VERTEX_POINT ( 'NONE', #6688 ) ;
#3610 =( NAMED_UNIT ( * ) SI_UNIT ( $, .STERADIAN. ) SOLID_ANGLE_UNIT ( ) );
#3611 = EDGE_CURVE ( 'NONE', #4259, #4996, #5976, .T. ) ;
#3612 = DIRECTION ( 'NONE',  ( -1.000000000000000000, 0.000000000000000000, 2.131773678003834915E-16 ) ) ;
#3613 = ORIENTED_EDGE ( 'NONE', *, *, #1042, .T. ) ;
#3614 = SURFACE_STYLE_FILL_AREA ( #862 ) ;
#3615 = EDGE_CURVE ( 'NONE', #4665, #4983, #4538, .T. ) ;
#3616 = PLANE ( 'NONE',  #355 ) ;
#3617 = CARTESIAN_POINT ( 'NONE',  ( 5.950000000000000178, 3.750000000000000000, 0.8499999999999999778 ) ) ;
#3618 =( GEOMETRIC_REPRESENTATION_CONTEXT ( 3 ) GLOBAL_UNCERTAINTY_ASSIGNED_CONTEXT ( ( #8087 ) ) GLOBAL_UNIT_ASSIGNED_CONTEXT ( ( #4680, #301, #5398 ) ) REPRESENTATION_CONTEXT ( 'NONE', 'WORKASPACE' ) );
#3619 = DIRECTION ( 'NONE',  ( 0.000000000000000000, 1.000000000000000000, 0.000000000000000000 ) ) ;
#3620 = ORIENTED_EDGE ( 'NONE', *, *, #5274, .T. ) ;
#3621 = APPLICATION_CONTEXT ( 'automotive_design' ) ;
#3622 = PLANE ( 'NONE',  #5074 ) ;
#3623 = VERTEX_POINT ( 'NONE', #9024 ) ;
#3624 = DIRECTION ( 'NONE',  ( 0.000000000000000000, 0.000000000000000000, -1.000000000000000000 ) ) ;
#3625 = ORIENTED_EDGE ( 'NONE', *, *, #9198, .F. ) ;
#3626 = CARTESIAN_POINT ( 'NONE',  ( 7.500000000000000000, 0.5999999999999999778, 2.949999999999999734 ) ) ;
#3627 = DIRECTION ( 'NONE',  ( -0.7660444431189782355, 0.000000000000000000, 0.6427876096865391409 ) ) ;
#3628 = CARTESIAN_POINT ( 'NONE',  ( -6.500000000000000000, 0.5999999999999999778, 4.899999999999999467 ) ) ;
#3629 = ORIENTED_EDGE ( 'NONE', *, *, #669, .F. ) ;
#3630 = CARTESIAN_POINT ( 'NONE',  ( 5.949999999999919353, 0.5999999999999999778, 0.000000000000000000 ) ) ;
#3631 = DIRECTION ( 'NONE',  ( 0.9848077530122081313, 0.000000000000000000, 0.1736481776669305255 ) ) ;
#3632 = EDGE_CURVE ( 'NONE', #3035, #5161, #5436, .T. ) ;
#3633 = FACE_OUTER_BOUND ( 'NONE', #6087, .T. ) ;
#3634 = CARTESIAN_POINT ( 'NONE',  ( 5.000000000000000000, 2.750000000000000000, 2.948677781956460464 ) ) ;
#3635 = EDGE_CURVE ( 'NONE', #3076, #3368, #5893, .T. ) ;
#3636 = DIRECTION ( 'NONE',  ( 0.000000000000000000, 0.000000000000000000, -1.000000000000000000 ) ) ;
#3637 = FACE_OUTER_BOUND ( 'NONE', #4250, .T. ) ;
#3638 = VERTEX_POINT ( 'NONE', #5168 ) ;
#3639 = ORIENTED_EDGE ( 'NONE', *, *, #1041, .T. ) ;
#3640 = CARTESIAN_POINT ( 'NONE',  ( 0.000000000000000000, 0.000000000000000000, 0.000000000000000000 ) ) ;
#3641 = EDGE_LOOP ( 'NONE', ( #5804, #177 ) ) ;
#3642 = DIRECTION ( 'NONE',  ( -1.000000000000000000, 0.000000000000000000, 0.000000000000000000 ) ) ;
#3643 = SURFACE_STYLE_FILL_AREA ( #3550 ) ;
#3644 = UNCERTAINTY_MEASURE_WITH_UNIT (LENGTH_MEASURE( 1.000000000000000082E-05 ), #7534, 'distance_accuracy_value', 'NONE');
#3645 = DIRECTION ( 'NONE',  ( 0.000000000000000000, 0.000000000000000000, 1.000000000000000000 ) ) ;
#3646 = EDGE_LOOP ( 'NONE', ( #7306, #1389, #1387, #8903 ) ) ;
#3647 = AXIS2_PLACEMENT_3D ( 'NONE', #5210, #3058, #8765 ) ;
#3648 = ORIENTED_EDGE ( 'NONE', *, *, #5874, .T. ) ;
#3649 = ORIENTED_EDGE ( 'NONE', *, *, #8521, .F. ) ;
#3650 = DIRECTION ( 'NONE',  ( 0.000000000000000000, 1.000000000000000000, 0.000000000000000000 ) ) ;
#3651 = ORIENTED_EDGE ( 'NONE', *, *, #1141, .F. ) ;
#3652 = CARTESIAN_POINT ( 'NONE',  ( 0.2000000000000000111, -2.455974827712295028, 2.573831925856055136 ) ) ;
#3653 = PLANE ( 'NONE',  #8607 ) ;
#3654 = DIRECTION ( 'NONE',  ( 0.000000000000000000, 0.000000000000000000, -1.000000000000000000 ) ) ;
#3655 = VERTEX_POINT ( 'NONE', #7617 ) ;
#3656 = CARTESIAN_POINT ( 'NONE',  ( -4.400000000000000355, 2.750000000000000000, 3.600000000000000089 ) ) ;
#3657 = VECTOR ( 'NONE', #3093, 1000.000000000000000 ) ;
#3658 = ADVANCED_FACE ( 'NONE', ( #1105 ), #6907, .F. ) ;
#3659 = EDGE_CURVE ( 'NONE', #2987, #2502, #8565, .T. ) ;
#3660 = ORIENTED_EDGE ( 'NONE', *, *, #2966, .T. ) ;
#3661 = FILL_AREA_STYLE_COLOUR ( '', #4643 ) ;
#3662 = ORIENTED_EDGE ( 'NONE', *, *, #1581, .F. ) ;
#3663 = FILL_AREA_STYLE ('',( #1434 ) ) ;
#3664 = CARTESIAN_POINT ( 'NONE',  ( -3.799999999999999822, 3.750000000000000000, -2.396267766897934859 ) ) ;
#3665 = CARTESIAN_POINT ( 'NONE',  ( 0.000000000000000000, 2.750000000000000000, 0.000000000000000000 ) ) ;
#3666 = SURFACE_STYLE_USAGE ( .BOTH. , #727 ) ;
#3667 = VECTOR ( 'NONE', #463, 1000.000000000000000 ) ;
#3668 = APPLICATION_CONTEXT ( 'automotive_design' ) ;
#3669 = EDGE_CURVE ( 'NONE', #6653, #8977, #2102, .T. ) ;
#3670 =( NAMED_UNIT ( * ) PLANE_ANGLE_UNIT ( ) SI_UNIT ( $, .RADIAN. ) );
#3671 = DIRECTION ( 'NONE',  ( 0.7660444431189790127, 0.000000000000000000, -0.6427876096865380307 ) ) ;
#3672 = DIRECTION ( 'NONE',  ( -0.6427876096865408062, 0.000000000000000000, -0.7660444431189766812 ) ) ;
#3673 = CARTESIAN_POINT ( 'NONE',  ( 2.250000000000000000, 0.000000000000000000, -0.09999999999999993616 ) ) ;
#3674 = CARTESIAN_POINT ( 'NONE',  ( -7.500000000000000000, 0.000000000000000000, -4.450000000000000178 ) ) ;
#3675 = PRODUCT ( 'Boss-Extrude6[6]_1', 'Boss-Extrude6[6]_1', '', ( #6036 ) ) ;
#3676 = CARTESIAN_POINT ( 'NONE',  ( 7.500000000000000000, 2.900543414065470227, 4.450000000000000178 ) ) ;
#3677 = PRODUCT_DEFINITION_FORMATION_WITH_SPECIFIED_SOURCE ( 'ANY', '', #6349, .NOT_KNOWN. ) ;
#3678 = CARTESIAN_POINT ( 'NONE',  ( -3.600000000000000089, 2.750000000000000000, 1.294533432032439979 ) ) ;
#3679 = PLANE ( 'NONE',  #5695 ) ;
#3680 = EDGE_CURVE ( 'NONE', #367, #1982, #1204, .T. ) ;
#3681 = DIRECTION ( 'NONE',  ( 0.000000000000000000, 0.000000000000000000, 1.000000000000000000 ) ) ;
#3682 = VERTEX_POINT ( 'NONE', #5732 ) ;
#3683 = ORIENTED_EDGE ( 'NONE', *, *, #228, .F. ) ;
#3684 = VERTEX_POINT ( 'NONE', #2010 ) ;
#3685 = APPLICATION_PROTOCOL_DEFINITION ( 'draft international standard', 'automotive_design', 1998, #8490 ) ;
#3686 = DIRECTION ( 'NONE',  ( 0.000000000000000000, -1.000000000000000000, 0.000000000000000000 ) ) ;
#3687 = CARTESIAN_POINT ( 'NONE',  ( -7.500000000000000000, 0.000000000000000000, -3.149999999999999911 ) ) ;
#3688 = EDGE_CURVE ( 'NONE', #1354, #2877, #7665, .T. ) ;
#3689 = DIRECTION ( 'NONE',  ( 0.000000000000000000, 0.000000000000000000, 1.000000000000000000 ) ) ;
#3690 = EDGE_LOOP ( 'NONE', ( #1856, #5371, #8483, #4049 ) ) ;
#3691 =( GEOMETRIC_REPRESENTATION_CONTEXT ( 3 ) GLOBAL_UNCERTAINTY_ASSIGNED_CONTEXT ( ( #5181 ) ) GLOBAL_UNIT_ASSIGNED_CONTEXT ( ( #4847, #2044, #6425 ) ) REPRESENTATION_CONTEXT ( 'NONE', 'WORKASPACE' ) );
#3692 = CARTESIAN_POINT ( 'NONE',  ( -7.500000000000000000, 3.750000000000000000, 0.8499999999999999778 ) ) ;
#3693 = ORIENTED_EDGE ( 'NONE', *, *, #8566, .T. ) ;
#3694 = ORIENTED_EDGE ( 'NONE', *, *, #7157, .F. ) ;
#3695 = DIRECTION ( 'NONE',  ( 0.000000000000000000, 1.000000000000000000, 0.000000000000000000 ) ) ;
#3696 = STYLED_ITEM ( 'NONE', ( #6953 ), #8669 ) ;
#3697 = ORIENTED_EDGE ( 'NONE', *, *, #7079, .T. ) ;
#3698 =( NAMED_UNIT ( * ) SI_UNIT ( $, .STERADIAN. ) SOLID_ANGLE_UNIT ( ) );
#3699 = UNCERTAINTY_MEASURE_WITH_UNIT (LENGTH_MEASURE( 1.000000000000000082E-05 ), #4729, 'distance_accuracy_value', 'NONE');
#3700 = LINE ( 'NONE', #48, #2074 ) ;
#3701 = EDGE_CURVE ( 'NONE', #8130, #5730, #2207, .T. ) ;
#3702 = AXIS2_PLACEMENT_3D ( 'NONE', #7764, #6912, #1292 ) ;
#3703 = AXIS2_PLACEMENT_3D ( 'NONE', #7489, #2212, #6555 ) ;
#3704 = AXIS2_PLACEMENT_3D ( 'NONE', #5163, #8055, #8839 ) ;
#3705 = CARTESIAN_POINT ( 'NONE',  ( 0.8000000000000000444, -2.455974827712295028, 2.070372147149684761 ) ) ;
#3706 = VERTEX_POINT ( 'NONE', #9295 ) ;
#3707 = STYLED_ITEM ( 'NONE', ( #1983 ), #9053 ) ;
#3708 = CARTESIAN_POINT ( 'NONE',  ( -2.250000000000000000, 1.797056274847714796, -0.5000000000000000000 ) ) ;
#3709 = ORIENTED_EDGE ( 'NONE', *, *, #3022, .F. ) ;
#3710 = COLOUR_RGB ( '',0.7921568627450980005, 0.8196078431372548767, 0.9333333333333333481 ) ;
#3711 = MECHANICAL_DESIGN_GEOMETRIC_PRESENTATION_REPRESENTATION (  '', ( #7524 ), #4235 ) ;
#3712 = EDGE_LOOP ( 'NONE', ( #1519, #1792, #4273, #5905 ) ) ;
#3713 = CARTESIAN_POINT ( 'NONE',  ( -3.871279704941819944, 3.750000000000000000, 2.465211434995460582 ) ) ;
#3714 = CARTESIAN_POINT ( 'NONE',  ( 4.599999999999999645, 2.750000000000000000, -1.727462418455419924 ) ) ;
#3715 = PRODUCT_RELATED_PRODUCT_CATEGORY ( 'part', '', ( #4433 ) ) ;
#3716 = ADVANCED_FACE ( 'NONE', ( #6595 ), #4976, .F. ) ;
#3717 = VECTOR ( 'NONE', #306, 1000.000000000000000 ) ;
#3718 = VECTOR ( 'NONE', #8905, 1000.000000000000000 ) ;
#3719 = ADVANCED_FACE ( 'NONE', ( #3633 ), #8767, .F. ) ;
#3720 = PRESENTATION_LAYER_ASSIGNMENT (  '', '', ( #3275 ) ) ;
#3721 = SURFACE_SIDE_STYLE ('',( #8800 ) ) ;
#3722 = CARTESIAN_POINT ( 'NONE',  ( 7.500000000000000000, 0.5999999999999999778, 4.899999999999999467 ) ) ;
#3723 = CARTESIAN_POINT ( 'NONE',  ( -0.8000000000000000444, 2.750000000000000000, -2.070372147149684761 ) ) ;
#3724 = ADVANCED_FACE ( 'NONE', ( #9141 ), #1878, .T. ) ;
#3725 = FACE_OUTER_BOUND ( 'NONE', #6493, .T. ) ;
#3726 = PRODUCT_RELATED_PRODUCT_CATEGORY ( 'part', '', ( #2245 ) ) ;
#3727 = COLOUR_RGB ( '',0.7921568627450980005, 0.8196078431372548767, 0.9333333333333333481 ) ;
#3728 = CARTESIAN_POINT ( 'NONE',  ( 7.500000000000000000, 2.900543414065470227, -1.899999999999999911 ) ) ;
#3729 = PLANE ( 'NONE',  #2842 ) ;
#3730 = AXIS2_PLACEMENT_3D ( 'NONE', #3273, #6227, #1129 ) ;
#3731 = DIRECTION ( 'NONE',  ( 0.000000000000000000, 1.000000000000000000, 0.000000000000000000 ) ) ;
#3732 = FILL_AREA_STYLE_COLOUR ( '', #4476 ) ;
#3733 = ORIENTED_EDGE ( 'NONE', *, *, #6647, .T. ) ;
#3734 = ORIENTED_EDGE ( 'NONE', *, *, #8659, .T. ) ;
#3735 = VECTOR ( 'NONE', #3672, 1000.000000000000114 ) ;
#3736 = SHAPE_DEFINITION_REPRESENTATION ( #569, #7830 ) ;
#3737 = FILL_AREA_STYLE ('',( #8777 ) ) ;
#3738 = CARTESIAN_POINT ( 'NONE',  ( 5.950000000000000178, 0.000000000000000000, 1.050000000000000044 ) ) ;
#3739 = LINE ( 'NONE', #2983, #2662 ) ;
#3740 = CARTESIAN_POINT ( 'NONE',  ( 5.950000000000000178, 0.5999999999999999778, 2.750000000000000000 ) ) ;
#3741 = COLOUR_RGB ( '',0.7921568627450980005, 0.8196078431372548767, 0.9333333333333333481 ) ;
#3742 = ORIENTED_EDGE ( 'NONE', *, *, #1620, .T. ) ;
#3743 = CARTESIAN_POINT ( 'NONE',  ( -4.367819926235454453, -2.455974827712295028, -3.479139848689915215 ) ) ;
#3744 = VECTOR ( 'NONE', #2732, 1000.000000000000114 ) ;
#3745 = VECTOR ( 'NONE', #7558, 1000.000000000000000 ) ;
#3746 = EDGE_LOOP ( 'NONE', ( #4557, #6667, #3944, #4269 ) ) ;
#3747 = EDGE_LOOP ( 'NONE', ( #2083, #3115, #3505, #2660 ) ) ;
#3748 = PRESENTATION_STYLE_ASSIGNMENT (( #860 ) ) ;
#3749 = ORIENTED_EDGE ( 'NONE', *, *, #9331, .F. ) ;
#3750 = CARTESIAN_POINT ( 'NONE',  ( 7.500000000000000000, 0.000000000000000000, 4.899999999999999467 ) ) ;
#3751 = PLANE ( 'NONE',  #8851 ) ;
#3752 = DIRECTION ( 'NONE',  ( 0.000000000000000000, 0.000000000000000000, -1.000000000000000000 ) ) ;
#3753 = EDGE_CURVE ( 'NONE', #7892, #8623, #5610, .T. ) ;
#3754 = DIRECTION ( 'NONE',  ( -0.6427876096865390299, 0.000000000000000000, -0.7660444431189782355 ) ) ;
#3755 = VECTOR ( 'NONE', #3930, 1000.000000000000000 ) ;
#3756 = UNCERTAINTY_MEASURE_WITH_UNIT (LENGTH_MEASURE( 1.000000000000000082E-05 ), #9387, 'distance_accuracy_value', 'NONE');
#3757 = ADVANCED_FACE ( 'NONE', ( #4390 ), #2770, .F. ) ;
#3758 = FACE_OUTER_BOUND ( 'NONE', #6729, .T. ) ;
#3759 = ORIENTED_EDGE ( 'NONE', *, *, #1033, .T. ) ;
#3760 = LINE ( 'NONE', #3044, #6454 ) ;
#3761 = PRODUCT_DEFINITION_SHAPE ( 'NONE', 'NONE',  #9393 ) ;
#3762 = ORIENTED_EDGE ( 'NONE', *, *, #4597, .T. ) ;
#3763 = ORIENTED_EDGE ( 'NONE', *, *, #1115, .T. ) ;
#3764 = VECTOR ( 'NONE', #7523, 1000.000000000000000 ) ;
#3765 = SURFACE_STYLE_FILL_AREA ( #3663 ) ;
#3766 = PLANE ( 'NONE',  #3704 ) ;
#3767 = PRESENTATION_STYLE_ASSIGNMENT (( #3666 ) ) ;
#3768 = CARTESIAN_POINT ( 'NONE',  ( 3.799999999999999822, 3.750000000000000000, 2.461620773443864874 ) ) ;
#3769 = CARTESIAN_POINT ( 'NONE',  ( -5.200000000000000178, 0.000000000000000000, -4.599999999999999645 ) ) ;
#3770 = FACE_OUTER_BOUND ( 'NONE', #168, .T. ) ;
#3771 = DIRECTION ( 'NONE',  ( 0.000000000000000000, 1.000000000000000000, 0.000000000000000000 ) ) ;
#3772 = LINE ( 'NONE', #7293, #5568 ) ;
#3773 = CARTESIAN_POINT ( 'NONE',  ( -3.814359353944920095, 0.000000000000000000, -3.799999999999999822 ) ) ;
#3774 = PRESENTATION_STYLE_ASSIGNMENT (( #5124 ) ) ;
#3775 = PLANE ( 'NONE',  #8185 ) ;
#3776 = DIRECTION ( 'NONE',  ( -0.6427876096865396960, 0.000000000000000000, -0.7660444431189776804 ) ) ;
#3777 = LINE ( 'NONE', #8720, #7348 ) ;
#3778 = CARTESIAN_POINT ( 'NONE',  ( 4.400000000000000355, 3.750000000000000000, 3.452137560662829951 ) ) ;
#3779 = ORIENTED_EDGE ( 'NONE', *, *, #8375, .F. ) ;
#3780 = ADVANCED_FACE ( 'NONE', ( #8595 ), #5704, .F. ) ;
#3781 = EDGE_CURVE ( 'NONE', #8533, #634, #7634, .T. ) ;
#3782 = ORIENTED_EDGE ( 'NONE', *, *, #3013, .T. ) ;
#3783 = APPLICATION_PROTOCOL_DEFINITION ( 'draft international standard', 'automotive_design', 1998, #3668 ) ;
#3784 = PLANE ( 'NONE',  #3523 ) ;
#3785 = FILL_AREA_STYLE ('',( #5227 ) ) ;
#3786 = PRESENTATION_STYLE_ASSIGNMENT (( #5412 ) ) ;
#3787 =( NAMED_UNIT ( * ) SI_UNIT ( $, .STERADIAN. ) SOLID_ANGLE_UNIT ( ) );
#3788 = ADVANCED_FACE ( 'NONE', ( #5224 ), #5796, .F. ) ;
#3789 = EDGE_LOOP ( 'NONE', ( #2835, #7662, #9189, #672 ) ) ;
#3790 = CARTESIAN_POINT ( 'NONE',  ( 4.000000000000000000, 3.750000000000000000, -2.442514574011950046 ) ) ;
#3791 = EDGE_CURVE ( 'NONE', #6543, #6098, #1357, .T. ) ;
#3792 = ORIENTED_EDGE ( 'NONE', *, *, #9020, .T. ) ;
#3793 = CARTESIAN_POINT ( 'NONE',  ( 0.000000000000000000, 0.5999999999999999778, 0.000000000000000000 ) ) ;
#3794 = ORIENTED_EDGE ( 'NONE', *, *, #3812, .F. ) ;
#3795 = CARTESIAN_POINT ( 'NONE',  ( 4.599999999999999645, 2.750000000000000000, -1.727462418455419924 ) ) ;
#3796 = ORIENTED_EDGE ( 'NONE', *, *, #4326, .F. ) ;
#3797 = APPLICATION_CONTEXT ( 'automotive_design' ) ;
#3798 = CARTESIAN_POINT ( 'NONE',  ( 4.535639852470909616, 3.750000000000000000, 3.338322210481544872 ) ) ;
#3799 = SURFACE_STYLE_FILL_AREA ( #910 ) ;
#3800 =( NAMED_UNIT ( * ) SI_UNIT ( $, .STERADIAN. ) SOLID_ANGLE_UNIT ( ) );
#3801 = DIRECTION ( 'NONE',  ( 0.6427876096865385858, 0.000000000000000000, 0.7660444431189786796 ) ) ;
#3802 = VERTEX_POINT ( 'NONE', #3539 ) ;
#3803 = CARTESIAN_POINT ( 'NONE',  ( -2.250000000000000000, 1.797056274847714796, -0.5000000000000000000 ) ) ;
#3804 = ORIENTED_EDGE ( 'NONE', *, *, #2814, .T. ) ;
#3805 = ADVANCED_FACE ( 'NONE', ( #2209 ), #2121, .F. ) ;
#3806 = CARTESIAN_POINT ( 'NONE',  ( -0.8000000000000000444, 2.750000000000000000, -2.070372147149684761 ) ) ;
#3807 = VERTEX_POINT ( 'NONE', #4247 ) ;
#3808 = ADVANCED_FACE ( 'NONE', ( #5020 ), #7159, .F. ) ;
#3809 = DIRECTION ( 'NONE',  ( 0.6427876096865390299, 0.000000000000000000, 0.7660444431189782355 ) ) ;
#3810 = LINE ( 'NONE', #6720, #7014 ) ;
#3811 = CARTESIAN_POINT ( 'NONE',  ( 7.500000000000000000, 2.900543414065470227, -1.250000000000000000 ) ) ;
#3812 = EDGE_CURVE ( 'NONE', #7315, #4808, #689, .T. ) ;
#3813 = VECTOR ( 'NONE', #4998, 1000.000000000000000 ) ;
#3814 = DIRECTION ( 'NONE',  ( -1.000000000000000000, 0.000000000000000000, 0.000000000000000000 ) ) ;
#3815 = CARTESIAN_POINT ( 'NONE',  ( 0.000000000000000000, 0.5999999999999999778, 2.949999999999999734 ) ) ;
#3816 = PLANE ( 'NONE',  #4005 ) ;
#3817 = ORIENTED_EDGE ( 'NONE', *, *, #7914, .F. ) ;
#3818 = CARTESIAN_POINT ( 'NONE',  ( -5.949999999999919353, 3.750000000000000000, -4.649999999999999467 ) ) ;
#3819 = AXIS2_PLACEMENT_3D ( 'NONE', #7649, #7699, #2640 ) ;
#3820 =( NAMED_UNIT ( * ) SI_UNIT ( $, .STERADIAN. ) SOLID_ANGLE_UNIT ( ) );
#3821 = ADVANCED_FACE ( 'NONE', ( #7923 ), #2968, .F. ) ;
#3822 = PLANE ( 'NONE',  #5442 ) ;
#3823 = PLANE ( 'NONE',  #3548 ) ;
#3824 = VECTOR ( 'NONE', #4933, 1000.000000000000000 ) ;
#3825 = CARTESIAN_POINT ( 'NONE',  ( -5.950000000000000178, 3.750000000000000000, 1.050000000000000044 ) ) ;
#3826 = ORIENTED_EDGE ( 'NONE', *, *, #627, .T. ) ;
#3827 = ORIENTED_EDGE ( 'NONE', *, *, #5200, .F. ) ;
#3828 = SHAPE_DEFINITION_REPRESENTATION ( #3525, #4224 ) ;
#3829 = CARTESIAN_POINT ( 'NONE',  ( -3.799999999999999822, 2.750000000000000000, -2.396267766897934859 ) ) ;
#3830 = LINE ( 'NONE', #8032, #67 ) ;
#3831 = EDGE_CURVE ( 'NONE', #4914, #7088, #6597, .T. ) ;
#3832 = DIRECTION ( 'NONE',  ( 0.000000000000000000, 1.000000000000000000, 0.000000000000000000 ) ) ;
#3833 = EDGE_CURVE ( 'NONE', #7943, #607, #1450, .T. ) ;
#3834 = AXIS2_PLACEMENT_3D ( 'NONE', #8460, #9148, #1887 ) ;
#3835 = VERTEX_POINT ( 'NONE', #6512 ) ;
#3836 = DIRECTION ( 'NONE',  ( 0.7660444431189790127, 0.000000000000000000, -0.6427876096865380307 ) ) ;
#3837 = ORIENTED_EDGE ( 'NONE', *, *, #2214, .T. ) ;
#3838 = VERTEX_POINT ( 'NONE', #4345 ) ;
#3839 = ORIENTED_EDGE ( 'NONE', *, *, #2557, .T. ) ;
#3840 = LINE ( 'NONE', #7424, #7242 ) ;
#3841 = EDGE_CURVE ( 'NONE', #2229, #5864, #5755, .T. ) ;
#3842 = CARTESIAN_POINT ( 'NONE',  ( 7.500000000000000000, 2.900543414065470227, 1.899999999999999911 ) ) ;
#3843 = STYLED_ITEM ( 'NONE', ( #3099 ), #8011 ) ;
#3844 = PLANE ( 'NONE',  #6014 ) ;
#3845 = ORIENTED_EDGE ( 'NONE', *, *, #4384, .T. ) ;
#3846 = DIRECTION ( 'NONE',  ( 0.6427876096865390299, 0.000000000000000000, 0.7660444431189782355 ) ) ;
#3847 = VERTEX_POINT ( 'NONE', #3634 ) ;
#3848 = ADVANCED_BREP_SHAPE_REPRESENTATION ( '', ( #7356, #3266 ), #1559 ) ;
#3849 = DIRECTION ( 'NONE',  ( -0.8660254037844383745, 0.000000000000000000, -0.5000000000000003331 ) ) ;
#3850 = ORIENTED_EDGE ( 'NONE', *, *, #3296, .F. ) ;
#3851 = VECTOR ( 'NONE', #6725, 1000.000000000000000 ) ;
#3852 = PLANE ( 'NONE',  #6323 ) ;
#3853 = PLANE ( 'NONE',  #8898 ) ;
#3854 = VECTOR ( 'NONE', #9215, 1000.000000000000000 ) ;
#3855 = FILL_AREA_STYLE_COLOUR ( '', #5542 ) ;
#3856 = STYLED_ITEM ( 'NONE', ( #2276 ), #8793 ) ;
#3857 = DIRECTION ( 'NONE',  ( 0.000000000000000000, -1.000000000000000000, 0.000000000000000000 ) ) ;
#3858 = DIRECTION ( 'NONE',  ( 0.000000000000000000, 1.000000000000000000, 0.000000000000000000 ) ) ;
#3859 = SURFACE_SIDE_STYLE ('',( #5887 ) ) ;
#3860 = COLOUR_RGB ( '',0.7921568627450980005, 0.8196078431372548767, 0.9333333333333333481 ) ;
#3861 = VECTOR ( 'NONE', #8404, 1000.000000000000000 ) ;
#3862 = ORIENTED_EDGE ( 'NONE', *, *, #2004, .T. ) ;
#3863 = CARTESIAN_POINT ( 'NONE',  ( -3.799999999999999822, 2.750000000000000000, -2.396267766897934859 ) ) ;
#3864 = VECTOR ( 'NONE', #8311, 1000.000000000000000 ) ;
#3865 = DIRECTION ( 'NONE',  ( 0.000000000000000000, 1.000000000000000000, 0.000000000000000000 ) ) ;
#3866 = CIRCLE ( 'NONE', #6476, 0.5000000000000000000 ) ;
#3867 = FACE_OUTER_BOUND ( 'NONE', #805, .T. ) ;
#3868 =( GEOMETRIC_REPRESENTATION_CONTEXT ( 3 ) GLOBAL_UNCERTAINTY_ASSIGNED_CONTEXT ( ( #299 ) ) GLOBAL_UNIT_ASSIGNED_CONTEXT ( ( #4223, #5815, #3610 ) ) REPRESENTATION_CONTEXT ( 'NONE', 'WORKASPACE' ) );
#3869 = CARTESIAN_POINT ( 'NONE',  ( 2.250000000000000000, 0.000000000000000000, 0.5000000000000000000 ) ) ;
#3870 = DIRECTION ( 'NONE',  ( -0.7660444431189782355, 0.000000000000000000, 0.6427876096865390299 ) ) ;
#3871 = LINE ( 'NONE', #3778, #4783 ) ;
#3872 = ORIENTED_EDGE ( 'NONE', *, *, #2533, .T. ) ;
#3873 = PRESENTATION_LAYER_ASSIGNMENT (  '', '', ( #5404 ) ) ;
#3874 = VERTEX_POINT ( 'NONE', #5170 ) ;
#3875 = APPLICATION_PROTOCOL_DEFINITION ( 'draft international standard', 'automotive_design', 1998, #8058 ) ;
#3876 = CIRCLE ( 'NONE', #4923, 0.5999999999999999778 ) ;
#3877 =( NAMED_UNIT ( * ) PLANE_ANGLE_UNIT ( ) SI_UNIT ( $, .RADIAN. ) );
#3878 = STYLED_ITEM ( 'NONE', ( #6377 ), #973 ) ;
#3879 = FACE_OUTER_BOUND ( 'NONE', #7383, .T. ) ;
#3880 = DIRECTION ( 'NONE',  ( 0.000000000000000000, 0.000000000000000000, -1.000000000000000000 ) ) ;
#3881 = SURFACE_STYLE_FILL_AREA ( #655 ) ;
#3882 = CARTESIAN_POINT ( 'NONE',  ( -3.799999999999999822, 3.750000000000000000, 1.121535720059525953 ) ) ;
#3883 = AXIS2_PLACEMENT_3D ( 'NONE', #2159, #8712, #1445 ) ;
#3884 = ORIENTED_EDGE ( 'NONE', *, *, #864, .T. ) ;
#3885 = PLANE ( 'NONE',  #5539 ) ;
#3886 = LINE ( 'NONE', #276, #3129 ) ;
#3887 = EDGE_LOOP ( 'NONE', ( #5959, #3274, #2497, #1706 ) ) ;
#3888 = CIRCLE ( 'NONE', #5121, 0.6500000000000000222 ) ;
#3889 = VERTEX_POINT ( 'NONE', #6553 ) ;
#3890 = EDGE_CURVE ( 'NONE', #4452, #7315, #5896, .T. ) ;
#3891 = ORIENTED_EDGE ( 'NONE', *, *, #1065, .F. ) ;
#3892 = DIRECTION ( 'NONE',  ( 0.000000000000000000, 0.000000000000000000, 1.000000000000000000 ) ) ;
#3894 = AXIS2_PLACEMENT_3D ( 'NONE', #6391, #2103, #3434 ) ;
#3893 = DIRECTION ( 'NONE',  ( -1.000000000000000000, 0.000000000000000000, 0.000000000000000000 ) ) ;
#3895 = PRODUCT_DEFINITION_SHAPE ( 'NONE', 'NONE',  #766 ) ;
#3896 = CARTESIAN_POINT ( 'NONE',  ( 0.000000000000000000, 0.5999999999999999778, 4.649999999999999467 ) ) ;
#3897 = ORIENTED_EDGE ( 'NONE', *, *, #532, .T. ) ;
#3898 = COLOUR_RGB ( '',0.7921568627450980005, 0.8196078431372548767, 0.9333333333333333481 ) ;
#3899 = DIRECTION ( 'NONE',  ( 0.000000000000000000, 0.000000000000000000, 1.000000000000000000 ) ) ;
#3900 = VERTEX_POINT ( 'NONE', #8065 ) ;
#3901 =( NAMED_UNIT ( * ) PLANE_ANGLE_UNIT ( ) SI_UNIT ( $, .RADIAN. ) );
#3902 = ADVANCED_FACE ( 'NONE', ( #2917 ), #1542, .F. ) ;
#3903 = LINE ( 'NONE', #9022, #1020 ) ;
#3904 = EDGE_CURVE ( 'NONE', #7816, #2135, #3164, .T. ) ;
#3905 = VERTEX_POINT ( 'NONE', #3109 ) ;
#3906 = VECTOR ( 'NONE', #7793, 1000.000000000000000 ) ;
#3907 = SURFACE_STYLE_FILL_AREA ( #9311 ) ;
#3908 = CARTESIAN_POINT ( 'NONE',  ( 7.500000000000000000, 0.5999999999999999778, 4.899999999999999467 ) ) ;
#3909 = EDGE_CURVE ( 'NONE', #4748, #1443, #8806, .T. ) ;
#3910 = CARTESIAN_POINT ( 'NONE',  ( -5.950000000000000178, 0.5999999999999999778, -2.750000000000000000 ) ) ;
#3911 = CARTESIAN_POINT ( 'NONE',  ( -5.200000000000000178, 0.2000000000000000111, -3.000000000000000000 ) ) ;
#3912 = DIRECTION ( 'NONE',  ( 0.9848077530122079093, 0.000000000000000000, 0.1736481776669309696 ) ) ;
#3913 = VERTEX_POINT ( 'NONE', #8172 ) ;
#3914 = DIRECTION ( 'NONE',  ( 0.000000000000000000, 1.000000000000000000, 0.000000000000000000 ) ) ;
#3915 = FACE_OUTER_BOUND ( 'NONE', #5188, .T. ) ;
#3916 = UNCERTAINTY_MEASURE_WITH_UNIT (LENGTH_MEASURE( 1.000000000000000082E-05 ), #8654, 'distance_accuracy_value', 'NONE');
#3917 = CARTESIAN_POINT ( 'NONE',  ( -4.335639852470909439, 2.750000000000000000, 1.911808560920089883 ) ) ;
#3918 = AXIS2_PLACEMENT_3D ( 'NONE', #2480, #8951, #9040 ) ;
#3919 = UNCERTAINTY_MEASURE_WITH_UNIT (LENGTH_MEASURE( 1.000000000000000082E-05 ), #7587, 'distance_accuracy_value', 'NONE');
#3920 = FACE_OUTER_BOUND ( 'NONE', #9374, .T. ) ;
#3921 = FILL_AREA_STYLE ('',( #6219 ) ) ;
#3922 = DIRECTION ( 'NONE',  ( -1.000000000000000000, 0.000000000000000000, 0.000000000000000000 ) ) ;
#3923 = CARTESIAN_POINT ( 'NONE',  ( -7.500000000000000000, 0.5999999999999999778, 4.899999999999999467 ) ) ;
#3924 = SHAPE_REPRESENTATION ( 'Boss-Extrude6[4]_1', ( #3266 ), #3276 ) ;
#3925 = ORIENTED_EDGE ( 'NONE', *, *, #6178, .T. ) ;
#3926 = EDGE_LOOP ( 'NONE', ( #4876, #6802, #5199, #9013 ) ) ;
#3927 = ADVANCED_FACE ( 'NONE', ( #8214 ), #3822, .F. ) ;
#3928 = CONTEXT_DEPENDENT_SHAPE_REPRESENTATION ( #3134, #1646 ) ;
#3929 = FACE_OUTER_BOUND ( 'NONE', #7282, .T. ) ;
#3930 = DIRECTION ( 'NONE',  ( 0.000000000000000000, -1.000000000000000000, 0.000000000000000000 ) ) ;
#3931 = CARTESIAN_POINT ( 'NONE',  ( -5.950000000000000178, 3.750000000000000000, 2.949999999999999734 ) ) ;
#3932 = DIRECTION ( 'NONE',  ( 0.000000000000000000, 0.000000000000000000, -1.000000000000000000 ) ) ;
#3933 = EDGE_CURVE ( 'NONE', #6653, #5136, #6027, .T. ) ;
#3934 = ORIENTED_EDGE ( 'NONE', *, *, #5928, .F. ) ;
#3935 = CARTESIAN_POINT ( 'NONE',  ( -7.500000000000000000, 3.750000000000000000, 2.750000000000000000 ) ) ;
#3936 = ORIENTED_EDGE ( 'NONE', *, *, #6439, .F. ) ;
#3937 = ORIENTED_EDGE ( 'NONE', *, *, #7455, .F. ) ;
#3938 = EDGE_LOOP ( 'NONE', ( #1366, #8725, #904, #4626 ) ) ;
#3939 = CARTESIAN_POINT ( 'NONE',  ( -5.200000000000000178, 0.000000000000000000, -4.599999999999999645 ) ) ;
#3940 = DIRECTION ( 'NONE',  ( -0.6427876096865396960, 0.000000000000000000, -0.7660444431189776804 ) ) ;
#3941 = DIRECTION ( 'NONE',  ( 0.000000000000000000, -1.000000000000000000, 0.000000000000000000 ) ) ;
#3942 = VERTEX_POINT ( 'NONE', #2348 ) ;
#3943 = PLANE ( 'NONE',  #2337 ) ;
#3944 = ORIENTED_EDGE ( 'NONE', *, *, #8826, .T. ) ;
#3945 =( NAMED_UNIT ( * ) SI_UNIT ( $, .STERADIAN. ) SOLID_ANGLE_UNIT ( ) );
#3946 = FILL_AREA_STYLE_COLOUR ( '', #8022 ) ;
#3947 = ORIENTED_EDGE ( 'NONE', *, *, #6996, .T. ) ;
#3948 = DIRECTION ( 'NONE',  ( 0.000000000000000000, 1.000000000000000000, 0.000000000000000000 ) ) ;
#3949 = EDGE_CURVE ( 'NONE', #8810, #4214, #1025, .T. ) ;
#3950 = LINE ( 'NONE', #6153, #550 ) ;
#3951 = EDGE_CURVE ( 'NONE', #1982, #8871, #7403, .T. ) ;
#3952 = DIRECTION ( 'NONE',  ( 1.000000000000000000, 0.000000000000000000, 0.000000000000000000 ) ) ;
#3953 =( GEOMETRIC_REPRESENTATION_CONTEXT ( 3 ) GLOBAL_UNCERTAINTY_ASSIGNED_CONTEXT ( ( #491 ) ) GLOBAL_UNIT_ASSIGNED_CONTEXT ( ( #2869, #7885, #4918 ) ) REPRESENTATION_CONTEXT ( 'NONE', 'WORKASPACE' ) );
#3954 = EDGE_LOOP ( 'NONE', ( #1944, #188, #2181, #6965 ) ) ;
#3955 = DIRECTION ( 'NONE',  ( 0.000000000000000000, 0.000000000000000000, 1.000000000000000000 ) ) ;
#3956 = CARTESIAN_POINT ( 'NONE',  ( -7.499999999999920064, 3.750000000000000000, -4.649999999999999467 ) ) ;
#3957 = EDGE_CURVE ( 'NONE', #634, #8533, #1036, .T. ) ;
#3958 = DIRECTION ( 'NONE',  ( 0.000000000000000000, 1.000000000000000000, 0.000000000000000000 ) ) ;
#3959 = DIRECTION ( 'NONE',  ( 0.000000000000000000, -1.000000000000000000, 0.000000000000000000 ) ) ;
#3960 = CARTESIAN_POINT ( 'NONE',  ( 5.950000000000000178, 0.5999999999999999778, -4.649999999999999467 ) ) ;
#3961 = CARTESIAN_POINT ( 'NONE',  ( 4.400000000000000355, 2.750000000000000000, 3.452137560662829951 ) ) ;
#3962 = ORIENTED_EDGE ( 'NONE', *, *, #3202, .F. ) ;
#3963 = CONTEXT_DEPENDENT_SHAPE_REPRESENTATION ( #3494, #5047 ) ;
#3964 = DIRECTION ( 'NONE',  ( -0.9848077530122079093, 0.000000000000000000, -0.1736481776669309696 ) ) ;
#3965 = CARTESIAN_POINT ( 'NONE',  ( 5.950000000000000178, 0.000000000000000000, -2.750000000000000000 ) ) ;
#3966 = DIRECTION ( 'NONE',  ( 0.000000000000000000, -1.000000000000000000, 0.000000000000000000 ) ) ;
#3967 = LINE ( 'NONE', #987, #1634 ) ;
#3968 = EDGE_CURVE ( 'NONE', #4313, #9315, #117, .T. ) ;
#3969 =( REPRESENTATION_RELATIONSHIP ('NONE','NONE', #3559, #5514 ) REPRESENTATION_RELATIONSHIP_WITH_TRANSFORMATION ( #6264 )SHAPE_REPRESENTATION_RELATIONSHIP( ) );
#3970 = SHAPE_REPRESENTATION ( 'Cut-Extrude3_1', ( #3266 ), #8436 ) ;
#3971 = ORIENTED_EDGE ( 'NONE', *, *, #4981, .T. ) ;
#3972 = LINE ( 'NONE', #6887, #1438 ) ;
#3973 = DIRECTION ( 'NONE',  ( 1.000000000000000000, 0.000000000000000000, 0.000000000000000000 ) ) ;
#3974 = ORIENTED_EDGE ( 'NONE', *, *, #210, .T. ) ;
#3975 = DIRECTION ( 'NONE',  ( 1.000000000000000000, 0.000000000000000000, 0.000000000000000000 ) ) ;
#3976 = EDGE_LOOP ( 'NONE', ( #8188, #3547, #5059, #2110 ) ) ;
#3977 = DIRECTION ( 'NONE',  ( 0.000000000000000000, 1.000000000000000000, 0.000000000000000000 ) ) ;
#3978 = ORIENTED_EDGE ( 'NONE', *, *, #5579, .F. ) ;
#3979 = PLANE ( 'NONE',  #1935 ) ;
#3980 = LINE ( 'NONE', #6710, #2969 ) ;
#3981 = ORIENTED_EDGE ( 'NONE', *, *, #8071, .T. ) ;
#3982 = LINE ( 'NONE', #1404, #4013 ) ;
#3983 = VERTEX_POINT ( 'NONE', #2396 ) ;
#3984 = LINE ( 'NONE', #7659, #3249 ) ;
#3985 = EDGE_LOOP ( 'NONE', ( #5966, #6694, #4868, #5536 ) ) ;
#3986 =( NAMED_UNIT ( * ) SI_UNIT ( $, .STERADIAN. ) SOLID_ANGLE_UNIT ( ) );
#3987 = SURFACE_STYLE_FILL_AREA ( #6856 ) ;
#3988 = EDGE_CURVE ( 'NONE', #1769, #6505, #4630, .T. ) ;
#3989 = DIRECTION ( 'NONE',  ( 0.000000000000000000, 0.000000000000000000, -1.000000000000000000 ) ) ;
#3990 = CARTESIAN_POINT ( 'NONE',  ( -5.950000000000000178, 0.000000000000000000, -0.8499999999999999778 ) ) ;
#3991 = PLANE ( 'NONE',  #9166 ) ;
#3992 = CARTESIAN_POINT ( 'NONE',  ( -0.8000000000000000444, 3.750000000000000000, 3.006760912279035303 ) ) ;
#3993 = DIRECTION ( 'NONE',  ( -1.000000000000000000, 0.000000000000000000, 0.000000000000000000 ) ) ;
#3994 = AXIS2_PLACEMENT_3D ( 'NONE', #6257, #4093, #490 ) ;
#3995 = PRODUCT_DEFINITION_CONTEXT ( 'detailed design', #1074, 'design' ) ;
#3996 = VECTOR ( 'NONE', #5940, 1000.000000000000114 ) ;
#3997 = VERTEX_POINT ( 'NONE', #7442 ) ;
#3998 = FILL_AREA_STYLE ('',( #8942 ) ) ;
#3999 = CARTESIAN_POINT ( 'NONE',  ( 0.000000000000000000, 0.5999999999999999778, 0.000000000000000000 ) ) ;
#4000 = EDGE_CURVE ( 'NONE', #4440, #1967, #2477, .T. ) ;
#4001 =( GEOMETRIC_REPRESENTATION_CONTEXT ( 3 ) GLOBAL_UNCERTAINTY_ASSIGNED_CONTEXT ( ( #975 ) ) GLOBAL_UNIT_ASSIGNED_CONTEXT ( ( #7861, #1334, #6527 ) ) REPRESENTATION_CONTEXT ( 'NONE', 'WORKASPACE' ) );
#4002 = LINE ( 'NONE', #3309, #53 ) ;
#4003 = VECTOR ( 'NONE', #7263, 1000.000000000000000 ) ;
#4004 = PLANE ( 'NONE',  #6129 ) ;
#4005 = AXIS2_PLACEMENT_3D ( 'NONE', #4622, #3158, #3952 ) ;
#4006 = CARTESIAN_POINT ( 'NONE',  ( -5.950000000000000178, 0.000000000000000000, -0.8499999999999999778 ) ) ;
#4007 = ADVANCED_FACE ( 'NONE', ( #2433 ), #3775, .T. ) ;
#4008 = ORIENTED_EDGE ( 'NONE', *, *, #4570, .T. ) ;
#4009 = ITEM_DEFINED_TRANSFORMATION ( 'NONE', 'NONE', #6126,  #3266 ) ;
#4010 = VECTOR ( 'NONE', #3966, 1000.000000000000000 ) ;
#4011 = UNCERTAINTY_MEASURE_WITH_UNIT (LENGTH_MEASURE( 1.000000000000000082E-05 ), #2559, 'distance_accuracy_value', 'NONE');
#4012 = DIRECTION ( 'NONE',  ( 0.000000000000000000, -1.000000000000000000, 0.000000000000000000 ) ) ;
#4013 = VECTOR ( 'NONE', #8372, 1000.000000000000000 ) ;
#4014 =( LENGTH_UNIT ( ) NAMED_UNIT ( * ) SI_UNIT ( .MILLI., .METRE. ) );
#4015 = PRESENTATION_LAYER_ASSIGNMENT (  '', '', ( #5396 ) ) ;
#4016 = VERTEX_POINT ( 'NONE', #4490 ) ;
#4017 = CARTESIAN_POINT ( 'NONE',  ( 7.500000000000000000, 0.5999999999999999778, 4.899999999999999467 ) ) ;
#4018 = VECTOR ( 'NONE', #6453, 1000.000000000000000 ) ;
#4019 = CARTESIAN_POINT ( 'NONE',  ( -3.600000000000000089, 3.750000000000000000, 1.294533432032439979 ) ) ;
#4020 = ORIENTED_EDGE ( 'NONE', *, *, #2506, .T. ) ;
#4021 = AXIS2_PLACEMENT_3D ( 'NONE', #1712, #6094, #3228 ) ;
#4022 = VERTEX_POINT ( 'NONE', #6690 ) ;
#4023 = CARTESIAN_POINT ( 'NONE',  ( -0.5999999999999999778, 3.750000000000000000, -1.832021428630845161 ) ) ;
#4024 = ORIENTED_EDGE ( 'NONE', *, *, #2132, .F. ) ;
#4025 = AXIS2_PLACEMENT_3D ( 'NONE', #6156, #1069, #9125 ) ;
#4026 = PLANE ( 'NONE',  #2370 ) ;
#4027 = PLANE ( 'NONE',  #9185 ) ;
#4028 = AXIS2_PLACEMENT_3D ( 'NONE', #7193, #2253, #1580 ) ;
#4029 = VECTOR ( 'NONE', #2118, 1000.000000000000000 ) ;
#4030 = DIRECTION ( 'NONE',  ( 0.000000000000000000, 1.000000000000000000, 0.000000000000000000 ) ) ;
#4031 = CARTESIAN_POINT ( 'NONE',  ( -7.500000000000000000, 2.900543414065470227, -1.899999999999999911 ) ) ;
#4032 = STYLED_ITEM ( 'NONE', ( #7503 ), #7377 ) ;
#4033 = FACE_OUTER_BOUND ( 'NONE', #4851, .T. ) ;
#4034 = ORIENTED_EDGE ( 'NONE', *, *, #5165, .T. ) ;
#4035 =( NAMED_UNIT ( * ) SI_UNIT ( $, .STERADIAN. ) SOLID_ANGLE_UNIT ( ) );
#4036 = DIRECTION ( 'NONE',  ( -0.7660444431189786796, 0.000000000000000000, 0.6427876096865385858 ) ) ;
#4037 = ADVANCED_FACE ( 'NONE', ( #8250 ), #6827, .F. ) ;
#4038 = VERTEX_POINT ( 'NONE', #9087 ) ;
#4039 = DIRECTION ( 'NONE',  ( 0.000000000000000000, -1.000000000000000000, 0.000000000000000000 ) ) ;
#4040 = VECTOR ( 'NONE', #5112, 1000.000000000000000 ) ;
#4041 = DIRECTION ( 'NONE',  ( 0.000000000000000000, 1.000000000000000000, 0.000000000000000000 ) ) ;
#4042 = VERTEX_POINT ( 'NONE', #5541 ) ;
#4043 = COLOUR_RGB ( '',0.7921568627450980005, 0.8196078431372548767, 0.9333333333333333481 ) ;
#4044 = CARTESIAN_POINT ( 'NONE',  ( -7.500000000000000000, 0.5999999999999999778, -0.6500000000000000222 ) ) ;
#4045 = FACE_OUTER_BOUND ( 'NONE', #322, .T. ) ;
#4046 = CARTESIAN_POINT ( 'NONE',  ( -0.2000000000000000111, 2.750000000000000000, -2.573831925856055136 ) ) ;
#4047 = AXIS2_PLACEMENT_3D ( 'NONE', #8275, #4558, #6092 ) ;
#4048 = MECHANICAL_DESIGN_GEOMETRIC_PRESENTATION_REPRESENTATION (  '', ( #3305 ), #5747 ) ;
#4049 = ORIENTED_EDGE ( 'NONE', *, *, #3212, .F. ) ;
#4050 = PLANE ( 'NONE',  #1627 ) ;
#4051 = PLANE ( 'NONE',  #2618 ) ;
#4052 = COLOUR_RGB ( '',0.7921568627450980005, 0.8196078431372548767, 0.9333333333333333481 ) ;
#4053 = STYLED_ITEM ( 'NONE', ( #1403 ), #4656 ) ;
#4054 = CARTESIAN_POINT ( 'NONE',  ( -3.799999999999999822, 2.750000000000000000, -2.396267766897934859 ) ) ;
#4055 = LINE ( 'NONE', #4636, #7359 ) ;
#4056 = CARTESIAN_POINT ( 'NONE',  ( 5.000000000000000000, 2.750000000000000000, 2.948677781956460464 ) ) ;
#4057 = ORIENTED_EDGE ( 'NONE', *, *, #6796, .T. ) ;
#4058 = CARTESIAN_POINT ( 'NONE',  ( -7.500000000000000000, 0.5999999999999999778, 4.899999999999999467 ) ) ;
#4059 = PRESENTATION_LAYER_ASSIGNMENT (  '', '', ( #7416 ) ) ;
#4060 = MANIFOLD_SOLID_BREP ( 'Cut-Extrude4[1]', #1423 ) ;
#4061 = CARTESIAN_POINT ( 'NONE',  ( 2.976659776242249813E-16, 3.750000000000000000, -2.335481207337215093 ) ) ;
#4062 = CARTESIAN_POINT ( 'NONE',  ( 2.976659776242249813E-16, 3.750000000000000000, -2.335481207337215093 ) ) ;
#4063 = CARTESIAN_POINT ( 'NONE',  ( -7.500000000000000000, 0.000000000000000000, -1.250000000000000000 ) ) ;
#4064 = ADVANCED_FACE ( 'NONE', ( #5253 ), #5493, .F. ) ;
#4065 = EDGE_CURVE ( 'NONE', #3838, #6905, #8933, .T. ) ;
#4066 = VERTEX_POINT ( 'NONE', #381 ) ;
#4067 = CARTESIAN_POINT ( 'NONE',  ( -5.950000000000000178, 0.5999999999999999778, -0.8499999999999999778 ) ) ;
#4068 = ORIENTED_EDGE ( 'NONE', *, *, #3230, .F. ) ;
#4069 =( NAMED_UNIT ( * ) PLANE_ANGLE_UNIT ( ) SI_UNIT ( $, .RADIAN. ) );
#4070 = EDGE_LOOP ( 'NONE', ( #8412, #2409, #5278, #3078 ) ) ;
#4071 = ORIENTED_EDGE ( 'NONE', *, *, #345, .F. ) ;
#4072 = DIRECTION ( 'NONE',  ( 0.000000000000000000, 0.000000000000000000, -1.000000000000000000 ) ) ;
#4073 = PRESENTATION_STYLE_ASSIGNMENT (( #1195 ) ) ;
#4074 = ADVANCED_FACE ( 'NONE', ( #8286 ), #7472, .F. ) ;
#4075 = CARTESIAN_POINT ( 'NONE',  ( 0.8000000000000000444, 3.750000000000000000, -3.006760912279035303 ) ) ;
#4076 = DIRECTION ( 'NONE',  ( 0.000000000000000000, -1.000000000000000000, 0.000000000000000000 ) ) ;
#4077 =( LENGTH_UNIT ( ) NAMED_UNIT ( * ) SI_UNIT ( .MILLI., .METRE. ) );
#4078 = ORIENTED_EDGE ( 'NONE', *, *, #6787, .F. ) ;
#4079 = ORIENTED_EDGE ( 'NONE', *, *, #2814, .F. ) ;
#4080 = PRESENTATION_STYLE_ASSIGNMENT (( #6389 ) ) ;
#4081 = CARTESIAN_POINT ( 'NONE',  ( -0.8000000000000000444, 2.750000000000000000, 3.006760912279035303 ) ) ;
#4082 = EDGE_LOOP ( 'NONE', ( #3536, #2124, #1506, #2032 ) ) ;
#4083 = EDGE_CURVE ( 'NONE', #5712, #3440, #5965, .T. ) ;
#4084 = DIRECTION ( 'NONE',  ( 0.000000000000000000, -1.000000000000000000, 0.000000000000000000 ) ) ;
#4085 = ORIENTED_EDGE ( 'NONE', *, *, #6860, .T. ) ;
#4086 =( NAMED_UNIT ( * ) SI_UNIT ( $, .STERADIAN. ) SOLID_ANGLE_UNIT ( ) );
#4087 = DIRECTION ( 'NONE',  ( -1.000000000000000000, 0.000000000000000000, 0.000000000000000000 ) ) ;
#4088 = MANIFOLD_SOLID_BREP ( 'Boss-Extrude3[5][1]', #5535 ) ;
#4089 = ORIENTED_EDGE ( 'NONE', *, *, #9020, .F. ) ;
#4090 = SURFACE_SIDE_STYLE ('',( #2757 ) ) ;
#4091 =( NAMED_UNIT ( * ) PLANE_ANGLE_UNIT ( ) SI_UNIT ( $, .RADIAN. ) );
#4092 =( REPRESENTATION_RELATIONSHIP ('NONE','NONE', #3559, #3321 ) REPRESENTATION_RELATIONSHIP_WITH_TRANSFORMATION ( #5605 )SHAPE_REPRESENTATION_RELATIONSHIP( ) );
#4093 = DIRECTION ( 'NONE',  ( 0.000000000000000000, -1.000000000000000000, 0.000000000000000000 ) ) ;
#4094 = EDGE_CURVE ( 'NONE', #523, #2554, #4709, .T. ) ;
#4095 = SURFACE_SIDE_STYLE ('',( #7678 ) ) ;
#4096 = UNCERTAINTY_MEASURE_WITH_UNIT (LENGTH_MEASURE( 1.000000000000000082E-05 ), #5457, 'distance_accuracy_value', 'NONE');
#4097 =( LENGTH_UNIT ( ) NAMED_UNIT ( * ) SI_UNIT ( .MILLI., .METRE. ) );
#4098 = COLOUR_RGB ( '',0.7921568627450980005, 0.8196078431372548767, 0.9333333333333333481 ) ;
#4099 = DIRECTION ( 'NONE',  ( 0.9848077530122081313, 0.000000000000000000, 0.1736481776669305255 ) ) ;
#4100 = VERTEX_POINT ( 'NONE', #3806 ) ;
#4101 = PRESENTATION_STYLE_ASSIGNMENT (( #2676 ) ) ;
#4102 = EDGE_CURVE ( 'NONE', #3385, #2430, #332, .T. ) ;
#4103 = DIRECTION ( 'NONE',  ( 0.000000000000000000, 0.000000000000000000, 1.000000000000000000 ) ) ;
#4104 = FACE_OUTER_BOUND ( 'NONE', #1044, .T. ) ;
#4105 = MANIFOLD_SOLID_BREP ( 'Boss-Extrude3[1][1]', #8418 ) ;
#4106 = LINE ( 'NONE', #3175, #373 ) ;
#4107 = CARTESIAN_POINT ( 'NONE',  ( 5.949999999999919353, 0.000000000000000000, -4.649999999999999467 ) ) ;
#4108 = STYLED_ITEM ( 'NONE', ( #7046 ), #2564 ) ;
#4109 = EDGE_LOOP ( 'NONE', ( #4638, #124, #2683, #1474 ) ) ;
#4110 = DIRECTION ( 'NONE',  ( 0.000000000000000000, -1.000000000000000000, 0.000000000000000000 ) ) ;
#4111 =( NAMED_UNIT ( * ) SI_UNIT ( $, .STERADIAN. ) SOLID_ANGLE_UNIT ( ) );
#4112 = ORIENTED_EDGE ( 'NONE', *, *, #9252, .T. ) ;
#4113 = DIRECTION ( 'NONE',  ( 0.000000000000000000, 0.000000000000000000, 1.000000000000000000 ) ) ;
#4114 = ORIENTED_EDGE ( 'NONE', *, *, #3951, .F. ) ;
#4115 = CARTESIAN_POINT ( 'NONE',  ( 3.799999999999999822, 2.750000000000000000, -1.056182713513598159 ) ) ;
#4116 = ORIENTED_EDGE ( 'NONE', *, *, #2254, .F. ) ;
#4117 = PLANE ( 'NONE',  #3304 ) ;
#4118 = DIRECTION ( 'NONE',  ( -0.7660444431189785686, 0.000000000000000000, 0.6427876096865385858 ) ) ;
#4119 = AXIS2_PLACEMENT_3D ( 'NONE', #7462, #1804, #1617 ) ;
#4120 = EDGE_CURVE ( 'NONE', #9023, #3177, #3903, .T. ) ;
#4121 = EDGE_CURVE ( 'NONE', #3593, #6905, #3590, .T. ) ;
#4122 = PRODUCT ( 'Boss-Extrude6[7]_1', 'Boss-Extrude6[7]_1', '', ( #3172 ) ) ;
#4123 = PLANE ( 'NONE',  #5067 ) ;
#4124 = CARTESIAN_POINT ( 'NONE',  ( -5.200000000000000178, 0.2000000000000000111, -3.000000000000000000 ) ) ;
#4125 = CARTESIAN_POINT ( 'NONE',  ( 7.500000000000000000, 0.000000000000000000, 0.8499999999999999778 ) ) ;
#4126 = ORIENTED_EDGE ( 'NONE', *, *, #531, .T. ) ;
#4127 = SHAPE_REPRESENTATION_RELATIONSHIP ( 'NONE' , 'NONE' ,  #1371, #963 ) ;
#4128 = ADVANCED_FACE ( 'NONE', ( #5350 ), #348, .T. ) ;
#4129 = SURFACE_STYLE_USAGE ( .BOTH. , #7955 ) ;
#4130 = EDGE_LOOP ( 'NONE', ( #3408, #6867, #9121, #8257 ) ) ;
#4131 = PRODUCT_DEFINITION ( 'UNKNOWN', '', #38, #5791 ) ;
#4132 = DIRECTION ( 'NONE',  ( 0.000000000000000000, 1.000000000000000000, 0.000000000000000000 ) ) ;
#4133 =( LENGTH_UNIT ( ) NAMED_UNIT ( * ) SI_UNIT ( .MILLI., .METRE. ) );
#4134 = ORIENTED_EDGE ( 'NONE', *, *, #5118, .T. ) ;
#4135 = DIRECTION ( 'NONE',  ( 0.000000000000000000, 0.000000000000000000, 1.000000000000000000 ) ) ;
#4136 = ORIENTED_EDGE ( 'NONE', *, *, #941, .F. ) ;
#4137 = DIRECTION ( 'NONE',  ( 0.000000000000000000, -1.000000000000000000, 0.000000000000000000 ) ) ;
#4138 = MANIFOLD_SOLID_BREP ( 'Boss-Extrude3[3][1]', #827 ) ;
#4139 = ORIENTED_EDGE ( 'NONE', *, *, #8616, .T. ) ;
#4140 = LINE ( 'NONE', #7011, #6040 ) ;
#4141 = DIRECTION ( 'NONE',  ( 0.000000000000000000, -1.000000000000000000, 0.000000000000000000 ) ) ;
#4142 = FACE_OUTER_BOUND ( 'NONE', #3130, .T. ) ;
#4143 = PRESENTATION_STYLE_ASSIGNMENT (( #598 ) ) ;
#4144 = DIRECTION ( 'NONE',  ( 0.000000000000000000, 0.000000000000000000, 1.000000000000000000 ) ) ;
#4145 = ORIENTED_EDGE ( 'NONE', *, *, #3404, .F. ) ;
#4146 = VECTOR ( 'NONE', #1147, 1000.000000000000000 ) ;
#4147 = APPLICATION_CONTEXT ( 'automotive_design' ) ;
#4148 = DIRECTION ( 'NONE',  ( 2.131773678003834915E-16, 0.000000000000000000, 1.000000000000000000 ) ) ;
#4149 = LINE ( 'NONE', #4974, #3272 ) ;
#4150 = VECTOR ( 'NONE', #631, 1000.000000000000000 ) ;
#4151 = FACE_OUTER_BOUND ( 'NONE', #626, .T. ) ;
#4152 = AXIS2_PLACEMENT_3D ( 'NONE', #2614, #7822, #3303 ) ;
#4153 = ADVANCED_FACE ( 'NONE', ( #1078 ), #8218, .F. ) ;
#4154 = VERTEX_POINT ( 'NONE', #1173 ) ;
#4155 = AXIS2_PLACEMENT_3D ( 'NONE', #5910, #4504, #8227 ) ;
#4156 = LINE ( 'NONE', #1317, #5090 ) ;
#4157 = CARTESIAN_POINT ( 'NONE',  ( -6.500000000000000000, 3.750000000000000000, -4.899999999999999467 ) ) ;
#4158 = ORIENTED_EDGE ( 'NONE', *, *, #4397, .F. ) ;
#4159 = DIRECTION ( 'NONE',  ( 0.000000000000000000, 0.000000000000000000, 1.000000000000000000 ) ) ;
#4160 = VERTEX_POINT ( 'NONE', #448 ) ;
#4161 = DIRECTION ( 'NONE',  ( -0.6427876096865391409, 0.000000000000000000, -0.7660444431189782355 ) ) ;
#4162 = MECHANICAL_DESIGN_GEOMETRIC_PRESENTATION_REPRESENTATION (  '', ( #5247 ), #6613 ) ;
#4163 = CARTESIAN_POINT ( 'NONE',  ( -4.503459778706369931, 3.750000000000000000, 1.711808560920089928 ) ) ;
#4164 = CARTESIAN_POINT ( 'NONE',  ( 5.950000000000000178, 0.5999999999999999778, -0.8499999999999999778 ) ) ;
#4165 = PLANE ( 'NONE',  #4789 ) ;
#4166 = AXIS2_PLACEMENT_3D ( 'NONE', #5069, #8782, #8963 ) ;
#4167 = SURFACE_STYLE_USAGE ( .BOTH. , #4889 ) ;
#4168 = CARTESIAN_POINT ( 'NONE',  ( -0.8000000000000000444, 2.750000000000000000, -2.070372147149684761 ) ) ;
#4169 = STYLED_ITEM ( 'NONE', ( #3774 ), #5603 ) ;
#4170 = CARTESIAN_POINT ( 'NONE',  ( -3.814359353944920095, 0.2000000000000000111, -3.799999999999999822 ) ) ;
#4171 = CARTESIAN_POINT ( 'NONE',  ( 9.757819551890340433E-16, -2.455974827712295028, 2.400834213883145107 ) ) ;
#4172 = FILL_AREA_STYLE ('',( #4365 ) ) ;
#4173 = ADVANCED_FACE ( 'NONE', ( #8394 ), #4771, .F. ) ;
#4174 = EDGE_LOOP ( 'NONE', ( #4134, #1566, #3238 ) ) ;
#4175 =( GEOMETRIC_REPRESENTATION_CONTEXT ( 3 ) GLOBAL_UNCERTAINTY_ASSIGNED_CONTEXT ( ( #1556 ) ) GLOBAL_UNIT_ASSIGNED_CONTEXT ( ( #9241, #7151, #7834 ) ) REPRESENTATION_CONTEXT ( 'NONE', 'WORKASPACE' ) );
#4176 = ORIENTED_EDGE ( 'NONE', *, *, #4411, .F. ) ;
#4177 = VECTOR ( 'NONE', #5885, 1000.000000000000000 ) ;
#4179 = LINE ( 'NONE', #7004, #1016 ) ;
#4178 = COLOUR_RGB ( '',0.7529411764705882248, 0.000000000000000000, 0.000000000000000000 ) ;
#4180 = VECTOR ( 'NONE', #3624, 1000.000000000000000 ) ;
#4181 = FACE_OUTER_BOUND ( 'NONE', #2249, .T. ) ;
#4182 = ORIENTED_EDGE ( 'NONE', *, *, #8007, .F. ) ;
#4183 = EDGE_CURVE ( 'NONE', #4736, #2593, #9133, .T. ) ;
#4184 = CARTESIAN_POINT ( 'NONE',  ( -5.950000000000000178, 3.750000000000000000, 2.750000000000000000 ) ) ;
#4185 = ADVANCED_FACE ( 'NONE', ( #848 ), #1609, .F. ) ;
#4186 = EDGE_CURVE ( 'NONE', #3336, #8623, #7935, .T. ) ;
#4187 = VERTEX_POINT ( 'NONE', #173 ) ;
#4188 = PRESENTATION_STYLE_ASSIGNMENT (( #2008 ) ) ;
#4189 = UNCERTAINTY_MEASURE_WITH_UNIT (LENGTH_MEASURE( 1.000000000000000082E-05 ), #8841, 'distance_accuracy_value', 'NONE');
#4190 = ORIENTED_EDGE ( 'NONE', *, *, #8859, .F. ) ;
#4191 = STYLED_ITEM ( 'NONE', ( #2094 ), #7619 ) ;
#4192 = DIRECTION ( 'NONE',  ( 1.000000000000000000, 0.000000000000000000, -1.232817212792323889E-16 ) ) ;
#4193 = MECHANICAL_DESIGN_GEOMETRIC_PRESENTATION_REPRESENTATION (  '', ( #3140 ), #9208 ) ;
#4194 = SURFACE_STYLE_FILL_AREA ( #8629 ) ;
#4195 = EDGE_CURVE ( 'NONE', #8735, #6228, #35, .T. ) ;
#4196 = CARTESIAN_POINT ( 'NONE',  ( -7.500000000000000000, 0.000000000000000000, -0.8499999999999999778 ) ) ;
#4197 = MECHANICAL_DESIGN_GEOMETRIC_PRESENTATION_REPRESENTATION (  '', ( #4663 ), #1473 ) ;
#4198 = ORIENTED_EDGE ( 'NONE', *, *, #8474, .F. ) ;
#4199 = DIRECTION ( 'NONE',  ( 1.000000000000000000, 0.000000000000000000, -1.232817212792323889E-16 ) ) ;
#4200 = CARTESIAN_POINT ( 'NONE',  ( 4.535639852470909616, 2.750000000000000000, 3.338322210481544872 ) ) ;
#4201 = PRODUCT_DEFINITION_SHAPE ( 'NONE', 'NONE',  #9391 ) ;
#4202 = MANIFOLD_SOLID_BREP ( 'Boss-Extrude6[7][1]', #516 ) ;
#4203 = FILL_AREA_STYLE_COLOUR ( '', #2198 ) ;
#4204 = AXIS2_PLACEMENT_3D ( 'NONE', #4633, #5450, #1786 ) ;
#4205 = DIRECTION ( 'NONE',  ( 2.131773678003834915E-16, 0.000000000000000000, 1.000000000000000000 ) ) ;
#4206 = ORIENTED_EDGE ( 'NONE', *, *, #8381, .F. ) ;
#4207 = CARTESIAN_POINT ( 'NONE',  ( 0.8000000000000000444, 2.750000000000000000, 3.288884081412580151 ) ) ;
#4208 = VERTEX_POINT ( 'NONE', #2882 ) ;
#4209 =( LENGTH_UNIT ( ) NAMED_UNIT ( * ) SI_UNIT ( .MILLI., .METRE. ) );
#4210 = VECTOR ( 'NONE', #8949, 1000.000000000000000 ) ;
#4211 = ORIENTED_EDGE ( 'NONE', *, *, #6728, .F. ) ;
#4212 = EDGE_CURVE ( 'NONE', #4227, #4016, #4359, .T. ) ;
#4213 = CARTESIAN_POINT ( 'NONE',  ( -0.8000000000000000444, 2.750000000000000000, -3.288884081412580151 ) ) ;
#4214 = VERTEX_POINT ( 'NONE', #748 ) ;
#4215 = FACE_OUTER_BOUND ( 'NONE', #6325, .T. ) ;
#4216 = FACE_OUTER_BOUND ( 'NONE', #6046, .T. ) ;
#4217 = CARTESIAN_POINT ( 'NONE',  ( 5.950000000000000178, 2.900543414065470227, 4.649999999999999467 ) ) ;
#4218 = EDGE_CURVE ( 'NONE', #2663, #2772, #8077, .T. ) ;
#4219 = DIRECTION ( 'NONE',  ( 1.000000000000000000, 0.000000000000000000, 0.000000000000000000 ) ) ;
#4220 = CARTESIAN_POINT ( 'NONE',  ( 5.950000000000000178, 3.750000000000000000, 1.050000000000000044 ) ) ;
#4221 = FACE_OUTER_BOUND ( 'NONE', #3145, .T. ) ;
#4222 = ORIENTED_EDGE ( 'NONE', *, *, #5955, .T. ) ;
#4223 =( LENGTH_UNIT ( ) NAMED_UNIT ( * ) SI_UNIT ( .MILLI., .METRE. ) );
#4224 = SHAPE_REPRESENTATION ( 'Boss-Extrude3[5]_1', ( #3266 ), #224 ) ;
#4225 = ORIENTED_EDGE ( 'NONE', *, *, #5904, .F. ) ;
#4226 = LINE ( 'NONE', #476, #7161 ) ;
#4227 = VERTEX_POINT ( 'NONE', #3073 ) ;
#4228 = CARTESIAN_POINT ( 'NONE',  ( -7.499999999999920064, 0.000000000000000000, -2.949999999999999734 ) ) ;
#4229 = CARTESIAN_POINT ( 'NONE',  ( -0.5999999999999999778, -2.455974827712295028, 1.685782058326620092 ) ) ;
#4230 = DIRECTION ( 'NONE',  ( 0.000000000000000000, 0.000000000000000000, -1.000000000000000000 ) ) ;
#4231 = EDGE_LOOP ( 'NONE', ( #7188, #3486, #2550, #2455, #7048, #3462 ) ) ;
#4232 = DIRECTION ( 'NONE',  ( 0.000000000000000000, -1.000000000000000000, 0.000000000000000000 ) ) ;
#4233 = ORIENTED_EDGE ( 'NONE', *, *, #3055, .T. ) ;
#4234 = LINE ( 'NONE', #2063, #5707 ) ;
#4235 =( GEOMETRIC_REPRESENTATION_CONTEXT ( 3 ) GLOBAL_UNCERTAINTY_ASSIGNED_CONTEXT ( ( #863 ) ) GLOBAL_UNIT_ASSIGNED_CONTEXT ( ( #4014, #499, #5459 ) ) REPRESENTATION_CONTEXT ( 'NONE', 'WORKASPACE' ) );
#4236 = ORIENTED_EDGE ( 'NONE', *, *, #5833, .F. ) ;
#4237 = DIRECTION ( 'NONE',  ( 1.000000000000000000, 0.000000000000000000, 0.000000000000000000 ) ) ;
#4238 = DIRECTION ( 'NONE',  ( 0.000000000000000000, -1.000000000000000000, 0.000000000000000000 ) ) ;
#4239 =( LENGTH_UNIT ( ) NAMED_UNIT ( * ) SI_UNIT ( .MILLI., .METRE. ) );
#4240 = EDGE_CURVE ( 'NONE', #5626, #5650, #5143, .T. ) ;
#4241 = EDGE_CURVE ( 'NONE', #1914, #5003, #1512, .T. ) ;
#4242 = EDGE_CURVE ( 'NONE', #8874, #8228, #8815, .T. ) ;
#4243 = ORIENTED_EDGE ( 'NONE', *, *, #5192, .T. ) ;
#4244 = DIRECTION ( 'NONE',  ( -0.6427876096865396960, 0.000000000000000000, -0.7660444431189776804 ) ) ;
#4245 = ADVANCED_FACE ( 'NONE', ( #1412 ), #796, .F. ) ;
#4246 = CARTESIAN_POINT ( 'NONE',  ( 0.8000000000000000444, 2.750000000000000000, 2.070372147149684761 ) ) ;
#4247 = CARTESIAN_POINT ( 'NONE',  ( -5.000000000000000000, 3.750000000000000000, 1.120054968325876033 ) ) ;
#4248 = AXIS2_PLACEMENT_3D ( 'NONE', #7400, #6593, #3989 ) ;
#4249 = LINE ( 'NONE', #2026, #9060 ) ;
#4250 = EDGE_LOOP ( 'NONE', ( #7940, #1270, #8500, #6617 ) ) ;
#4251 = ORIENTED_EDGE ( 'NONE', *, *, #2453, .T. ) ;
#4252 = APPLICATION_PROTOCOL_DEFINITION ( 'draft international standard', 'automotive_design', 1998, #3012 ) ;
#4253 = ORIENTED_EDGE ( 'NONE', *, *, #1255, .F. ) ;
#4254 =( NAMED_UNIT ( * ) SI_UNIT ( $, .STERADIAN. ) SOLID_ANGLE_UNIT ( ) );
#4255 = CARTESIAN_POINT ( 'NONE',  ( -7.500000000000000000, 2.900543414065470227, 4.649999999999999467 ) ) ;
#4256 = CARTESIAN_POINT ( 'NONE',  ( 7.500000000000000000, 2.900543414065470227, 2.550000000000000266 ) ) ;
#4257 = ADVANCED_FACE ( 'NONE', ( #7223 ), #1557, .T. ) ;
#4258 = PRESENTATION_STYLE_ASSIGNMENT (( #4167 ) ) ;
#4259 = VERTEX_POINT ( 'NONE', #3740 ) ;
#4260 = FACE_OUTER_BOUND ( 'NONE', #7273, .T. ) ;
#4261 = VERTEX_POINT ( 'NONE', #3032 ) ;
#4262 = ORIENTED_EDGE ( 'NONE', *, *, #1372, .T. ) ;
#4263 = EDGE_CURVE ( 'NONE', #7669, #6666, #5951, .T. ) ;
#4264 = DIRECTION ( 'NONE',  ( 1.000000000000000000, 0.000000000000000000, 0.000000000000000000 ) ) ;
#4265 = ORIENTED_EDGE ( 'NONE', *, *, #5250, .F. ) ;
#4266 =( NAMED_UNIT ( * ) PLANE_ANGLE_UNIT ( ) SI_UNIT ( $, .RADIAN. ) );
#4267 = DIRECTION ( 'NONE',  ( 0.000000000000000000, -1.000000000000000000, 0.000000000000000000 ) ) ;
#4268 = CARTESIAN_POINT ( 'NONE',  ( -4.400000000000000355, -2.455974827712295028, 3.600000000000000089 ) ) ;
#4269 = ORIENTED_EDGE ( 'NONE', *, *, #7528, .F. ) ;
#4270 = AXIS2_PLACEMENT_3D ( 'NONE', #1977, #406, #7687 ) ;
#4271 = APPLICATION_CONTEXT ( 'automotive_design' ) ;
#4272 = CARTESIAN_POINT ( 'NONE',  ( 5.000000000000000000, -2.455974827712295028, 2.948677781956460464 ) ) ;
#4273 = ORIENTED_EDGE ( 'NONE', *, *, #6395, .F. ) ;
#4274 = DIRECTION ( 'NONE',  ( 0.000000000000000000, 0.000000000000000000, -1.000000000000000000 ) ) ;
#4275 = EDGE_CURVE ( 'NONE', #6273, #4740, #7601, .T. ) ;
#4276 = ORIENTED_EDGE ( 'NONE', *, *, #5250, .T. ) ;
#4277 = AXIS2_PLACEMENT_3D ( 'NONE', #5126, #834, #4979 ) ;
#4278 = LINE ( 'NONE', #5594, #8310 ) ;
#4279 = PRESENTATION_STYLE_ASSIGNMENT (( #6636 ) ) ;
#4280 = SURFACE_SIDE_STYLE ('',( #4194 ) ) ;
#4281 =( GEOMETRIC_REPRESENTATION_CONTEXT ( 3 ) GLOBAL_UNCERTAINTY_ASSIGNED_CONTEXT ( ( #9033 ) ) GLOBAL_UNIT_ASSIGNED_CONTEXT ( ( #5957, #6845, #8786 ) ) REPRESENTATION_CONTEXT ( 'NONE', 'WORKASPACE' ) );
#4282 = FACE_OUTER_BOUND ( 'NONE', #3280, .T. ) ;
#4283 = ADVANCED_FACE ( 'NONE', ( #5363 ), #6041, .F. ) ;
#4284 = VERTEX_POINT ( 'NONE', #4644 ) ;
#4285 =( NAMED_UNIT ( * ) SI_UNIT ( $, .STERADIAN. ) SOLID_ANGLE_UNIT ( ) );
#4286 = DIRECTION ( 'NONE',  ( 0.000000000000000000, 1.000000000000000000, 0.000000000000000000 ) ) ;
#4287 = MANIFOLD_SOLID_BREP ( 'Boss-Extrude6[5][1]', #357 ) ;
#4288 = DIRECTION ( 'NONE',  ( 0.000000000000000000, -1.000000000000000000, 0.000000000000000000 ) ) ;
#4289 = VECTOR ( 'NONE', #3421, 1000.000000000000114 ) ;
#4290 = EDGE_CURVE ( 'NONE', #8520, #7890, #2447, .T. ) ;
#4291 = ADVANCED_BREP_SHAPE_REPRESENTATION ( '', ( #1171, #3266 ), #8133 ) ;
#4292 = ORIENTED_EDGE ( 'NONE', *, *, #5061, .F. ) ;
#4293 = EDGE_CURVE ( 'NONE', #3802, #7461, #314, .T. ) ;
#4294 = EDGE_LOOP ( 'NONE', ( #7580, #4544, #9098, #5377 ) ) ;
#4295 = APPLICATION_PROTOCOL_DEFINITION ( 'draft international standard', 'automotive_design', 1998, #5577 ) ;
#4296 = AXIS2_PLACEMENT_3D ( 'NONE', #1629, #5248, #8885 ) ;
#4297 = VERTEX_POINT ( 'NONE', #8182 ) ;
#4298 = CARTESIAN_POINT ( 'NONE',  ( 3.935639852470909972, 3.750000000000000000, 3.841781989187914803 ) ) ;
#4299 = CLOSED_SHELL ( 'NONE', ( #2493, #9116, #5798, #350, #6218 ) ) ;
#4300 = CARTESIAN_POINT ( 'NONE',  ( 0.5999999999999999778, 2.750000000000000000, -1.620429051780690077 ) ) ;
#4301 = LINE ( 'NONE', #4164, #1133 ) ;
#4302 = SURFACE_SIDE_STYLE ('',( #8814 ) ) ;
#4303 = VECTOR ( 'NONE', #1239, 1000.000000000000000 ) ;
#4304 = CARTESIAN_POINT ( 'NONE',  ( 7.500000000000000000, 2.900543414065470227, 4.450000000000000178 ) ) ;
#4305 = AXIS2_PLACEMENT_3D ( 'NONE', #821, #6681, #5933 ) ;
#4306 = PRODUCT_DEFINITION_CONTEXT ( 'detailed design', #3797, 'design' ) ;
#4307 = ORIENTED_EDGE ( 'NONE', *, *, #4094, .T. ) ;
#4308 = CARTESIAN_POINT ( 'NONE',  ( -4.400000000000000355, 2.750000000000000000, 3.600000000000000089 ) ) ;
#4309 = VECTOR ( 'NONE', #5682, 1000.000000000000000 ) ;
#4310 = ORIENTED_EDGE ( 'NONE', *, *, #6011, .T. ) ;
#4311 = MECHANICAL_DESIGN_GEOMETRIC_PRESENTATION_REPRESENTATION (  '', ( #3707 ), #1590 ) ;
#4312 = SHAPE_REPRESENTATION_RELATIONSHIP ( 'NONE' , 'NONE' ,  #3924, #2596 ) ;
#4313 = VERTEX_POINT ( 'NONE', #1750 ) ;
#4314 = DIRECTION ( 'NONE',  ( 0.000000000000000000, 1.000000000000000000, 0.000000000000000000 ) ) ;
#4315 = ORIENTED_EDGE ( 'NONE', *, *, #8183, .T. ) ;
#4316 = AXIS2_PLACEMENT_3D ( 'NONE', #81, #6661, #5140 ) ;
#4317 = SURFACE_STYLE_USAGE ( .BOTH. , #5096 ) ;
#4318 = LINE ( 'NONE', #3395, #507 ) ;
#4319 = CARTESIAN_POINT ( 'NONE',  ( 7.500000000000000000, 0.000000000000000000, 4.899999999999999467 ) ) ;
#4320 = STYLED_ITEM ( 'NONE', ( #6409 ), #3716 ) ;
#4321 = VECTOR ( 'NONE', #2346, 1000.000000000000000 ) ;
#4322 = LINE ( 'NONE', #718, #7067 ) ;
#4323 = ORIENTED_EDGE ( 'NONE', *, *, #7971, .T. ) ;
#4324 = PLANE ( 'NONE',  #1587 ) ;
#4325 = ORIENTED_EDGE ( 'NONE', *, *, #3949, .T. ) ;
#4326 = EDGE_CURVE ( 'NONE', #2731, #2775, #6933, .T. ) ;
#4327 =( NAMED_UNIT ( * ) SI_UNIT ( $, .STERADIAN. ) SOLID_ANGLE_UNIT ( ) );
#4328 = MANIFOLD_SOLID_BREP ( 'Boss-Extrude4[1]', #4299 ) ;
#4329 = VECTOR ( 'NONE', #5566, 1000.000000000000000 ) ;
#4330 = VECTOR ( 'NONE', #469, 1000.000000000000000 ) ;
#4331 = ORIENTED_EDGE ( 'NONE', *, *, #1116, .F. ) ;
#4332 = CARTESIAN_POINT ( 'NONE',  ( 7.500000000000000000, 0.5999999999999999778, 4.899999999999999467 ) ) ;
#4333 = EDGE_CURVE ( 'NONE', #2772, #5814, #3967, .T. ) ;
#4334 = LINE ( 'NONE', #4381, #828 ) ;
#4335 = COLOUR_RGB ( '',1.000000000000000000, 0.8117647058823529438, 0.5019607843137254832 ) ;
#4336 = DIRECTION ( 'NONE',  ( 0.000000000000000000, -1.000000000000000000, 0.000000000000000000 ) ) ;
#4337 = VECTOR ( 'NONE', #113, 1000.000000000000000 ) ;
#4338 = DIRECTION ( 'NONE',  ( 0.000000000000000000, -1.000000000000000000, 0.000000000000000000 ) ) ;
#4339 = PRESENTATION_LAYER_ASSIGNMENT (  '', '', ( #858 ) ) ;
#4340 =( GEOMETRIC_REPRESENTATION_CONTEXT ( 3 ) GLOBAL_UNCERTAINTY_ASSIGNED_CONTEXT ( ( #1256 ) ) GLOBAL_UNIT_ASSIGNED_CONTEXT ( ( #6680, #7288, #1582 ) ) REPRESENTATION_CONTEXT ( 'NONE', 'WORKASPACE' ) );
#4341 = ORIENTED_EDGE ( 'NONE', *, *, #9122, .F. ) ;
#4342 = LINE ( 'NONE', #3723, #7090 ) ;
#4343 = CARTESIAN_POINT ( 'NONE',  ( -5.950000000000000178, 0.5999999999999999778, 4.649999999999999467 ) ) ;
#4344 = CARTESIAN_POINT ( 'NONE',  ( 0.8000000000000000444, 2.750000000000000000, 2.070372147149684761 ) ) ;
#4345 = CARTESIAN_POINT ( 'NONE',  ( 2.250000000000000000, 0.1000000000000000056, 1.099999999999999867 ) ) ;
#4346 = DIRECTION ( 'NONE',  ( 0.000000000000000000, -1.000000000000000000, 0.000000000000000000 ) ) ;
#4347 = AXIS2_PLACEMENT_3D ( 'NONE', #8099, #9382, #2862 ) ;
#4348 = FACE_OUTER_BOUND ( 'NONE', #6567, .T. ) ;
#4349 = FACE_OUTER_BOUND ( 'NONE', #1742, .T. ) ;
#4350 = ORIENTED_EDGE ( 'NONE', *, *, #602, .F. ) ;
#4351 = VERTEX_POINT ( 'NONE', #3218 ) ;
#4352 = APPLICATION_PROTOCOL_DEFINITION ( 'draft international standard', 'automotive_design', 1998, #2873 ) ;
#4353 = ORIENTED_EDGE ( 'NONE', *, *, #2432, .T. ) ;
#4354 = SURFACE_STYLE_FILL_AREA ( #2033 ) ;
#4355 = AXIS2_PLACEMENT_3D ( 'NONE', #7374, #2101, #661 ) ;
#4356 = VECTOR ( 'NONE', #2872, 1000.000000000000114 ) ;
#4357 = DIRECTION ( 'NONE',  ( 0.000000000000000000, -1.000000000000000000, 0.000000000000000000 ) ) ;
#4358 = EDGE_CURVE ( 'NONE', #9106, #3529, #4692, .T. ) ;
#4359 = LINE ( 'NONE', #6702, #1322 ) ;
#4360 = PRODUCT ( 'Boss-Extrude3[5]_1', 'Boss-Extrude3[5]_1', '', ( #8913 ) ) ;
#4361 = EDGE_CURVE ( 'NONE', #8085, #8617, #5656, .T. ) ;
#4362 = SURFACE_STYLE_FILL_AREA ( #3510 ) ;
#4363 = STYLED_ITEM ( 'NONE', ( #8122 ), #2363 ) ;
#4364 = ORIENTED_EDGE ( 'NONE', *, *, #6083, .F. ) ;
#4365 = FILL_AREA_STYLE_COLOUR ( '', #6143 ) ;
#4366 = ORIENTED_EDGE ( 'NONE', *, *, #5313, .T. ) ;
#4367 = ORIENTED_EDGE ( 'NONE', *, *, #3055, .F. ) ;
#4368 = FACE_OUTER_BOUND ( 'NONE', #3493, .T. ) ;
#4369 = ORIENTED_EDGE ( 'NONE', *, *, #822, .T. ) ;
#4370 = EDGE_CURVE ( 'NONE', #4376, #2158, #882, .T. ) ;
#4371 = PLANE ( 'NONE',  #2830 ) ;
#4372 = MECHANICAL_DESIGN_GEOMETRIC_PRESENTATION_REPRESENTATION (  '', ( #2232 ), #9050 ) ;
#4373 = CARTESIAN_POINT ( 'NONE',  ( 7.500000000000000000, 0.5999999999999999778, -4.450000000000000178 ) ) ;
#4374 = ORIENTED_EDGE ( 'NONE', *, *, #4411, .T. ) ;
#4375 = CARTESIAN_POINT ( 'NONE',  ( 0.8000000000000000444, 2.750000000000000000, -1.788248978016140134 ) ) ;
#4376 = VERTEX_POINT ( 'NONE', #3361 ) ;
#4377 = CARTESIAN_POINT ( 'NONE',  ( -5.950000000000000178, 3.750000000000000000, 0.8499999999999999778 ) ) ;
#4378 = DIRECTION ( 'NONE',  ( 1.000000000000000000, 0.000000000000000000, 0.000000000000000000 ) ) ;
#4379 = ORIENTED_EDGE ( 'NONE', *, *, #4598, .T. ) ;
#4380 = CARTESIAN_POINT ( 'NONE',  ( 7.500000000000000000, 2.900543414065470227, 2.750000000000000000 ) ) ;
#4381 = CARTESIAN_POINT ( 'NONE',  ( -0.2000000000000000111, 3.750000000000000000, -2.573831925856055136 ) ) ;
#4382 = CARTESIAN_POINT ( 'NONE',  ( -5.000000000000000000, 3.750000000000000000, 1.120054968325876033 ) ) ;
#4383 = CARTESIAN_POINT ( 'NONE',  ( 7.500000000000000000, 2.900543414065470227, 4.649999999999999467 ) ) ;
#4384 = EDGE_CURVE ( 'NONE', #3043, #8423, #9197, .T. ) ;
#4385 = DIRECTION ( 'NONE',  ( 0.000000000000000000, 0.000000000000000000, 1.000000000000000000 ) ) ;
#4386 = LINE ( 'NONE', #8803, #4337 ) ;
#4387 = PLANE ( 'NONE',  #2137 ) ;
#4388 = SURFACE_STYLE_FILL_AREA ( #18 ) ;
#4389 = SURFACE_STYLE_FILL_AREA ( #2916 ) ;
#4390 = FACE_OUTER_BOUND ( 'NONE', #7939, .T. ) ;
#4391 = DIRECTION ( 'NONE',  ( 0.6427876096865396960, 0.000000000000000000, 0.7660444431189776804 ) ) ;
#4392 = CARTESIAN_POINT ( 'NONE',  ( -7.500000000000000000, 0.000000000000000000, -4.649999999999999467 ) ) ;
#4393 = DIRECTION ( 'NONE',  ( 0.7660444431189790127, 0.000000000000000000, -0.6427876096865380307 ) ) ;
#4394 = VERTEX_POINT ( 'NONE', #7692 ) ;
#4395 = ORIENTED_EDGE ( 'NONE', *, *, #2154, .F. ) ;
#4396 = DIRECTION ( 'NONE',  ( 1.000000000000000000, 0.000000000000000000, 0.000000000000000000 ) ) ;
#4397 = EDGE_CURVE ( 'NONE', #6480, #9283, #1880, .T. ) ;
#4398 = ORIENTED_EDGE ( 'NONE', *, *, #3013, .F. ) ;
#4399 = CARTESIAN_POINT ( 'NONE',  ( 7.500000000000000000, 0.000000000000000000, -0.6500000000000000222 ) ) ;
#4400 = FACE_OUTER_BOUND ( 'NONE', #1998, .T. ) ;
#4401 = UNCERTAINTY_MEASURE_WITH_UNIT (LENGTH_MEASURE( 1.000000000000000082E-05 ), #2884, 'distance_accuracy_value', 'NONE');
#4402 = DIRECTION ( 'NONE',  ( 1.000000000000000000, 0.000000000000000000, 0.000000000000000000 ) ) ;
#4403 = ORIENTED_EDGE ( 'NONE', *, *, #2793, .T. ) ;
#4404 = DIRECTION ( 'NONE',  ( -0.6427876096865391409, 0.000000000000000000, -0.7660444431189782355 ) ) ;
#4405 = VECTOR ( 'NONE', #734, 1000.000000000000000 ) ;
#4406 = ORIENTED_EDGE ( 'NONE', *, *, #5997, .T. ) ;
#4407 =( NAMED_UNIT ( * ) SI_UNIT ( $, .STERADIAN. ) SOLID_ANGLE_UNIT ( ) );
#4408 = ORIENTED_EDGE ( 'NONE', *, *, #1150, .T. ) ;
#4409 = PRODUCT_DEFINITION ( 'UNKNOWN', '', #1864, #7266 ) ;
#4410 = CARTESIAN_POINT ( 'NONE',  ( 5.950000000000000178, 0.000000000000000000, -2.949999999999999734 ) ) ;
#4411 = EDGE_CURVE ( 'NONE', #8604, #3807, #6268, .T. ) ;
#4412 = VERTEX_POINT ( 'NONE', #4063 ) ;
#4413 = FACE_OUTER_BOUND ( 'NONE', #226, .T. ) ;
#4414 = SURFACE_STYLE_USAGE ( .BOTH. , #2321 ) ;
#4415 = FILL_AREA_STYLE ('',( #1525 ) ) ;
#4416 = DIRECTION ( 'NONE',  ( 0.000000000000000000, 1.000000000000000000, 0.000000000000000000 ) ) ;
#4417 = EDGE_CURVE ( 'NONE', #3322, #1208, #2079, .T. ) ;
#4418 = CYLINDRICAL_SURFACE ( 'NONE', #6146, 0.5999999999999998668 ) ;
#4419 = VECTOR ( 'NONE', #9314, 1000.000000000000000 ) ;
#4420 = ORIENTED_EDGE ( 'NONE', *, *, #2908, .T. ) ;
#4421 = CARTESIAN_POINT ( 'NONE',  ( -7.500000000000000000, 2.900543414065470227, -4.450000000000000178 ) ) ;
#4422 = DIRECTION ( 'NONE',  ( 0.000000000000000000, 0.000000000000000000, 1.000000000000000000 ) ) ;
#4423 = PRODUCT_RELATED_PRODUCT_CATEGORY ( 'part', '', ( #4659 ) ) ;
#4424 = ORIENTED_EDGE ( 'NONE', *, *, #9088, .T. ) ;
#4425 = DIRECTION ( 'NONE',  ( 0.000000000000000000, -1.000000000000000000, 0.000000000000000000 ) ) ;
#4426 = CARTESIAN_POINT ( 'NONE',  ( -5.950000000000000178, 0.5999999999999999778, 0.000000000000000000 ) ) ;
#4427 = CYLINDRICAL_SURFACE ( 'NONE', #2652, 0.5999999999999998668 ) ;
#4428 = CARTESIAN_POINT ( 'NONE',  ( 7.500000000000000000, 0.5999999999999999778, -0.6500000000000000222 ) ) ;
#4429 = PRODUCT_DEFINITION_CONTEXT ( 'detailed design', #586, 'design' ) ;
#4430 = ADVANCED_FACE ( 'NONE', ( #7078 ), #2627, .F. ) ;
#4431 = DIRECTION ( 'NONE',  ( 0.000000000000000000, -1.000000000000000000, 0.000000000000000000 ) ) ;
#4432 = CARTESIAN_POINT ( 'NONE',  ( 7.500000000000000000, 0.5999999999999999778, 2.750000000000000000 ) ) ;
#4433 = PRODUCT ( 'Boss-Extrude6[1]_1', 'Boss-Extrude6[1]_1', '', ( #209 ) ) ;
#4434 = DIRECTION ( 'NONE',  ( 0.000000000000000000, 0.000000000000000000, -1.000000000000000000 ) ) ;
#4435 = PRODUCT_DEFINITION_FORMATION_WITH_SPECIFIED_SOURCE ( 'ANY', '', #8163, .NOT_KNOWN. ) ;
#4436 = LINE ( 'NONE', #5127, #5909 ) ;
#4437 = CYLINDRICAL_SURFACE ( 'NONE', #7679, 0.5000000000000000000 ) ;
#4438 = DIRECTION ( 'NONE',  ( 0.000000000000000000, 0.000000000000000000, -1.000000000000000000 ) ) ;
#4439 = CARTESIAN_POINT ( 'NONE',  ( -5.950000000000000178, 2.900543414065470227, 0.8499999999999999778 ) ) ;
#4440 = VERTEX_POINT ( 'NONE', #4782 ) ;
#4441 = ORIENTED_EDGE ( 'NONE', *, *, #1837, .T. ) ;
#4442 = EDGE_CURVE ( 'NONE', #3043, #1900, #1979, .T. ) ;
#4443 = PRODUCT_CONTEXT ( 'NONE', #8058, 'mechanical' ) ;
#4444 = FILL_AREA_STYLE ('',( #2306 ) ) ;
#4445 =( NAMED_UNIT ( * ) SI_UNIT ( $, .STERADIAN. ) SOLID_ANGLE_UNIT ( ) );
#4446 = CARTESIAN_POINT ( 'NONE',  ( 5.950000000000000178, 0.5999999999999999778, 4.649999999999999467 ) ) ;
#4447 = EDGE_CURVE ( 'NONE', #4653, #73, #4249, .T. ) ;
#4448 = DIRECTION ( 'NONE',  ( 0.000000000000000000, -1.000000000000000000, 0.000000000000000000 ) ) ;
#4449 = ORIENTED_EDGE ( 'NONE', *, *, #2557, .F. ) ;
#4450 = COLOUR_RGB ( '',0.7921568627450980005, 0.8196078431372548767, 0.9333333333333333481 ) ;
#4451 = DIRECTION ( 'NONE',  ( 0.000000000000000000, -1.000000000000000000, 0.000000000000000000 ) ) ;
#4452 = VERTEX_POINT ( 'NONE', #8456 ) ;
#4453 = ORIENTED_EDGE ( 'NONE', *, *, #6955, .T. ) ;
#4454 = AXIS2_PLACEMENT_3D ( 'NONE', #2934, #8652, #3556 ) ;
#4455 = VERTEX_POINT ( 'NONE', #1314 ) ;
#4456 = APPLICATION_CONTEXT ( 'automotive_design' ) ;
#4457 = CARTESIAN_POINT ( 'NONE',  ( -4.335639852470909439, 2.750000000000000000, 1.911808560920089883 ) ) ;
#4458 = UNCERTAINTY_MEASURE_WITH_UNIT (LENGTH_MEASURE( 1.000000000000000082E-05 ), #1651, 'distance_accuracy_value', 'NONE');
#4459 = PLANE ( 'NONE',  #7656 ) ;
#4460 = SURFACE_SIDE_STYLE ('',( #5820 ) ) ;
#4461 = VECTOR ( 'NONE', #5637, 1000.000000000000114 ) ;
#4462 = VECTOR ( 'NONE', #9154, 1000.000000000000114 ) ;
#4463 = PRESENTATION_STYLE_ASSIGNMENT (( #3000 ) ) ;
#4464 = VERTEX_POINT ( 'NONE', #1358 ) ;
#4465 = VECTOR ( 'NONE', #1295, 1000.000000000000114 ) ;
#4466 = DIRECTION ( 'NONE',  ( -1.000000000000000000, 0.000000000000000000, 0.000000000000000000 ) ) ;
#4467 = ORIENTED_EDGE ( 'NONE', *, *, #6903, .F. ) ;
#4468 = VECTOR ( 'NONE', #5228, 1000.000000000000000 ) ;
#4469 = VERTEX_POINT ( 'NONE', #7027 ) ;
#4470 = PLANE ( 'NONE',  #8463 ) ;
#4471 =( GEOMETRIC_REPRESENTATION_CONTEXT ( 3 ) GLOBAL_UNCERTAINTY_ASSIGNED_CONTEXT ( ( #9324 ) ) GLOBAL_UNIT_ASSIGNED_CONTEXT ( ( #1625, #1714, #8143 ) ) REPRESENTATION_CONTEXT ( 'NONE', 'WORKASPACE' ) );
#4472 = CARTESIAN_POINT ( 'NONE',  ( -7.500000000000000000, 0.000000000000000000, -0.8499999999999999778 ) ) ;
#4473 = DIRECTION ( 'NONE',  ( 0.000000000000000000, 0.000000000000000000, -1.000000000000000000 ) ) ;
#4474 = CARTESIAN_POINT ( 'NONE',  ( 7.500000000000000000, 0.5999999999999999778, 4.899999999999999467 ) ) ;
#4475 = EDGE_CURVE ( 'NONE', #1130, #3076, #7160, .T. ) ;
#4476 = COLOUR_RGB ( '',0.7921568627450980005, 0.8196078431372548767, 0.9333333333333333481 ) ;
#4477 = ADVANCED_FACE ( 'NONE', ( #4151 ), #7121, .F. ) ;
#4478 = CARTESIAN_POINT ( 'NONE',  ( -7.500000000000000000, 0.000000000000000000, -2.550000000000000266 ) ) ;
#4479 = EDGE_CURVE ( 'NONE', #5086, #1413, #6459, .T. ) ;
#4480 = DIRECTION ( 'NONE',  ( 0.000000000000000000, -1.000000000000000000, 0.000000000000000000 ) ) ;
#4481 = VECTOR ( 'NONE', #4286, 1000.000000000000000 ) ;
#4482 = MECHANICAL_DESIGN_GEOMETRIC_PRESENTATION_REPRESENTATION (  '', ( #2657 ), #2804 ) ;
#4483 = LINE ( 'NONE', #6726, #235 ) ;
#4484 = DIRECTION ( 'NONE',  ( 0.000000000000000000, -1.000000000000000000, 0.000000000000000000 ) ) ;
#4485 = AXIS2_PLACEMENT_3D ( 'NONE', #4716, #5532, #8385 ) ;
#4486 = CARTESIAN_POINT ( 'NONE',  ( 3.664360147529090117, 2.750000000000000000, 2.575436123625144624 ) ) ;
#4487 = DIRECTION ( 'NONE',  ( 0.000000000000000000, -1.000000000000000000, 0.000000000000000000 ) ) ;
#4488 = EDGE_CURVE ( 'NONE', #3682, #6518, #8401, .T. ) ;
#4489 =( GEOMETRIC_REPRESENTATION_CONTEXT ( 3 ) GLOBAL_UNCERTAINTY_ASSIGNED_CONTEXT ( ( #590 ) ) GLOBAL_UNIT_ASSIGNED_CONTEXT ( ( #7749, #1368, #6471 ) ) REPRESENTATION_CONTEXT ( 'NONE', 'WORKASPACE' ) );
#4490 = CARTESIAN_POINT ( 'NONE',  ( -4.400000000000000355, 3.750000000000000000, 3.000000000000000000 ) ) ;
#4491 = VECTOR ( 'NONE', #29, 1000.000000000000000 ) ;
#4492 = LINE ( 'NONE', #2827, #3151 ) ;
#4493 = EDGE_CURVE ( 'NONE', #4788, #1867, #3460, .T. ) ;
#4494 = MECHANICAL_DESIGN_GEOMETRIC_PRESENTATION_REPRESENTATION (  '', ( #545 ), #1462 ) ;
#4495 = CARTESIAN_POINT ( 'NONE',  ( -3.799999999999999822, -2.455974827712295028, -2.396267766897934859 ) ) ;
#4496 = CARTESIAN_POINT ( 'NONE',  ( -0.2000000000000000111, 3.750000000000000000, 2.503301133572669812 ) ) ;
#4497 = ORIENTED_EDGE ( 'NONE', *, *, #8802, .F. ) ;
#4498 = ORIENTED_EDGE ( 'NONE', *, *, #6897, .T. ) ;
#4499 = COLOUR_RGB ( '',0.7921568627450980005, 0.8196078431372548767, 0.9333333333333333481 ) ;
#4500 = SHAPE_DEFINITION_REPRESENTATION ( #4810, #8491 ) ;
#4501 = CARTESIAN_POINT ( 'NONE',  ( 0.000000000000000000, 0.5999999999999999778, 0.000000000000000000 ) ) ;
#4502 = PRODUCT_DEFINITION_SHAPE ( 'NONE', 'NONE',  #6542 ) ;
#4503 =( LENGTH_UNIT ( ) NAMED_UNIT ( * ) SI_UNIT ( .MILLI., .METRE. ) );
#4504 = DIRECTION ( 'NONE',  ( 0.000000000000000000, 0.000000000000000000, -1.000000000000000000 ) ) ;
#4505 = AXIS2_PLACEMENT_3D ( 'NONE', #1251, #3487, #2065 ) ;
#4506 = FILL_AREA_STYLE ('',( #8685 ) ) ;
#4507 = EDGE_CURVE ( 'NONE', #2098, #1982, #8498, .T. ) ;
#4508 = ORIENTED_EDGE ( 'NONE', *, *, #4, .T. ) ;
#4509 = EDGE_CURVE ( 'NONE', #3913, #5454, #6411, .T. ) ;
#4510 = DIRECTION ( 'NONE',  ( 0.000000000000000000, 1.000000000000000000, 0.000000000000000000 ) ) ;
#4511 = VECTOR ( 'NONE', #9316, 1000.000000000000114 ) ;
#4512 = PRESENTATION_LAYER_ASSIGNMENT (  '', '', ( #3305 ) ) ;
#4513 = VERTEX_POINT ( 'NONE', #2721 ) ;
#4514 = ORIENTED_EDGE ( 'NONE', *, *, #2272, .T. ) ;
#4515 = DIRECTION ( 'NONE',  ( 0.000000000000000000, -1.000000000000000000, 0.000000000000000000 ) ) ;
#4516 = EDGE_LOOP ( 'NONE', ( #8651, #7228, #3341, #3872 ) ) ;
#4517 = CARTESIAN_POINT ( 'NONE',  ( -3.799999999999999822, 2.750000000000000000, -2.396267766897934859 ) ) ;
#4518 = EDGE_CURVE ( 'NONE', #7993, #4394, #2771, .T. ) ;
#4519 = PLANE ( 'NONE',  #4021 ) ;
#4520 =( GEOMETRIC_REPRESENTATION_CONTEXT ( 3 ) GLOBAL_UNCERTAINTY_ASSIGNED_CONTEXT ( ( #7066 ) ) GLOBAL_UNIT_ASSIGNED_CONTEXT ( ( #4239, #7149, #2544 ) ) REPRESENTATION_CONTEXT ( 'NONE', 'WORKASPACE' ) );
#4521 = VECTOR ( 'NONE', #1264, 1000.000000000000000 ) ;
#4522 = ORIENTED_EDGE ( 'NONE', *, *, #7247, .T. ) ;
#4523 = DIRECTION ( 'NONE',  ( 0.000000000000000000, 0.000000000000000000, 1.000000000000000000 ) ) ;
#4524 = PRODUCT_DEFINITION_SHAPE ( 'NONE', 'NONE',  #2724 ) ;
#4525 = ORIENTED_EDGE ( 'NONE', *, *, #8160, .T. ) ;
#4526 =( NAMED_UNIT ( * ) PLANE_ANGLE_UNIT ( ) SI_UNIT ( $, .RADIAN. ) );
#4527 = EDGE_CURVE ( 'NONE', #4452, #5784, #4492, .T. ) ;
#4528 =( NAMED_UNIT ( * ) SI_UNIT ( $, .STERADIAN. ) SOLID_ANGLE_UNIT ( ) );
#4529 = ORIENTED_EDGE ( 'NONE', *, *, #9309, .F. ) ;
#4530 = AXIS2_PLACEMENT_3D ( 'NONE', #5841, #7345, #6649 ) ;
#4531 = CARTESIAN_POINT ( 'NONE',  ( 0.000000000000000000, 0.5999999999999999778, -1.050000000000000044 ) ) ;
#4532 = FACE_OUTER_BOUND ( 'NONE', #8671, .T. ) ;
#4533 = CARTESIAN_POINT ( 'NONE',  ( 0.000000000000000000, 2.750000000000000000, 0.000000000000000000 ) ) ;
#4534 = LINE ( 'NONE', #7437, #2979 ) ;
#4535 = PRESENTATION_STYLE_ASSIGNMENT (( #1640 ) ) ;
#4536 = CARTESIAN_POINT ( 'NONE',  ( -5.000000000000000000, 2.750000000000000000, -2.948677781956460464 ) ) ;
#4537 = EDGE_CURVE ( 'NONE', #3210, #7892, #690, .T. ) ;
#4538 = LINE ( 'NONE', #65, #1440 ) ;
#4539 = LINE ( 'NONE', #2297, #6920 ) ;
#4540 = EDGE_CURVE ( 'NONE', #3835, #2728, #6554, .T. ) ;
#4541 = CARTESIAN_POINT ( 'NONE',  ( 2.250000000000000000, 0.1000000000000000056, 0.5000000000000000000 ) ) ;
#4542 = FACE_OUTER_BOUND ( 'NONE', #1268, .T. ) ;
#4543 = DIRECTION ( 'NONE',  ( 0.000000000000000000, 0.000000000000000000, 1.000000000000000000 ) ) ;
#4544 = ORIENTED_EDGE ( 'NONE', *, *, #172, .F. ) ;
#4545 = ADVANCED_FACE ( 'NONE', ( #738 ), #1544, .F. ) ;
#4546 = ORIENTED_EDGE ( 'NONE', *, *, #7773, .T. ) ;
#4547 = SHAPE_DEFINITION_REPRESENTATION ( #8020, #9132 ) ;
#4548 = PLANE ( 'NONE',  #8915 ) ;
#4549 = DIRECTION ( 'NONE',  ( 1.000000000000000000, 0.000000000000000000, 0.000000000000000000 ) ) ;
#4550 = FILL_AREA_STYLE ('',( #3318 ) ) ;
#4551 = ORIENTED_EDGE ( 'NONE', *, *, #8265, .T. ) ;
#4552 = PLANE ( 'NONE',  #1739 ) ;
#4553 = ORIENTED_EDGE ( 'NONE', *, *, #5596, .F. ) ;
#4554 =( LENGTH_UNIT ( ) NAMED_UNIT ( * ) SI_UNIT ( .MILLI., .METRE. ) );
#4555 = VERTEX_POINT ( 'NONE', #20 ) ;
#4556 = PLANE ( 'NONE',  #2906 ) ;
#4557 = ORIENTED_EDGE ( 'NONE', *, *, #467, .F. ) ;
#4558 = DIRECTION ( 'NONE',  ( 0.000000000000000000, -1.000000000000000000, 0.000000000000000000 ) ) ;
#4559 = DIRECTION ( 'NONE',  ( 1.000000000000000000, 0.000000000000000000, 0.000000000000000000 ) ) ;
#4560 = ORIENTED_EDGE ( 'NONE', *, *, #2857, .F. ) ;
#4561 = LINE ( 'NONE', #285, #7204 ) ;
#4562 = ORIENTED_EDGE ( 'NONE', *, *, #6501, .T. ) ;
#4563 =( NAMED_UNIT ( * ) SI_UNIT ( $, .STERADIAN. ) SOLID_ANGLE_UNIT ( ) );
#4564 = PRESENTATION_STYLE_ASSIGNMENT (( #1674 ) ) ;
#4565 = ORIENTED_EDGE ( 'NONE', *, *, #412, .F. ) ;
#4566 = CARTESIAN_POINT ( 'NONE',  ( 0.5999999999999999778, 2.750000000000000000, 1.897374435176775176 ) ) ;
#4567 = CARTESIAN_POINT ( 'NONE',  ( 4.432180073764544481, -2.455974827712295028, -1.927462418455420101 ) ) ;
#4568 = SURFACE_SIDE_STYLE ('',( #6768 ) ) ;
#4569 = AXIS2_PLACEMENT_3D ( 'NONE', #2697, #4945, #6202 ) ;
#4570 = EDGE_CURVE ( 'NONE', #7461, #7118, #2210, .T. ) ;
#4571 = DIRECTION ( 'NONE',  ( 0.8660254037844383745, 0.000000000000000000, 0.5000000000000003331 ) ) ;
#4572 = CARTESIAN_POINT ( 'NONE',  ( 5.950000000000000178, 3.750000000000000000, -2.750000000000000000 ) ) ;
#4573 = FILL_AREA_STYLE ('',( #5972 ) ) ;
#4574 = PRESENTATION_STYLE_ASSIGNMENT (( #4674 ) ) ;
#4575 = EDGE_LOOP ( 'NONE', ( #8256, #5964, #3246, #5612 ) ) ;
#4576 = CARTESIAN_POINT ( 'NONE',  ( 0.000000000000000000, 0.5999999999999999778, 0.000000000000000000 ) ) ;
#4577 = STYLED_ITEM ( 'NONE', ( #3748 ), #2905 ) ;
#4578 = DIRECTION ( 'NONE',  ( 0.000000000000000000, -1.000000000000000000, 0.000000000000000000 ) ) ;
#4579 = DIRECTION ( 'NONE',  ( 0.6427876096865391409, 0.000000000000000000, 0.7660444431189782355 ) ) ;
#4580 = UNCERTAINTY_MEASURE_WITH_UNIT (LENGTH_MEASURE( 1.000000000000000082E-05 ), #3524, 'distance_accuracy_value', 'NONE');
#4581 = CARTESIAN_POINT ( 'NONE',  ( -0.8000000000000000444, 3.750000000000000000, 1.788248978016145241 ) ) ;
#4582 = SURFACE_SIDE_STYLE ('',( #6119 ) ) ;
#4583 = PLANE ( 'NONE',  #3703 ) ;
#4584 = EDGE_CURVE ( 'NONE', #7863, #1665, #5217, .T. ) ;
#4585 = AXIS2_PLACEMENT_3D ( 'NONE', #8914, #2268, #7553 ) ;
#4586 = DIRECTION ( 'NONE',  ( 0.000000000000000000, 1.000000000000000000, 0.000000000000000000 ) ) ;
#4587 =( REPRESENTATION_RELATIONSHIP ('NONE','NONE', #3559, #1628 ) REPRESENTATION_RELATIONSHIP_WITH_TRANSFORMATION ( #7021 )SHAPE_REPRESENTATION_RELATIONSHIP( ) );
#4588 = SHAPE_REPRESENTATION ( 'Boss-Extrude3[9]_1', ( #3266 ), #1559 ) ;
#4589 = ORIENTED_EDGE ( 'NONE', *, *, #3669, .T. ) ;
#4590 = ORIENTED_EDGE ( 'NONE', *, *, #4873, .F. ) ;
#4591 = APPLICATION_PROTOCOL_DEFINITION ( 'draft international standard', 'automotive_design', 1998, #893 ) ;
#4592 = CARTESIAN_POINT ( 'NONE',  ( -3.814359353944920095, 0.2000000000000000111, -3.799999999999999822 ) ) ;
#4593 = AXIS2_PLACEMENT_3D ( 'NONE', #4840, #9205, #6940 ) ;
#4594 = DIRECTION ( 'NONE',  ( 0.000000000000000000, 1.000000000000000000, 0.000000000000000000 ) ) ;
#4595 = LINE ( 'NONE', #1554, #2191 ) ;
#4596 = EDGE_CURVE ( 'NONE', #9093, #8280, #5843, .T. ) ;
#4597 = EDGE_CURVE ( 'NONE', #3942, #6891, #890, .T. ) ;
#4598 = EDGE_CURVE ( 'NONE', #9256, #7762, #4436, .T. ) ;
#4599 = EDGE_LOOP ( 'NONE', ( #5327, #4366, #6438, #6091 ) ) ;
#4600 =( NAMED_UNIT ( * ) PLANE_ANGLE_UNIT ( ) SI_UNIT ( $, .RADIAN. ) );
#4601 = LINE ( 'NONE', #3221, #8738 ) ;
#4602 = ORIENTED_EDGE ( 'NONE', *, *, #8217, .F. ) ;
#4603 =( NAMED_UNIT ( * ) SI_UNIT ( $, .STERADIAN. ) SOLID_ANGLE_UNIT ( ) );
#4604 = ORIENTED_EDGE ( 'NONE', *, *, #9331, .T. ) ;
#4605 = FACE_OUTER_BOUND ( 'NONE', #4859, .T. ) ;
#4606 = ORIENTED_EDGE ( 'NONE', *, *, #8847, .F. ) ;
#4607 = CARTESIAN_POINT ( 'NONE',  ( 5.950000000000000178, 3.750000000000000000, 1.050000000000000044 ) ) ;
#4608 =( NAMED_UNIT ( * ) PLANE_ANGLE_UNIT ( ) SI_UNIT ( $, .RADIAN. ) );
#4609 = STYLED_ITEM ( 'NONE', ( #7064 ), #7897 ) ;
#4610 = ORIENTED_EDGE ( 'NONE', *, *, #4597, .F. ) ;
#4611 = CYLINDRICAL_SURFACE ( 'NONE', #1883, 0.5000000000000000000 ) ;
#4612 = VERTEX_POINT ( 'NONE', #8023 ) ;
#4613 = SHAPE_REPRESENTATION_RELATIONSHIP ( 'NONE' , 'NONE' ,  #4224, #6379 ) ;
#4614 = ORIENTED_EDGE ( 'NONE', *, *, #2782, .F. ) ;
#4615 = VECTOR ( 'NONE', #4466, 1000.000000000000000 ) ;
#4616 = CARTESIAN_POINT ( 'NONE',  ( -2.250000000000000000, 0.1000000000000000056, -0.5000000000000000000 ) ) ;
#4617 = CLOSED_SHELL ( 'NONE', ( #8354, #2387, #5603, #1668, #3716, #5832, #4656, #2123, #6701, #1703, #7186, #9053, #8669, #4738, #1610, #884, #4834, #8771, #741, #3332, #7872, #8793, #6093, #2363, #617, #6753, #7574, #6896, #1541, #4128, #7843, #888, #8011, #3927, #4767, #4153, #5004, #646, #824, #4037, #3195, #3719, #5900, #3497, #7881, #7897, #7619, #3257, #3658, #2564, #2905, #9143, #1398, #7209, #2466, #3384, #2160, #7264 ) ) ;
#4618 = VECTOR ( 'NONE', #4837, 1000.000000000000000 ) ;
#4619 = FACE_OUTER_BOUND ( 'NONE', #7710, .T. ) ;
#4620 = CIRCLE ( 'NONE', #5709, 0.5999999999999999778 ) ;
#4621 = FACE_OUTER_BOUND ( 'NONE', #8748, .T. ) ;
#4622 = CARTESIAN_POINT ( 'NONE',  ( 0.000000000000000000, 3.750000000000000000, 0.000000000000000000 ) ) ;
#4623 = EDGE_CURVE ( 'NONE', #8922, #4066, #8675, .T. ) ;
#4624 = CIRCLE ( 'NONE', #6307, 0.6500000000000000222 ) ;
#4625 = AXIS2_PLACEMENT_3D ( 'NONE', #3722, #8763, #4385 ) ;
#4626 = ORIENTED_EDGE ( 'NONE', *, *, #6501, .F. ) ;
#4627 = PLANE ( 'NONE',  #562 ) ;
#4628 = PLANE ( 'NONE',  #5399 ) ;
#4629 = AXIS2_PLACEMENT_3D ( 'NONE', #8493, #4338, #4144 ) ;
#4630 = LINE ( 'NONE', #3917, #268 ) ;
#4631 = VECTOR ( 'NONE', #4039, 1000.000000000000000 ) ;
#4632 = VECTOR ( 'NONE', #2648, 1000.000000000000000 ) ;
#4633 = CARTESIAN_POINT ( 'NONE',  ( 5.950000000000000178, 2.900543414065470227, -2.949999999999999734 ) ) ;
#4634 =( GEOMETRIC_REPRESENTATION_CONTEXT ( 3 ) GLOBAL_UNCERTAINTY_ASSIGNED_CONTEXT ( ( #7540 ) ) GLOBAL_UNIT_ASSIGNED_CONTEXT ( ( #2513, #7385, #4563 ) ) REPRESENTATION_CONTEXT ( 'NONE', 'WORKASPACE' ) );
#4635 = DIRECTION ( 'NONE',  ( 0.000000000000000000, 0.000000000000000000, -1.000000000000000000 ) ) ;
#4636 = CARTESIAN_POINT ( 'NONE',  ( -5.950000000000000178, 0.5999999999999999778, -1.050000000000000044 ) ) ;
#4637 = LINE ( 'NONE', #7593, #5548 ) ;
#4638 = ORIENTED_EDGE ( 'NONE', *, *, #3051, .F. ) ;
#4639 = ORIENTED_EDGE ( 'NONE', *, *, #7600, .F. ) ;
#4640 = VECTOR ( 'NONE', #819, 1000.000000000000000 ) ;
#4641 = DIRECTION ( 'NONE',  ( 1.000000000000000000, 0.000000000000000000, 0.000000000000000000 ) ) ;
#4642 = CARTESIAN_POINT ( 'NONE',  ( 2.250000000000000000, 0.000000000000000000, 0.5000000000000000000 ) ) ;
#4643 = COLOUR_RGB ( '',1.000000000000000000, 0.8117647058823529438, 0.5019607843137254832 ) ;
#4644 = CARTESIAN_POINT ( 'NONE',  ( -5.200000000000000178, 0.000000000000000000, -4.599999999999999645 ) ) ;
#4645 = MECHANICAL_DESIGN_GEOMETRIC_PRESENTATION_REPRESENTATION (  '', ( #1773 ), #7542 ) ;
#4646 = ORIENTED_EDGE ( 'NONE', *, *, #2669, .F. ) ;
#4647 = CARTESIAN_POINT ( 'NONE',  ( -5.950000000000000178, 0.000000000000000000, 2.750000000000000000 ) ) ;
#4648 =( NAMED_UNIT ( * ) SI_UNIT ( $, .STERADIAN. ) SOLID_ANGLE_UNIT ( ) );
#4649 = ORIENTED_EDGE ( 'NONE', *, *, #669, .T. ) ;
#4650 = AXIS2_PLACEMENT_3D ( 'NONE', #7937, #5970, #193 ) ;
#4651 = ORIENTED_EDGE ( 'NONE', *, *, #5061, .T. ) ;
#4652 = VECTOR ( 'NONE', #1824, 1000.000000000000114 ) ;
#4653 = VERTEX_POINT ( 'NONE', #5021 ) ;
#4654 = CARTESIAN_POINT ( 'NONE',  ( 7.500000000000000000, 0.5999999999999999778, 2.550000000000000266 ) ) ;
#4655 = EDGE_CURVE ( 'NONE', #8785, #73, #7968, .T. ) ;
#4656 = ADVANCED_FACE ( 'NONE', ( #836 ), #3729, .F. ) ;
#4658 = VECTOR ( 'NONE', #2700, 1000.000000000000000 ) ;
#4657 = DIRECTION ( 'NONE',  ( 0.000000000000000000, 1.000000000000000000, 0.000000000000000000 ) ) ;
#4659 = PRODUCT ( 'Boss-Extrude6[4]_1', 'Boss-Extrude6[4]_1', '', ( #1408 ) ) ;
#4660 = DIRECTION ( 'NONE',  ( -0.7660444431189782355, 0.000000000000000000, 0.6427876096865390299 ) ) ;
#4661 = ORIENTED_EDGE ( 'NONE', *, *, #7276, .F. ) ;
#4662 = COLOUR_RGB ( '',0.7921568627450980005, 0.8196078431372548767, 0.9333333333333333481 ) ;
#4663 = STYLED_ITEM ( 'NONE', ( #9089 ), #4153 ) ;
#4664 = FACE_OUTER_BOUND ( 'NONE', #6069, .T. ) ;
#4665 = VERTEX_POINT ( 'NONE', #2535 ) ;
#4666 =( LENGTH_UNIT ( ) NAMED_UNIT ( * ) SI_UNIT ( .MILLI., .METRE. ) );
#4667 = EDGE_CURVE ( 'NONE', #8209, #3684, #8308, .T. ) ;
#4668 = ORIENTED_EDGE ( 'NONE', *, *, #6213, .T. ) ;
#4669 = VECTOR ( 'NONE', #4741, 1000.000000000000000 ) ;
#4670 = CARTESIAN_POINT ( 'NONE',  ( -3.600000000000000089, 2.750000000000000000, -2.564087693133389578 ) ) ;
#4671 = VECTOR ( 'NONE', #6366, 1000.000000000000000 ) ;
#4672 = DIRECTION ( 'NONE',  ( 0.9848077530122079093, 0.000000000000000000, 0.1736481776669309696 ) ) ;
#4673 = FILL_AREA_STYLE ('',( #7395 ) ) ;
#4674 = SURFACE_STYLE_USAGE ( .BOTH. , #250 ) ;
#4675 = ORIENTED_EDGE ( 'NONE', *, *, #2109, .T. ) ;
#4676 = CARTESIAN_POINT ( 'NONE',  ( -4.400000000000000355, 3.750000000000000000, 3.600000000000000089 ) ) ;
#4677 = DIRECTION ( 'NONE',  ( 0.000000000000000000, -1.000000000000000000, 0.000000000000000000 ) ) ;
#4678 = UNCERTAINTY_MEASURE_WITH_UNIT (LENGTH_MEASURE( 1.000000000000000082E-05 ), #379, 'distance_accuracy_value', 'NONE');
#4679 = ADVANCED_FACE ( 'NONE', ( #3867 ), #1688, .F. ) ;
#4680 =( LENGTH_UNIT ( ) NAMED_UNIT ( * ) SI_UNIT ( .MILLI., .METRE. ) );
#4681 = FILL_AREA_STYLE_COLOUR ( '', #5756 ) ;
#4682 =( NAMED_UNIT ( * ) PLANE_ANGLE_UNIT ( ) SI_UNIT ( $, .RADIAN. ) );
#4683 = LINE ( 'NONE', #2435, #6885 ) ;
#4684 = DIRECTION ( 'NONE',  ( 0.000000000000000000, 0.000000000000000000, -1.000000000000000000 ) ) ;
#4685 = VERTEX_POINT ( 'NONE', #7591 ) ;
#4686 = CONTEXT_DEPENDENT_SHAPE_REPRESENTATION ( #206, #3074 ) ;
#4687 = UNCERTAINTY_MEASURE_WITH_UNIT (LENGTH_MEASURE( 1.000000000000000082E-05 ), #5699, 'distance_accuracy_value', 'NONE');
#4688 = LINE ( 'NONE', #4870, #6251 ) ;
#4689 = ORIENTED_EDGE ( 'NONE', *, *, #8035, .F. ) ;
#4690 = SURFACE_STYLE_FILL_AREA ( #3785 ) ;
#4691 = CARTESIAN_POINT ( 'NONE',  ( 5.950000000000000178, 0.000000000000000000, 1.050000000000000044 ) ) ;
#4692 = LINE ( 'NONE', #3882, #574 ) ;
#4693 = ADVANCED_FACE ( 'NONE', ( #4542 ), #6733, .F. ) ;
#4694 = EDGE_LOOP ( 'NONE', ( #8361, #7051, #3660, #8503 ) ) ;
#4695 = CARTESIAN_POINT ( 'NONE',  ( 7.500000000000000000, 2.900543414065470227, -2.750000000000000000 ) ) ;
#4696 = SURFACE_SIDE_STYLE ('',( #7742 ) ) ;
#4697 = VERTEX_POINT ( 'NONE', #4581 ) ;
#4698 = FACE_OUTER_BOUND ( 'NONE', #2437, .T. ) ;
#4699 = DIRECTION ( 'NONE',  ( 0.000000000000000000, 0.000000000000000000, 1.000000000000000000 ) ) ;
#4700 = ORIENTED_EDGE ( 'NONE', *, *, #6530, .F. ) ;
#4701 = DIRECTION ( 'NONE',  ( 0.000000000000000000, -1.000000000000000000, 0.000000000000000000 ) ) ;
#4702 = EDGE_LOOP ( 'NONE', ( #3139, #3007, #4369, #6121 ) ) ;
#4703 = DIRECTION ( 'NONE',  ( -0.6427876096865396960, 0.000000000000000000, -0.7660444431189776804 ) ) ;
#4704 =( NAMED_UNIT ( * ) PLANE_ANGLE_UNIT ( ) SI_UNIT ( $, .RADIAN. ) );
#4705 = ORIENTED_EDGE ( 'NONE', *, *, #3143, .T. ) ;
#4706 = CARTESIAN_POINT ( 'NONE',  ( 5.950000000000000178, 0.5999999999999999778, -2.750000000000000000 ) ) ;
#4707 = EDGE_CURVE ( 'NONE', #6033, #6620, #418, .T. ) ;
#4708 = ORIENTED_EDGE ( 'NONE', *, *, #7632, .F. ) ;
#4709 = LINE ( 'NONE', #1103, #6212 ) ;
#4710 = ORIENTED_EDGE ( 'NONE', *, *, #9066, .F. ) ;
#4711 = DIRECTION ( 'NONE',  ( 0.000000000000000000, 1.000000000000000000, 0.000000000000000000 ) ) ;
#4712 = DIRECTION ( 'NONE',  ( 0.000000000000000000, -1.000000000000000000, 0.000000000000000000 ) ) ;
#4713 = EDGE_CURVE ( 'NONE', #6228, #4394, #976, .T. ) ;
#4714 = CARTESIAN_POINT ( 'NONE',  ( -6.500000000000000000, 3.750000000000000000, 4.899999999999999467 ) ) ;
#4715 = LINE ( 'NONE', #6293, #201 ) ;
#4716 = CARTESIAN_POINT ( 'NONE',  ( 5.950000000000000178, 2.900543414065470227, -4.649999999999999467 ) ) ;
#4717 = DIRECTION ( 'NONE',  ( 0.000000000000000000, 1.000000000000000000, 0.000000000000000000 ) ) ;
#4718 = ORIENTED_EDGE ( 'NONE', *, *, #8254, .T. ) ;
#4719 = SURFACE_STYLE_USAGE ( .BOTH. , #8248 ) ;
#4720 = DIRECTION ( 'NONE',  ( 0.000000000000000000, 0.000000000000000000, 1.000000000000000000 ) ) ;
#4721 =( LENGTH_UNIT ( ) NAMED_UNIT ( * ) SI_UNIT ( .MILLI., .METRE. ) );
#4722 = DIRECTION ( 'NONE',  ( 0.000000000000000000, 0.000000000000000000, 1.000000000000000000 ) ) ;
#4723 = CARTESIAN_POINT ( 'NONE',  ( -4.367819926235454453, 3.750000000000000000, -3.479139848689915215 ) ) ;
#4724 = VECTOR ( 'NONE', #8475, 1000.000000000000000 ) ;
#4725 = ORIENTED_EDGE ( 'NONE', *, *, #5997, .F. ) ;
#4726 =( NAMED_UNIT ( * ) SI_UNIT ( $, .STERADIAN. ) SOLID_ANGLE_UNIT ( ) );
#4727 = PRODUCT_DEFINITION_SHAPE ( 'NONE', 'NONE',  #1765 ) ;
#4728 = DIRECTION ( 'NONE',  ( 0.000000000000000000, 0.000000000000000000, -1.000000000000000000 ) ) ;
#4729 =( LENGTH_UNIT ( ) NAMED_UNIT ( * ) SI_UNIT ( .MILLI., .METRE. ) );
#4730 = VECTOR ( 'NONE', #8072, 1000.000000000000000 ) ;
#4731 = ADVANCED_FACE ( 'NONE', ( #256 ), #3167, .F. ) ;
#4732 = EDGE_CURVE ( 'NONE', #3522, #8525, #6073, .T. ) ;
#4733 = VERTEX_POINT ( 'NONE', #9039 ) ;
#4734 = CARTESIAN_POINT ( 'NONE',  ( -7.500000000000000000, 0.000000000000000000, 4.450000000000000178 ) ) ;
#4735 = LINE ( 'NONE', #4019, #9035 ) ;
#4736 = VERTEX_POINT ( 'NONE', #8988 ) ;
#4737 = ORIENTED_EDGE ( 'NONE', *, *, #3904, .T. ) ;
#4738 = ADVANCED_FACE ( 'NONE', ( #3920 ), #6828, .F. ) ;
#4739 = CARTESIAN_POINT ( 'NONE',  ( -5.950000000000000178, 3.750000000000000000, 2.750000000000000000 ) ) ;
#4740 = VERTEX_POINT ( 'NONE', #5599 ) ;
#4741 = DIRECTION ( 'NONE',  ( 0.000000000000000000, 1.000000000000000000, 0.000000000000000000 ) ) ;
#4742 = CARTESIAN_POINT ( 'NONE',  ( 0.000000000000000000, 0.5999999999999999778, 0.000000000000000000 ) ) ;
#4743 = DIRECTION ( 'NONE',  ( 0.000000000000000000, -1.000000000000000000, 0.000000000000000000 ) ) ;
#4744 = PRODUCT_DEFINITION_FORMATION_WITH_SPECIFIED_SOURCE ( 'ANY', '', #2443, .NOT_KNOWN. ) ;
#4745 = CARTESIAN_POINT ( 'NONE',  ( 7.500000000000000000, 0.5999999999999999778, 4.899999999999999467 ) ) ;
#4746 = CARTESIAN_POINT ( 'NONE',  ( -0.2000000000000000111, 2.750000000000000000, -2.573831925856055136 ) ) ;
#4747 = DIRECTION ( 'NONE',  ( 0.000000000000000000, 0.000000000000000000, -1.000000000000000000 ) ) ;
#4748 = VERTEX_POINT ( 'NONE', #4196 ) ;
#4749 = CARTESIAN_POINT ( 'NONE',  ( -5.950000000000000178, 0.000000000000000000, 2.750000000000000000 ) ) ;
#4750 = EDGE_LOOP ( 'NONE', ( #4453, #7317, #7718, #1613 ) ) ;
#4751 = PRESENTATION_STYLE_ASSIGNMENT (( #1857 ) ) ;
#4752 = FACE_OUTER_BOUND ( 'NONE', #6084, .T. ) ;
#4753 = LINE ( 'NONE', #9226, #6004 ) ;
#4754 = PLANE ( 'NONE',  #3702 ) ;
#4755 = FILL_AREA_STYLE_COLOUR ( '', #7982 ) ;
#4756 = LINE ( 'NONE', #6399, #1748 ) ;
#4757 = COLOUR_RGB ( '',0.7921568627450980005, 0.8196078431372548767, 0.9333333333333333481 ) ;
#4758 = UNCERTAINTY_MEASURE_WITH_UNIT (LENGTH_MEASURE( 1.000000000000000082E-05 ), #4554, 'distance_accuracy_value', 'NONE');
#4759 = AXIS2_PLACEMENT_3D ( 'NONE', #4031, #3475, #3334 ) ;
#4760 = ORIENTED_EDGE ( 'NONE', *, *, #8554, .T. ) ;
#4761 =( NAMED_UNIT ( * ) PLANE_ANGLE_UNIT ( ) SI_UNIT ( $, .RADIAN. ) );
#4762 = CARTESIAN_POINT ( 'NONE',  ( 0.8000000000000000444, 3.750000000000000000, -1.788248978016140134 ) ) ;
#4763 = VECTOR ( 'NONE', #1100, 1000.000000000000000 ) ;
#4764 =( REPRESENTATION_RELATIONSHIP ('NONE','NONE', #3559, #7577 ) REPRESENTATION_RELATIONSHIP_WITH_TRANSFORMATION ( #4826 )SHAPE_REPRESENTATION_RELATIONSHIP( ) );
#4765 = CARTESIAN_POINT ( 'NONE',  ( -4.400000000000000355, 3.750000000000000000, 4.200000000000000178 ) ) ;
#4766 = EDGE_CURVE ( 'NONE', #9034, #8069, #7116, .T. ) ;
#4767 = ADVANCED_FACE ( 'NONE', ( #7775 ), #1871, .F. ) ;
#4768 =( NAMED_UNIT ( * ) PLANE_ANGLE_UNIT ( ) SI_UNIT ( $, .RADIAN. ) );
#4769 = VECTOR ( 'NONE', #8049, 1000.000000000000000 ) ;
#4770 = FILL_AREA_STYLE_COLOUR ( '', #1332 ) ;
#4771 = PLANE ( 'NONE',  #7557 ) ;
#4772 = DIRECTION ( 'NONE',  ( 0.000000000000000000, 0.000000000000000000, 1.000000000000000000 ) ) ;
#4773 = VECTOR ( 'NONE', #8524, 1000.000000000000114 ) ;
#4774 = DIRECTION ( 'NONE',  ( 0.000000000000000000, -1.000000000000000000, 0.000000000000000000 ) ) ;
#4775 = ORIENTED_EDGE ( 'NONE', *, *, #7194, .T. ) ;
#4776 = CIRCLE ( 'NONE', #4305, 0.5999999999999998668 ) ;
#4777 = EDGE_CURVE ( 'NONE', #4042, #6624, #7967, .T. ) ;
#4778 = CARTESIAN_POINT ( 'NONE',  ( -0.2000000000000000111, 2.750000000000000000, 2.503301133572669812 ) ) ;
#4779 = LINE ( 'NONE', #4061, #9163 ) ;
#4780 = VECTOR ( 'NONE', #7571, 1000.000000000000000 ) ;
#4781 = DIRECTION ( 'NONE',  ( 0.000000000000000000, 1.000000000000000000, 0.000000000000000000 ) ) ;
#4782 = CARTESIAN_POINT ( 'NONE',  ( 3.799999999999999822, 2.750000000000000000, 2.461620773443864874 ) ) ;
#4783 = VECTOR ( 'NONE', #4393, 1000.000000000000227 ) ;
#4784 = ORIENTED_EDGE ( 'NONE', *, *, #1832, .F. ) ;
#4785 = CARTESIAN_POINT ( 'NONE',  ( -5.200000000000000178, 0.000000000000000000, -3.000000000000000000 ) ) ;
#4786 = VECTOR ( 'NONE', #1356, 1000.000000000000000 ) ;
#4787 = FILL_AREA_STYLE ('',( #1885 ) ) ;
#4788 = VERTEX_POINT ( 'NONE', #4714 ) ;
#4789 = AXIS2_PLACEMENT_3D ( 'NONE', #3416, #6947, #6334 ) ;
#4790 = ORIENTED_EDGE ( 'NONE', *, *, #8555, .F. ) ;
#4791 = CARTESIAN_POINT ( 'NONE',  ( 5.950000000000000178, 0.5999999999999999778, 0.000000000000000000 ) ) ;
#4792 = VERTEX_POINT ( 'NONE', #3297 ) ;
#4793 =( GEOMETRIC_REPRESENTATION_CONTEXT ( 3 ) GLOBAL_UNCERTAINTY_ASSIGNED_CONTEXT ( ( #3644 ) ) GLOBAL_UNIT_ASSIGNED_CONTEXT ( ( #7534, #6914, #3302 ) ) REPRESENTATION_CONTEXT ( 'NONE', 'WORKASPACE' ) );
#4794 = SURFACE_STYLE_FILL_AREA ( #6945 ) ;
#4795 = FILL_AREA_STYLE_COLOUR ( '', #3727 ) ;
#4796 = ADVANCED_FACE ( 'NONE', ( #4181 ), #3991, .T. ) ;
#4797 = COLOUR_RGB ( '',0.7529411764705882248, 0.000000000000000000, 0.000000000000000000 ) ;
#4798 = CARTESIAN_POINT ( 'NONE',  ( 3.664360147529090117, 2.750000000000000000, 2.575436123625144624 ) ) ;
#4799 = MECHANICAL_DESIGN_GEOMETRIC_PRESENTATION_REPRESENTATION (  '', ( #858 ), #7390 ) ;
#4800 = PLANE ( 'NONE',  #6601 ) ;
#4801 =( GEOMETRIC_REPRESENTATION_CONTEXT ( 3 ) GLOBAL_UNCERTAINTY_ASSIGNED_CONTEXT ( ( #2672 ) ) GLOBAL_UNIT_ASSIGNED_CONTEXT ( ( #2463, #7931, #4445 ) ) REPRESENTATION_CONTEXT ( 'NONE', 'WORKASPACE' ) );
#4802 = ORIENTED_EDGE ( 'NONE', *, *, #4623, .F. ) ;
#4803 = EDGE_CURVE ( 'NONE', #3118, #5051, #4856, .T. ) ;
#4804 = ORIENTED_EDGE ( 'NONE', *, *, #912, .F. ) ;
#4805 = CARTESIAN_POINT ( 'NONE',  ( -0.2000000000000000111, 2.750000000000000000, 2.503301133572669812 ) ) ;
#4806 = VECTOR ( 'NONE', #3445, 1000.000000000000000 ) ;
#4807 = PRESENTATION_STYLE_ASSIGNMENT (( #1908 ) ) ;
#4808 = VERTEX_POINT ( 'NONE', #7761 ) ;
#4809 = LINE ( 'NONE', #1863, #5849 ) ;
#4810 = PRODUCT_DEFINITION_SHAPE ( 'NONE', 'NONE',  #6111 ) ;
#4811 = VERTEX_POINT ( 'NONE', #7815 ) ;
#4812 = DIRECTION ( 'NONE',  ( 1.000000000000000000, 0.000000000000000000, 0.000000000000000000 ) ) ;
#4813 = CARTESIAN_POINT ( 'NONE',  ( -3.814359353944920095, 0.000000000000000000, -3.799999999999999822 ) ) ;
#4814 = VECTOR ( 'NONE', #3892, 1000.000000000000000 ) ;
#4815 = EDGE_LOOP ( 'NONE', ( #657, #2403, #2541, #6854 ) ) ;
#4816 = VECTOR ( 'NONE', #551, 1000.000000000000114 ) ;
#4817 = CARTESIAN_POINT ( 'NONE',  ( 0.5999999999999999778, 3.750000000000000000, 1.897374435176775176 ) ) ;
#4818 = PLANE ( 'NONE',  #7826 ) ;
#4819 = FILL_AREA_STYLE_COLOUR ( '', #5915 ) ;
#4820 = MECHANICAL_DESIGN_GEOMETRIC_PRESENTATION_REPRESENTATION (  '', ( #4363 ), #9379 ) ;
#4821 = CARTESIAN_POINT ( 'NONE',  ( -7.500000000000000000, 0.000000000000000000, 4.899999999999999467 ) ) ;
#4822 = CARTESIAN_POINT ( 'NONE',  ( -5.950000000000000178, 0.5999999999999999778, 4.649999999999999467 ) ) ;
#4823 = EDGE_CURVE ( 'NONE', #1665, #5528, #4753, .T. ) ;
#4824 = ADVANCED_FACE ( 'NONE', ( #7668 ), #1158, .F. ) ;
#4825 = ORIENTED_EDGE ( 'NONE', *, *, #1522, .F. ) ;
#4826 = ITEM_DEFINED_TRANSFORMATION ( 'NONE', 'NONE', #7486,  #3266 ) ;
#4827 =( NAMED_UNIT ( * ) PLANE_ANGLE_UNIT ( ) SI_UNIT ( $, .RADIAN. ) );
#4828 = DIRECTION ( 'NONE',  ( 0.6427876096865390299, 0.000000000000000000, 0.7660444431189782355 ) ) ;
#4829 = DIRECTION ( 'NONE',  ( 0.7660444431189786796, 0.000000000000000000, -0.6427876096865385858 ) ) ;
#4830 = STYLED_ITEM ( 'NONE', ( #7728 ), #4060 ) ;
#4831 = DIRECTION ( 'NONE',  ( -0.6427876096865398070, 0.000000000000000000, -0.7660444431189777914 ) ) ;
#4832 = EDGE_CURVE ( 'NONE', #3378, #8787, #2002, .T. ) ;
#4833 = CARTESIAN_POINT ( 'NONE',  ( -6.500000000000000000, 3.750000000000000000, 4.899999999999999467 ) ) ;
#4834 = ADVANCED_FACE ( 'NONE', ( #6208 ), #6964, .F. ) ;
#4835 = ORIENTED_EDGE ( 'NONE', *, *, #331, .T. ) ;
#4836 = PRODUCT_DEFINITION ( 'UNKNOWN', '', #1108, #3553 ) ;
#4837 = DIRECTION ( 'NONE',  ( 0.000000000000000000, -1.000000000000000000, 0.000000000000000000 ) ) ;
#4838 = SURFACE_STYLE_USAGE ( .BOTH. , #4696 ) ;
#4839 = ORIENTED_EDGE ( 'NONE', *, *, #240, .F. ) ;
#4840 = CARTESIAN_POINT ( 'NONE',  ( 0.000000000000000000, 0.000000000000000000, 0.000000000000000000 ) ) ;
#4841 = ORIENTED_EDGE ( 'NONE', *, *, #5104, .T. ) ;
#4842 = FACE_OUTER_BOUND ( 'NONE', #8680, .T. ) ;
#4843 = EDGE_LOOP ( 'NONE', ( #1385, #2739, #3978, #1088, #6132, #6145 ) ) ;
#4844 = LINE ( 'NONE', #7748, #3744 ) ;
#4845 = CARTESIAN_POINT ( 'NONE',  ( 5.950000000000000178, 3.750000000000000000, 4.649999999999999467 ) ) ;
#4846 = DIRECTION ( 'NONE',  ( 1.000000000000000000, 0.000000000000000000, 0.000000000000000000 ) ) ;
#4847 =( LENGTH_UNIT ( ) NAMED_UNIT ( * ) SI_UNIT ( .MILLI., .METRE. ) );
#4848 = CARTESIAN_POINT ( 'NONE',  ( -5.000000000000000000, -2.455974827712295028, -2.948677781956460464 ) ) ;
#4849 = LINE ( 'NONE', #4220, #7058 ) ;
#4850 = DIRECTION ( 'NONE',  ( 0.000000000000000000, 0.000000000000000000, 1.000000000000000000 ) ) ;
#4851 = EDGE_LOOP ( 'NONE', ( #1099, #6415, #4467, #9220 ) ) ;
#4852 = EDGE_CURVE ( 'NONE', #508, #5184, #70, .T. ) ;
#4853 = LINE ( 'NONE', #7864, #5198 ) ;
#4854 = ORIENTED_EDGE ( 'NONE', *, *, #6577, .T. ) ;
#4855 = LINE ( 'NONE', #1999, #4511 ) ;
#4856 = LINE ( 'NONE', #6346, #7369 ) ;
#4857 = EDGE_LOOP ( 'NONE', ( #4206, #6804, #8979, #3697 ) ) ;
#4858 = CARTESIAN_POINT ( 'NONE',  ( -7.500000000000000000, 0.5999999999999999778, -2.550000000000000266 ) ) ;
#4859 = EDGE_LOOP ( 'NONE', ( #7951, #6939, #9267, #4020, #7432, #2923 ) ) ;
#4860 = DIRECTION ( 'NONE',  ( -0.8660254037844387076, 0.000000000000000000, 0.4999999999999998890 ) ) ;
#4861 = ORIENTED_EDGE ( 'NONE', *, *, #5158, .T. ) ;
#4862 = LINE ( 'NONE', #3393, #2828 ) ;
#4863 = EDGE_CURVE ( 'NONE', #4208, #4901, #1340, .T. ) ;
#4864 = LINE ( 'NONE', #7912, #8444 ) ;
#4865 = LINE ( 'NONE', #5787, #1464 ) ;
#4866 = UNCERTAINTY_MEASURE_WITH_UNIT (LENGTH_MEASURE( 1.000000000000000082E-05 ), #6668, 'distance_accuracy_value', 'NONE');
#4867 = VECTOR ( 'NONE', #160, 1000.000000000000000 ) ;
#4868 = ORIENTED_EDGE ( 'NONE', *, *, #7222, .T. ) ;
#4869 = CARTESIAN_POINT ( 'NONE',  ( -5.000000000000000000, 2.750000000000000000, -2.948677781956460464 ) ) ;
#4870 = CARTESIAN_POINT ( 'NONE',  ( -3.600000000000000089, 2.750000000000000000, -2.564087693133389578 ) ) ;
#4871 = LINE ( 'NONE', #548, #1441 ) ;
#4872 = DIRECTION ( 'NONE',  ( 0.000000000000000000, -1.000000000000000000, 0.000000000000000000 ) ) ;
#4873 = EDGE_CURVE ( 'NONE', #2302, #3522, #7326, .T. ) ;
#4874 = VECTOR ( 'NONE', #5629, 1000.000000000000000 ) ;
#4875 = VERTEX_POINT ( 'NONE', #4373 ) ;
#4876 = ORIENTED_EDGE ( 'NONE', *, *, #2432, .F. ) ;
#4877 = DIRECTION ( 'NONE',  ( 1.000000000000000000, 0.000000000000000000, 0.000000000000000000 ) ) ;
#4878 = ORIENTED_EDGE ( 'NONE', *, *, #5702, .F. ) ;
#4879 = LINE ( 'NONE', #1845, #1102 ) ;
#4880 = ORIENTED_EDGE ( 'NONE', *, *, #4000, .T. ) ;
#4881 = CARTESIAN_POINT ( 'NONE',  ( -5.950000000000000178, 0.000000000000000000, 4.649999999999999467 ) ) ;
#4882 = LINE ( 'NONE', #3549, #6458 ) ;
#4883 = VECTOR ( 'NONE', #1271, 1000.000000000000000 ) ;
#4884 = EDGE_CURVE ( 'NONE', #693, #8739, #810, .T. ) ;
#4885 = DIRECTION ( 'NONE',  ( 0.000000000000000000, 0.000000000000000000, -1.000000000000000000 ) ) ;
#4886 = EDGE_CURVE ( 'NONE', #1842, #4986, #8697, .T. ) ;
#4887 = PRODUCT_DEFINITION_SHAPE ( 'NONE', 'NONE',  #9409 ) ;
#4888 = ADVANCED_FACE ( 'NONE', ( #4951 ), #629, .T. ) ;
#4889 = SURFACE_SIDE_STYLE ('',( #8556 ) ) ;
#4890 = LINE ( 'NONE', #2693, #7957 ) ;
#4891 = DIRECTION ( 'NONE',  ( 0.000000000000000000, 1.000000000000000000, 0.000000000000000000 ) ) ;
#4892 = ORIENTED_EDGE ( 'NONE', *, *, #4832, .F. ) ;
#4893 = SHAPE_REPRESENTATION ( 'Boss-Extrude6[2]_1', ( #3266 ), #5723 ) ;
#4894 = ORIENTED_EDGE ( 'NONE', *, *, #793, .F. ) ;
#4895 = FACE_OUTER_BOUND ( 'NONE', #2922, .T. ) ;
#4896 = VERTEX_POINT ( 'NONE', #2186 ) ;
#4897 = ADVANCED_FACE ( 'NONE', ( #2105 ), #6489, .F. ) ;
#4898 = LINE ( 'NONE', #1383, #5895 ) ;
#4899 = CARTESIAN_POINT ( 'NONE',  ( 3.664360147529090117, 3.750000000000000000, 2.575436123625144624 ) ) ;
#4900 = CARTESIAN_POINT ( 'NONE',  ( 4.000000000000000000, -2.455974827712295028, -2.442514574011950046 ) ) ;
#4901 = VERTEX_POINT ( 'NONE', #1526 ) ;
#4902 = VECTOR ( 'NONE', #680, 1000.000000000000000 ) ;
#4903 = PLANE ( 'NONE',  #4920 ) ;
#4904 = ORIENTED_EDGE ( 'NONE', *, *, #5356, .T. ) ;
#4905 = LINE ( 'NONE', #8523, #5727 ) ;
#4906 = ORIENTED_EDGE ( 'NONE', *, *, #754, .F. ) ;
#4907 = DIRECTION ( 'NONE',  ( -1.000000000000000000, 0.000000000000000000, 0.000000000000000000 ) ) ;
#4908 = SURFACE_STYLE_USAGE ( .BOTH. , #8578 ) ;
#4909 = DIRECTION ( 'NONE',  ( 1.000000000000000000, 0.000000000000000000, 0.000000000000000000 ) ) ;
#4910 = EDGE_CURVE ( 'NONE', #5299, #2140, #1481, .T. ) ;
#4911 = AXIS2_PLACEMENT_3D ( 'NONE', #2238, #865, #5154 ) ;
#4912 = PLANE ( 'NONE',  #3448 ) ;
#4913 = EDGE_CURVE ( 'NONE', #2877, #3177, #4624, .T. ) ;
#4914 = VERTEX_POINT ( 'NONE', #2855 ) ;
#4915 = AXIS2_PLACEMENT_3D ( 'NONE', #3608, #5087, #2788 ) ;
#4916 = DIRECTION ( 'NONE',  ( 0.000000000000000000, 0.000000000000000000, 1.000000000000000000 ) ) ;
#4917 = ADVANCED_FACE ( 'NONE', ( #5778 ), #5737, .F. ) ;
#4918 =( NAMED_UNIT ( * ) SI_UNIT ( $, .STERADIAN. ) SOLID_ANGLE_UNIT ( ) );
#4919 = DIRECTION ( 'NONE',  ( 0.000000000000000000, 1.000000000000000000, 0.000000000000000000 ) ) ;
#4920 = AXIS2_PLACEMENT_3D ( 'NONE', #6210, #4135, #6966 ) ;
#4921 = FACE_OUTER_BOUND ( 'NONE', #9103, .T. ) ;
#4922 = CLOSED_SHELL ( 'NONE', ( #7941, #3107, #468, #4897, #962, #1930, #4245, #1094 ) ) ;
#4923 = AXIS2_PLACEMENT_3D ( 'NONE', #636, #4238, #3531 ) ;
#4924 = DIRECTION ( 'NONE',  ( -0.9848077530122079093, 0.000000000000000000, -0.1736481776669309696 ) ) ;
#4925 = VECTOR ( 'NONE', #5661, 1000.000000000000000 ) ;
#4926 = ORIENTED_EDGE ( 'NONE', *, *, #6243, .T. ) ;
#4927 = MECHANICAL_DESIGN_GEOMETRIC_PRESENTATION_REPRESENTATION (  '', ( #2487 ), #5859 ) ;
#4928 =( NAMED_UNIT ( * ) SI_UNIT ( $, .STERADIAN. ) SOLID_ANGLE_UNIT ( ) );
#4929 = ORIENTED_EDGE ( 'NONE', *, *, #8071, .F. ) ;
#4930 = APPLICATION_PROTOCOL_DEFINITION ( 'draft international standard', 'automotive_design', 1998, #8415 ) ;
#4931 = ORIENTED_EDGE ( 'NONE', *, *, #2670, .F. ) ;
#4932 = VECTOR ( 'NONE', #5156, 1000.000000000000000 ) ;
#4933 = DIRECTION ( 'NONE',  ( -1.000000000000000000, 0.000000000000000000, 0.000000000000000000 ) ) ;
#4934 = DIRECTION ( 'NONE',  ( -0.9848077530122081313, 0.000000000000000000, -0.1736481776669305255 ) ) ;
#4935 = PLANE ( 'NONE',  #366 ) ;
#4936 = CARTESIAN_POINT ( 'NONE',  ( 5.000000000000000000, -2.455974827712295028, -1.250760981417740059 ) ) ;
#4937 = AXIS2_PLACEMENT_3D ( 'NONE', #1874, #4684, #4774 ) ;
#4938 = CARTESIAN_POINT ( 'NONE',  ( -0.2000000000000000111, 2.750000000000000000, -2.573831925856055136 ) ) ;
#4939 = LINE ( 'NONE', #8558, #9318 ) ;
#4940 = LINE ( 'NONE', #7860, #6648 ) ;
#4941 = SURFACE_STYLE_FILL_AREA ( #4172 ) ;
#4942 = ORIENTED_EDGE ( 'NONE', *, *, #7045, .T. ) ;
#4943 = ORIENTED_EDGE ( 'NONE', *, *, #5064, .T. ) ;
#4944 = EDGE_CURVE ( 'NONE', #3847, #1337, #7947, .T. ) ;
#4945 = DIRECTION ( 'NONE',  ( 1.000000000000000000, 0.000000000000000000, -2.065422993075124858E-16 ) ) ;
#4946 = EDGE_CURVE ( 'NONE', #1665, #8495, #4322, .T. ) ;
#4947 = EDGE_LOOP ( 'NONE', ( #7271, #8682, #6059, #4904 ) ) ;
#4948 = DIRECTION ( 'NONE',  ( 0.000000000000000000, -1.000000000000000000, 0.000000000000000000 ) ) ;
#4949 = VECTOR ( 'NONE', #2928, 1000.000000000000000 ) ;
#4950 = COLOUR_RGB ( '',0.7921568627450980005, 0.8196078431372548767, 0.9333333333333333481 ) ;
#4951 = FACE_OUTER_BOUND ( 'NONE', #6203, .T. ) ;
#4952 = ORIENTED_EDGE ( 'NONE', *, *, #895, .T. ) ;
#4953 = APPLICATION_CONTEXT ( 'automotive_design' ) ;
#4954 = SHAPE_REPRESENTATION ( 'Boss-Extrude6[6]_1', ( #3266 ), #6017 ) ;
#4955 = EDGE_CURVE ( 'NONE', #4612, #8312, #6538, .T. ) ;
#4956 = SURFACE_SIDE_STYLE ('',( #1428 ) ) ;
#4957 = VECTOR ( 'NONE', #3914, 1000.000000000000000 ) ;
#4958 = ORIENTED_EDGE ( 'NONE', *, *, #162, .T. ) ;
#4959 =( LENGTH_UNIT ( ) NAMED_UNIT ( * ) SI_UNIT ( .MILLI., .METRE. ) );
#4960 = UNCERTAINTY_MEASURE_WITH_UNIT (LENGTH_MEASURE( 1.000000000000000082E-05 ), #7005, 'distance_accuracy_value', 'NONE');
#4961 = CARTESIAN_POINT ( 'NONE',  ( -5.950000000000000178, 0.000000000000000000, -1.050000000000000044 ) ) ;
#4962 = ORIENTED_EDGE ( 'NONE', *, *, #4732, .T. ) ;
#4963 = PLANE ( 'NONE',  #7097 ) ;
#4964 = DIRECTION ( 'NONE',  ( -0.000000000000000000, 1.000000000000000000, 0.000000000000000000 ) ) ;
#4965 = STYLED_ITEM ( 'NONE', ( #7618 ), #741 ) ;
#4966 = SURFACE_SIDE_STYLE ('',( #7832 ) ) ;
#4967 = AXIS2_PLACEMENT_3D ( 'NONE', #3652, #8694, #2281 ) ;
#4968 = COLOUR_RGB ( '',0.7921568627450980005, 0.8196078431372548767, 0.9333333333333333481 ) ;
#4969 = CARTESIAN_POINT ( 'NONE',  ( 0.8000000000000000444, 2.750000000000000000, 2.070372147149684761 ) ) ;
#4970 = ORIENTED_EDGE ( 'NONE', *, *, #1901, .F. ) ;
#4971 = EDGE_CURVE ( 'NONE', #3900, #451, #2894, .T. ) ;
#4972 = CONTEXT_DEPENDENT_SHAPE_REPRESENTATION ( #5942, #797 ) ;
#4973 = SURFACE_STYLE_USAGE ( .BOTH. , #17 ) ;
#4974 = CARTESIAN_POINT ( 'NONE',  ( -0.5999999999999999778, 3.750000000000000000, 1.685782058326620092 ) ) ;
#4975 = PRODUCT_DEFINITION_SHAPE ( 'NONE', 'NONE',  #9410 ) ;
#4976 = PLANE ( 'NONE',  #989 ) ;
#4977 = CARTESIAN_POINT ( 'NONE',  ( 0.000000000000000000, 2.750000000000000000, 0.000000000000000000 ) ) ;
#4978 = VECTOR ( 'NONE', #3686, 1000.000000000000000 ) ;
#4979 = DIRECTION ( 'NONE',  ( 0.000000000000000000, 0.000000000000000000, 1.000000000000000000 ) ) ;
#4980 = DIRECTION ( 'NONE',  ( 0.000000000000000000, -1.000000000000000000, 0.000000000000000000 ) ) ;
#4981 = EDGE_CURVE ( 'NONE', #4740, #7850, #8747, .T. ) ;
#4982 = ORIENTED_EDGE ( 'NONE', *, *, #3659, .F. ) ;
#4983 = VERTEX_POINT ( 'NONE', #6756 ) ;
#4984 = APPLICATION_PROTOCOL_DEFINITION ( 'draft international standard', 'automotive_design', 1998, #9069 ) ;
#4985 = AXIS2_PLACEMENT_3D ( 'NONE', #4541, #3958, #889 ) ;
#4986 = VERTEX_POINT ( 'NONE', #5961 ) ;
#4987 = DIRECTION ( 'NONE',  ( 0.000000000000000000, -1.000000000000000000, 0.000000000000000000 ) ) ;
#4988 = VERTEX_POINT ( 'NONE', #1003 ) ;
#4989 = SURFACE_SIDE_STYLE ('',( #2222 ) ) ;
#4990 = DIRECTION ( 'NONE',  ( 0.7660444431189782355, 0.000000000000000000, -0.6427876096865391409 ) ) ;
#4991 = CYLINDRICAL_SURFACE ( 'NONE', #6326, 0.5999999999999999778 ) ;
#4992 = EDGE_CURVE ( 'NONE', #1760, #3128, #5256, .T. ) ;
#4993 = DIRECTION ( 'NONE',  ( 0.000000000000000000, -1.000000000000000000, 0.000000000000000000 ) ) ;
#4994 = PLANE ( 'NONE',  #6487 ) ;
#4995 = DIRECTION ( 'NONE',  ( 0.000000000000000000, -1.000000000000000000, 0.000000000000000000 ) ) ;
#4996 = VERTEX_POINT ( 'NONE', #5334 ) ;
#4997 = ORIENTED_EDGE ( 'NONE', *, *, #2780, .F. ) ;
#4998 = DIRECTION ( 'NONE',  ( 0.000000000000000000, 0.000000000000000000, 1.000000000000000000 ) ) ;
#4999 = ORIENTED_EDGE ( 'NONE', *, *, #5498, .F. ) ;
#5000 = LINE ( 'NONE', #501, #1787 ) ;
#5001 = DIRECTION ( 'NONE',  ( 0.000000000000000000, 0.000000000000000000, 1.000000000000000000 ) ) ;
#5002 = DIRECTION ( 'NONE',  ( 0.000000000000000000, 1.000000000000000000, 0.000000000000000000 ) ) ;
#5003 = VERTEX_POINT ( 'NONE', #3042 ) ;
#5004 = ADVANCED_FACE ( 'NONE', ( #6808 ), #7516, .F. ) ;
#5005 = CYLINDRICAL_SURFACE ( 'NONE', #5242, 0.5999999999999998668 ) ;
#5006 = VERTEX_POINT ( 'NONE', #8198 ) ;
#5007 =( NAMED_UNIT ( * ) PLANE_ANGLE_UNIT ( ) SI_UNIT ( $, .RADIAN. ) );
#5008 = AXIS2_PLACEMENT_3D ( 'NONE', #3401, #8356, #7842 ) ;
#5009 = EDGE_LOOP ( 'NONE', ( #4790, #1318, #902, #6520 ) ) ;
#5010 = LINE ( 'NONE', #1968, #4806 ) ;
#5011 = DIRECTION ( 'NONE',  ( 0.000000000000000000, -1.000000000000000000, 0.000000000000000000 ) ) ;
#5012 = LINE ( 'NONE', #6444, #6054 ) ;
#5013 = EDGE_CURVE ( 'NONE', #2502, #2946, #7429, .T. ) ;
#5014 = DIRECTION ( 'NONE',  ( 0.000000000000000000, 1.000000000000000000, 0.000000000000000000 ) ) ;
#5015 = DIRECTION ( 'NONE',  ( -0.000000000000000000, 1.000000000000000000, 0.000000000000000000 ) ) ;
#5016 = ORIENTED_EDGE ( 'NONE', *, *, #7330, .F. ) ;
#5017 = CARTESIAN_POINT ( 'NONE',  ( -3.799999999999999822, 2.750000000000000000, 1.121535720059525953 ) ) ;
#5018 = CARTESIAN_POINT ( 'NONE',  ( -5.000000000000000000, -2.455974827712295028, 1.120054968325876033 ) ) ;
#5019 = CARTESIAN_POINT ( 'NONE',  ( 5.950000000000000178, 0.5999999999999999778, 0.8499999999999999778 ) ) ;
#5020 = FACE_OUTER_BOUND ( 'NONE', #610, .T. ) ;
#5021 = CARTESIAN_POINT ( 'NONE',  ( -0.8000000000000000444, 3.750000000000000000, 1.788248978016145241 ) ) ;
#5022 = ORIENTED_EDGE ( 'NONE', *, *, #3781, .T. ) ;
#5023 = VECTOR ( 'NONE', #2623, 1000.000000000000000 ) ;
#5024 = ORIENTED_EDGE ( 'NONE', *, *, #5540, .T. ) ;
#5025 = CARTESIAN_POINT ( 'NONE',  ( 0.000000000000000000, 0.000000000000000000, 0.000000000000000000 ) ) ;
#5026 = ORIENTED_EDGE ( 'NONE', *, *, #4537, .F. ) ;
#5027 = CARTESIAN_POINT ( 'NONE',  ( 7.500000000000000000, 0.000000000000000000, -4.450000000000000178 ) ) ;
#5028 = LINE ( 'NONE', #566, #4003 ) ;
#5029 = CARTESIAN_POINT ( 'NONE',  ( 4.535639852470909616, 2.750000000000000000, 3.338322210481544872 ) ) ;
#5030 = CIRCLE ( 'NONE', #1386, 0.6500000000000001332 ) ;
#5031 = EDGE_CURVE ( 'NONE', #6978, #8810, #6056, .T. ) ;
#5032 = SURFACE_SIDE_STYLE ('',( #4362 ) ) ;
#5033 = ORIENTED_EDGE ( 'NONE', *, *, #97, .T. ) ;
#5034 = EDGE_CURVE ( 'NONE', #969, #840, #283, .T. ) ;
#5035 = CARTESIAN_POINT ( 'NONE',  ( 0.8000000000000000444, 3.750000000000000000, 2.070372147149684761 ) ) ;
#5036 = ORIENTED_EDGE ( 'NONE', *, *, #5928, .T. ) ;
#5037 =( LENGTH_UNIT ( ) NAMED_UNIT ( * ) SI_UNIT ( .MILLI., .METRE. ) );
#5038 = ORIENTED_EDGE ( 'NONE', *, *, #1644, .F. ) ;
#5039 = AXIS2_PLACEMENT_3D ( 'NONE', #6275, #4161, #7087 ) ;
#5040 = DIRECTION ( 'NONE',  ( 0.6427876096865391409, 0.000000000000000000, 0.7660444431189782355 ) ) ;
#5041 = ORIENTED_EDGE ( 'NONE', *, *, #2467, .F. ) ;
#5042 = CARTESIAN_POINT ( 'NONE',  ( -5.000000000000000000, 3.750000000000000000, 1.120054968325876033 ) ) ;
#5043 =( NAMED_UNIT ( * ) PLANE_ANGLE_UNIT ( ) SI_UNIT ( $, .RADIAN. ) );
#5044 = VERTEX_POINT ( 'NONE', #6712 ) ;
#5045 = STYLED_ITEM ( 'NONE', ( #6657 ), #3257 ) ;
#5046 = CARTESIAN_POINT ( 'NONE',  ( -5.950000000000000178, 2.900543414065470227, -2.949999999999999734 ) ) ;
#5047 = PRODUCT_DEFINITION_SHAPE ( 'NONE', 'NONE',  #9400 ) ;
#5048 = EDGE_LOOP ( 'NONE', ( #3325, #2324, #1260, #7608 ) ) ;
#5049 =( NAMED_UNIT ( * ) SI_UNIT ( $, .STERADIAN. ) SOLID_ANGLE_UNIT ( ) );
#5050 = SHAPE_REPRESENTATION_RELATIONSHIP ( 'NONE' , 'NONE' ,  #9132, #7384 ) ;
#5051 = VERTEX_POINT ( 'NONE', #8279 ) ;
#5052 = LINE ( 'NONE', #4332, #9364 ) ;
#5053 = CARTESIAN_POINT ( 'NONE',  ( -7.500000000000000000, 2.900543414065470227, -4.649999999999999467 ) ) ;
#5054 = SURFACE_STYLE_FILL_AREA ( #8893 ) ;
#5055 = FILL_AREA_STYLE ('',( #2151 ) ) ;
#5056 = PRODUCT_DEFINITION_FORMATION_WITH_SPECIFIED_SOURCE ( 'ANY', '', #407, .NOT_KNOWN. ) ;
#5057 = CARTESIAN_POINT ( 'NONE',  ( -7.500000000000000000, 0.000000000000000000, 1.050000000000000044 ) ) ;
#5058 = DIRECTION ( 'NONE',  ( 0.000000000000000000, 0.000000000000000000, 1.000000000000000000 ) ) ;
#5059 = ORIENTED_EDGE ( 'NONE', *, *, #271, .T. ) ;
#5060 = LINE ( 'NONE', #7962, #3125 ) ;
#5061 = EDGE_CURVE ( 'NONE', #8739, #9315, #8882, .T. ) ;
#5062 = FACE_OUTER_BOUND ( 'NONE', #7756, .T. ) ;
#5063 = DIRECTION ( 'NONE',  ( 0.000000000000000000, -1.000000000000000000, 0.000000000000000000 ) ) ;
#5064 = EDGE_CURVE ( 'NONE', #5233, #8178, #2952, .T. ) ;
#5065 = FILL_AREA_STYLE_COLOUR ( '', #9174 ) ;
#5066 = DIRECTION ( 'NONE',  ( 0.000000000000000000, 0.000000000000000000, 1.000000000000000000 ) ) ;
#5067 = AXIS2_PLACEMENT_3D ( 'NONE', #3509, #9310, #7898 ) ;
#5068 = CARTESIAN_POINT ( 'NONE',  ( -7.500000000000000000, 0.5999999999999999778, -4.899999999999999467 ) ) ;
#5069 = CARTESIAN_POINT ( 'NONE',  ( 0.8000000000000000444, 2.750000000000000000, 3.288884081412580151 ) ) ;
#5070 = EDGE_LOOP ( 'NONE', ( #3792, #6846, #3850, #3513 ) ) ;
#5071 = EDGE_CURVE ( 'NONE', #280, #4440, #98, .T. ) ;
#5072 = ORIENTED_EDGE ( 'NONE', *, *, #7105, .F. ) ;
#5073 = APPLICATION_PROTOCOL_DEFINITION ( 'draft international standard', 'automotive_design', 1998, #1074 ) ;
#5074 = AXIS2_PLACEMENT_3D ( 'NONE', #8699, #762, #2061 ) ;
#5075 = EDGE_LOOP ( 'NONE', ( #1964, #167, #5301, #5331 ) ) ;
#5076 =( LENGTH_UNIT ( ) NAMED_UNIT ( * ) SI_UNIT ( .MILLI., .METRE. ) );
#5077 = AXIS2_PLACEMENT_3D ( 'NONE', #9110, #2598, #5519 ) ;
#5078 = CARTESIAN_POINT ( 'NONE',  ( -7.500000000000000000, 0.5999999999999999778, 0.6500000000000000222 ) ) ;
#5079 = CARTESIAN_POINT ( 'NONE',  ( -7.500000000000000000, 0.5999999999999999778, -4.450000000000000178 ) ) ;
#5080 = VECTOR ( 'NONE', #176, 1000.000000000000000 ) ;
#5081 = APPLICATION_CONTEXT ( 'automotive_design' ) ;
#5082 = CARTESIAN_POINT ( 'NONE',  ( -5.950000000000000178, 3.750000000000000000, 4.649999999999999467 ) ) ;
#5083 = VECTOR ( 'NONE', #9296, 1000.000000000000000 ) ;
#5084 = PRODUCT_DEFINITION_CONTEXT ( 'detailed design', #521, 'design' ) ;
#5085 = FACE_OUTER_BOUND ( 'NONE', #7134, .T. ) ;
#5086 = VERTEX_POINT ( 'NONE', #5195 ) ;
#5087 = DIRECTION ( 'NONE',  ( 0.1736481776669309973, 0.000000000000000000, -0.9848077530122080203 ) ) ;
#5088 = PRESENTATION_LAYER_ASSIGNMENT (  '', '', ( #1889 ) ) ;
#5089 = ORIENTED_EDGE ( 'NONE', *, *, #4240, .F. ) ;
#5090 = VECTOR ( 'NONE', #774, 1000.000000000000000 ) ;
#5091 = ORIENTED_EDGE ( 'NONE', *, *, #9299, .T. ) ;
#5092 = CARTESIAN_POINT ( 'NONE',  ( -2.250000000000000000, 0.1000000000000000056, -1.000000000000000000 ) ) ;
#5093 = EDGE_CURVE ( 'NONE', #3188, #4022, #5374, .T. ) ;
#5094 = ORIENTED_EDGE ( 'NONE', *, *, #5808, .F. ) ;
#5095 = VECTOR ( 'NONE', #931, 1000.000000000000000 ) ;
#5096 = SURFACE_SIDE_STYLE ('',( #3614 ) ) ;
#5097 = FILL_AREA_STYLE ('',( #47 ) ) ;
#5098 = DIRECTION ( 'NONE',  ( 0.7660444431189782355, 0.000000000000000000, -0.6427876096865390299 ) ) ;
#5099 =( GEOMETRIC_REPRESENTATION_CONTEXT ( 3 ) GLOBAL_UNCERTAINTY_ASSIGNED_CONTEXT ( ( #7322 ) ) GLOBAL_UNIT_ASSIGNED_CONTEXT ( ( #2163, #1448, #605 ) ) REPRESENTATION_CONTEXT ( 'NONE', 'WORKASPACE' ) );
#5100 = VECTOR ( 'NONE', #1310, 1000.000000000000000 ) ;
#5101 = DIRECTION ( 'NONE',  ( 0.000000000000000000, 0.000000000000000000, 1.000000000000000000 ) ) ;
#5102 = ORIENTED_EDGE ( 'NONE', *, *, #8254, .F. ) ;
#5103 =( GEOMETRIC_REPRESENTATION_CONTEXT ( 3 ) GLOBAL_UNCERTAINTY_ASSIGNED_CONTEXT ( ( #6612 ) ) GLOBAL_UNIT_ASSIGNED_CONTEXT ( ( #2390, #195, #1682 ) ) REPRESENTATION_CONTEXT ( 'NONE', 'WORKASPACE' ) );
#5104 = EDGE_CURVE ( 'NONE', #8602, #5468, #1670, .T. ) ;
#5105 = DIRECTION ( 'NONE',  ( 0.000000000000000000, 0.000000000000000000, -1.000000000000000000 ) ) ;
#5106 = ORIENTED_EDGE ( 'NONE', *, *, #825, .T. ) ;
#5107 = DIRECTION ( 'NONE',  ( 0.000000000000000000, -1.000000000000000000, 0.000000000000000000 ) ) ;
#5108 =( NAMED_UNIT ( * ) SI_UNIT ( $, .STERADIAN. ) SOLID_ANGLE_UNIT ( ) );
#5109 = AXIS2_PLACEMENT_3D ( 'NONE', #4845, #466, #2383 ) ;
#5110 = AXIS2_PLACEMENT_3D ( 'NONE', #6995, #616, #5669 ) ;
#5111 = ORIENTED_EDGE ( 'NONE', *, *, #7392, .T. ) ;
#5112 = DIRECTION ( 'NONE',  ( -2.065422993075124858E-16, 0.000000000000000000, -1.000000000000000000 ) ) ;
#5113 = LINE ( 'NONE', #8665, #2967 ) ;
#5114 = FACE_OUTER_BOUND ( 'NONE', #6569, .T. ) ;
#5115 = ADVANCED_BREP_SHAPE_REPRESENTATION ( '', ( #4060, #3266 ), #1606 ) ;
#5116 = ADVANCED_FACE ( 'NONE', ( #3758 ), #3844, .T. ) ;
#5117 = VECTOR ( 'NONE', #6730, 1000.000000000000000 ) ;
#5118 = EDGE_CURVE ( 'NONE', #1335, #7238, #6238, .T. ) ;
#5119 = PRESENTATION_STYLE_ASSIGNMENT (( #2293 ) ) ;
#5120 = PLANE ( 'NONE',  #2051 ) ;
#5121 = AXIS2_PLACEMENT_3D ( 'NONE', #5387, #2468, #8291 ) ;
#5122 = LINE ( 'NONE', #2295, #8307 ) ;
#5123 = FILL_AREA_STYLE_COLOUR ( '', #4098 ) ;
#5124 = SURFACE_STYLE_USAGE ( .BOTH. , #5839 ) ;
#5125 = SURFACE_STYLE_USAGE ( .BOTH. , #8673 ) ;
#5126 = CARTESIAN_POINT ( 'NONE',  ( 5.950000000000000178, 3.750000000000000000, -0.8499999999999999778 ) ) ;
#5127 = CARTESIAN_POINT ( 'NONE',  ( 0.8000000000000000444, 2.750000000000000000, -1.788248978016140134 ) ) ;
#5128 = STYLED_ITEM ( 'NONE', ( #4080 ), #1668 ) ;
#5129 =( GEOMETRIC_REPRESENTATION_CONTEXT ( 3 ) GLOBAL_UNCERTAINTY_ASSIGNED_CONTEXT ( ( #8825 ) ) GLOBAL_UNIT_ASSIGNED_CONTEXT ( ( #1772, #288, #6100 ) ) REPRESENTATION_CONTEXT ( 'NONE', 'WORKASPACE' ) );
#5130 = DIRECTION ( 'NONE',  ( 0.4999999999999998890, 0.000000000000000000, -0.8660254037844387076 ) ) ;
#5131 = PRODUCT_RELATED_PRODUCT_CATEGORY ( 'part', '', ( #1850 ) ) ;
#5132 = EDGE_CURVE ( 'NONE', #3366, #8228, #8640, .T. ) ;
#5133 = ORIENTED_EDGE ( 'NONE', *, *, #4766, .F. ) ;
#5134 = VERTEX_POINT ( 'NONE', #8333 ) ;
#5135 = CARTESIAN_POINT ( 'NONE',  ( 0.000000000000000000, 0.000000000000000000, 0.000000000000000000 ) ) ;
#5136 = VERTEX_POINT ( 'NONE', #7925 ) ;
#5137 = PRESENTATION_STYLE_ASSIGNMENT (( #1509 ) ) ;
#5138 = VECTOR ( 'NONE', #8552, 1000.000000000000114 ) ;
#5139 = VECTOR ( 'NONE', #9297, 1000.000000000000000 ) ;
#5140 = DIRECTION ( 'NONE',  ( 0.000000000000000000, 0.000000000000000000, -1.000000000000000000 ) ) ;
#5141 =( LENGTH_UNIT ( ) NAMED_UNIT ( * ) SI_UNIT ( .MILLI., .METRE. ) );
#5142 = EDGE_CURVE ( 'NONE', #1354, #5847, #6950, .T. ) ;
#5143 = LINE ( 'NONE', #8036, #8758 ) ;
#5144 = PRODUCT_DEFINITION_SHAPE ( 'NONE', 'NONE',  #9394 ) ;
#5145 = PRODUCT_RELATED_PRODUCT_CATEGORY ( 'part', '', ( #1484 ) ) ;
#5146 = MECHANICAL_DESIGN_GEOMETRIC_PRESENTATION_REPRESENTATION (  '', ( #7416 ), #5129 ) ;
#5147 = EDGE_LOOP ( 'NONE', ( #2833, #2566, #9006, #767 ) ) ;
#5148 = CARTESIAN_POINT ( 'NONE',  ( -0.8000000000000000444, 2.750000000000000000, 3.006760912279035303 ) ) ;
#5149 = ORIENTED_EDGE ( 'NONE', *, *, #1644, .T. ) ;
#5150 = ORIENTED_EDGE ( 'NONE', *, *, #5684, .T. ) ;
#5151 = CARTESIAN_POINT ( 'NONE',  ( 5.949999999999919353, 0.000000000000000000, -4.649999999999999467 ) ) ;
#5152 = EDGE_LOOP ( 'NONE', ( #7673, #3133, #7695, #6350 ) ) ;
#5153 = CARTESIAN_POINT ( 'NONE',  ( 3.664360147529090117, 2.750000000000000000, -1.283185001540684045 ) ) ;
#5154 = DIRECTION ( 'NONE',  ( 0.000000000000000000, -1.000000000000000000, 0.000000000000000000 ) ) ;
#5155 = DIRECTION ( 'NONE',  ( 0.000000000000000000, -1.000000000000000000, 0.000000000000000000 ) ) ;
#5156 = DIRECTION ( 'NONE',  ( -1.232817212792323889E-16, 0.000000000000000000, -1.000000000000000000 ) ) ;
#5157 = EDGE_LOOP ( 'NONE', ( #648, #5016, #8642, #3734 ) ) ;
#5158 = EDGE_CURVE ( 'NONE', #7185, #4733, #3982, .T. ) ;
#5159 = FACE_OUTER_BOUND ( 'NONE', #7684, .T. ) ;
#5160 = CARTESIAN_POINT ( 'NONE',  ( 7.500000000000000000, 0.5999999999999999778, 4.899999999999999467 ) ) ;
#5161 = VERTEX_POINT ( 'NONE', #9109 ) ;
#5162 = CARTESIAN_POINT ( 'NONE',  ( -5.950000000000000178, 0.000000000000000000, -1.050000000000000044 ) ) ;
#5163 = CARTESIAN_POINT ( 'NONE',  ( -7.500000000000000000, 0.000000000000000000, -1.899999999999999911 ) ) ;
#5164 = CARTESIAN_POINT ( 'NONE',  ( -6.500000000000000000, 23.78004913997499870, 4.899999999999999467 ) ) ;
#5165 = EDGE_CURVE ( 'NONE', #4208, #7863, #3375, .T. ) ;
#5166 = EDGE_CURVE ( 'NONE', #4455, #3285, #1950, .T. ) ;
#5167 = PLANE ( 'NONE',  #1458 ) ;
#5168 = CARTESIAN_POINT ( 'NONE',  ( 4.432180073764544481, 3.750000000000000000, -1.927462418455420101 ) ) ;
#5169 = DIRECTION ( 'NONE',  ( -0.7660444431189776804, 0.000000000000000000, 0.6427876096865396960 ) ) ;
#5170 = CARTESIAN_POINT ( 'NONE',  ( 3.664360147529090117, 2.750000000000000000, -1.283185001540684045 ) ) ;
#5171 = CARTESIAN_POINT ( 'NONE',  ( 0.8000000000000000444, 2.750000000000000000, 3.288884081412580151 ) ) ;
#5172 = DIRECTION ( 'NONE',  ( -0.7660444431189767922, 0.000000000000000000, 0.6427876096865408062 ) ) ;
#5173 = PLANE ( 'NONE',  #6473 ) ;
#5174 = VERTEX_POINT ( 'NONE', #4075 ) ;
#5175 = ORIENTED_EDGE ( 'NONE', *, *, #1581, .T. ) ;
#5176 = APPLICATION_PROTOCOL_DEFINITION ( 'draft international standard', 'automotive_design', 1998, #3189 ) ;
#5177 = CARTESIAN_POINT ( 'NONE',  ( 7.500000000000000000, 0.000000000000000000, -4.649999999999999467 ) ) ;
#5178 = CARTESIAN_POINT ( 'NONE',  ( 0.2000000000000000111, 3.750000000000000000, 2.573831925856055136 ) ) ;
#5179 = EDGE_CURVE ( 'NONE', #1803, #7500, #375, .T. ) ;
#5180 = PLANE ( 'NONE',  #8744 ) ;
#5181 = UNCERTAINTY_MEASURE_WITH_UNIT (LENGTH_MEASURE( 1.000000000000000082E-05 ), #4847, 'distance_accuracy_value', 'NONE');
#5182 =( LENGTH_UNIT ( ) NAMED_UNIT ( * ) SI_UNIT ( .MILLI., .METRE. ) );
#5183 = FACE_OUTER_BOUND ( 'NONE', #8029, .T. ) ;
#5184 = VERTEX_POINT ( 'NONE', #5472 ) ;
#5185 = PRESENTATION_LAYER_ASSIGNMENT (  '', '', ( #6247 ) ) ;
#5186 = ORIENTED_EDGE ( 'NONE', *, *, #8451, .F. ) ;
#5187 =( NAMED_UNIT ( * ) SI_UNIT ( $, .STERADIAN. ) SOLID_ANGLE_UNIT ( ) );
#5188 = EDGE_LOOP ( 'NONE', ( #7643, #7020, #8091, #2572, #1364, #5480 ) ) ;
#5189 = LINE ( 'NONE', #1565, #5657 ) ;
#5190 = EDGE_CURVE ( 'NONE', #148, #4160, #3284, .T. ) ;
#5191 = EDGE_LOOP ( 'NONE', ( #731, #3947, #3229, #6417, #1293, #4408 ) ) ;
#5192 = EDGE_CURVE ( 'NONE', #7637, #2987, #6997, .T. ) ;
#5193 = EDGE_CURVE ( 'NONE', #6666, #1081, #2597, .T. ) ;
#5194 = UNCERTAINTY_MEASURE_WITH_UNIT (LENGTH_MEASURE( 1.000000000000000082E-05 ), #4097, 'distance_accuracy_value', 'NONE');
#5195 = CARTESIAN_POINT ( 'NONE',  ( -7.500000000000000000, 0.5999999999999999778, 2.949999999999999734 ) ) ;
#5196 = ORIENTED_EDGE ( 'NONE', *, *, #6508, .F. ) ;
#5197 = DIRECTION ( 'NONE',  ( -1.000000000000000000, 0.000000000000000000, 0.000000000000000000 ) ) ;
#5198 = VECTOR ( 'NONE', #6341, 1000.000000000000114 ) ;
#5199 = ORIENTED_EDGE ( 'NONE', *, *, #8585, .T. ) ;
#5200 = EDGE_CURVE ( 'NONE', #7646, #3889, #8416, .T. ) ;
#5201 = ORIENTED_EDGE ( 'NONE', *, *, #7017, .T. ) ;
#5202 = SURFACE_STYLE_USAGE ( .BOTH. , #105 ) ;
#5203 = FILL_AREA_STYLE_COLOUR ( '', #851 ) ;
#5204 = LINE ( 'NONE', #8100, #8529 ) ;
#5205 = COLOUR_RGB ( '',0.7921568627450980005, 0.8196078431372548767, 0.9333333333333333481 ) ;
#5206 = PLANE ( 'NONE',  #2221 ) ;
#5207 =( NAMED_UNIT ( * ) SI_UNIT ( $, .STERADIAN. ) SOLID_ANGLE_UNIT ( ) );
#5208 = LINE ( 'NONE', #8060, #6006 ) ;
#5209 = DIRECTION ( 'NONE',  ( 0.000000000000000000, 0.000000000000000000, -1.000000000000000000 ) ) ;
#5210 = CARTESIAN_POINT ( 'NONE',  ( -7.500000000000000000, 0.5999999999999999778, 4.899999999999999467 ) ) ;
#5211 = CARTESIAN_POINT ( 'NONE',  ( -4.367819926235454453, 2.750000000000000000, -3.479139848689915215 ) ) ;
#5212 = PRODUCT ( 'Boss-Extrude3[2]_1', 'Boss-Extrude3[2]_1', '', ( #6606 ) ) ;
#5213 = EDGE_CURVE ( 'NONE', #5581, #7229, #1359, .T. ) ;
#5214 = DIRECTION ( 'NONE',  ( 0.6427876096865390299, 0.000000000000000000, 0.7660444431189782355 ) ) ;
#5215 = PRODUCT_DEFINITION_FORMATION_WITH_SPECIFIED_SOURCE ( 'ANY', '', #7782, .NOT_KNOWN. ) ;
#5216 = ADVANCED_FACE ( 'NONE', ( #4348 ), #120, .T. ) ;
#5217 = LINE ( 'NONE', #5171, #5438 ) ;
#5218 = CARTESIAN_POINT ( 'NONE',  ( -7.500000000000000000, 2.900543414065470227, -4.336808689942014778E-16 ) ) ;
#5219 = AXIS2_PLACEMENT_3D ( 'NONE', #638, #9240, #2762 ) ;
#5220 = CARTESIAN_POINT ( 'NONE',  ( -7.500000000000000000, 0.5999999999999999778, 2.750000000000000000 ) ) ;
#5221 = ORIENTED_EDGE ( 'NONE', *, *, #5132, .T. ) ;
#5222 = ADVANCED_FACE ( 'NONE', ( #3637 ), #2262, .F. ) ;
#5223 = ORIENTED_EDGE ( 'NONE', *, *, #56, .T. ) ;
#5224 = FACE_OUTER_BOUND ( 'NONE', #219, .T. ) ;
#5225 = SHAPE_DEFINITION_REPRESENTATION ( #6266, #3321 ) ;
#5226 = SURFACE_SIDE_STYLE ('',( #7358 ) ) ;
#5227 = FILL_AREA_STYLE_COLOUR ( '', #4052 ) ;
#5228 = DIRECTION ( 'NONE',  ( 0.000000000000000000, 0.000000000000000000, -1.000000000000000000 ) ) ;
#5229 = CARTESIAN_POINT ( 'NONE',  ( -7.500000000000000000, 2.900543414065470227, -2.750000000000000000 ) ) ;
#5230 = ORIENTED_EDGE ( 'NONE', *, *, #56, .F. ) ;
#5231 = AXIS2_PLACEMENT_3D ( 'NONE', #6863, #337, #5971 ) ;
#5232 = CARTESIAN_POINT ( 'NONE',  ( -7.500000000000000000, 2.900543414065470227, 2.949999999999999734 ) ) ;
#5233 = VERTEX_POINT ( 'NONE', #5980 ) ;
#5234 = SHAPE_REPRESENTATION_RELATIONSHIP ( 'NONE' , 'NONE' ,  #6190, #2155 ) ;
#5235 = ORIENTED_EDGE ( 'NONE', *, *, #5986, .F. ) ;
#5236 = CARTESIAN_POINT ( 'NONE',  ( -4.503459778706369931, 3.750000000000000000, 1.711808560920089928 ) ) ;
#5237 = VECTOR ( 'NONE', #5862, 1000.000000000000000 ) ;
#5238 = ORIENTED_EDGE ( 'NONE', *, *, #7713, .F. ) ;
#5239 = DIRECTION ( 'NONE',  ( 1.000000000000000000, 0.000000000000000000, 0.000000000000000000 ) ) ;
#5240 = UNCERTAINTY_MEASURE_WITH_UNIT (LENGTH_MEASURE( 1.000000000000000082E-05 ), #346, 'distance_accuracy_value', 'NONE');
#5241 = DIRECTION ( 'NONE',  ( -0.7660444431189785686, 0.000000000000000000, 0.6427876096865385858 ) ) ;
#5242 = AXIS2_PLACEMENT_3D ( 'NONE', #3656, #2897, #8750 ) ;
#5243 = VECTOR ( 'NONE', #6874, 1000.000000000000000 ) ;
#5244 = CIRCLE ( 'NONE', #2341, 0.5000000000000000000 ) ;
#5245 = CARTESIAN_POINT ( 'NONE',  ( 7.500000000000000000, 0.000000000000000000, -1.899999999999999911 ) ) ;
#5246 = EDGE_LOOP ( 'NONE', ( #8969, #5475, #9323, #1675, #5324, #3962 ) ) ;
#5247 = STYLED_ITEM ( 'NONE', ( #4574 ), #9143 ) ;
#5248 = DIRECTION ( 'NONE',  ( 0.000000000000000000, 0.000000000000000000, 1.000000000000000000 ) ) ;
#5249 = ADVANCED_FACE ( 'NONE', ( #1545 ), #4437, .F. ) ;
#5250 = EDGE_CURVE ( 'NONE', #3706, #2612, #3866, .T. ) ;
#5251 = ORIENTED_EDGE ( 'NONE', *, *, #895, .F. ) ;
#5252 = VECTOR ( 'NONE', #1746, 1000.000000000000000 ) ;
#5253 = FACE_OUTER_BOUND ( 'NONE', #1653, .T. ) ;
#5254 = ORIENTED_EDGE ( 'NONE', *, *, #2215, .F. ) ;
#5255 = DIRECTION ( 'NONE',  ( -1.000000000000000000, 0.000000000000000000, 0.000000000000000000 ) ) ;
#5256 = CIRCLE ( 'NONE', #8872, 0.6500000000000001332 ) ;
#5257 = PLANE ( 'NONE',  #1693 ) ;
#5258 =( GEOMETRIC_REPRESENTATION_CONTEXT ( 3 ) GLOBAL_UNCERTAINTY_ASSIGNED_CONTEXT ( ( #3166 ) ) GLOBAL_UNIT_ASSIGNED_CONTEXT ( ( #9378, #3006, #5108 ) ) REPRESENTATION_CONTEXT ( 'NONE', 'WORKASPACE' ) );
#5259 = EDGE_CURVE ( 'NONE', #1967, #5581, #5752, .T. ) ;
#5260 = CARTESIAN_POINT ( 'NONE',  ( 3.799999999999999822, 3.750000000000000000, -1.056182713513598159 ) ) ;
#5261 = PLANE ( 'NONE',  #6906 ) ;
#5262 = VECTOR ( 'NONE', #8944, 1000.000000000000000 ) ;
#5263 = COLOUR_RGB ( '',0.7529411764705882248, 0.000000000000000000, 0.000000000000000000 ) ;
#5264 = FACE_BOUND ( 'NONE', #3641, .T. ) ;
#5265 = STYLED_ITEM ( 'NONE', ( #5639 ), #7325 ) ;
#5266 = CARTESIAN_POINT ( 'NONE',  ( 7.500000000000000000, 2.900543414065470227, -1.050000000000000044 ) ) ;
#5267 = CARTESIAN_POINT ( 'NONE',  ( -5.000000000000000000, 2.750000000000000000, 1.120054968325876033 ) ) ;
#5268 =( NAMED_UNIT ( * ) PLANE_ANGLE_UNIT ( ) SI_UNIT ( $, .RADIAN. ) );
#5269 = CARTESIAN_POINT ( 'NONE',  ( -5.950000000000000178, 0.000000000000000000, -0.8499999999999999778 ) ) ;
#5270 = STYLED_ITEM ( 'NONE', ( #847 ), #1076 ) ;
#5271 = CARTESIAN_POINT ( 'NONE',  ( -7.500000000000000000, 2.900543414065470227, -2.550000000000000266 ) ) ;
#5272 = CARTESIAN_POINT ( 'NONE',  ( 4.400000000000000355, 2.750000000000000000, 3.452137560662829951 ) ) ;
#5273 = PRESENTATION_LAYER_ASSIGNMENT (  '', '', ( #4363 ) ) ;
#5274 = EDGE_CURVE ( 'NONE', #1413, #7901, #7120, .T. ) ;
#5275 = CARTESIAN_POINT ( 'NONE',  ( -5.949999999999919353, 3.750000000000000000, -4.649999999999999467 ) ) ;
#5276 =( REPRESENTATION_RELATIONSHIP ('NONE','NONE', #3559, #33 ) REPRESENTATION_RELATIONSHIP_WITH_TRANSFORMATION ( #5651 )SHAPE_REPRESENTATION_RELATIONSHIP( ) );
#5277 = ORIENTED_EDGE ( 'NONE', *, *, #1150, .F. ) ;
#5278 = ORIENTED_EDGE ( 'NONE', *, *, #1723, .T. ) ;
#5279 = VECTOR ( 'NONE', #7475, 1000.000000000000000 ) ;
#5280 = PRODUCT_CONTEXT ( 'NONE', #7576, 'mechanical' ) ;
#5281 = PRESENTATION_STYLE_ASSIGNMENT (( #1605 ) ) ;
#5282 = CARTESIAN_POINT ( 'NONE',  ( 2.250000000000000000, 0.000000000000000000, 1.099999999999999867 ) ) ;
#5283 = DIRECTION ( 'NONE',  ( -1.000000000000000000, 0.000000000000000000, 0.000000000000000000 ) ) ;
#5284 = VECTOR ( 'NONE', #970, 1000.000000000000000 ) ;
#5285 = EDGE_CURVE ( 'NONE', #6620, #5086, #2073, .T. ) ;
#5286 = FILL_AREA_STYLE ('',( #2492 ) ) ;
#5287 = ORIENTED_EDGE ( 'NONE', *, *, #8947, .F. ) ;
#5288 = CARTESIAN_POINT ( 'NONE',  ( 5.000000000000000000, 3.750000000000000000, 2.948677781956460464 ) ) ;
#5289 = ORIENTED_EDGE ( 'NONE', *, *, #8827, .T. ) ;
#5290 = VERTEX_POINT ( 'NONE', #7075 ) ;
#5291 = ORIENTED_EDGE ( 'NONE', *, *, #385, .F. ) ;
#5292 = LINE ( 'NONE', #1806, #2680 ) ;
#5293 = EDGE_CURVE ( 'NONE', #3409, #7648, #2824, .T. ) ;
#5294 = COLOUR_RGB ( '',0.7921568627450980005, 0.8196078431372548767, 0.9333333333333333481 ) ;
#5295 = VECTOR ( 'NONE', #8542, 1000.000000000000000 ) ;
#5296 = DIRECTION ( 'NONE',  ( 1.232817212792323889E-16, 0.000000000000000000, 1.000000000000000000 ) ) ;
#5297 = ORIENTED_EDGE ( 'NONE', *, *, #1144, .F. ) ;
#5298 = CARTESIAN_POINT ( 'NONE',  ( -3.799999999999999822, 2.750000000000000000, 1.121535720059525953 ) ) ;
#5299 = VERTEX_POINT ( 'NONE', #7839 ) ;
#5300 = CARTESIAN_POINT ( 'NONE',  ( -5.950000000000000178, 3.750000000000000000, -0.8499999999999999778 ) ) ;
#5301 = ORIENTED_EDGE ( 'NONE', *, *, #6475, .F. ) ;
#5302 = VECTOR ( 'NONE', #8149, 1000.000000000000000 ) ;
#5303 = DIRECTION ( 'NONE',  ( 1.000000000000000000, 0.000000000000000000, 0.000000000000000000 ) ) ;
#5304 = CARTESIAN_POINT ( 'NONE',  ( 0.000000000000000000, 0.5999999999999999778, 1.050000000000000044 ) ) ;
#5305 = ADVANCED_FACE ( 'NONE', ( #4104 ), #7025, .T. ) ;
#5306 = DIRECTION ( 'NONE',  ( 1.000000000000000000, 0.000000000000000000, 0.000000000000000000 ) ) ;
#5307 = CARTESIAN_POINT ( 'NONE',  ( 4.400000000000000355, 2.750000000000000000, 3.452137560662829951 ) ) ;
#5308 = PRESENTATION_STYLE_ASSIGNMENT (( #8844 ) ) ;
#5309 = ORIENTED_EDGE ( 'NONE', *, *, #1283, .F. ) ;
#5310 = DIRECTION ( 'NONE',  ( 0.000000000000000000, -1.000000000000000000, 0.000000000000000000 ) ) ;
#5311 = EDGE_CURVE ( 'NONE', #4875, #693, #1296, .T. ) ;
#5312 = DIRECTION ( 'NONE',  ( 0.000000000000000000, 1.000000000000000000, 0.000000000000000000 ) ) ;
#5313 = EDGE_CURVE ( 'NONE', #3905, #2731, #2120, .T. ) ;
#5314 = CARTESIAN_POINT ( 'NONE',  ( 5.000000000000000000, 2.750000000000000000, -1.250760981417740059 ) ) ;
#5315 = DIRECTION ( 'NONE',  ( 0.000000000000000000, 1.000000000000000000, 0.000000000000000000 ) ) ;
#5316 = VERTEX_POINT ( 'NONE', #5019 ) ;
#5317 = VERTEX_POINT ( 'NONE', #5608 ) ;
#5318 = APPLICATION_PROTOCOL_DEFINITION ( 'draft international standard', 'automotive_design', 1998, #4271 ) ;
#5319 = DIRECTION ( 'NONE',  ( 0.000000000000000000, -1.000000000000000000, 0.000000000000000000 ) ) ;
#5320 = DIRECTION ( 'NONE',  ( 0.000000000000000000, 0.000000000000000000, 1.000000000000000000 ) ) ;
#5321 = LINE ( 'NONE', #8866, #5734 ) ;
#5322 = SURFACE_SIDE_STYLE ('',( #7641 ) ) ;
#5323 = APPLICATION_CONTEXT ( 'automotive_design' ) ;
#5324 = ORIENTED_EDGE ( 'NONE', *, *, #4488, .F. ) ;
#5325 = FILL_AREA_STYLE_COLOUR ( '', #519 ) ;
#5326 = SURFACE_SIDE_STYLE ('',( #318 ) ) ;
#5327 = ORIENTED_EDGE ( 'NONE', *, *, #6830, .F. ) ;
#5328 =( NAMED_UNIT ( * ) PLANE_ANGLE_UNIT ( ) SI_UNIT ( $, .RADIAN. ) );
#5329 = ORIENTED_EDGE ( 'NONE', *, *, #7428, .F. ) ;
#5330 = CARTESIAN_POINT ( 'NONE',  ( 7.500000000000000000, 3.750000000000000000, 4.649999999999999467 ) ) ;
#5331 = ORIENTED_EDGE ( 'NONE', *, *, #7773, .F. ) ;
#5332 = DIRECTION ( 'NONE',  ( 0.000000000000000000, -1.000000000000000000, 0.000000000000000000 ) ) ;
#5333 = EDGE_CURVE ( 'NONE', #3382, #7313, #8592, .T. ) ;
#5334 = CARTESIAN_POINT ( 'NONE',  ( 5.950000000000000178, 0.5999999999999999778, 1.050000000000000044 ) ) ;
#5335 = ORIENTED_EDGE ( 'NONE', *, *, #439, .T. ) ;
#5336 = FACE_OUTER_BOUND ( 'NONE', #3938, .T. ) ;
#5337 = ORIENTED_EDGE ( 'NONE', *, *, #8084, .F. ) ;
#5338 = CARTESIAN_POINT ( 'NONE',  ( 2.250000000000000000, 0.1000000000000000056, 1.099999999999999867 ) ) ;
#5339 = ORIENTED_EDGE ( 'NONE', *, *, #8527, .F. ) ;
#5340 = CARTESIAN_POINT ( 'NONE',  ( -7.500000000000000000, 2.900543414065470227, 2.550000000000000266 ) ) ;
#5341 = LINE ( 'NONE', #1680, #5421 ) ;
#5342 = DIRECTION ( 'NONE',  ( 0.000000000000000000, 1.000000000000000000, 0.000000000000000000 ) ) ;
#5343 = DIRECTION ( 'NONE',  ( 0.000000000000000000, 1.000000000000000000, 0.000000000000000000 ) ) ;
#5344 = DIRECTION ( 'NONE',  ( -0.000000000000000000, 1.000000000000000000, 0.000000000000000000 ) ) ;
#5345 = EDGE_LOOP ( 'NONE', ( #1911, #588, #5779, #3046, #7778, #2715 ) ) ;
#5346 = DIRECTION ( 'NONE',  ( 0.000000000000000000, -1.000000000000000000, 0.000000000000000000 ) ) ;
#5347 = UNCERTAINTY_MEASURE_WITH_UNIT (LENGTH_MEASURE( 1.000000000000000082E-05 ), #432, 'distance_accuracy_value', 'NONE');
#5348 = PRESENTATION_STYLE_ASSIGNMENT (( #5939 ) ) ;
#5349 = UNCERTAINTY_MEASURE_WITH_UNIT (LENGTH_MEASURE( 1.000000000000000082E-05 ), #6155, 'distance_accuracy_value', 'NONE');
#5350 = FACE_OUTER_BOUND ( 'NONE', #5191, .T. ) ;
#5351 = LINE ( 'NONE', #5495, #2764 ) ;
#5352 = VECTOR ( 'NONE', #7260, 1000.000000000000000 ) ;
#5353 = LINE ( 'NONE', #7549, #8877 ) ;
#5354 = EDGE_LOOP ( 'NONE', ( #8755, #1704, #4649, #2234 ) ) ;
#5355 = EDGE_CURVE ( 'NONE', #3306, #148, #5550, .T. ) ;
#5356 = EDGE_CURVE ( 'NONE', #4412, #9351, #7156, .T. ) ;
#5357 = EDGE_LOOP ( 'NONE', ( #5091, #2580, #7928, #9147 ) ) ;
#5358 = SHAPE_DEFINITION_REPRESENTATION ( #7705, #5514 ) ;
#5359 = DIRECTION ( 'NONE',  ( -0.6427876096865386968, 0.000000000000000000, -0.7660444431189786796 ) ) ;
#5360 = AXIS2_PLACEMENT_3D ( 'NONE', #1227, #7647, #1092 ) ;
#5361 = LINE ( 'NONE', #6791, #1917 ) ;
#5362 = CARTESIAN_POINT ( 'NONE',  ( -5.950000000000000178, 3.750000000000000000, 2.949999999999999734 ) ) ;
#5363 = FACE_OUTER_BOUND ( 'NONE', #1049, .T. ) ;
#5364 = EDGE_CURVE ( 'NONE', #1487, #6442, #4149, .T. ) ;
#5365 = ORIENTED_EDGE ( 'NONE', *, *, #7893, .T. ) ;
#5366 = DIRECTION ( 'NONE',  ( 1.000000000000000000, 0.000000000000000000, 0.000000000000000000 ) ) ;
#5367 = CARTESIAN_POINT ( 'NONE',  ( 7.500000000000000000, 0.000000000000000000, 1.250000000000000000 ) ) ;
#5368 = ORIENTED_EDGE ( 'NONE', *, *, #5691, .F. ) ;
#5369 = ORIENTED_EDGE ( 'NONE', *, *, #2303, .T. ) ;
#5370 = DIRECTION ( 'NONE',  ( 0.000000000000000000, -1.000000000000000000, 0.000000000000000000 ) ) ;
#5371 = ORIENTED_EDGE ( 'NONE', *, *, #7071, .F. ) ;
#5372 = DIRECTION ( 'NONE',  ( 0.000000000000000000, 0.000000000000000000, -1.000000000000000000 ) ) ;
#5373 = DIRECTION ( 'NONE',  ( 0.000000000000000000, 0.000000000000000000, 1.000000000000000000 ) ) ;
#5374 = LINE ( 'NONE', #6674, #5713 ) ;
#5375 = VERTEX_POINT ( 'NONE', #4200 ) ;
#5376 = DIRECTION ( 'NONE',  ( 0.000000000000000000, 0.000000000000000000, -1.000000000000000000 ) ) ;
#5377 = ORIENTED_EDGE ( 'NONE', *, *, #1185, .T. ) ;
#5378 = EDGE_CURVE ( 'NONE', #6343, #3188, #642, .T. ) ;
#5379 = AXIS2_PLACEMENT_3D ( 'NONE', #377, #7755, #6200 ) ;
#5380 = DIRECTION ( 'NONE',  ( -1.000000000000000000, 0.000000000000000000, 0.000000000000000000 ) ) ;
#5381 = ORIENTED_EDGE ( 'NONE', *, *, #825, .F. ) ;
#5382 = COLOUR_RGB ( '',0.7921568627450980005, 0.8196078431372548767, 0.9333333333333333481 ) ;
#5383 = LINE ( 'NONE', #5482, #247 ) ;
#5384 = CLOSED_SHELL ( 'NONE', ( #8360, #5529, #2495, #4888 ) ) ;
#5385 = VECTOR ( 'NONE', #8801, 1000.000000000000000 ) ;
#5386 = EDGE_CURVE ( 'NONE', #7229, #8922, #9193, .T. ) ;
#5387 = CARTESIAN_POINT ( 'NONE',  ( 7.500000000000000000, 0.000000000000000000, 3.799999999999999822 ) ) ;
#5388 = VECTOR ( 'NONE', #5320, 1000.000000000000000 ) ;
#5389 = LINE ( 'NONE', #8293, #974 ) ;
#5390 = SURFACE_STYLE_USAGE ( .BOTH. , #1209 ) ;
#5391 = CARTESIAN_POINT ( 'NONE',  ( 0.000000000000000000, 2.750000000000000000, 0.000000000000000000 ) ) ;
#5392 = VECTOR ( 'NONE', #9373, 1000.000000000000000 ) ;
#5393 = EDGE_LOOP ( 'NONE', ( #4943, #8230 ) ) ;
#5394 = CARTESIAN_POINT ( 'NONE',  ( -5.950000000000000178, 0.000000000000000000, -0.8499999999999999778 ) ) ;
#5395 = CARTESIAN_POINT ( 'NONE',  ( 2.250000000000000000, 1.797056274847714796, 0.5000000000000000000 ) ) ;
#5396 = STYLED_ITEM ( 'NONE', ( #3023 ), #6896 ) ;
#5397 = EDGE_CURVE ( 'NONE', #7564, #127, #8497, .T. ) ;
#5398 =( NAMED_UNIT ( * ) SI_UNIT ( $, .STERADIAN. ) SOLID_ANGLE_UNIT ( ) );
#5399 = AXIS2_PLACEMENT_3D ( 'NONE', #5446, #254, #2394 ) ;
#5400 = PRESENTATION_STYLE_ASSIGNMENT (( #2478 ) ) ;
#5401 =( LENGTH_UNIT ( ) NAMED_UNIT ( * ) SI_UNIT ( .MILLI., .METRE. ) );
#5402 = DIRECTION ( 'NONE',  ( 0.000000000000000000, 0.000000000000000000, -1.000000000000000000 ) ) ;
#5403 = CARTESIAN_POINT ( 'NONE',  ( 5.950000000000000178, 0.5999999999999999778, 4.649999999999999467 ) ) ;
#5404 = STYLED_ITEM ( 'NONE', ( #8245 ), #7290 ) ;
#5405 = ORIENTED_EDGE ( 'NONE', *, *, #3202, .T. ) ;
#5406 = ITEM_DEFINED_TRANSFORMATION ( 'NONE', 'NONE', #8399,  #3266 ) ;
#5407 = VECTOR ( 'NONE', #971, 1000.000000000000000 ) ;
#5408 = CARTESIAN_POINT ( 'NONE',  ( -5.200000000000000178, 0.000000000000000000, -3.000000000000000000 ) ) ;
#5409 = MECHANICAL_DESIGN_GEOMETRIC_PRESENTATION_REPRESENTATION (  '', ( #7401 ), #9186 ) ;
#5410 = CARTESIAN_POINT ( 'NONE',  ( -7.500000000000000000, 2.900543414065470227, 2.750000000000000000 ) ) ;
#5411 = LINE ( 'NONE', #6931, #7831 ) ;
#5412 = SURFACE_STYLE_USAGE ( .BOTH. , #272 ) ;
#5413 = VECTOR ( 'NONE', #6086, 1000.000000000000000 ) ;
#5414 = PRODUCT_RELATED_PRODUCT_CATEGORY ( 'part', '', ( #3675 ) ) ;
#5415 = EDGE_CURVE ( 'NONE', #4261, #6060, #4871, .T. ) ;
#5416 = ORIENTED_EDGE ( 'NONE', *, *, #8992, .F. ) ;
#5417 = FACE_OUTER_BOUND ( 'NONE', #4109, .T. ) ;
#5418 =( NAMED_UNIT ( * ) PLANE_ANGLE_UNIT ( ) SI_UNIT ( $, .RADIAN. ) );
#5419 = ORIENTED_EDGE ( 'NONE', *, *, #8330, .F. ) ;
#5420 = CARTESIAN_POINT ( 'NONE',  ( 0.000000000000000000, 0.000000000000000000, 0.000000000000000000 ) ) ;
#5421 = VECTOR ( 'NONE', #291, 1000.000000000000000 ) ;
#5422 = ORIENTED_EDGE ( 'NONE', *, *, #9278, .T. ) ;
#5423 = PLANE ( 'NONE',  #7926 ) ;
#5424 = PRESENTATION_LAYER_ASSIGNMENT (  '', '', ( #5128 ) ) ;
#5425 = ORIENTED_EDGE ( 'NONE', *, *, #785, .T. ) ;
#5426 = CARTESIAN_POINT ( 'NONE',  ( -0.2000000000000000111, 3.750000000000000000, 2.503301133572669812 ) ) ;
#5427 = EDGE_CURVE ( 'NONE', #9023, #1354, #5721, .T. ) ;
#5428 = COLOUR_RGB ( '',0.7921568627450980005, 0.8196078431372548767, 0.9333333333333333481 ) ;
#5429 = PRODUCT_DEFINITION ( 'UNKNOWN', '', #5827, #8687 ) ;
#5430 = PRODUCT ( 'Cut-Extrude3_1', 'Cut-Extrude3_1', '', ( #2267 ) ) ;
#5431 = DIRECTION ( 'NONE',  ( 0.000000000000000000, 1.000000000000000000, 0.000000000000000000 ) ) ;
#5432 = ORIENTED_EDGE ( 'NONE', *, *, #968, .T. ) ;
#5433 = STYLED_ITEM ( 'NONE', ( #7415 ), #4202 ) ;
#5434 = LINE ( 'NONE', #9018, #7817 ) ;
#5435 = VERTEX_POINT ( 'NONE', #5701 ) ;
#5436 = LINE ( 'NONE', #8340, #679 ) ;
#5437 = VECTOR ( 'NONE', #745, 1000.000000000000000 ) ;
#5438 = VECTOR ( 'NONE', #2919, 1000.000000000000114 ) ;
#5439 = CARTESIAN_POINT ( 'NONE',  ( 5.950000000000000178, 0.5999999999999999778, -2.949999999999999734 ) ) ;
#5440 = DIRECTION ( 'NONE',  ( 0.000000000000000000, 1.000000000000000000, 0.000000000000000000 ) ) ;
#5441 = FACE_BOUND ( 'NONE', #6622, .T. ) ;
#5442 = AXIS2_PLACEMENT_3D ( 'NONE', #7541, #4579, #1075 ) ;
#5443 = UNCERTAINTY_MEASURE_WITH_UNIT (LENGTH_MEASURE( 1.000000000000000082E-05 ), #8041, 'distance_accuracy_value', 'NONE');
#5444 = ORIENTED_EDGE ( 'NONE', *, *, #9299, .F. ) ;
#5445 = CARTESIAN_POINT ( 'NONE',  ( 0.000000000000000000, 0.5999999999999999778, 0.000000000000000000 ) ) ;
#5446 = CARTESIAN_POINT ( 'NONE',  ( 0.000000000000000000, 2.750000000000000000, 0.000000000000000000 ) ) ;
#5447 = APPLICATION_CONTEXT ( 'automotive_design' ) ;
#5448 = SURFACE_STYLE_USAGE ( .BOTH. , #3350 ) ;
#5449 = EDGE_CURVE ( 'NONE', #5943, #4208, #924, .T. ) ;
#5450 = DIRECTION ( 'NONE',  ( 1.000000000000000000, 0.000000000000000000, 0.000000000000000000 ) ) ;
#5451 = CARTESIAN_POINT ( 'NONE',  ( 7.500000000000000000, 0.000000000000000000, -0.8499999999999999778 ) ) ;
#5452 = EDGE_CURVE ( 'NONE', #8785, #1769, #2161, .T. ) ;
#5453 = CARTESIAN_POINT ( 'NONE',  ( 4.400000000000000355, 2.750000000000000000, 3.452137560662829951 ) ) ;
#5454 = VERTEX_POINT ( 'NONE', #161 ) ;
#5455 = CONTEXT_DEPENDENT_SHAPE_REPRESENTATION ( #2514, #1558 ) ;
#5456 = UNCERTAINTY_MEASURE_WITH_UNIT (LENGTH_MEASURE( 1.000000000000000082E-05 ), #8705, 'distance_accuracy_value', 'NONE');
#5457 =( LENGTH_UNIT ( ) NAMED_UNIT ( * ) SI_UNIT ( .MILLI., .METRE. ) );
#5458 = PLANE ( 'NONE',  #7514 ) ;
#5459 =( NAMED_UNIT ( * ) SI_UNIT ( $, .STERADIAN. ) SOLID_ANGLE_UNIT ( ) );
#5460 = DIRECTION ( 'NONE',  ( 1.000000000000000000, 0.000000000000000000, 0.000000000000000000 ) ) ;
#5461 = ORIENTED_EDGE ( 'NONE', *, *, #7802, .T. ) ;
#5462 = CARTESIAN_POINT ( 'NONE',  ( 5.000000000000000000, 3.750000000000000000, -1.250760981417740059 ) ) ;
#5463 = DIRECTION ( 'NONE',  ( -0.7660444431189782355, 0.000000000000000000, 0.6427876096865390299 ) ) ;
#5464 = EDGE_LOOP ( 'NONE', ( #7845, #2372, #421, #1226 ) ) ;
#5465 = DIRECTION ( 'NONE',  ( 1.000000000000000000, 0.000000000000000000, 0.000000000000000000 ) ) ;
#5466 = ORIENTED_EDGE ( 'NONE', *, *, #8359, .F. ) ;
#5467 = LINE ( 'NONE', #7792, #8676 ) ;
#5468 = VERTEX_POINT ( 'NONE', #831 ) ;
#5469 = SURFACE_STYLE_USAGE ( .BOTH. , #465 ) ;
#5470 = CARTESIAN_POINT ( 'NONE',  ( 3.935639852470909972, 3.750000000000000000, 3.841781989187914803 ) ) ;
#5471 = SURFACE_STYLE_USAGE ( .BOTH. , #1053 ) ;
#5472 = CARTESIAN_POINT ( 'NONE',  ( -2.250000000000000000, 0.1000000000000000056, -1.000000000000000000 ) ) ;
#5473 = CARTESIAN_POINT ( 'NONE',  ( 5.950000000000000178, 0.000000000000000000, 2.949999999999999734 ) ) ;
#5474 =( NAMED_UNIT ( * ) PLANE_ANGLE_UNIT ( ) SI_UNIT ( $, .RADIAN. ) );
#5475 = ORIENTED_EDGE ( 'NONE', *, *, #8927, .F. ) ;
#5476 =( NAMED_UNIT ( * ) SI_UNIT ( $, .STERADIAN. ) SOLID_ANGLE_UNIT ( ) );
#5477 = EDGE_CURVE ( 'NONE', #752, #9268, #886, .T. ) ;
#5478 =( LENGTH_UNIT ( ) NAMED_UNIT ( * ) SI_UNIT ( .MILLI., .METRE. ) );
#5479 = EDGE_CURVE ( 'NONE', #9283, #8328, #7249, .T. ) ;
#5480 = ORIENTED_EDGE ( 'NONE', *, *, #2438, .F. ) ;
#5481 = SURFACE_STYLE_FILL_AREA ( #383 ) ;
#5482 = CARTESIAN_POINT ( 'NONE',  ( 5.949999999999919353, 3.750000000000000000, -2.949999999999999734 ) ) ;
#5483 = AXIS2_PLACEMENT_3D ( 'NONE', #2913, #4199, #5794 ) ;
#5484 = DIRECTION ( 'NONE',  ( -1.232817212792323889E-16, 0.000000000000000000, -1.000000000000000000 ) ) ;
#5485 = EDGE_CURVE ( 'NONE', #8619, #6077, #115, .T. ) ;
#5486 = CARTESIAN_POINT ( 'NONE',  ( 5.950000000000000178, 2.900543414065470227, -0.8499999999999999778 ) ) ;
#5487 = CARTESIAN_POINT ( 'NONE',  ( -5.949999999999919353, 3.750000000000000000, -4.649999999999999467 ) ) ;
#5488 = DIRECTION ( 'NONE',  ( -1.000000000000000000, 0.000000000000000000, 0.000000000000000000 ) ) ;
#5489 = ORIENTED_EDGE ( 'NONE', *, *, #8057, .F. ) ;
#5490 = DIRECTION ( 'NONE',  ( 0.000000000000000000, -1.000000000000000000, 0.000000000000000000 ) ) ;
#5491 = CARTESIAN_POINT ( 'NONE',  ( -0.5999999999999999778, 2.750000000000000000, -1.832021428630845161 ) ) ;
#5492 = SURFACE_SIDE_STYLE ('',( #7945 ) ) ;
#5493 = PLANE ( 'NONE',  #118 ) ;
#5494 = CARTESIAN_POINT ( 'NONE',  ( -0.2000000000000000111, 2.750000000000000000, 2.503301133572669812 ) ) ;
#5495 = CARTESIAN_POINT ( 'NONE',  ( 0.2000000000000000111, 2.750000000000000000, -2.503301133572669812 ) ) ;
#5496 = DIRECTION ( 'NONE',  ( 0.000000000000000000, 1.000000000000000000, 0.000000000000000000 ) ) ;
#5497 = ORIENTED_EDGE ( 'NONE', *, *, #7655, .T. ) ;
#5498 = EDGE_CURVE ( 'NONE', #185, #4896, #5894, .T. ) ;
#5499 = CONTEXT_DEPENDENT_SHAPE_REPRESENTATION ( #4587, #5825 ) ;
#5500 = FILL_AREA_STYLE ('',( #7024 ) ) ;
#5501 = PRODUCT_DEFINITION_SHAPE ( 'NONE', 'NONE',  #7738 ) ;
#5502 = CARTESIAN_POINT ( 'NONE',  ( -4.335639852470909439, -2.455974827712295028, 1.911808560920089883 ) ) ;
#5503 = EDGE_CURVE ( 'NONE', #6270, #536, #4539, .T. ) ;
#5504 = CARTESIAN_POINT ( 'NONE',  ( 0.5999999999999999778, 2.750000000000000000, 1.897374435176775176 ) ) ;
#5505 = VECTOR ( 'NONE', #898, 1000.000000000000000 ) ;
#5506 = ORIENTED_EDGE ( 'NONE', *, *, #8555, .T. ) ;
#5507 = DIRECTION ( 'NONE',  ( 0.000000000000000000, 0.000000000000000000, -1.000000000000000000 ) ) ;
#5508 = FACE_OUTER_BOUND ( 'NONE', #5152, .T. ) ;
#5509 = ORIENTED_EDGE ( 'NONE', *, *, #864, .F. ) ;
#5510 = DIRECTION ( 'NONE',  ( 1.000000000000000000, 0.000000000000000000, 0.000000000000000000 ) ) ;
#5511 = ORIENTED_EDGE ( 'NONE', *, *, #3, .T. ) ;
#5512 = LINE ( 'NONE', #4023, #8532 ) ;
#5513 = EDGE_LOOP ( 'NONE', ( #948, #1217, #908, #1482 ) ) ;
#5514 = SHAPE_REPRESENTATION ( 'Boss-Extrude3[4]_1', ( #3266 ), #3868 ) ;
#5515 = FILL_AREA_STYLE_COLOUR ( '', #5294 ) ;
#5516 = CARTESIAN_POINT ( 'NONE',  ( -5.950000000000000178, 3.750000000000000000, -1.050000000000000044 ) ) ;
#5517 = DIRECTION ( 'NONE',  ( 0.000000000000000000, 1.000000000000000000, 0.000000000000000000 ) ) ;
#5518 = CARTESIAN_POINT ( 'NONE',  ( 7.500000000000000000, 0.5999999999999999778, 0.6500000000000000222 ) ) ;
#5519 = DIRECTION ( 'NONE',  ( 0.000000000000000000, -1.000000000000000000, 0.000000000000000000 ) ) ;
#5520 = SURFACE_STYLE_FILL_AREA ( #9218 ) ;
#5521 = VERTEX_POINT ( 'NONE', #4432 ) ;
#5522 = CARTESIAN_POINT ( 'NONE',  ( -7.500000000000000000, 0.000000000000000000, 2.949999999999999734 ) ) ;
#5523 = ORIENTED_EDGE ( 'NONE', *, *, #34, .T. ) ;
#5524 = CARTESIAN_POINT ( 'NONE',  ( 2.250000000000000000, 0.1000000000000000056, 0.5000000000000000000 ) ) ;
#5525 = MECHANICAL_DESIGN_GEOMETRIC_PRESENTATION_REPRESENTATION (  '', ( #4609 ), #1578 ) ;
#5526 = PRODUCT_RELATED_PRODUCT_CATEGORY ( 'part', '', ( #6107 ) ) ;
#5527 = SURFACE_STYLE_FILL_AREA ( #2608 ) ;
#5528 = VERTEX_POINT ( 'NONE', #8108 ) ;
#5529 = ADVANCED_FACE ( 'NONE', ( #7344 ), #3018, .T. ) ;
#5530 = DIRECTION ( 'NONE',  ( -1.000000000000000000, 0.000000000000000000, 0.000000000000000000 ) ) ;
#5531 = EDGE_LOOP ( 'NONE', ( #1070, #45, #7445, #6096 ) ) ;
#5532 = DIRECTION ( 'NONE',  ( 0.000000000000000000, 0.000000000000000000, 1.000000000000000000 ) ) ;
#5533 = LINE ( 'NONE', #1866, #7667 ) ;
#5534 = VECTOR ( 'NONE', #8200, 1000.000000000000000 ) ;
#5535 = CLOSED_SHELL ( 'NONE', ( #6177, #8331, #315, #8499, #3541, #1178, #7602, #7091 ) ) ;
#5536 = ORIENTED_EDGE ( 'NONE', *, *, #1531, .T. ) ;
#5537 = FACE_OUTER_BOUND ( 'NONE', #7237, .T. ) ;
#5538 = CARTESIAN_POINT ( 'NONE',  ( 5.950000000000000178, 2.900543414065470227, 2.949999999999999734 ) ) ;
#5539 = AXIS2_PLACEMENT_3D ( 'NONE', #6798, #5366, #856 ) ;
#5540 = EDGE_CURVE ( 'NONE', #8432, #5864, #7295, .T. ) ;
#5541 = CARTESIAN_POINT ( 'NONE',  ( 7.500000000000000000, 0.5999999999999999778, -2.550000000000000266 ) ) ;
#5542 = COLOUR_RGB ( '',0.7921568627450980005, 0.8196078431372548767, 0.9333333333333333481 ) ;
#5543 = DIRECTION ( 'NONE',  ( 0.000000000000000000, 1.000000000000000000, 0.000000000000000000 ) ) ;
#5544 =( GEOMETRIC_REPRESENTATION_CONTEXT ( 3 ) GLOBAL_UNCERTAINTY_ASSIGNED_CONTEXT ( ( #2754 ) ) GLOBAL_UNIT_ASSIGNED_CONTEXT ( ( #9288, #8583, #6259 ) ) REPRESENTATION_CONTEXT ( 'NONE', 'WORKASPACE' ) );
#5545 = AXIS2_PLACEMENT_3D ( 'NONE', #881, #5614, #1588 ) ;
#5546 = DIRECTION ( 'NONE',  ( 1.000000000000000000, 0.000000000000000000, 0.000000000000000000 ) ) ;
#5547 = ORIENTED_EDGE ( 'NONE', *, *, #1598, .F. ) ;
#5548 = VECTOR ( 'NONE', #1080, 1000.000000000000114 ) ;
#5549 = SURFACE_STYLE_USAGE ( .BOTH. , #1876 ) ;
#5550 = LINE ( 'NONE', #6314, #1755 ) ;
#5551 = CARTESIAN_POINT ( 'NONE',  ( -7.500000000000000000, 0.5999999999999999778, -3.149999999999999911 ) ) ;
#5552 = DIRECTION ( 'NONE',  ( -1.000000000000000000, 0.000000000000000000, 1.232817212792323889E-16 ) ) ;
#5553 = DIRECTION ( 'NONE',  ( 0.000000000000000000, 1.000000000000000000, 0.000000000000000000 ) ) ;
#5554 = VECTOR ( 'NONE', #1830, 1000.000000000000227 ) ;
#5555 = ORIENTED_EDGE ( 'NONE', *, *, #7914, .T. ) ;
#5556 = CARTESIAN_POINT ( 'NONE',  ( -4.367819926235454453, 2.750000000000000000, -3.479139848689915215 ) ) ;
#5557 = VECTOR ( 'NONE', #2644, 1000.000000000000000 ) ;
#5558 = PLANE ( 'NONE',  #3286 ) ;
#5559 = ORIENTED_EDGE ( 'NONE', *, *, #8947, .T. ) ;
#5560 = DIRECTION ( 'NONE',  ( 0.000000000000000000, 0.000000000000000000, 1.000000000000000000 ) ) ;
#5561 = EDGE_LOOP ( 'NONE', ( #647, #744, #6765, #8406 ) ) ;
#5562 = DIRECTION ( 'NONE',  ( -1.000000000000000000, 0.000000000000000000, 0.000000000000000000 ) ) ;
#5563 = VERTEX_POINT ( 'NONE', #5795 ) ;
#5564 = COLOUR_RGB ( '',0.7921568627450980005, 0.8196078431372548767, 0.9333333333333333481 ) ;
#5565 = CARTESIAN_POINT ( 'NONE',  ( 7.500000000000000000, 0.000000000000000000, -1.050000000000000044 ) ) ;
#5566 = DIRECTION ( 'NONE',  ( 0.000000000000000000, 1.000000000000000000, 0.000000000000000000 ) ) ;
#5567 = ADVANCED_BREP_SHAPE_REPRESENTATION ( '', ( #4105, #3266 ), #682 ) ;
#5568 = VECTOR ( 'NONE', #2204, 1000.000000000000000 ) ;
#5569 = DIRECTION ( 'NONE',  ( 0.000000000000000000, -1.000000000000000000, 0.000000000000000000 ) ) ;
#5570 = DIRECTION ( 'NONE',  ( 1.000000000000000000, 0.000000000000000000, 0.000000000000000000 ) ) ;
#5571 = LINE ( 'NONE', #7801, #663 ) ;
#5572 = PRESENTATION_LAYER_ASSIGNMENT (  '', '', ( #4032 ) ) ;
#5573 = CARTESIAN_POINT ( 'NONE',  ( -3.799999999999999822, 2.750000000000000000, 1.121535720059525953 ) ) ;
#5574 = CARTESIAN_POINT ( 'NONE',  ( 5.950000000000000178, 0.000000000000000000, 4.649999999999999467 ) ) ;
#5575 = MECHANICAL_DESIGN_GEOMETRIC_PRESENTATION_REPRESENTATION (  '', ( #6785 ), #4340 ) ;
#5576 = VERTEX_POINT ( 'NONE', #2870 ) ;
#5577 = APPLICATION_CONTEXT ( 'automotive_design' ) ;
#5578 = SHAPE_REPRESENTATION ( 'Boss-Extrude3[1]_1', ( #3266 ), #682 ) ;
#5579 = EDGE_CURVE ( 'NONE', #5290, #8115, #8064, .T. ) ;
#5580 = PLANE ( 'NONE',  #4569 ) ;
#5581 = VERTEX_POINT ( 'NONE', #2965 ) ;
#5582 = DIRECTION ( 'NONE',  ( 0.000000000000000000, -1.000000000000000000, 0.000000000000000000 ) ) ;
#5583 = CARTESIAN_POINT ( 'NONE',  ( 4.432180073764544481, -2.455974827712295028, -1.927462418455420101 ) ) ;
#5584 = VECTOR ( 'NONE', #6110, 1000.000000000000000 ) ;
#5585 = MECHANICAL_DESIGN_GEOMETRIC_PRESENTATION_REPRESENTATION (  '', ( #5433 ), #3165 ) ;
#5586 = VERTEX_POINT ( 'NONE', #2206 ) ;
#5587 = CARTESIAN_POINT ( 'NONE',  ( -4.400000000000000355, 3.750000000000000000, 3.000000000000000000 ) ) ;
#5588 = PRODUCT_DEFINITION_SHAPE ( 'NONE', 'NONE',  #7103 ) ;
#5589 = ORIENTED_EDGE ( 'NONE', *, *, #1009, .T. ) ;
#5590 = DIRECTION ( 'NONE',  ( 1.000000000000000000, 0.000000000000000000, -2.065422993075124858E-16 ) ) ;
#5591 = AXIS2_PLACEMENT_3D ( 'NONE', #2699, #435, #2745 ) ;
#5592 = ORIENTED_EDGE ( 'NONE', *, *, #5274, .F. ) ;
#5593 = VECTOR ( 'NONE', #3776, 1000.000000000000000 ) ;
#5594 = CARTESIAN_POINT ( 'NONE',  ( -7.500000000000000000, 3.750000000000000000, -0.8499999999999999778 ) ) ;
#5595 = DIRECTION ( 'NONE',  ( 0.000000000000000000, 1.000000000000000000, 0.000000000000000000 ) ) ;
#5596 = EDGE_CURVE ( 'NONE', #9320, #6957, #8672, .T. ) ;
#5597 = DIRECTION ( 'NONE',  ( 1.000000000000000000, 0.000000000000000000, 0.000000000000000000 ) ) ;
#5598 = CARTESIAN_POINT ( 'NONE',  ( 2.976659776242249813E-16, 3.750000000000000000, -2.335481207337215093 ) ) ;
#5599 = CARTESIAN_POINT ( 'NONE',  ( -7.500000000000000000, 0.000000000000000000, 1.050000000000000044 ) ) ;
#5600 = AXIS2_PLACEMENT_3D ( 'NONE', #6173, #7771, #4141 ) ;
#5601 = VECTOR ( 'NONE', #6115, 1000.000000000000000 ) ;
#5602 = DIRECTION ( 'NONE',  ( -1.000000000000000000, 0.000000000000000000, 0.000000000000000000 ) ) ;
#5603 = ADVANCED_FACE ( 'NONE', ( #3725 ), #2914, .F. ) ;
#5604 = ORIENTED_EDGE ( 'NONE', *, *, #2356, .F. ) ;
#5605 = ITEM_DEFINED_TRANSFORMATION ( 'NONE', 'NONE', #6881,  #3266 ) ;
#5606 = EDGE_CURVE ( 'NONE', #5006, #51, #3422, .T. ) ;
#5607 = CARTESIAN_POINT ( 'NONE',  ( 2.250000000000000000, 0.1000000000000000056, 0.5000000000000000000 ) ) ;
#5608 = CARTESIAN_POINT ( 'NONE',  ( 0.5999999999999999778, 2.750000000000000000, -1.620429051780690077 ) ) ;
#5609 = ADVANCED_FACE ( 'NONE', ( #3915 ), #4628, .T. ) ;
#5610 = LINE ( 'NONE', #4062, #1859 ) ;
#5611 = CARTESIAN_POINT ( 'NONE',  ( 7.500000000000000000, 0.000000000000000000, -3.799999999999999822 ) ) ;
#5612 = ORIENTED_EDGE ( 'NONE', *, *, #2274, .F. ) ;
#5613 = EDGE_CURVE ( 'NONE', #6361, #7732, #6826, .T. ) ;
#5614 = DIRECTION ( 'NONE',  ( -0.7660444431189782355, 0.000000000000000000, 0.6427876096865391409 ) ) ;
#5615 = CARTESIAN_POINT ( 'NONE',  ( 5.949999999999919353, 3.750000000000000000, -2.949999999999999734 ) ) ;
#5616 = ORIENTED_EDGE ( 'NONE', *, *, #2975, .T. ) ;
#5617 = DIRECTION ( 'NONE',  ( 0.000000000000000000, 0.000000000000000000, 1.000000000000000000 ) ) ;
#5618 = ORIENTED_EDGE ( 'NONE', *, *, #6439, .T. ) ;
#5619 = CARTESIAN_POINT ( 'NONE',  ( 5.950000000000000178, 2.900543414065470227, 2.750000000000000000 ) ) ;
#5620 = CARTESIAN_POINT ( 'NONE',  ( -7.500000000000000000, 0.5999999999999999778, 2.750000000000000000 ) ) ;
#5621 = CARTESIAN_POINT ( 'NONE',  ( 4.535639852470909616, -2.455974827712295028, 3.338322210481544872 ) ) ;
#5622 = FILL_AREA_STYLE_COLOUR ( '', #844 ) ;
#5623 = LINE ( 'NONE', #7857, #8261 ) ;
#5624 = LINE ( 'NONE', #427, #9007 ) ;
#5625 = CARTESIAN_POINT ( 'NONE',  ( -7.500000000000000000, 0.5999999999999999778, -0.6500000000000000222 ) ) ;
#5626 = VERTEX_POINT ( 'NONE', #1168 ) ;
#5627 =( NAMED_UNIT ( * ) PLANE_ANGLE_UNIT ( ) SI_UNIT ( $, .RADIAN. ) );
#5628 = ORIENTED_EDGE ( 'NONE', *, *, #4397, .T. ) ;
#5629 = DIRECTION ( 'NONE',  ( 0.000000000000000000, -1.000000000000000000, 0.000000000000000000 ) ) ;
#5630 = EDGE_CURVE ( 'NONE', #8199, #1282, #200, .T. ) ;
#5631 = ORIENTED_EDGE ( 'NONE', *, *, #1701, .T. ) ;
#5632 = PLANE ( 'NONE',  #7101 ) ;
#5633 = SURFACE_STYLE_FILL_AREA ( #5735 ) ;
#5634 = ADVANCED_FACE ( 'NONE', ( #1112 ), #3162, .T. ) ;
#5635 = EDGE_LOOP ( 'NONE', ( #9159, #3514, #1285, #3662 ) ) ;
#5636 = ADVANCED_FACE ( 'NONE', ( #8348 ), #1868, .F. ) ;
#5637 = DIRECTION ( 'NONE',  ( 0.6427876096865408062, 0.000000000000000000, 0.7660444431189766812 ) ) ;
#5638 = ORIENTED_EDGE ( 'NONE', *, *, #6897, .F. ) ;
#5639 = PRESENTATION_STYLE_ASSIGNMENT (( #6351 ) ) ;
#5640 = UNCERTAINTY_MEASURE_WITH_UNIT (LENGTH_MEASURE( 1.000000000000000082E-05 ), #3059, 'distance_accuracy_value', 'NONE');
#5641 = CARTESIAN_POINT ( 'NONE',  ( -4.567819926235459960, 3.750000000000000000, -3.311319922454459608 ) ) ;
#5642 = EDGE_LOOP ( 'NONE', ( #486, #8792, #4725, #4310 ) ) ;
#5643 = FILL_AREA_STYLE_COLOUR ( '', #4662 ) ;
#5644 = DIRECTION ( 'NONE',  ( 0.000000000000000000, 0.000000000000000000, -1.000000000000000000 ) ) ;
#5645 = CARTESIAN_POINT ( 'NONE',  ( 0.000000000000000000, 2.750000000000000000, 0.000000000000000000 ) ) ;
#5646 = UNCERTAINTY_MEASURE_WITH_UNIT (LENGTH_MEASURE( 1.000000000000000082E-05 ), #5076, 'distance_accuracy_value', 'NONE');
#5647 = PLANE ( 'NONE',  #7336 ) ;
#5648 = AXIS2_PLACEMENT_3D ( 'NONE', #7734, #6980, #6929 ) ;
#5649 = CARTESIAN_POINT ( 'NONE',  ( -7.500000000000000000, 0.000000000000000000, 4.899999999999999467 ) ) ;
#5650 = VERTEX_POINT ( 'NONE', #8303 ) ;
#5651 = ITEM_DEFINED_TRANSFORMATION ( 'NONE', 'NONE', #189,  #3266 ) ;
#5652 = FILL_AREA_STYLE_COLOUR ( '', #9194 ) ;
#5653 = FACE_OUTER_BOUND ( 'NONE', #6737, .T. ) ;
#5654 = CARTESIAN_POINT ( 'NONE',  ( 7.500000000000000000, 0.5999999999999999778, -4.336808689942014778E-16 ) ) ;
#5655 = CARTESIAN_POINT ( 'NONE',  ( -7.500000000000000000, 0.5999999999999999778, 3.149999999999999911 ) ) ;
#5656 = LINE ( 'NONE', #4107, #5295 ) ;
#5657 = VECTOR ( 'NONE', #4264, 1000.000000000000000 ) ;
#5658 = EDGE_CURVE ( 'NONE', #7648, #5576, #9341, .T. ) ;
#5659 = EDGE_CURVE ( 'NONE', #8739, #8233, #298, .T. ) ;
#5660 = ORIENTED_EDGE ( 'NONE', *, *, #941, .T. ) ;
#5661 = DIRECTION ( 'NONE',  ( 0.000000000000000000, -1.000000000000000000, 0.000000000000000000 ) ) ;
#5662 = DIRECTION ( 'NONE',  ( 0.000000000000000000, 1.000000000000000000, 0.000000000000000000 ) ) ;
#5663 = ORIENTED_EDGE ( 'NONE', *, *, #2896, .F. ) ;
#5664 = SHAPE_DEFINITION_REPRESENTATION ( #6790, #4588 ) ;
#5665 = EDGE_LOOP ( 'NONE', ( #4441, #5026, #7135, #692 ) ) ;
#5666 = CARTESIAN_POINT ( 'NONE',  ( 5.949999999999919353, 0.5999999999999999778, -4.649999999999999467 ) ) ;
#5667 = LINE ( 'NONE', #9211, #3906 ) ;
#5668 = DIRECTION ( 'NONE',  ( 0.000000000000000000, 0.000000000000000000, -1.000000000000000000 ) ) ;
#5669 = DIRECTION ( 'NONE',  ( 0.000000000000000000, 1.000000000000000000, 0.000000000000000000 ) ) ;
#5670 = EDGE_CURVE ( 'NONE', #4988, #5678, #1783, .T. ) ;
#5671 = PRODUCT_DEFINITION_SHAPE ( 'NONE', 'NONE',  #5429 ) ;
#5672 = DIRECTION ( 'NONE',  ( -0.7660444431189782355, 0.000000000000000000, 0.6427876096865391409 ) ) ;
#5673 = LINE ( 'NONE', #3511, #3854 ) ;
#5674 = DIRECTION ( 'NONE',  ( 0.000000000000000000, 1.000000000000000000, 0.000000000000000000 ) ) ;
#5675 = EDGE_CURVE ( 'NONE', #6505, #5290, #3308, .T. ) ;
#5676 = ORIENTED_EDGE ( 'NONE', *, *, #702, .T. ) ;
#5677 = SHAPE_REPRESENTATION_RELATIONSHIP ( 'NONE' , 'NONE' ,  #8491, #4291 ) ;
#5678 = VERTEX_POINT ( 'NONE', #1687 ) ;
#5679 = ORIENTED_EDGE ( 'NONE', *, *, #2611, .F. ) ;
#5680 = PRESENTATION_STYLE_ASSIGNMENT (( #6433 ) ) ;
#5681 = PRODUCT_DEFINITION_FORMATION_WITH_SPECIFIED_SOURCE ( 'ANY', '', #8094, .NOT_KNOWN. ) ;
#5682 = DIRECTION ( 'NONE',  ( 0.000000000000000000, 0.000000000000000000, 1.000000000000000000 ) ) ;
#5683 = ORIENTED_EDGE ( 'NONE', *, *, #6683, .T. ) ;
#5684 = EDGE_CURVE ( 'NONE', #3900, #546, #1730, .T. ) ;
#5685 = CARTESIAN_POINT ( 'NONE',  ( 3.664360147529090117, 3.750000000000000000, 2.575436123625144624 ) ) ;
#5686 = VERTEX_POINT ( 'NONE', #7539 ) ;
#5687 = PRESENTATION_STYLE_ASSIGNMENT (( #2753 ) ) ;
#5688 = CARTESIAN_POINT ( 'NONE',  ( 0.2000000000000000111, 2.750000000000000000, -2.503301133572669812 ) ) ;
#5689 = VERTEX_POINT ( 'NONE', #6868 ) ;
#5690 = SURFACE_STYLE_FILL_AREA ( #7727 ) ;
#5691 = EDGE_CURVE ( 'NONE', #7819, #6101, #7485, .T. ) ;
#5692 = APPLICATION_CONTEXT ( 'automotive_design' ) ;
#5693 = FILL_AREA_STYLE ('',( #4770 ) ) ;
#5694 = PRESENTATION_LAYER_ASSIGNMENT (  '', '', ( #3244 ) ) ;
#5695 = AXIS2_PLACEMENT_3D ( 'NONE', #71, #2972, #5899 ) ;
#5696 = SURFACE_STYLE_FILL_AREA ( #730 ) ;
#5697 = ORIENTED_EDGE ( 'NONE', *, *, #2630, .F. ) ;
#5698 = AXIS2_PLACEMENT_3D ( 'NONE', #4308, #5674, #2096 ) ;
#5699 =( LENGTH_UNIT ( ) NAMED_UNIT ( * ) SI_UNIT ( .MILLI., .METRE. ) );
#5700 = FACE_OUTER_BOUND ( 'NONE', #3976, .T. ) ;
#5701 = CARTESIAN_POINT ( 'NONE',  ( -0.8000000000000000444, 2.750000000000000000, 3.006760912279035303 ) ) ;
#5702 = EDGE_CURVE ( 'NONE', #2229, #3171, #3106, .T. ) ;
#5703 = AXIS2_PLACEMENT_3D ( 'NONE', #3708, #4232, #9375 ) ;
#5704 = PLANE ( 'NONE',  #4277 ) ;
#5705 = AXIS2_PLACEMENT_3D ( 'NONE', #2173, #5768, #5716 ) ;
#5706 = DIRECTION ( 'NONE',  ( 0.000000000000000000, 0.000000000000000000, -1.000000000000000000 ) ) ;
#5707 = VECTOR ( 'NONE', #6211, 1000.000000000000000 ) ;
#5708 = EDGE_LOOP ( 'NONE', ( #8934, #3779, #320, #2769 ) ) ;
#5709 = AXIS2_PLACEMENT_3D ( 'NONE', #4642, #2445, #3264 ) ;
#5710 = ORIENTED_EDGE ( 'NONE', *, *, #8850, .F. ) ;
#5711 = PRODUCT_CONTEXT ( 'NONE', #2873, 'mechanical' ) ;
#5712 = VERTEX_POINT ( 'NONE', #344 ) ;
#5713 = VECTOR ( 'NONE', #4660, 1000.000000000000114 ) ;
#5714 = CARTESIAN_POINT ( 'NONE',  ( 3.799999999999999822, 3.750000000000000000, 2.461620773443864874 ) ) ;
#5715 = FILL_AREA_STYLE ('',( #6521 ) ) ;
#5716 = DIRECTION ( 'NONE',  ( 0.000000000000000000, 0.000000000000000000, -1.000000000000000000 ) ) ;
#5717 = EDGE_CURVE ( 'NONE', #39, #3476, #6777, .T. ) ;
#5718 =( LENGTH_UNIT ( ) NAMED_UNIT ( * ) SI_UNIT ( .MILLI., .METRE. ) );
#5719 = STYLED_ITEM ( 'NONE', ( #1974 ), #7186 ) ;
#5720 = CARTESIAN_POINT ( 'NONE',  ( 0.2000000000000000111, 2.750000000000000000, 2.573831925856055136 ) ) ;
#5721 = CIRCLE ( 'NONE', #3111, 0.6500000000000000222 ) ;
#5722 = VECTOR ( 'NONE', #4657, 1000.000000000000000 ) ;
#5723 =( GEOMETRIC_REPRESENTATION_CONTEXT ( 3 ) GLOBAL_UNCERTAINTY_ASSIGNED_CONTEXT ( ( #3345 ) ) GLOBAL_UNIT_ASSIGNED_CONTEXT ( ( #6088, #5328, #225 ) ) REPRESENTATION_CONTEXT ( 'NONE', 'WORKASPACE' ) );
#5724 = DIRECTION ( 'NONE',  ( 0.000000000000000000, -1.000000000000000000, 0.000000000000000000 ) ) ;
#5725 = ORIENTED_EDGE ( 'NONE', *, *, #8761, .T. ) ;
#5726 = SHAPE_REPRESENTATION_RELATIONSHIP ( 'NONE' , 'NONE' ,  #3321, #8184 ) ;
#5727 = VECTOR ( 'NONE', #7766, 1000.000000000000000 ) ;
#5728 = EDGE_CURVE ( 'NONE', #7669, #7164, #3248, .T. ) ;
#5729 = CARTESIAN_POINT ( 'NONE',  ( -7.500000000000000000, 0.000000000000000000, 0.8499999999999999778 ) ) ;
#5730 = VERTEX_POINT ( 'NONE', #1391 ) ;
#5731 = PRODUCT_DEFINITION ( 'UNKNOWN', '', #3677, #4429 ) ;
#5732 = CARTESIAN_POINT ( 'NONE',  ( -7.500000000000000000, 0.5999999999999999778, -2.949999999999999734 ) ) ;
#5733 = AXIS2_PLACEMENT_3D ( 'NONE', #1969, #4192, #7112 ) ;
#5735 = FILL_AREA_STYLE ('',( #8516 ) ) ;
#5734 = VECTOR ( 'NONE', #1659, 1000.000000000000000 ) ;
#5736 = AXIS2_PLACEMENT_3D ( 'NONE', #6525, #5772, #1374 ) ;
#5737 = PLANE ( 'NONE',  #3410 ) ;
#5738 = EDGE_LOOP ( 'NONE', ( #8809, #755, #9169, #8919 ) ) ;
#5739 = VECTOR ( 'NONE', #2996, 1000.000000000000000 ) ;
#5740 = ORIENTED_EDGE ( 'NONE', *, *, #5031, .T. ) ;
#5741 = VERTEX_POINT ( 'NONE', #2807 ) ;
#5742 = CARTESIAN_POINT ( 'NONE',  ( 5.950000000000000178, 3.750000000000000000, -2.750000000000000000 ) ) ;
#5743 = DIRECTION ( 'NONE',  ( -0.7660444431189782355, 0.000000000000000000, 0.6427876096865391409 ) ) ;
#5744 = DIRECTION ( 'NONE',  ( 0.000000000000000000, -1.000000000000000000, 0.000000000000000000 ) ) ;
#5745 = PRESENTATION_LAYER_ASSIGNMENT (  '', '', ( #8170 ) ) ;
#5746 = VECTOR ( 'NONE', #7230, 1000.000000000000000 ) ;
#5747 =( GEOMETRIC_REPRESENTATION_CONTEXT ( 3 ) GLOBAL_UNCERTAINTY_ASSIGNED_CONTEXT ( ( #1346 ) ) GLOBAL_UNIT_ASSIGNED_CONTEXT ( ( #8318, #9097, #6838 ) ) REPRESENTATION_CONTEXT ( 'NONE', 'WORKASPACE' ) );
#5748 = DIRECTION ( 'NONE',  ( 0.000000000000000000, 0.000000000000000000, 1.000000000000000000 ) ) ;
#5749 = EDGE_LOOP ( 'NONE', ( #5339, #8352, #9227, #2899, #2790, #5509 ) ) ;
#5750 = DIRECTION ( 'NONE',  ( -1.232817212792323889E-16, 0.000000000000000000, -1.000000000000000000 ) ) ;
#5751 = DIRECTION ( 'NONE',  ( 0.000000000000000000, -1.000000000000000000, 0.000000000000000000 ) ) ;
#5752 = LINE ( 'NONE', #8539, #6629 ) ;
#5753 = EDGE_CURVE ( 'NONE', #8977, #7740, #2667, .T. ) ;
#5754 = AXIS2_PLACEMENT_3D ( 'NONE', #5805, #1367, #8683 ) ;
#5755 = LINE ( 'NONE', #737, #1339 ) ;
#5756 = COLOUR_RGB ( '',0.7921568627450980005, 0.8196078431372548767, 0.9333333333333333481 ) ;
#5757 = EDGE_CURVE ( 'NONE', #5847, #4555, #3348, .T. ) ;
#5758 = DIRECTION ( 'NONE',  ( -1.000000000000000000, 0.000000000000000000, 0.000000000000000000 ) ) ;
#5759 = DIRECTION ( 'NONE',  ( -1.000000000000000000, 0.000000000000000000, 0.000000000000000000 ) ) ;
#5760 = ORIENTED_EDGE ( 'NONE', *, *, #7502, .F. ) ;
#5761 = ORIENTED_EDGE ( 'NONE', *, *, #8749, .T. ) ;
#5762 = PRODUCT_CONTEXT ( 'NONE', #8709, 'mechanical' ) ;
#5763 = AXIS2_PLACEMENT_3D ( 'NONE', #7015, #8443, #2534 ) ;
#5764 = ORIENTED_EDGE ( 'NONE', *, *, #1636, .T. ) ;
#5765 = DIRECTION ( 'NONE',  ( 0.000000000000000000, -1.000000000000000000, 0.000000000000000000 ) ) ;
#5766 = ORIENTED_EDGE ( 'NONE', *, *, #5193, .F. ) ;
#5767 =( LENGTH_UNIT ( ) NAMED_UNIT ( * ) SI_UNIT ( .MILLI., .METRE. ) );
#5768 = DIRECTION ( 'NONE',  ( 0.000000000000000000, -1.000000000000000000, 0.000000000000000000 ) ) ;
#5769 = SURFACE_SIDE_STYLE ('',( #3643 ) ) ;
#5770 =( REPRESENTATION_RELATIONSHIP ('NONE','NONE', #3559, #4588 ) REPRESENTATION_RELATIONSHIP_WITH_TRANSFORMATION ( #2911 )SHAPE_REPRESENTATION_RELATIONSHIP( ) );
#5771 = PRODUCT_DEFINITION_CONTEXT ( 'detailed design', #1497, 'design' ) ;
#5772 = DIRECTION ( 'NONE',  ( 0.000000000000000000, -1.000000000000000000, 0.000000000000000000 ) ) ;
#5773 = ORIENTED_EDGE ( 'NONE', *, *, #3551, .F. ) ;
#5774 = ORIENTED_EDGE ( 'NONE', *, *, #428, .T. ) ;
#5775 = DIRECTION ( 'NONE',  ( 0.000000000000000000, -1.000000000000000000, 0.000000000000000000 ) ) ;
#5776 = ORIENTED_EDGE ( 'NONE', *, *, #3933, .F. ) ;
#5777 = LINE ( 'NONE', #8086, #5746 ) ;
#5778 = FACE_OUTER_BOUND ( 'NONE', #3570, .T. ) ;
#5779 = ORIENTED_EDGE ( 'NONE', *, *, #4707, .F. ) ;
#5780 = LINE ( 'NONE', #8661, #4769 ) ;
#5781 = EDGE_CURVE ( 'NONE', #5563, #1527, #4864, .T. ) ;
#5782 = EDGE_CURVE ( 'NONE', #451, #6891, #1252, .T. ) ;
#5783 = ORIENTED_EDGE ( 'NONE', *, *, #5142, .F. ) ;
#5784 = VERTEX_POINT ( 'NONE', #2616 ) ;
#5785 = CARTESIAN_POINT ( 'NONE',  ( 0.8000000000000000444, 2.750000000000000000, 3.288884081412580151 ) ) ;
#5786 =( NAMED_UNIT ( * ) SI_UNIT ( $, .STERADIAN. ) SOLID_ANGLE_UNIT ( ) );
#5787 = CARTESIAN_POINT ( 'NONE',  ( -0.5999999999999999778, 2.750000000000000000, -1.832021428630845161 ) ) ;
#5788 = ADVANCED_FACE ( 'NONE', ( #9285 ), #4818, .T. ) ;
#5789 = CARTESIAN_POINT ( 'NONE',  ( -0.2000000000000000111, -2.455974827712295028, 2.503301133572669812 ) ) ;
#5790 = FILL_AREA_STYLE_COLOUR ( '', #8285 ) ;
#5791 = PRODUCT_DEFINITION_CONTEXT ( 'detailed design', #8954, 'design' ) ;
#5792 = VERTEX_POINT ( 'NONE', #8628 ) ;
#5793 = CYLINDRICAL_SURFACE ( 'NONE', #3578, 0.6500000000000000222 ) ;
#5794 = DIRECTION ( 'NONE',  ( -1.232817212792323889E-16, 0.000000000000000000, -1.000000000000000000 ) ) ;
#5795 = CARTESIAN_POINT ( 'NONE',  ( -7.500000000000000000, 0.5999999999999999778, -1.050000000000000044 ) ) ;
#5796 = PLANE ( 'NONE',  #3430 ) ;
#5797 =( NAMED_UNIT ( * ) SI_UNIT ( $, .STERADIAN. ) SOLID_ANGLE_UNIT ( ) );
#5798 = ADVANCED_FACE ( 'NONE', ( #7012 ), #488, .T. ) ;
#5799 = VERTEX_POINT ( 'NONE', #1918 ) ;
#5800 = EDGE_LOOP ( 'NONE', ( #725, #5846, #6514, #2167 ) ) ;
#5801 = DIRECTION ( 'NONE',  ( 0.000000000000000000, 0.000000000000000000, 1.000000000000000000 ) ) ;
#5802 = ORIENTED_EDGE ( 'NONE', *, *, #6724, .T. ) ;
#5803 = PLANE ( 'NONE',  #9130 ) ;
#5804 = ORIENTED_EDGE ( 'NONE', *, *, #6724, .F. ) ;
#5805 = CARTESIAN_POINT ( 'NONE',  ( 6.500000000000000000, 23.78004913997499870, 4.899999999999999467 ) ) ;
#5806 = CARTESIAN_POINT ( 'NONE',  ( -7.500000000000000000, 0.5999999999999999778, -4.450000000000000178 ) ) ;
#5807 =( NAMED_UNIT ( * ) PLANE_ANGLE_UNIT ( ) SI_UNIT ( $, .RADIAN. ) );
#5808 = EDGE_CURVE ( 'NONE', #5650, #7616, #9235, .T. ) ;
#5809 = VECTOR ( 'NONE', #4314, 1000.000000000000000 ) ;
#5810 = ADVANCED_BREP_SHAPE_REPRESENTATION ( '', ( #973, #3266 ), #79 ) ;
#5811 =( NAMED_UNIT ( * ) SI_UNIT ( $, .STERADIAN. ) SOLID_ANGLE_UNIT ( ) );
#5812 = ORIENTED_EDGE ( 'NONE', *, *, #3354, .F. ) ;
#5813 = LINE ( 'NONE', #2136, #5237 ) ;
#5814 = VERTEX_POINT ( 'NONE', #2709 ) ;
#5815 =( NAMED_UNIT ( * ) PLANE_ANGLE_UNIT ( ) SI_UNIT ( $, .RADIAN. ) );
#5816 = VECTOR ( 'NONE', #2414, 1000.000000000000114 ) ;
#5817 = CARTESIAN_POINT ( 'NONE',  ( -4.400000000000000355, 2.750000000000000000, 3.600000000000000089 ) ) ;
#5818 = ORIENTED_EDGE ( 'NONE', *, *, #5579, .T. ) ;
#5819 = DIRECTION ( 'NONE',  ( 0.000000000000000000, 0.000000000000000000, 1.000000000000000000 ) ) ;
#5820 = SURFACE_STYLE_FILL_AREA ( #4415 ) ;
#5821 = CARTESIAN_POINT ( 'NONE',  ( 5.950000000000000178, 0.5999999999999999778, 4.649999999999999467 ) ) ;
#5822 = ORIENTED_EDGE ( 'NONE', *, *, #2881, .T. ) ;
#5823 = MECHANICAL_DESIGN_GEOMETRIC_PRESENTATION_REPRESENTATION (  '', ( #5045 ), #8821 ) ;
#5824 = CARTESIAN_POINT ( 'NONE',  ( 7.500000000000000000, 3.750000000000000000, 2.949999999999999734 ) ) ;
#5825 = PRODUCT_DEFINITION_SHAPE ( 'NONE', 'NONE',  #9392 ) ;
#5826 = ORIENTED_EDGE ( 'NONE', *, *, #1785, .F. ) ;
#5827 = PRODUCT_DEFINITION_FORMATION_WITH_SPECIFIED_SOURCE ( 'ANY', '', #4122, .NOT_KNOWN. ) ;
#5828 = ORIENTED_EDGE ( 'NONE', *, *, #2758, .T. ) ;
#5829 = FACE_OUTER_BOUND ( 'NONE', #3646, .T. ) ;
#5830 = CARTESIAN_POINT ( 'NONE',  ( -5.950000000000000178, 0.000000000000000000, -4.649999999999999467 ) ) ;
#5831 = DIRECTION ( 'NONE',  ( 0.000000000000000000, -1.000000000000000000, 0.000000000000000000 ) ) ;
#5832 = ADVANCED_FACE ( 'NONE', ( #7061 ), #7880, .F. ) ;
#5833 = EDGE_CURVE ( 'NONE', #1892, #7646, #593, .T. ) ;
#5834 = DIRECTION ( 'NONE',  ( 0.000000000000000000, -1.000000000000000000, 0.000000000000000000 ) ) ;
#5835 = ORIENTED_EDGE ( 'NONE', *, *, #9170, .T. ) ;
#5836 = DIRECTION ( 'NONE',  ( -1.232817212792323889E-16, 0.000000000000000000, -1.000000000000000000 ) ) ;
#5837 = EDGE_CURVE ( 'NONE', #6905, #3593, #3876, .T. ) ;
#5838 = FACE_OUTER_BOUND ( 'NONE', #5009, .T. ) ;
#5839 = SURFACE_SIDE_STYLE ('',( #4388 ) ) ;
#5840 = PRODUCT_DEFINITION ( 'UNKNOWN', '', #3533, #5771 ) ;
#5841 = CARTESIAN_POINT ( 'NONE',  ( 0.000000000000000000, 0.5999999999999999778, 0.000000000000000000 ) ) ;
#5842 = VECTOR ( 'NONE', #303, 1000.000000000000000 ) ;
#5843 = LINE ( 'NONE', #4899, #4356 ) ;
#5844 = DIRECTION ( 'NONE',  ( 0.000000000000000000, -1.000000000000000000, 0.000000000000000000 ) ) ;
#5845 = LINE ( 'NONE', #1546, #2333 ) ;
#5846 = ORIENTED_EDGE ( 'NONE', *, *, #4442, .F. ) ;
#5847 = VERTEX_POINT ( 'NONE', #6443 ) ;
#5848 = SHAPE_DEFINITION_REPRESENTATION ( #1933, #33 ) ;
#5849 = VECTOR ( 'NONE', #1160, 1000.000000000000114 ) ;
#5850 = ORIENTED_EDGE ( 'NONE', *, *, #833, .T. ) ;
#5851 = CARTESIAN_POINT ( 'NONE',  ( 2.976659776242249813E-16, 2.750000000000000000, -2.335481207337215093 ) ) ;
#5852 = CLOSED_SHELL ( 'NONE', ( #3902, #1818, #3351, #7270, #4731, #2252, #4917, #5305 ) ) ;
#5853 = DIRECTION ( 'NONE',  ( 0.000000000000000000, -1.000000000000000000, 0.000000000000000000 ) ) ;
#5854 = CARTESIAN_POINT ( 'NONE',  ( -5.950000000000000178, 0.5999999999999999778, 4.649999999999999467 ) ) ;
#5855 = LINE ( 'NONE', #5029, #4949 ) ;
#5856 = UNCERTAINTY_MEASURE_WITH_UNIT (LENGTH_MEASURE( 1.000000000000000082E-05 ), #7820, 'distance_accuracy_value', 'NONE');
#5857 = EDGE_CURVE ( 'NONE', #6060, #185, #9328, .T. ) ;
#5858 = VECTOR ( 'NONE', #2684, 1000.000000000000000 ) ;
#5859 =( GEOMETRIC_REPRESENTATION_CONTEXT ( 3 ) GLOBAL_UNCERTAINTY_ASSIGNED_CONTEXT ( ( #4189 ) ) GLOBAL_UNIT_ASSIGNED_CONTEXT ( ( #8841, #109, #1536 ) ) REPRESENTATION_CONTEXT ( 'NONE', 'WORKASPACE' ) );
#5860 = DIRECTION ( 'NONE',  ( 0.000000000000000000, 1.000000000000000000, 0.000000000000000000 ) ) ;
#5861 = ORIENTED_EDGE ( 'NONE', *, *, #754, .T. ) ;
#5862 = DIRECTION ( 'NONE',  ( 0.000000000000000000, -1.000000000000000000, 0.000000000000000000 ) ) ;
#5863 = VECTOR ( 'NONE', #6003, 1000.000000000000000 ) ;
#5864 = VERTEX_POINT ( 'NONE', #3664 ) ;
#5865 = VECTOR ( 'NONE', #6352, 1000.000000000000000 ) ;
#5866 = ORIENTED_EDGE ( 'NONE', *, *, #7071, .T. ) ;
#5867 = DIRECTION ( 'NONE',  ( 0.000000000000000000, -1.000000000000000000, 0.000000000000000000 ) ) ;
#5868 = ORIENTED_EDGE ( 'NONE', *, *, #4971, .F. ) ;
#5869 = VECTOR ( 'NONE', #9290, 1000.000000000000114 ) ;
#5870 = DIRECTION ( 'NONE',  ( 0.000000000000000000, 1.000000000000000000, 0.000000000000000000 ) ) ;
#5871 =( NAMED_UNIT ( * ) PLANE_ANGLE_UNIT ( ) SI_UNIT ( $, .RADIAN. ) );
#5872 = FILL_AREA_STYLE ('',( #866 ) ) ;
#5873 = VECTOR ( 'NONE', #6689, 1000.000000000000000 ) ;
#5874 = EDGE_CURVE ( 'NONE', #9268, #39, #4334, .T. ) ;
#5875 = DIRECTION ( 'NONE',  ( -2.065422993075124858E-16, 0.000000000000000000, -1.000000000000000000 ) ) ;
#5876 = ORIENTED_EDGE ( 'NONE', *, *, #5427, .T. ) ;
#5877 = VECTOR ( 'NONE', #5440, 1000.000000000000000 ) ;
#5878 = SURFACE_STYLE_USAGE ( .BOTH. , #4956 ) ;
#5879 = EDGE_LOOP ( 'NONE', ( #3937, #1631, #6634, #2744, #814, #6032 ) ) ;
#5880 = LINE ( 'NONE', #4421, #5413 ) ;
#5881 = VECTOR ( 'NONE', #9036, 1000.000000000000114 ) ;
#5882 =( GEOMETRIC_REPRESENTATION_CONTEXT ( 3 ) GLOBAL_UNCERTAINTY_ASSIGNED_CONTEXT ( ( #405 ) ) GLOBAL_UNIT_ASSIGNED_CONTEXT ( ( #9155, #1326, #9359 ) ) REPRESENTATION_CONTEXT ( 'NONE', 'WORKASPACE' ) );
#5883 = ORIENTED_EDGE ( 'NONE', *, *, #2325, .F. ) ;
#5884 =( NAMED_UNIT ( * ) PLANE_ANGLE_UNIT ( ) SI_UNIT ( $, .RADIAN. ) );
#5885 = DIRECTION ( 'NONE',  ( 0.000000000000000000, -1.000000000000000000, 0.000000000000000000 ) ) ;
#5886 = FACE_OUTER_BOUND ( 'NONE', #7562, .T. ) ;
#5887 = SURFACE_STYLE_FILL_AREA ( #4573 ) ;
#5888 =( NAMED_UNIT ( * ) PLANE_ANGLE_UNIT ( ) SI_UNIT ( $, .RADIAN. ) );
#5889 = VECTOR ( 'NONE', #155, 1000.000000000000000 ) ;
#5890 = VECTOR ( 'NONE', #8526, 1000.000000000000000 ) ;
#5891 = EDGE_CURVE ( 'NONE', #8822, #6098, #7287, .T. ) ;
#5892 = CARTESIAN_POINT ( 'NONE',  ( 7.500000000000000000, 0.000000000000000000, 1.050000000000000044 ) ) ;
#5893 = LINE ( 'NONE', #7343, #6764 ) ;
#5894 = LINE ( 'NONE', #3674, #4321 ) ;
#5895 = VECTOR ( 'NONE', #7138, 1000.000000000000000 ) ;
#5896 = LINE ( 'NONE', #8768, #2543 ) ;
#5897 = AXIS2_PLACEMENT_3D ( 'NONE', #6191, #6992, #9064 ) ;
#5898 = VECTOR ( 'NONE', #2985, 1000.000000000000227 ) ;
#5899 = DIRECTION ( 'NONE',  ( 0.000000000000000000, -1.000000000000000000, 0.000000000000000000 ) ) ;
#5900 = ADVANCED_FACE ( 'NONE', ( #151 ), #9383, .F. ) ;
#5901 = DIRECTION ( 'NONE',  ( 0.7660444431189782355, 0.000000000000000000, -0.6427876096865390299 ) ) ;
#5902 = ORIENTED_EDGE ( 'NONE', *, *, #6934, .T. ) ;
#5903 = EDGE_CURVE ( 'NONE', #8202, #2312, #3009, .T. ) ;
#5904 = EDGE_CURVE ( 'NONE', #6361, #5006, #8153, .T. ) ;
#5905 = ORIENTED_EDGE ( 'NONE', *, *, #7458, .F. ) ;
#5906 = APPLICATION_PROTOCOL_DEFINITION ( 'draft international standard', 'automotive_design', 1998, #4953 ) ;
#5907 = FACE_OUTER_BOUND ( 'NONE', #6142, .T. ) ;
#5908 = VECTOR ( 'NONE', #4934, 999.9999999999998863 ) ;
#5909 = VECTOR ( 'NONE', #2122, 1000.000000000000000 ) ;
#5910 = CARTESIAN_POINT ( 'NONE',  ( 5.950000000000000178, 2.900543414065470227, -1.050000000000000044 ) ) ;
#5911 = FILL_AREA_STYLE_COLOUR ( '', #852 ) ;
#5912 = DIRECTION ( 'NONE',  ( 0.000000000000000000, -1.000000000000000000, 0.000000000000000000 ) ) ;
#5913 = PRODUCT_DEFINITION_SHAPE ( 'NONE', 'NONE',  #1468 ) ;
#5914 = ADVANCED_FACE ( 'NONE', ( #8012 ), #5931, .F. ) ;
#5915 = COLOUR_RGB ( '',0.7921568627450980005, 0.8196078431372548767, 0.9333333333333333481 ) ;
#5916 = ORIENTED_EDGE ( 'NONE', *, *, #22, .T. ) ;
#5917 = CARTESIAN_POINT ( 'NONE',  ( -0.2000000000000000111, -2.455974827712295028, -2.573831925856055136 ) ) ;
#5918 = ORIENTED_EDGE ( 'NONE', *, *, #5606, .F. ) ;
#5919 = VERTEX_POINT ( 'NONE', #4472 ) ;
#5920 = DIRECTION ( 'NONE',  ( -1.000000000000000000, 0.000000000000000000, 0.000000000000000000 ) ) ;
#5921 = ORIENTED_EDGE ( 'NONE', *, *, #8554, .F. ) ;
#5922 = UNCERTAINTY_MEASURE_WITH_UNIT (LENGTH_MEASURE( 1.000000000000000082E-05 ), #6074, 'distance_accuracy_value', 'NONE');
#5923 = LINE ( 'NONE', #6575, #5739 ) ;
#5924 = DIRECTION ( 'NONE',  ( 0.000000000000000000, -1.000000000000000000, 0.000000000000000000 ) ) ;
#5925 = VERTEX_POINT ( 'NONE', #7388 ) ;
#5926 = CARTESIAN_POINT ( 'NONE',  ( -5.950000000000000178, 0.5999999999999999778, 2.750000000000000000 ) ) ;
#5927 = VERTEX_POINT ( 'NONE', #2903 ) ;
#5928 = EDGE_CURVE ( 'NONE', #8001, #5927, #5113, .T. ) ;
#5929 = ORIENTED_EDGE ( 'NONE', *, *, #5658, .T. ) ;
#5930 = DIRECTION ( 'NONE',  ( 0.7660444431189777914, 0.000000000000000000, -0.6427876096865398070 ) ) ;
#5931 = PLANE ( 'NONE',  #4028 ) ;
#5932 = DIRECTION ( 'NONE',  ( 1.000000000000000000, 0.000000000000000000, 0.000000000000000000 ) ) ;
#5933 = DIRECTION ( 'NONE',  ( 0.000000000000000000, 0.000000000000000000, 1.000000000000000000 ) ) ;
#5934 = ADVANCED_FACE ( 'NONE', ( #874 ), #3766, .F. ) ;
#5935 = FACE_OUTER_BOUND ( 'NONE', #6057, .T. ) ;
#5936 = DIRECTION ( 'NONE',  ( 0.000000000000000000, 1.000000000000000000, 0.000000000000000000 ) ) ;
#5937 = CARTESIAN_POINT ( 'NONE',  ( -7.500000000000000000, 0.000000000000000000, 4.899999999999999467 ) ) ;
#5938 = CARTESIAN_POINT ( 'NONE',  ( -0.8000000000000000444, 3.750000000000000000, -2.070372147149684761 ) ) ;
#5939 = SURFACE_STYLE_USAGE ( .BOTH. , #5978 ) ;
#5940 = DIRECTION ( 'NONE',  ( -0.9848077530122079093, 0.000000000000000000, -0.1736481776669309696 ) ) ;
#5941 = FILL_AREA_STYLE ('',( #3732 ) ) ;
#5942 =( REPRESENTATION_RELATIONSHIP ('NONE','NONE', #3559, #6500 ) REPRESENTATION_RELATIONSHIP_WITH_TRANSFORMATION ( #8701 )SHAPE_REPRESENTATION_RELATIONSHIP( ) );
#5943 = VERTEX_POINT ( 'NONE', #2150 ) ;
#5944 = VERTEX_POINT ( 'NONE', #675 ) ;
#5945 = APPLICATION_PROTOCOL_DEFINITION ( 'draft international standard', 'automotive_design', 1998, #3320 ) ;
#5946 = CARTESIAN_POINT ( 'NONE',  ( -7.500000000000000000, 0.5999999999999999778, 0.6500000000000000222 ) ) ;
#5947 = LINE ( 'NONE', #311, #6205 ) ;
#5948 = CARTESIAN_POINT ( 'NONE',  ( 2.250000000000000000, 0.000000000000000000, 0.5000000000000000000 ) ) ;
#5949 = FILL_AREA_STYLE ('',( #5911 ) ) ;
#5950 = EDGE_CURVE ( 'NONE', #7470, #185, #3574, .T. ) ;
#5951 = LINE ( 'NONE', #2309, #2529 ) ;
#5952 = EDGE_CURVE ( 'NONE', #2554, #4284, #7334, .T. ) ;
#5953 = ORIENTED_EDGE ( 'NONE', *, *, #7350, .F. ) ;
#5954 = DIRECTION ( 'NONE',  ( 0.000000000000000000, 1.000000000000000000, 0.000000000000000000 ) ) ;
#5955 = EDGE_CURVE ( 'NONE', #50, #2177, #1436, .T. ) ;
#5956 = ORIENTED_EDGE ( 'NONE', *, *, #6615, .F. ) ;
#5957 =( LENGTH_UNIT ( ) NAMED_UNIT ( * ) SI_UNIT ( .MILLI., .METRE. ) );
#5958 = ORIENTED_EDGE ( 'NONE', *, *, #5449, .T. ) ;
#5959 = ORIENTED_EDGE ( 'NONE', *, *, #8035, .T. ) ;
#5960 = EDGE_CURVE ( 'NONE', #4100, #9326, #9108, .T. ) ;
#5961 = CARTESIAN_POINT ( 'NONE',  ( 0.5999999999999999778, 3.750000000000000000, -1.620429051780690077 ) ) ;
#5962 = ORIENTED_EDGE ( 'NONE', *, *, #7047, .F. ) ;
#5963 = FACE_OUTER_BOUND ( 'NONE', #351, .T. ) ;
#5964 = ORIENTED_EDGE ( 'NONE', *, *, #9309, .T. ) ;
#5965 = LINE ( 'NONE', #8239, #5302 ) ;
#5966 = ORIENTED_EDGE ( 'NONE', *, *, #9340, .F. ) ;
#5967 = DIRECTION ( 'NONE',  ( 0.000000000000000000, -1.000000000000000000, 0.000000000000000000 ) ) ;
#5968 = EDGE_CURVE ( 'NONE', #296, #752, #1633, .T. ) ;
#5969 = STYLED_ITEM ( 'NONE', ( #5137 ), #3195 ) ;
#5970 = DIRECTION ( 'NONE',  ( -1.000000000000000000, 0.000000000000000000, 1.232817212792323889E-16 ) ) ;
#5971 = DIRECTION ( 'NONE',  ( 0.000000000000000000, 0.000000000000000000, -1.000000000000000000 ) ) ;
#5972 = FILL_AREA_STYLE_COLOUR ( '', #1157 ) ;
#5973 = DIRECTION ( 'NONE',  ( 0.000000000000000000, 0.000000000000000000, 1.000000000000000000 ) ) ;
#5974 = CARTESIAN_POINT ( 'NONE',  ( -5.950000000000000178, 0.000000000000000000, -2.949999999999999734 ) ) ;
#5975 = ADVANCED_FACE ( 'NONE', ( #4532 ), #6993, .T. ) ;
#5976 = LINE ( 'NONE', #2345, #6699 ) ;
#5977 = CARTESIAN_POINT ( 'NONE',  ( -4.335639852470909439, 2.750000000000000000, 1.911808560920089883 ) ) ;
#5978 = SURFACE_SIDE_STYLE ('',( #2298 ) ) ;
#5979 = PRODUCT_DEFINITION_FORMATION_WITH_SPECIFIED_SOURCE ( 'ANY', '', #5430, .NOT_KNOWN. ) ;
#5980 = CARTESIAN_POINT ( 'NONE',  ( -4.400000000000000355, 3.750000000000000000, 4.200000000000000178 ) ) ;
#5981 = FACE_OUTER_BOUND ( 'NONE', #1997, .T. ) ;
#5982 = CARTESIAN_POINT ( 'NONE',  ( -7.500000000000000000, 0.5999999999999999778, 4.899999999999999467 ) ) ;
#5983 = EDGE_LOOP ( 'NONE', ( #7142, #402, #4307 ) ) ;
#5984 = ORIENTED_EDGE ( 'NONE', *, *, #8780, .F. ) ;
#5985 = PRODUCT_CONTEXT ( 'NONE', #9131, 'mechanical' ) ;
#5986 = EDGE_CURVE ( 'NONE', #8495, #103, #1139, .T. ) ;
#5987 = DIRECTION ( 'NONE',  ( 1.000000000000000000, 0.000000000000000000, 0.000000000000000000 ) ) ;
#5988 = MECHANICAL_DESIGN_GEOMETRIC_PRESENTATION_REPRESENTATION (  '', ( #1121 ), #817 ) ;
#5989 = CARTESIAN_POINT ( 'NONE',  ( 7.500000000000000000, 0.000000000000000000, -2.550000000000000266 ) ) ;
#5990 = DIRECTION ( 'NONE',  ( 0.000000000000000000, -1.000000000000000000, 0.000000000000000000 ) ) ;
#5991 = ORIENTED_EDGE ( 'NONE', *, *, #743, .F. ) ;
#5992 = MECHANICAL_DESIGN_GEOMETRIC_PRESENTATION_REPRESENTATION (  '', ( #967 ), #2175 ) ;
#5993 = FILL_AREA_STYLE ('',( #5325 ) ) ;
#5994 = ORIENTED_EDGE ( 'NONE', *, *, #3258, .F. ) ;
#5995 = ORIENTED_EDGE ( 'NONE', *, *, #7686, .T. ) ;
#5996 = DIRECTION ( 'NONE',  ( -1.000000000000000000, 0.000000000000000000, 0.000000000000000000 ) ) ;
#5997 = EDGE_CURVE ( 'NONE', #5784, #7816, #1676, .T. ) ;
#5998 =( GEOMETRIC_REPRESENTATION_CONTEXT ( 3 ) GLOBAL_UNCERTAINTY_ASSIGNED_CONTEXT ( ( #1736 ) ) GLOBAL_UNIT_ASSIGNED_CONTEXT ( ( #4077, #5474, #3512 ) ) REPRESENTATION_CONTEXT ( 'NONE', 'WORKASPACE' ) );
#5999 = ORIENTED_EDGE ( 'NONE', *, *, #4823, .F. ) ;
#6000 = DIRECTION ( 'NONE',  ( -0.6427876096865390299, 0.000000000000000000, -0.7660444431189782355 ) ) ;
#6001 = LINE ( 'NONE', #8332, #9343 ) ;
#6002 = VECTOR ( 'NONE', #5530, 1000.000000000000000 ) ;
#6003 = DIRECTION ( 'NONE',  ( 1.000000000000000000, 0.000000000000000000, 0.000000000000000000 ) ) ;
#6004 = VECTOR ( 'NONE', #8429, 1000.000000000000114 ) ;
#6005 = ORIENTED_EDGE ( 'NONE', *, *, #5311, .T. ) ;
#6006 = VECTOR ( 'NONE', #608, 1000.000000000000000 ) ;
#6007 = ADVANCED_FACE ( 'NONE', ( #2595 ), #4027, .T. ) ;
#6008 = DIRECTION ( 'NONE',  ( 0.000000000000000000, -1.000000000000000000, 0.000000000000000000 ) ) ;
#6009 = ORIENTED_EDGE ( 'NONE', *, *, #9051, .T. ) ;
#6010 = AXIS2_PLACEMENT_3D ( 'NONE', #3029, #2407, #8181 ) ;
#6011 = EDGE_CURVE ( 'NONE', #5784, #4808, #7474, .T. ) ;
#6012 = PRESENTATION_LAYER_ASSIGNMENT (  '', '', ( #8870 ) ) ;
#6013 = ORIENTED_EDGE ( 'NONE', *, *, #633, .F. ) ;
#6014 = AXIS2_PLACEMENT_3D ( 'NONE', #3138, #9345, #1197 ) ;
#6015 = PLANE ( 'NONE',  #8294 ) ;
#6016 = FILL_AREA_STYLE_COLOUR ( '', #2145 ) ;
#6017 =( GEOMETRIC_REPRESENTATION_CONTEXT ( 3 ) GLOBAL_UNCERTAINTY_ASSIGNED_CONTEXT ( ( #8304 ) ) GLOBAL_UNIT_ASSIGNED_CONTEXT ( ( #8284, #6099, #3945 ) ) REPRESENTATION_CONTEXT ( 'NONE', 'WORKASPACE' ) );
#6018 = LINE ( 'NONE', #8894, #211 ) ;
#6019 = CIRCLE ( 'NONE', #8440, 0.5000000000000000000 ) ;
#6020 = CARTESIAN_POINT ( 'NONE',  ( 7.500000000000000000, 0.5999999999999999778, 1.250000000000000000 ) ) ;
#6021 = VECTOR ( 'NONE', #5063, 1000.000000000000000 ) ;
#6022 =( GEOMETRIC_REPRESENTATION_CONTEXT ( 3 ) GLOBAL_UNCERTAINTY_ASSIGNED_CONTEXT ( ( #4011 ) ) GLOBAL_UNIT_ASSIGNED_CONTEXT ( ( #2559, #4608, #6851 ) ) REPRESENTATION_CONTEXT ( 'NONE', 'WORKASPACE' ) );
#6023 = FILL_AREA_STYLE ('',( #2340 ) ) ;
#6024 = ORIENTED_EDGE ( 'NONE', *, *, #968, .F. ) ;
#6025 = STYLED_ITEM ( 'NONE', ( #5119 ), #7241 ) ;
#6026 = ADVANCED_BREP_SHAPE_REPRESENTATION ( '', ( #927, #3266 ), #5723 ) ;
#6027 = LINE ( 'NONE', #972, #6055 ) ;
#6028 =( GEOMETRIC_REPRESENTATION_CONTEXT ( 3 ) GLOBAL_UNCERTAINTY_ASSIGNED_CONTEXT ( ( #4687 ) ) GLOBAL_UNIT_ASSIGNED_CONTEXT ( ( #5699, #2071, #4285 ) ) REPRESENTATION_CONTEXT ( 'NONE', 'WORKASPACE' ) );
#6029 = SURFACE_SIDE_STYLE ('',( #1029 ) ) ;
#6030 = DIRECTION ( 'NONE',  ( 0.000000000000000000, 1.000000000000000000, 0.000000000000000000 ) ) ;
#6031 = LINE ( 'NONE', #8910, #9171 ) ;
#6032 = ORIENTED_EDGE ( 'NONE', *, *, #3379, .F. ) ;
#6033 = VERTEX_POINT ( 'NONE', #191 ) ;
#6034 = MECHANICAL_DESIGN_GEOMETRIC_PRESENTATION_REPRESENTATION (  '', ( #3137 ), #553 ) ;
#6035 = EDGE_CURVE ( 'NONE', #2512, #742, #9065, .T. ) ;
#6036 = PRODUCT_CONTEXT ( 'NONE', #8003, 'mechanical' ) ;
#6037 = CARTESIAN_POINT ( 'NONE',  ( 5.950000000000000178, 0.5999999999999999778, 2.949999999999999734 ) ) ;
#6038 = DIRECTION ( 'NONE',  ( 0.000000000000000000, 0.000000000000000000, -1.000000000000000000 ) ) ;
#6039 = CARTESIAN_POINT ( 'NONE',  ( -6.500000000000000000, 0.5999999999999999778, 4.899999999999999467 ) ) ;
#6040 = VECTOR ( 'NONE', #4237, 1000.000000000000000 ) ;
#6041 = PLANE ( 'NONE',  #875 ) ;
#6042 = EDGE_LOOP ( 'NONE', ( #7960, #2936, #370, #382 ) ) ;
#6043 = CARTESIAN_POINT ( 'NONE',  ( 7.499999999999920064, 0.5999999999999999778, -2.949999999999999734 ) ) ;
#6044 = AXIS2_PLACEMENT_3D ( 'NONE', #231, #2416, #5332 ) ;
#6045 = LINE ( 'NONE', #722, #4180 ) ;
#6046 = EDGE_LOOP ( 'NONE', ( #7903, #460, #5466, #4929 ) ) ;
#6047 = DIRECTION ( 'NONE',  ( 0.000000000000000000, -1.000000000000000000, 0.000000000000000000 ) ) ;
#6048 = VECTOR ( 'NONE', #4980, 1000.000000000000000 ) ;
#6049 = ORIENTED_EDGE ( 'NONE', *, *, #162, .F. ) ;
#6050 = CARTESIAN_POINT ( 'NONE',  ( 7.500000000000000000, 2.900543414065470227, -4.450000000000000178 ) ) ;
#6051 = VERTEX_POINT ( 'NONE', #3092 ) ;
#6052 = CARTESIAN_POINT ( 'NONE',  ( 7.500000000000000000, 2.900543414065470227, -2.550000000000000266 ) ) ;
#6053 = LINE ( 'NONE', #6193, #5722 ) ;
#6054 = VECTOR ( 'NONE', #2808, 1000.000000000000000 ) ;
#6055 = VECTOR ( 'NONE', #1648, 1000.000000000000114 ) ;
#6056 = LINE ( 'NONE', #3896, #4780 ) ;
#6057 = EDGE_LOOP ( 'NONE', ( #1289, #2874, #6089, #9010 ) ) ;
#6058 = DIRECTION ( 'NONE',  ( 0.000000000000000000, -1.000000000000000000, 0.000000000000000000 ) ) ;
#6059 = ORIENTED_EDGE ( 'NONE', *, *, #8381, .T. ) ;
#6060 = VERTEX_POINT ( 'NONE', #6946 ) ;
#6061 = CARTESIAN_POINT ( 'NONE',  ( -7.500000000000000000, 2.900543414065470227, -3.149999999999999911 ) ) ;
#6062 = APPLICATION_CONTEXT ( 'automotive_design' ) ;
#6063 = ADVANCED_FACE ( 'NONE', ( #3372 ), #6015, .F. ) ;
#6064 = DIRECTION ( 'NONE',  ( 0.000000000000000000, 1.000000000000000000, 0.000000000000000000 ) ) ;
#6065 = ADVANCED_FACE ( 'NONE', ( #9212 ), #8892, .F. ) ;
#6066 = FACE_OUTER_BOUND ( 'NONE', #9277, .T. ) ;
#6067 = SURFACE_SIDE_STYLE ('',( #3343 ) ) ;
#6068 = FACE_OUTER_BOUND ( 'NONE', #9044, .T. ) ;
#6069 = EDGE_LOOP ( 'NONE', ( #6400, #6774, #1246, #8271 ) ) ;
#6070 =( LENGTH_UNIT ( ) NAMED_UNIT ( * ) SI_UNIT ( .MILLI., .METRE. ) );
#6071 = CARTESIAN_POINT ( 'NONE',  ( 5.950000000000000178, 0.5999999999999999778, -2.949999999999999734 ) ) ;
#6072 = ADVANCED_FACE ( 'NONE', ( #958 ), #3852, .F. ) ;
#6073 = LINE ( 'NONE', #1027, #7717 ) ;
#6074 =( LENGTH_UNIT ( ) NAMED_UNIT ( * ) SI_UNIT ( .MILLI., .METRE. ) );
#6075 = PLANE ( 'NONE',  #2786 ) ;
#6076 = DIRECTION ( 'NONE',  ( 0.000000000000000000, -1.000000000000000000, 0.000000000000000000 ) ) ;
#6077 = VERTEX_POINT ( 'NONE', #2556 ) ;
#6078 = ORIENTED_EDGE ( 'NONE', *, *, #1926, .F. ) ;
#6079 = SHAPE_DEFINITION_REPRESENTATION ( #5671, #1371 ) ;
#6080 =( LENGTH_UNIT ( ) NAMED_UNIT ( * ) SI_UNIT ( .MILLI., .METRE. ) );
#6081 = CARTESIAN_POINT ( 'NONE',  ( -4.503459778706369931, 3.750000000000000000, 1.711808560920089928 ) ) ;
#6082 = DIRECTION ( 'NONE',  ( -0.7660444431189776804, 0.000000000000000000, 0.6427876096865396960 ) ) ;
#6083 = EDGE_CURVE ( 'NONE', #8326, #6978, #8371, .T. ) ;
#6084 = EDGE_LOOP ( 'NONE', ( #472, #2421 ) ) ;
#6085 = SURFACE_STYLE_USAGE ( .BOTH. , #1705 ) ;
#6086 = DIRECTION ( 'NONE',  ( 0.000000000000000000, -1.000000000000000000, 0.000000000000000000 ) ) ;
#6087 = EDGE_LOOP ( 'NONE', ( #1104, #1987, #4158, #3639 ) ) ;
#6088 =( LENGTH_UNIT ( ) NAMED_UNIT ( * ) SI_UNIT ( .MILLI., .METRE. ) );
#6089 = ORIENTED_EDGE ( 'NONE', *, *, #930, .F. ) ;
#6090 = DIRECTION ( 'NONE',  ( 0.000000000000000000, -1.000000000000000000, 0.000000000000000000 ) ) ;
#6091 = ORIENTED_EDGE ( 'NONE', *, *, #2822, .T. ) ;
#6092 = DIRECTION ( 'NONE',  ( 0.000000000000000000, 0.000000000000000000, -1.000000000000000000 ) ) ;
#6093 = ADVANCED_FACE ( 'NONE', ( #8414 ), #3331, .F. ) ;
#6094 = DIRECTION ( 'NONE',  ( -1.000000000000000000, 0.000000000000000000, 2.131773678003834915E-16 ) ) ;
#6095 = CARTESIAN_POINT ( 'NONE',  ( -5.950000000000000178, 0.000000000000000000, 4.649999999999999467 ) ) ;
#6096 = ORIENTED_EDGE ( 'NONE', *, *, #8045, .F. ) ;
#6097 = CARTESIAN_POINT ( 'NONE',  ( -2.250000000000000000, 1.797056274847714796, 0.000000000000000000 ) ) ;
#6098 = VERTEX_POINT ( 'NONE', #746 ) ;
#6099 =( NAMED_UNIT ( * ) PLANE_ANGLE_UNIT ( ) SI_UNIT ( $, .RADIAN. ) );
#6100 =( NAMED_UNIT ( * ) SI_UNIT ( $, .STERADIAN. ) SOLID_ANGLE_UNIT ( ) );
#6101 = VERTEX_POINT ( 'NONE', #8606 ) ;
#6102 = ADVANCED_FACE ( 'NONE', ( #2927 ), #2091, .F. ) ;
#6103 = SURFACE_SIDE_STYLE ('',( #3907 ) ) ;
#6104 = VECTOR ( 'NONE', #659, 999.9999999999998863 ) ;
#6105 = CARTESIAN_POINT ( 'NONE',  ( -0.8000000000000000444, 2.750000000000000000, 3.006760912279035303 ) ) ;
#6106 = SURFACE_SIDE_STYLE ('',( #2338 ) ) ;
#6107 = PRODUCT ( 'VDMR10A0', 'VDMR10A0', '', ( #1507 ) ) ;
#6108 = DIRECTION ( 'NONE',  ( 1.000000000000000000, 0.000000000000000000, 0.000000000000000000 ) ) ;
#6109 = ORIENTED_EDGE ( 'NONE', *, *, #3381, .T. ) ;
#6110 = DIRECTION ( 'NONE',  ( 0.000000000000000000, 1.000000000000000000, 0.000000000000000000 ) ) ;
#6111 = PRODUCT_DEFINITION ( 'UNKNOWN', '', #492, #9361 ) ;
#6112 = EDGE_CURVE ( 'NONE', #693, #4376, #4882, .T. ) ;
#6113 = UNCERTAINTY_MEASURE_WITH_UNIT (LENGTH_MEASURE( 1.000000000000000082E-05 ), #520, 'distance_accuracy_value', 'NONE');
#6114 = APPLICATION_CONTEXT ( 'automotive_design' ) ;
#6115 = DIRECTION ( 'NONE',  ( -1.232817212792323889E-16, 0.000000000000000000, -1.000000000000000000 ) ) ;
#6116 = UNCERTAINTY_MEASURE_WITH_UNIT (LENGTH_MEASURE( 1.000000000000000082E-05 ), #275, 'distance_accuracy_value', 'NONE');
#6117 = SURFACE_SIDE_STYLE ('',( #304 ) ) ;
#6118 = ADVANCED_FACE ( 'NONE', ( #7854 ), #1991, .T. ) ;
#6119 = SURFACE_STYLE_FILL_AREA ( #3921 ) ;
#6120 = LINE ( 'NONE', #3353, #2339 ) ;
#6121 = ORIENTED_EDGE ( 'NONE', *, *, #6839, .F. ) ;
#6122 = ADVANCED_FACE ( 'NONE', ( #4216 ), #6522, .F. ) ;
#6123 = EDGE_LOOP ( 'NONE', ( #8562, #4718, #1717, #4926 ) ) ;
#6124 = PRODUCT_DEFINITION ( 'UNKNOWN', '', #8244, #7292 ) ;
#6125 = UNCERTAINTY_MEASURE_WITH_UNIT (LENGTH_MEASURE( 1.000000000000000082E-05 ), #3176, 'distance_accuracy_value', 'NONE');
#6126 = AXIS2_PLACEMENT_3D ( 'NONE', #1942, #6229, #5510 ) ;
#6127 = DIRECTION ( 'NONE',  ( 0.000000000000000000, 1.000000000000000000, 0.000000000000000000 ) ) ;
#6128 = SURFACE_STYLE_USAGE ( .BOTH. , #6741 ) ;
#6129 = AXIS2_PLACEMENT_3D ( 'NONE', #449, #1030, #6922 ) ;
#6130 = EDGE_LOOP ( 'NONE', ( #8912, #932, #1297, #5036 ) ) ;
#6131 = CARTESIAN_POINT ( 'NONE',  ( -3.600000000000000089, 2.750000000000000000, -2.564087693133389578 ) ) ;
#6132 = ORIENTED_EDGE ( 'NONE', *, *, #6955, .F. ) ;
#6133 = ORIENTED_EDGE ( 'NONE', *, *, #5753, .F. ) ;
#6134 = LINE ( 'NONE', #5330, #479 ) ;
#6135 = ORIENTED_EDGE ( 'NONE', *, *, #5808, .T. ) ;
#6136 = CARTESIAN_POINT ( 'NONE',  ( 6.500000000000000000, 3.750000000000000000, 4.899999999999999467 ) ) ;
#6137 = PRESENTATION_STYLE_ASSIGNMENT (( #7513 ) ) ;
#6138 = PRESENTATION_LAYER_ASSIGNMENT (  '', '', ( #967 ) ) ;
#6139 = CARTESIAN_POINT ( 'NONE',  ( 7.500000000000000000, 2.900543414065470227, -4.649999999999999467 ) ) ;
#6140 = ORIENTED_EDGE ( 'NONE', *, *, #5452, .T. ) ;
#6141 = CARTESIAN_POINT ( 'NONE',  ( 7.499999999999920064, 0.000000000000000000, -4.649999999999999467 ) ) ;
#6142 = EDGE_LOOP ( 'NONE', ( #6526, #811, #7070, #7125 ) ) ;
#6143 = COLOUR_RGB ( '',0.7921568627450980005, 0.8196078431372548767, 0.9333333333333333481 ) ;
#6144 = EDGE_CURVE ( 'NONE', #7909, #8571, #4301, .T. ) ;
#6145 = ORIENTED_EDGE ( 'NONE', *, *, #4447, .F. ) ;
#6146 = AXIS2_PLACEMENT_3D ( 'NONE', #913, #1771, #1716 ) ;
#6147 = PLANE ( 'NONE',  #3647 ) ;
#6148 = CARTESIAN_POINT ( 'NONE',  ( 0.000000000000000000, 3.750000000000000000, 0.000000000000000000 ) ) ;
#6149 = AXIS2_PLACEMENT_3D ( 'NONE', #121, #5172, #3731 ) ;
#6150 = VECTOR ( 'NONE', #3809, 1000.000000000000114 ) ;
#6151 = EDGE_CURVE ( 'NONE', #2158, #3285, #5028, .T. ) ;
#6152 = VECTOR ( 'NONE', #3015, 1000.000000000000114 ) ;
#6153 = CARTESIAN_POINT ( 'NONE',  ( 5.950000000000000178, 2.900543414065470227, -0.8499999999999999778 ) ) ;
#6154 = AXIS2_PLACEMENT_3D ( 'NONE', #4977, #7158, #7436 ) ;
#6155 =( LENGTH_UNIT ( ) NAMED_UNIT ( * ) SI_UNIT ( .MILLI., .METRE. ) );
#6156 = CARTESIAN_POINT ( 'NONE',  ( 0.000000000000000000, 0.5999999999999999778, 0.000000000000000000 ) ) ;
#6157 = FILL_AREA_STYLE ('',( #3101 ) ) ;
#6158 = VERTEX_POINT ( 'NONE', #5079 ) ;
#6159 = CARTESIAN_POINT ( 'NONE',  ( -5.950000000000000178, 0.000000000000000000, 1.050000000000000044 ) ) ;
#6160 = LINE ( 'NONE', #1686, #5284 ) ;
#6161 = DIRECTION ( 'NONE',  ( 0.000000000000000000, -1.000000000000000000, 0.000000000000000000 ) ) ;
#6162 = AXIS2_PLACEMENT_3D ( 'NONE', #7069, #5602, #5058 ) ;
#6163 = VECTOR ( 'NONE', #8390, 1000.000000000000000 ) ;
#6164 = COLOUR_RGB ( '',1.000000000000000000, 0.8117647058823529438, 0.5019607843137254832 ) ;
#6165 =( GEOMETRIC_REPRESENTATION_CONTEXT ( 3 ) GLOBAL_UNCERTAINTY_ASSIGNED_CONTEXT ( ( #3916 ) ) GLOBAL_UNIT_ASSIGNED_CONTEXT ( ( #8654, #2846, #6621 ) ) REPRESENTATION_CONTEXT ( 'NONE', 'WORKASPACE' ) );
#6166 = CARTESIAN_POINT ( 'NONE',  ( 5.950000000000000178, 0.5999999999999999778, 2.949999999999999734 ) ) ;
#6167 = DIRECTION ( 'NONE',  ( -0.7660444431189782355, 0.000000000000000000, 0.6427876096865390299 ) ) ;
#6168 =( GEOMETRIC_REPRESENTATION_CONTEXT ( 3 ) GLOBAL_UNCERTAINTY_ASSIGNED_CONTEXT ( ( #2984 ) ) GLOBAL_UNIT_ASSIGNED_CONTEXT ( ( #9175, #6296, #4086 ) ) REPRESENTATION_CONTEXT ( 'NONE', 'WORKASPACE' ) );
#6169 = ORIENTED_EDGE ( 'NONE', *, *, #3680, .T. ) ;
#6170 = VECTOR ( 'NONE', #10, 1000.000000000000000 ) ;
#6171 = LINE ( 'NONE', #5408, #5023 ) ;
#6172 = MECHANICAL_DESIGN_GEOMETRIC_PRESENTATION_REPRESENTATION (  '', ( #5270 ), #8600 ) ;
#6173 = CARTESIAN_POINT ( 'NONE',  ( 0.8000000000000000444, 2.750000000000000000, 2.070372147149684761 ) ) ;
#6174 = DIRECTION ( 'NONE',  ( 0.000000000000000000, 1.000000000000000000, 0.000000000000000000 ) ) ;
#6175 = MECHANICAL_DESIGN_GEOMETRIC_PRESENTATION_REPRESENTATION (  '', ( #9188 ), #8155 ) ;
#6176 = CARTESIAN_POINT ( 'NONE',  ( 7.500000000000000000, 3.750000000000000000, 2.750000000000000000 ) ) ;
#6177 = ADVANCED_FACE ( 'NONE', ( #7219 ), #1325, .F. ) ;
#6178 = EDGE_CURVE ( 'NONE', #6158, #7470, #8684, .T. ) ;
#6179 = ADVANCED_FACE ( 'NONE', ( #3471 ), #4935, .T. ) ;
#6180 = AXIS2_PLACEMENT_3D ( 'NONE', #2184, #6673, #7376 ) ;
#6181 = ORIENTED_EDGE ( 'NONE', *, *, #2272, .F. ) ;
#6182 = DIRECTION ( 'NONE',  ( 1.000000000000000000, 0.000000000000000000, 0.000000000000000000 ) ) ;
#6183 = CARTESIAN_POINT ( 'NONE',  ( -4.367819926235454453, 2.750000000000000000, -3.479139848689915215 ) ) ;
#6184 = EDGE_LOOP ( 'NONE', ( #787, #2621, #1600, #5604 ) ) ;
#6185 = DIRECTION ( 'NONE',  ( 1.000000000000000000, 0.000000000000000000, 0.000000000000000000 ) ) ;
#6186 = VERTEX_POINT ( 'NONE', #615 ) ;
#6187 = CARTESIAN_POINT ( 'NONE',  ( 4.000000000000000000, 2.750000000000000000, -2.442514574011950046 ) ) ;
#6188 = AXIS2_PLACEMENT_3D ( 'NONE', #2473, #8302, #3307 ) ;
#6189 = ORIENTED_EDGE ( 'NONE', *, *, #554, .T. ) ;
#6190 = SHAPE_REPRESENTATION ( 'Boss-Extrude3[7]_1', ( #3266 ), #4281 ) ;
#6191 = CARTESIAN_POINT ( 'NONE',  ( 5.949999999999919353, 3.750000000000000000, -4.649999999999999467 ) ) ;
#6192 = CARTESIAN_POINT ( 'NONE',  ( -0.2000000000000000111, 2.750000000000000000, -2.573831925856055136 ) ) ;
#6194 = VECTOR ( 'NONE', #7866, 1000.000000000000000 ) ;
#6193 = CARTESIAN_POINT ( 'NONE',  ( 4.400000000000000355, -2.455974827712295028, 3.452137560662829951 ) ) ;
#6195 = EDGE_CURVE ( 'NONE', #7456, #4685, #5244, .T. ) ;
#6196 = PRODUCT_DEFINITION_SHAPE ( 'NONE', 'NONE',  #8096 ) ;
#6197 = EDGE_LOOP ( 'NONE', ( #327, #3804, #3436, #1316 ) ) ;
#6198 = VECTOR ( 'NONE', #2643, 1000.000000000000000 ) ;
#6199 = COLOUR_RGB ( '',0.6941176470588235059, 0.09803921568627450844, 0.09803921568627450844 ) ;
#6200 = DIRECTION ( 'NONE',  ( 0.000000000000000000, 1.000000000000000000, 0.000000000000000000 ) ) ;
#6201 = ORIENTED_EDGE ( 'NONE', *, *, #4910, .F. ) ;
#6202 = DIRECTION ( 'NONE',  ( -2.065422993075124858E-16, 0.000000000000000000, -1.000000000000000000 ) ) ;
#6203 = EDGE_LOOP ( 'NONE', ( #2461, #9124, #3392, #9348 ) ) ;
#6204 = PLANE ( 'NONE',  #158 ) ;
#6205 = VECTOR ( 'NONE', #3215, 1000.000000000000000 ) ;
#6206 = DIRECTION ( 'NONE',  ( 0.000000000000000000, 1.000000000000000000, 0.000000000000000000 ) ) ;
#6207 = MECHANICAL_DESIGN_GEOMETRIC_PRESENTATION_REPRESENTATION (  '', ( #4053 ), #2681 ) ;
#6208 = FACE_OUTER_BOUND ( 'NONE', #2007, .T. ) ;
#6209 = EDGE_CURVE ( 'NONE', #6077, #6543, #9260, .T. ) ;
#6210 = CARTESIAN_POINT ( 'NONE',  ( -5.950000000000000178, 3.750000000000000000, -1.050000000000000044 ) ) ;
#6211 = DIRECTION ( 'NONE',  ( -1.000000000000000000, 0.000000000000000000, 0.000000000000000000 ) ) ;
#6212 = VECTOR ( 'NONE', #3849, 1000.000000000000114 ) ;
#6213 = EDGE_CURVE ( 'NONE', #5528, #8042, #7128, .T. ) ;
#6214 = PRODUCT_DEFINITION_CONTEXT ( 'detailed design', #3012, 'design' ) ;
#6215 = ORIENTED_EDGE ( 'NONE', *, *, #7399, .F. ) ;
#6216 = CARTESIAN_POINT ( 'NONE',  ( -3.871279704941819944, 3.750000000000000000, 2.465211434995460582 ) ) ;
#6217 = FILL_AREA_STYLE ('',( #9086 ) ) ;
#6218 = ADVANCED_FACE ( 'NONE', ( #6420 ), #9306, .T. ) ;
#6219 = FILL_AREA_STYLE_COLOUR ( '', #4968 ) ;
#6220 = CARTESIAN_POINT ( 'NONE',  ( -7.500000000000000000, 0.5999999999999999778, -0.8499999999999999778 ) ) ;
#6221 = CARTESIAN_POINT ( 'NONE',  ( 4.432180073764544481, 3.750000000000000000, -1.927462418455420101 ) ) ;
#6222 = VERTEX_POINT ( 'NONE', #5854 ) ;
#6223 = ADVANCED_FACE ( 'NONE', ( #3072 ), #3123, .F. ) ;
#6224 = LINE ( 'NONE', #4691, #1286 ) ;
#6225 = VERTEX_POINT ( 'NONE', #900 ) ;
#6226 = LINE ( 'NONE', #5556, #7052 ) ;
#6227 = DIRECTION ( 'NONE',  ( 0.000000000000000000, -1.000000000000000000, 0.000000000000000000 ) ) ;
#6228 = VERTEX_POINT ( 'NONE', #8730 ) ;
#6229 = DIRECTION ( 'NONE',  ( 0.000000000000000000, 0.000000000000000000, 1.000000000000000000 ) ) ;
#6230 = ORIENTED_EDGE ( 'NONE', *, *, #6615, .T. ) ;
#6231 = CARTESIAN_POINT ( 'NONE',  ( 4.432180073764544481, 2.750000000000000000, -1.927462418455420101 ) ) ;
#6232 = ORIENTED_EDGE ( 'NONE', *, *, #4803, .F. ) ;
#6233 = LINE ( 'NONE', #4163, #5138 ) ;
#6234 = DIRECTION ( 'NONE',  ( -0.7660444431189782355, 0.000000000000000000, 0.6427876096865391409 ) ) ;
#6235 = EDGE_CURVE ( 'NONE', #127, #4811, #2981, .T. ) ;
#6236 = EDGE_CURVE ( 'NONE', #5799, #1248, #2223, .T. ) ;
#6237 = FILL_AREA_STYLE ('',( #1234 ) ) ;
#6238 = LINE ( 'NONE', #6281, #6916 ) ;
#6239 = PLANE ( 'NONE',  #5077 ) ;
#6240 = LINE ( 'NONE', #8472, #4303 ) ;
#6241 = ORIENTED_EDGE ( 'NONE', *, *, #4417, .T. ) ;
#6242 =( REPRESENTATION_RELATIONSHIP ('NONE','NONE', #3559, #1371 ) REPRESENTATION_RELATIONSHIP_WITH_TRANSFORMATION ( #9094 )SHAPE_REPRESENTATION_RELATIONSHIP( ) );
#6243 = EDGE_CURVE ( 'NONE', #5919, #5468, #3830, .T. ) ;
#6244 = CARTESIAN_POINT ( 'NONE',  ( -5.950000000000000178, 0.000000000000000000, 1.050000000000000044 ) ) ;
#6245 = EDGE_LOOP ( 'NONE', ( #7504, #1516, #4071, #5335 ) ) ;
#6246 = DIRECTION ( 'NONE',  ( 0.000000000000000000, -1.000000000000000000, 0.000000000000000000 ) ) ;
#6247 = STYLED_ITEM ( 'NONE', ( #1262 ), #3384 ) ;
#6248 = DIRECTION ( 'NONE',  ( 0.000000000000000000, 1.000000000000000000, 0.000000000000000000 ) ) ;
#6249 = VERTEX_POINT ( 'NONE', #3687 ) ;
#6250 = DIRECTION ( 'NONE',  ( 1.000000000000000000, 0.000000000000000000, 0.000000000000000000 ) ) ;
#6251 = VECTOR ( 'NONE', #4828, 1000.000000000000114 ) ;
#6252 = FACE_OUTER_BOUND ( 'NONE', #8837, .T. ) ;
#6253 = DIRECTION ( 'NONE',  ( 1.000000000000000000, 0.000000000000000000, 0.000000000000000000 ) ) ;
#6254 = ORIENTED_EDGE ( 'NONE', *, *, #4518, .F. ) ;
#6255 = LINE ( 'NONE', #7879, #2231 ) ;
#6256 = CARTESIAN_POINT ( 'NONE',  ( 3.799999999999999822, 3.750000000000000000, -1.056182713513598159 ) ) ;
#6257 = CARTESIAN_POINT ( 'NONE',  ( -2.250000000000000000, 0.1000000000000000056, -0.5000000000000000000 ) ) ;
#6258 = AXIS2_PLACEMENT_3D ( 'NONE', #2099, #3612, #7942 ) ;
#6259 =( NAMED_UNIT ( * ) SI_UNIT ( $, .STERADIAN. ) SOLID_ANGLE_UNIT ( ) );
#6260 = DIRECTION ( 'NONE',  ( 0.000000000000000000, 1.000000000000000000, 0.000000000000000000 ) ) ;
#6261 = CARTESIAN_POINT ( 'NONE',  ( -3.814359353944920095, 0.2000000000000000111, -3.799999999999999822 ) ) ;
#6262 = MECHANICAL_DESIGN_GEOMETRIC_PRESENTATION_REPRESENTATION (  '', ( #4577 ), #7469 ) ;
#6263 = ORIENTED_EDGE ( 'NONE', *, *, #4479, .T. ) ;
#6264 = ITEM_DEFINED_TRANSFORMATION ( 'NONE', 'NONE', #955,  #3266 ) ;
#6265 = DIRECTION ( 'NONE',  ( 0.000000000000000000, -1.000000000000000000, 0.000000000000000000 ) ) ;
#6266 = PRODUCT_DEFINITION_SHAPE ( 'NONE', 'NONE',  #4836 ) ;
#6267 = CARTESIAN_POINT ( 'NONE',  ( -3.799999999999999822, -2.455974827712295028, -2.396267766897934859 ) ) ;
#6268 = LINE ( 'NONE', #6318, #717 ) ;
#6269 = VECTOR ( 'NONE', #7851, 1000.000000000000114 ) ;
#6270 = VERTEX_POINT ( 'NONE', #3738 ) ;
#6271 = LINE ( 'NONE', #6322, #4618 ) ;
#6272 = FACE_OUTER_BOUND ( 'NONE', #1193, .T. ) ;
#6273 = VERTEX_POINT ( 'NONE', #6611 ) ;
#6274 = ORIENTED_EDGE ( 'NONE', *, *, #6284, .F. ) ;
#6275 = CARTESIAN_POINT ( 'NONE',  ( 3.799999999999999822, -2.455974827712295028, -1.056182713513598159 ) ) ;
#6276 = ORIENTED_EDGE ( 'NONE', *, *, #1785, .T. ) ;
#6277 = CARTESIAN_POINT ( 'NONE',  ( 4.535639852470909616, 2.750000000000000000, 3.338322210481544872 ) ) ;
#6278 = CARTESIAN_POINT ( 'NONE',  ( 5.950000000000000178, 2.900543414065470227, -1.050000000000000044 ) ) ;
#6279 =( NAMED_UNIT ( * ) PLANE_ANGLE_UNIT ( ) SI_UNIT ( $, .RADIAN. ) );
#6280 = AXIS2_PLACEMENT_3D ( 'NONE', #3640, #5801, #4396 ) ;
#6281 = CARTESIAN_POINT ( 'NONE',  ( -5.200000000000000178, 0.2000000000000000111, -3.000000000000000000 ) ) ;
#6282 = DIRECTION ( 'NONE',  ( 0.000000000000000000, -1.000000000000000000, 0.000000000000000000 ) ) ;
#6283 = CARTESIAN_POINT ( 'NONE',  ( 3.664360147529090117, 3.750000000000000000, 2.575436123625144624 ) ) ;
#6284 = EDGE_CURVE ( 'NONE', #5468, #1208, #3260, .T. ) ;
#6285 = EDGE_LOOP ( 'NONE', ( #3545, #8027, #4841, #8891 ) ) ;
#6286 = DIRECTION ( 'NONE',  ( 0.000000000000000000, -1.000000000000000000, 0.000000000000000000 ) ) ;
#6287 = ORIENTED_EDGE ( 'NONE', *, *, #8171, .F. ) ;
#6288 = DIRECTION ( 'NONE',  ( 0.000000000000000000, -1.000000000000000000, 0.000000000000000000 ) ) ;
#6289 = LINE ( 'NONE', #9165, #6342 ) ;
#6290 = MECHANICAL_DESIGN_GEOMETRIC_PRESENTATION_REPRESENTATION (  '', ( #3843 ), #58 ) ;
#6291 = EDGE_CURVE ( 'NONE', #4733, #7059, #8074, .T. ) ;
#6292 = ORIENTED_EDGE ( 'NONE', *, *, #1342, .F. ) ;
#6293 = CARTESIAN_POINT ( 'NONE',  ( 4.000000000000000000, 2.750000000000000000, -2.442514574011950046 ) ) ;
#6294 = EDGE_CURVE ( 'NONE', #6299, #438, #983, .T. ) ;
#6295 = ORIENTED_EDGE ( 'NONE', *, *, #8375, .T. ) ;
#6296 =( NAMED_UNIT ( * ) PLANE_ANGLE_UNIT ( ) SI_UNIT ( $, .RADIAN. ) );
#6297 = FACE_OUTER_BOUND ( 'NONE', #3090, .T. ) ;
#6298 = VECTOR ( 'NONE', #2649, 1000.000000000000114 ) ;
#6299 = VERTEX_POINT ( 'NONE', #8778 ) ;
#6300 = FILL_AREA_STYLE ('',( #5643 ) ) ;
#6301 = CARTESIAN_POINT ( 'NONE',  ( -5.949999999999919353, 3.750000000000000000, -2.949999999999999734 ) ) ;
#6302 = PRESENTATION_LAYER_ASSIGNMENT (  '', '', ( #2041 ) ) ;
#6303 = DIRECTION ( 'NONE',  ( 0.000000000000000000, 1.000000000000000000, 0.000000000000000000 ) ) ;
#6304 = PRESENTATION_LAYER_ASSIGNMENT (  '', '', ( #2487 ) ) ;
#6305 = UNCERTAINTY_MEASURE_WITH_UNIT (LENGTH_MEASURE( 1.000000000000000082E-05 ), #7181, 'distance_accuracy_value', 'NONE');
#6306 = LINE ( 'NONE', #7196, #4902 ) ;
#6307 = AXIS2_PLACEMENT_3D ( 'NONE', #7279, #2798, #4230 ) ;
#6308 = PRESENTATION_LAYER_ASSIGNMENT (  '', '', ( #3707 ) ) ;
#6309 = CYLINDRICAL_SURFACE ( 'NONE', #218, 0.6500000000000000222 ) ;
#6310 = ORIENTED_EDGE ( 'NONE', *, *, #6378, .F. ) ;
#6311 = VECTOR ( 'NONE', #599, 1000.000000000000000 ) ;
#6312 = SURFACE_STYLE_FILL_AREA ( #1929 ) ;
#6313 = FACE_OUTER_BOUND ( 'NONE', #7191, .T. ) ;
#6314 = CARTESIAN_POINT ( 'NONE',  ( 5.950000000000000178, 3.750000000000000000, 2.949999999999999734 ) ) ;
#6315 = VECTOR ( 'NONE', #1447, 1000.000000000000114 ) ;
#6316 = CARTESIAN_POINT ( 'NONE',  ( -0.5999999999999999778, -2.455974827712295028, -1.832021428630845161 ) ) ;
#6317 =( GEOMETRIC_REPRESENTATION_CONTEXT ( 3 ) GLOBAL_UNCERTAINTY_ASSIGNED_CONTEXT ( ( #4678 ) ) GLOBAL_UNIT_ASSIGNED_CONTEXT ( ( #379, #1954, #3986 ) ) REPRESENTATION_CONTEXT ( 'NONE', 'WORKASPACE' ) );
#6318 = CARTESIAN_POINT ( 'NONE',  ( -5.000000000000000000, 3.750000000000000000, -2.948677781956460464 ) ) ;
#6319 = VECTOR ( 'NONE', #5834, 1000.000000000000000 ) ;
#6320 = EDGE_CURVE ( 'NONE', #3440, #4748, #7414, .T. ) ;
#6321 = ORIENTED_EDGE ( 'NONE', *, *, #2692, .F. ) ;
#6322 = CARTESIAN_POINT ( 'NONE',  ( 7.500000000000000000, 0.5999999999999999778, -4.899999999999999467 ) ) ;
#6323 = AXIS2_PLACEMENT_3D ( 'NONE', #4742, #242, #3148 ) ;
#6324 = CARTESIAN_POINT ( 'NONE',  ( -7.500000000000000000, 0.5999999999999999778, -4.649999999999999467 ) ) ;
#6325 = EDGE_LOOP ( 'NONE', ( #376, #896, #9136, #3232 ) ) ;
#6326 = AXIS2_PLACEMENT_3D ( 'NONE', #2040, #9308, #4885 ) ;
#6327 = DIRECTION ( 'NONE',  ( 0.000000000000000000, 0.000000000000000000, 1.000000000000000000 ) ) ;
#6328 = ORIENTED_EDGE ( 'NONE', *, *, #4913, .T. ) ;
#6329 = DIRECTION ( 'NONE',  ( 0.000000000000000000, -1.000000000000000000, 0.000000000000000000 ) ) ;
#6330 = ORIENTED_EDGE ( 'NONE', *, *, #7797, .T. ) ;
#6331 =( GEOMETRIC_REPRESENTATION_CONTEXT ( 3 ) GLOBAL_UNCERTAINTY_ASSIGNED_CONTEXT ( ( #2225 ) ) GLOBAL_UNIT_ASSIGNED_CONTEXT ( ( #2190, #2949, #4648 ) ) REPRESENTATION_CONTEXT ( 'NONE', 'WORKASPACE' ) );
#6332 = CARTESIAN_POINT ( 'NONE',  ( -5.950000000000000178, 2.900543414065470227, -0.8499999999999999778 ) ) ;
#6333 = FILL_AREA_STYLE ('',( #4795 ) ) ;
#6334 = DIRECTION ( 'NONE',  ( 0.000000000000000000, 1.000000000000000000, 0.000000000000000000 ) ) ;
#6335 = CARTESIAN_POINT ( 'NONE',  ( 0.5999999999999999778, 2.750000000000000000, 1.897374435176775176 ) ) ;
#6336 = PLANE ( 'NONE',  #6609 ) ;
#6337 = MECHANICAL_DESIGN_GEOMETRIC_PRESENTATION_REPRESENTATION (  '', ( #4191 ), #2520 ) ;
#6338 = LINE ( 'NONE', #5574, #4763 ) ;
#6339 = ORIENTED_EDGE ( 'NONE', *, *, #2585, .T. ) ;
#6340 = VERTEX_POINT ( 'NONE', #6698 ) ;
#6341 = DIRECTION ( 'NONE',  ( -0.9848077530122079093, 0.000000000000000000, -0.1736481776669314692 ) ) ;
#6342 = VECTOR ( 'NONE', #7905, 1000.000000000000000 ) ;
#6343 = VERTEX_POINT ( 'NONE', #170 ) ;
#6344 = AXIS2_PLACEMENT_3D ( 'NONE', #4676, #297, #444 ) ;
#6345 = MECHANICAL_DESIGN_GEOMETRIC_PRESENTATION_REPRESENTATION (  '', ( #7102 ), #8902 ) ;
#6346 = CARTESIAN_POINT ( 'NONE',  ( 0.2000000000000000111, 2.750000000000000000, -2.503301133572669812 ) ) ;
#6347 = EDGE_LOOP ( 'NONE', ( #3796, #8192, #6241, #857 ) ) ;
#6348 = CARTESIAN_POINT ( 'NONE',  ( 0.000000000000000000, 0.5999999999999999778, 0.8499999999999999778 ) ) ;
#6349 = PRODUCT ( 'Boss-Extrude6[3]_1', 'Boss-Extrude6[3]_1', '', ( #5985 ) ) ;
#6350 = ORIENTED_EDGE ( 'NONE', *, *, #4910, .T. ) ;
#6351 = SURFACE_STYLE_USAGE ( .BOTH. , #6067 ) ;
#6352 = DIRECTION ( 'NONE',  ( 0.000000000000000000, -1.000000000000000000, 0.000000000000000000 ) ) ;
#6353 = ORIENTED_EDGE ( 'NONE', *, *, #3088, .F. ) ;
#6354 = VECTOR ( 'NONE', #5553, 1000.000000000000000 ) ;
#6355 =( NAMED_UNIT ( * ) SI_UNIT ( $, .STERADIAN. ) SOLID_ANGLE_UNIT ( ) );
#6356 = DIRECTION ( 'NONE',  ( 0.000000000000000000, 0.000000000000000000, -1.000000000000000000 ) ) ;
#6357 = EDGE_CURVE ( 'NONE', #3128, #431, #8813, .T. ) ;
#6358 = EDGE_CURVE ( 'NONE', #869, #3147, #4595, .T. ) ;
#6359 =( GEOMETRIC_REPRESENTATION_CONTEXT ( 3 ) GLOBAL_UNCERTAINTY_ASSIGNED_CONTEXT ( ( #3040 ) ) GLOBAL_UNIT_ASSIGNED_CONTEXT ( ( #4721, #6873, #6919 ) ) REPRESENTATION_CONTEXT ( 'NONE', 'WORKASPACE' ) );
#6360 = CARTESIAN_POINT ( 'NONE',  ( -5.950000000000000178, 0.5999999999999999778, -2.750000000000000000 ) ) ;
#6361 = VERTEX_POINT ( 'NONE', #1510 ) ;
#6362 = CARTESIAN_POINT ( 'NONE',  ( -7.500000000000000000, 2.900543414065470227, -3.799999999999999822 ) ) ;
#6363 = EDGE_CURVE ( 'NONE', #4788, #2170, #131, .T. ) ;
#6364 = FACE_OUTER_BOUND ( 'NONE', #7895, .T. ) ;
#6365 = DIRECTION ( 'NONE',  ( 0.000000000000000000, 0.000000000000000000, -1.000000000000000000 ) ) ;
#6366 = DIRECTION ( 'NONE',  ( 0.000000000000000000, -1.000000000000000000, 0.000000000000000000 ) ) ;
#6367 = ORIENTED_EDGE ( 'NONE', *, *, #2533, .F. ) ;
#6368 = SURFACE_SIDE_STYLE ('',( #3463 ) ) ;
#6369 = DIRECTION ( 'NONE',  ( -0.7660444431189776804, 0.000000000000000000, 0.6427876096865396960 ) ) ;
#6370 = VERTEX_POINT ( 'NONE', #4446 ) ;
#6371 =( NAMED_UNIT ( * ) PLANE_ANGLE_UNIT ( ) SI_UNIT ( $, .RADIAN. ) );
#6372 = ORIENTED_EDGE ( 'NONE', *, *, #8852, .F. ) ;
#6373 = LINE ( 'NONE', #6231, #7777 ) ;
#6374 = EDGE_LOOP ( 'NONE', ( #5133, #5683, #7, #906 ) ) ;
#6375 = PLANE ( 'NONE',  #2528 ) ;
#6376 = DIRECTION ( 'NONE',  ( 0.000000000000000000, 1.000000000000000000, 0.000000000000000000 ) ) ;
#6377 = PRESENTATION_STYLE_ASSIGNMENT (( #7040 ) ) ;
#6378 = EDGE_CURVE ( 'NONE', #7500, #4187, #7452, .T. ) ;
#6379 = ADVANCED_BREP_SHAPE_REPRESENTATION ( '', ( #4088, #3266 ), #224 ) ;
#6380 = FACE_OUTER_BOUND ( 'NONE', #9002, .T. ) ;
#6381 = CARTESIAN_POINT ( 'NONE',  ( -5.950000000000000178, 2.900543414065470227, 2.750000000000000000 ) ) ;
#6382 = LINE ( 'NONE', #2736, #1123 ) ;
#6383 = CARTESIAN_POINT ( 'NONE',  ( 5.950000000000000178, 0.5999999999999999778, 0.8499999999999999778 ) ) ;
#6384 = CARTESIAN_POINT ( 'NONE',  ( -7.500000000000000000, 0.5999999999999999778, 2.550000000000000266 ) ) ;
#6385 = EDGE_LOOP ( 'NONE', ( #3278, #3759, #7269, #8079 ) ) ;
#6386 = ORIENTED_EDGE ( 'NONE', *, *, #2506, .F. ) ;
#6387 = PLANE ( 'NONE',  #8971 ) ;
#6388 = ORIENTED_EDGE ( 'NONE', *, *, #3201, .F. ) ;
#6389 = SURFACE_STYLE_USAGE ( .BOTH. , #1579 ) ;
#6390 = DIRECTION ( 'NONE',  ( 2.131773678003834915E-16, 0.000000000000000000, 1.000000000000000000 ) ) ;
#6391 = CARTESIAN_POINT ( 'NONE',  ( 4.000000000000000000, 2.750000000000000000, -2.442514574011950046 ) ) ;
#6392 = DIRECTION ( 'NONE',  ( -0.7660444431189786796, 0.000000000000000000, 0.6427876096865385858 ) ) ;
#6393 = ORIENTED_EDGE ( 'NONE', *, *, #7428, .T. ) ;
#6394 = CARTESIAN_POINT ( 'NONE',  ( -0.8000000000000000444, 3.750000000000000000, 3.006760912279035303 ) ) ;
#6395 = EDGE_CURVE ( 'NONE', #1575, #2277, #7964, .T. ) ;
#6396 = ORIENTED_EDGE ( 'NONE', *, *, #3909, .T. ) ;
#6397 = UNCERTAINTY_MEASURE_WITH_UNIT (LENGTH_MEASURE( 1.000000000000000082E-05 ), #8641, 'distance_accuracy_value', 'NONE');
#6398 = EDGE_CURVE ( 'NONE', #4187, #2170, #215, .T. ) ;
#6399 = CARTESIAN_POINT ( 'NONE',  ( 5.950000000000000178, 0.000000000000000000, 2.750000000000000000 ) ) ;
#6400 = ORIENTED_EDGE ( 'NONE', *, *, #5950, .F. ) ;
#6401 = DIRECTION ( 'NONE',  ( 0.7660444431189782355, 0.000000000000000000, -0.6427876096865390299 ) ) ;
#6402 = DIRECTION ( 'NONE',  ( 1.232817212792323889E-16, 0.000000000000000000, 1.000000000000000000 ) ) ;
#6403 = DIRECTION ( 'NONE',  ( 0.000000000000000000, 1.000000000000000000, 0.000000000000000000 ) ) ;
#6404 = ADVANCED_FACE ( 'NONE', ( #6792 ), #270, .T. ) ;
#6405 = ORIENTED_EDGE ( 'NONE', *, *, #2607, .T. ) ;
#6406 = SURFACE_STYLE_USAGE ( .BOTH. , #6507 ) ;
#6407 = DIRECTION ( 'NONE',  ( -0.6427876096865390299, 0.000000000000000000, -0.7660444431189782355 ) ) ;
#6408 = CARTESIAN_POINT ( 'NONE',  ( -5.950000000000000178, 2.900543414065470227, 2.949999999999999734 ) ) ;
#6409 = PRESENTATION_STYLE_ASSIGNMENT (( #5125 ) ) ;
#6410 = SURFACE_STYLE_USAGE ( .BOTH. , #7297 ) ;
#6411 = LINE ( 'NONE', #9249, #5139 ) ;
#6412 = ADVANCED_FACE ( 'NONE', ( #2582 ), #5458, .T. ) ;
#6413 = VECTOR ( 'NONE', #3650, 1000.000000000000000 ) ;
#6414 = ORIENTED_EDGE ( 'NONE', *, *, #2483, .F. ) ;
#6415 = ORIENTED_EDGE ( 'NONE', *, *, #5670, .F. ) ;
#6416 = DIRECTION ( 'NONE',  ( 0.000000000000000000, 0.000000000000000000, 1.000000000000000000 ) ) ;
#6417 = ORIENTED_EDGE ( 'NONE', *, *, #126, .T. ) ;
#6418 = LINE ( 'NONE', #5714, #7934 ) ;
#6419 = ORIENTED_EDGE ( 'NONE', *, *, #5293, .T. ) ;
#6420 = FACE_OUTER_BOUND ( 'NONE', #502, .T. ) ;
#6421 = FACE_OUTER_BOUND ( 'NONE', #3712, .T. ) ;
#6422 =( GEOMETRIC_REPRESENTATION_CONTEXT ( 3 ) GLOBAL_UNCERTAINTY_ASSIGNED_CONTEXT ( ( #5646 ) ) GLOBAL_UNIT_ASSIGNED_CONTEXT ( ( #5076, #8727, #4254 ) ) REPRESENTATION_CONTEXT ( 'NONE', 'WORKASPACE' ) );
#6423 =( REPRESENTATION_RELATIONSHIP ('NONE','NONE', #3559, #6603 ) REPRESENTATION_RELATIONSHIP_WITH_TRANSFORMATION ( #1396 )SHAPE_REPRESENTATION_RELATIONSHIP( ) );
#6424 = PRODUCT_DEFINITION_SHAPE ( 'NONE', 'NONE',  #7811 ) ;
#6425 =( NAMED_UNIT ( * ) SI_UNIT ( $, .STERADIAN. ) SOLID_ANGLE_UNIT ( ) );
#6426 = SURFACE_STYLE_USAGE ( .BOTH. , #5032 ) ;
#6427 = FILL_AREA_STYLE_COLOUR ( '', #3741 ) ;
#6428 = FACE_OUTER_BOUND ( 'NONE', #7613, .T. ) ;
#6429 = ORIENTED_EDGE ( 'NONE', *, *, #1009, .F. ) ;
#6430 = CARTESIAN_POINT ( 'NONE',  ( 7.500000000000000000, 0.000000000000000000, -4.336808689942014778E-16 ) ) ;
#6431 = ORIENTED_EDGE ( 'NONE', *, *, #2389, .T. ) ;
#6432 = DIRECTION ( 'NONE',  ( 0.1736481776669309973, 0.000000000000000000, -0.9848077530122080203 ) ) ;
#6433 = SURFACE_STYLE_USAGE ( .BOTH. , #525 ) ;
#6434 = AXIS2_PLACEMENT_3D ( 'NONE', #5135, #6465, #9350 ) ;
#6435 = CARTESIAN_POINT ( 'NONE',  ( 7.500000000000000000, 0.5999999999999999778, -3.149999999999999911 ) ) ;
#6436 = ORIENTED_EDGE ( 'NONE', *, *, #5200, .T. ) ;
#6437 = FACE_OUTER_BOUND ( 'NONE', #3747, .T. ) ;
#6438 = ORIENTED_EDGE ( 'NONE', *, *, #4326, .T. ) ;
#6439 = EDGE_CURVE ( 'NONE', #7118, #869, #6224, .T. ) ;
#6440 = CARTESIAN_POINT ( 'NONE',  ( -7.500000000000000000, 2.900543414065470227, -2.949999999999999734 ) ) ;
#6441 = FILL_AREA_STYLE ('',( #589 ) ) ;
#6442 = VERTEX_POINT ( 'NONE', #1084 ) ;
#6443 = CARTESIAN_POINT ( 'NONE',  ( 7.500000000000000000, 0.5999999999999999778, 0.8499999999999999778 ) ) ;
#6444 = CARTESIAN_POINT ( 'NONE',  ( 7.500000000000000000, 0.5999999999999999778, -1.250000000000000000 ) ) ;
#6445 = AXIS2_PLACEMENT_3D ( 'NONE', #194, #1681, #4480 ) ;
#6446 = LINE ( 'NONE', #3534, #2017 ) ;
#6447 = VECTOR ( 'NONE', #1994, 1000.000000000000114 ) ;
#6448 = DIRECTION ( 'NONE',  ( -0.6427876096865398070, 0.000000000000000000, -0.7660444431189777914 ) ) ;
#6449 = ORIENTED_EDGE ( 'NONE', *, *, #7157, .T. ) ;
#6450 = AXIS2_PLACEMENT_3D ( 'NONE', #903, #8131, #4451 ) ;
#6451 = CONTEXT_DEPENDENT_SHAPE_REPRESENTATION ( #8823, #6579 ) ;
#6452 = LINE ( 'NONE', #5018, #1534 ) ;
#6453 = DIRECTION ( 'NONE',  ( 0.000000000000000000, 0.000000000000000000, 1.000000000000000000 ) ) ;
#6454 = VECTOR ( 'NONE', #6810, 1000.000000000000000 ) ;
#6455 = CARTESIAN_POINT ( 'NONE',  ( 7.500000000000000000, 0.5999999999999999778, 4.899999999999999467 ) ) ;
#6456 = CARTESIAN_POINT ( 'NONE',  ( 5.950000000000000178, 2.900543414065470227, 1.050000000000000044 ) ) ;
#6457 = CARTESIAN_POINT ( 'NONE',  ( -0.5999999999999999778, 3.750000000000000000, 1.685782058326620092 ) ) ;
#6458 = VECTOR ( 'NONE', #7794, 1000.000000000000000 ) ;
#6459 = LINE ( 'NONE', #2682, #2241 ) ;
#6460 = VECTOR ( 'NONE', #3442, 1000.000000000000000 ) ;
#6461 = DIRECTION ( 'NONE',  ( 0.000000000000000000, 0.000000000000000000, -1.000000000000000000 ) ) ;
#6462 = EDGE_LOOP ( 'NONE', ( #7124, #5761, #9162, #3595, #8831, #2704 ) ) ;
#6463 = VECTOR ( 'NONE', #8593, 1000.000000000000000 ) ;
#6464 = ORIENTED_EDGE ( 'NONE', *, *, #8936, .F. ) ;
#6465 = DIRECTION ( 'NONE',  ( 0.000000000000000000, 0.000000000000000000, 1.000000000000000000 ) ) ;
#6466 = ORIENTED_EDGE ( 'NONE', *, *, #5449, .F. ) ;
#6467 = MECHANICAL_DESIGN_GEOMETRIC_PRESENTATION_REPRESENTATION (  '', ( #8586 ), #4471 ) ;
#6468 = CARTESIAN_POINT ( 'NONE',  ( -2.250000000000000000, 0.1000000000000000056, -0.5000000000000000000 ) ) ;
#6469 =( GEOMETRIC_REPRESENTATION_CONTEXT ( 3 ) GLOBAL_UNCERTAINTY_ASSIGNED_CONTEXT ( ( #5347 ) ) GLOBAL_UNIT_ASSIGNED_CONTEXT ( ( #432, #578, #5476 ) ) REPRESENTATION_CONTEXT ( 'NONE', 'WORKASPACE' ) );
#6470 = CARTESIAN_POINT ( 'NONE',  ( 2.976659776242249813E-16, 2.750000000000000000, -2.335481207337215093 ) ) ;
#6471 =( NAMED_UNIT ( * ) SI_UNIT ( $, .STERADIAN. ) SOLID_ANGLE_UNIT ( ) );
#6472 = LINE ( 'NONE', #2308, #1767 ) ;
#6473 = AXIS2_PLACEMENT_3D ( 'NONE', #5453, #9187, #1031 ) ;
#6474 = EDGE_CURVE ( 'NONE', #6518, #6158, #8715, .T. ) ;
#6475 = EDGE_CURVE ( 'NONE', #8326, #2772, #1122, .T. ) ;
#6476 = AXIS2_PLACEMENT_3D ( 'NONE', #7781, #1399, #1263 ) ;
#6477 = ORIENTED_EDGE ( 'NONE', *, *, #8292, .T. ) ;
#6478 = LINE ( 'NONE', #5035, #3403 ) ;
#6479 = ORIENTED_EDGE ( 'NONE', *, *, #2975, .F. ) ;
#6480 = VERTEX_POINT ( 'NONE', #2625 ) ;
#6481 = LINE ( 'NONE', #6623, #1392 ) ;
#6482 = ADVANCED_BREP_SHAPE_REPRESENTATION ( '', ( #1026, #3266 ), #8436 ) ;
#6483 = ORIENTED_EDGE ( 'NONE', *, *, #1283, .T. ) ;
#6484 = FILL_AREA_STYLE_COLOUR ( '', #6503 ) ;
#6485 = EDGE_CURVE ( 'NONE', #5316, #859, #3216, .T. ) ;
#6486 = PRESENTATION_LAYER_ASSIGNMENT (  '', '', ( #1773 ) ) ;
#6487 = AXIS2_PLACEMENT_3D ( 'NONE', #8733, #2045, #5860 ) ;
#6488 =( GEOMETRIC_REPRESENTATION_CONTEXT ( 3 ) GLOBAL_UNCERTAINTY_ASSIGNED_CONTEXT ( ( #9239 ) ) GLOBAL_UNIT_ASSIGNED_CONTEXT ( ( #5767, #7308, #698 ) ) REPRESENTATION_CONTEXT ( 'NONE', 'WORKASPACE' ) );
#6489 = PLANE ( 'NONE',  #8427 ) ;
#6490 = ORIENTED_EDGE ( 'NONE', *, *, #5034, .F. ) ;
#6491 = PLANE ( 'NONE',  #2043 ) ;
#6492 = PRESENTATION_LAYER_ASSIGNMENT (  '', '', ( #4965 ) ) ;
#6493 = EDGE_LOOP ( 'NONE', ( #9291, #6941, #9210, #7010 ) ) ;
#6494 = FILL_AREA_STYLE ('',( #670 ) ) ;
#6495 = ORIENTED_EDGE ( 'NONE', *, *, #4218, .F. ) ;
#6496 = DIRECTION ( 'NONE',  ( 1.000000000000000000, 0.000000000000000000, 0.000000000000000000 ) ) ;
#6497 = DIRECTION ( 'NONE',  ( 0.000000000000000000, 0.000000000000000000, -1.000000000000000000 ) ) ;
#6498 = PRESENTATION_LAYER_ASSIGNMENT (  '', '', ( #5433 ) ) ;
#6499 = LINE ( 'NONE', #8579, #267 ) ;
#6500 = SHAPE_REPRESENTATION ( 'Boss-Extrude4_1', ( #3266 ), #8142 ) ;
#6501 = EDGE_CURVE ( 'NONE', #6051, #7313, #4779, .T. ) ;
#6502 = PLANE ( 'NONE',  #5219 ) ;
#6503 = COLOUR_RGB ( '',0.7921568627450980005, 0.8196078431372548767, 0.9333333333333333481 ) ;
#6504 = DIRECTION ( 'NONE',  ( -0.9848077530122081313, 0.000000000000000000, -0.1736481776669305255 ) ) ;
#6505 = VERTEX_POINT ( 'NONE', #1877 ) ;
#6506 = CONTEXT_DEPENDENT_SHAPE_REPRESENTATION ( #8358, #887 ) ;
#6507 = SURFACE_SIDE_STYLE ('',( #6312 ) ) ;
#6508 = EDGE_CURVE ( 'NONE', #274, #9093, #6883, .T. ) ;
#6509 = FACE_OUTER_BOUND ( 'NONE', #3518, .T. ) ;
#6510 = DIRECTION ( 'NONE',  ( 0.000000000000000000, 0.000000000000000000, -1.000000000000000000 ) ) ;
#6511 = SURFACE_STYLE_FILL_AREA ( #1401 ) ;
#6512 = CARTESIAN_POINT ( 'NONE',  ( 7.500000000000000000, 0.5999999999999999778, -4.899999999999999467 ) ) ;
#6513 =( GEOMETRIC_REPRESENTATION_CONTEXT ( 3 ) GLOBAL_UNCERTAINTY_ASSIGNED_CONTEXT ( ( #3527 ) ) GLOBAL_UNIT_ASSIGNED_CONTEXT ( ( #347, #1827, #3062 ) ) REPRESENTATION_CONTEXT ( 'NONE', 'WORKASPACE' ) );
#6514 = ORIENTED_EDGE ( 'NONE', *, *, #3461, .F. ) ;
#6515 = ORIENTED_EDGE ( 'NONE', *, *, #1585, .F. ) ;
#6516 = CARTESIAN_POINT ( 'NONE',  ( 0.000000000000000000, 0.000000000000000000, 0.000000000000000000 ) ) ;
#6517 = AXIS2_PLACEMENT_3D ( 'NONE', #7205, #2826, #5066 ) ;
#6518 = VERTEX_POINT ( 'NONE', #5551 ) ;
#6519 = DIRECTION ( 'NONE',  ( 0.000000000000000000, 0.000000000000000000, 1.000000000000000000 ) ) ;
#6520 = ORIENTED_EDGE ( 'NONE', *, *, #3833, .T. ) ;
#6521 = FILL_AREA_STYLE_COLOUR ( '', #1639 ) ;
#6522 = PLANE ( 'NONE',  #2787 ) ;
#6523 = CARTESIAN_POINT ( 'NONE',  ( 4.599999999999999645, 3.750000000000000000, -1.727462418455419924 ) ) ;
#6524 = PRODUCT_DEFINITION_CONTEXT ( 'detailed design', #7510, 'design' ) ;
#6525 = CARTESIAN_POINT ( 'NONE',  ( 0.000000000000000000, 0.000000000000000000, 0.000000000000000000 ) ) ;
#6526 = ORIENTED_EDGE ( 'NONE', *, *, #5717, .T. ) ;
#6527 =( NAMED_UNIT ( * ) SI_UNIT ( $, .STERADIAN. ) SOLID_ANGLE_UNIT ( ) );
#6528 = ORIENTED_EDGE ( 'NONE', *, *, #1756, .T. ) ;
#6529 = ORIENTED_EDGE ( 'NONE', *, *, #9001, .F. ) ;
#6530 = EDGE_CURVE ( 'NONE', #8876, #6273, #408, .T. ) ;
#6531 = CARTESIAN_POINT ( 'NONE',  ( 3.799999999999999822, -2.455974827712295028, -1.056182713513598159 ) ) ;
#6532 = ADVANCED_FACE ( 'NONE', ( #1182 ), #356, .F. ) ;
#6533 = ORIENTED_EDGE ( 'NONE', *, *, #7783, .F. ) ;
#6534 = PRESENTATION_STYLE_ASSIGNMENT (( #4317 ) ) ;
#6535 =( NAMED_UNIT ( * ) PLANE_ANGLE_UNIT ( ) SI_UNIT ( $, .RADIAN. ) );
#6536 = CARTESIAN_POINT ( 'NONE',  ( 5.950000000000000178, 0.000000000000000000, 0.8499999999999999778 ) ) ;
#6537 = ADVANCED_FACE ( 'NONE', ( #7640 ), #2545, .T. ) ;
#6538 = LINE ( 'NONE', #1, #4309 ) ;
#6539 = ORIENTED_EDGE ( 'NONE', *, *, #5658, .F. ) ;
#6540 = EDGE_CURVE ( 'NONE', #2277, #1575, #4620, .T. ) ;
#6541 = ORIENTED_EDGE ( 'NONE', *, *, #5659, .F. ) ;
#6542 = PRODUCT_DEFINITION ( 'UNKNOWN', '', #4744, #2571 ) ;
#6543 = VERTEX_POINT ( 'NONE', #7026 ) ;
#6544 = CARTESIAN_POINT ( 'NONE',  ( -5.950000000000000178, 2.900543414065470227, 2.750000000000000000 ) ) ;
#6545 = CARTESIAN_POINT ( 'NONE',  ( 3.935639852470909972, 2.750000000000000000, 3.841781989187914803 ) ) ;
#6546 = DIRECTION ( 'NONE',  ( 0.6427876096865390299, 0.000000000000000000, 0.7660444431189782355 ) ) ;
#6547 = ORIENTED_EDGE ( 'NONE', *, *, #2527, .T. ) ;
#6548 = ITEM_DEFINED_TRANSFORMATION ( 'NONE', 'NONE', #9303,  #3266 ) ;
#6549 = APPLICATION_CONTEXT ( 'automotive_design' ) ;
#6550 = CARTESIAN_POINT ( 'NONE',  ( 4.535639852470909616, -2.455974827712295028, 3.338322210481544872 ) ) ;
#6551 = LINE ( 'NONE', #3496, #4405 ) ;
#6552 = FILL_AREA_STYLE_COLOUR ( '', #7841 ) ;
#6553 = CARTESIAN_POINT ( 'NONE',  ( 4.535639852470909616, 3.750000000000000000, 3.338322210481544872 ) ) ;
#6554 = LINE ( 'NONE', #5068, #8471 ) ;
#6555 = DIRECTION ( 'NONE',  ( 0.000000000000000000, 0.000000000000000000, 1.000000000000000000 ) ) ;
#6556 = ORIENTED_EDGE ( 'NONE', *, *, #2013, .F. ) ;
#6557 = EDGE_LOOP ( 'NONE', ( #180, #7492, #477, #4825, #3794, #1341 ) ) ;
#6558 = ORIENTED_EDGE ( 'NONE', *, *, #34, .F. ) ;
#6559 = DIRECTION ( 'NONE',  ( 0.7660444431189777914, 0.000000000000000000, -0.6427876096865398070 ) ) ;
#6560 = LINE ( 'NONE', #7360, #8321 ) ;
#6561 = DIRECTION ( 'NONE',  ( -0.1736481776669305255, 0.000000000000000000, 0.9848077530122081313 ) ) ;
#6562 =( LENGTH_UNIT ( ) NAMED_UNIT ( * ) SI_UNIT ( .MILLI., .METRE. ) );
#6563 = PRESENTATION_LAYER_ASSIGNMENT (  '', '', ( #4108 ) ) ;
#6564 = EDGE_CURVE ( 'NONE', #8571, #8560, #4106, .T. ) ;
#6565 = CARTESIAN_POINT ( 'NONE',  ( -5.950000000000000178, 2.900543414065470227, -1.050000000000000044 ) ) ;
#6566 = DIRECTION ( 'NONE',  ( 0.000000000000000000, 0.000000000000000000, 1.000000000000000000 ) ) ;
#6567 = EDGE_LOOP ( 'NONE', ( #4350, #6670, #7126, #4997 ) ) ;
#6568 = ORIENTED_EDGE ( 'NONE', *, *, #4121, .F. ) ;
#6569 = EDGE_LOOP ( 'NONE', ( #6750, #2027 ) ) ;
#6570 = AXIS2_PLACEMENT_3D ( 'NONE', #9105, #509, #561 ) ;
#6571 = CARTESIAN_POINT ( 'NONE',  ( 7.500000000000000000, 0.000000000000000000, 4.649999999999999467 ) ) ;
#6572 = EDGE_LOOP ( 'NONE', ( #2805, #2411, #1361, #7259 ) ) ;
#6573 = LINE ( 'NONE', #3039, #2837 ) ;
#6574 = DIRECTION ( 'NONE',  ( -0.6427876096865386968, 0.000000000000000000, -0.7660444431189786796 ) ) ;
#6575 = CARTESIAN_POINT ( 'NONE',  ( -5.950000000000000178, 0.5999999999999999778, 2.750000000000000000 ) ) ;
#6576 = ORIENTED_EDGE ( 'NONE', *, *, #532, .F. ) ;
#6577 = EDGE_CURVE ( 'NONE', #523, #3607, #5411, .T. ) ;
#6578 = LINE ( 'NONE', #5824, #3091 ) ;
#6579 = PRODUCT_DEFINITION_SHAPE ( 'NONE', 'NONE',  #9406 ) ;
#6580 = EDGE_LOOP ( 'NONE', ( #8283, #750, #3346, #5201 ) ) ;
#6581 = FACE_OUTER_BOUND ( 'NONE', #7725, .T. ) ;
#6582 =( NAMED_UNIT ( * ) PLANE_ANGLE_UNIT ( ) SI_UNIT ( $, .RADIAN. ) );
#6583 = AXIS2_PLACEMENT_3D ( 'NONE', #9008, #6327, #461 ) ;
#6584 = EDGE_LOOP ( 'NONE', ( #7003, #7721, #6274, #1989, #2266, #2319 ) ) ;
#6585 = DIRECTION ( 'NONE',  ( -1.000000000000000000, 0.000000000000000000, 0.000000000000000000 ) ) ;
#6586 =( NAMED_UNIT ( * ) PLANE_ANGLE_UNIT ( ) SI_UNIT ( $, .RADIAN. ) );
#6587 = PLANE ( 'NONE',  #7774 ) ;
#6588 = EDGE_CURVE ( 'NONE', #4914, #658, #1038, .T. ) ;
#6589 = EDGE_CURVE ( 'NONE', #6101, #5161, #6836, .T. ) ;
#6590 = EDGE_CURVE ( 'NONE', #6970, #2987, #7056, .T. ) ;
#6591 = PLANE ( 'NONE',  #2641 ) ;
#6592 = PLANE ( 'NONE',  #3883 ) ;
#6593 = DIRECTION ( 'NONE',  ( 0.000000000000000000, -1.000000000000000000, 0.000000000000000000 ) ) ;
#6594 = DIRECTION ( 'NONE',  ( 1.000000000000000000, 0.000000000000000000, 0.000000000000000000 ) ) ;
#6595 = FACE_OUTER_BOUND ( 'NONE', #5642, .T. ) ;
#6596 = EDGE_CURVE ( 'NONE', #3087, #8085, #8998, .T. ) ;
#6597 = LINE ( 'NONE', #3676, #6968 ) ;
#6598 = VECTOR ( 'NONE', #3754, 1000.000000000000114 ) ;
#6599 = SURFACE_STYLE_USAGE ( .BOTH. , #781 ) ;
#6600 = LINE ( 'NONE', #3113, #2479 ) ;
#6601 = AXIS2_PLACEMENT_3D ( 'NONE', #5148, #2049, #40 ) ;
#6602 = PLANE ( 'NONE',  #9336 ) ;
#6603 = SHAPE_REPRESENTATION ( 'Boss-Extrude3[10]_1', ( #3266 ), #9028 ) ;
#6604 = ORIENTED_EDGE ( 'NONE', *, *, #4065, .T. ) ;
#6605 = EDGE_LOOP ( 'NONE', ( #8941, #1831, #585, #1938, #7000, #360 ) ) ;
#6606 = PRODUCT_CONTEXT ( 'NONE', #3621, 'mechanical' ) ;
#6607 = PRESENTATION_LAYER_ASSIGNMENT (  '', '', ( #8119 ) ) ;
#6608 = CARTESIAN_POINT ( 'NONE',  ( -5.950000000000000178, 0.5999999999999999778, -2.949999999999999734 ) ) ;
#6609 = AXIS2_PLACEMENT_3D ( 'NONE', #21, #203, #7349 ) ;
#6610 = VECTOR ( 'NONE', #4425, 1000.000000000000000 ) ;
#6611 = CARTESIAN_POINT ( 'NONE',  ( -7.500000000000000000, 0.000000000000000000, 0.8499999999999999778 ) ) ;
#6612 = UNCERTAINTY_MEASURE_WITH_UNIT (LENGTH_MEASURE( 1.000000000000000082E-05 ), #2390, 'distance_accuracy_value', 'NONE');
#6613 =( GEOMETRIC_REPRESENTATION_CONTEXT ( 3 ) GLOBAL_UNCERTAINTY_ASSIGNED_CONTEXT ( ( #3919 ) ) GLOBAL_UNIT_ASSIGNED_CONTEXT ( ( #7587, #340, #1641 ) ) REPRESENTATION_CONTEXT ( 'NONE', 'WORKASPACE' ) );
#6614 = DIRECTION ( 'NONE',  ( 0.000000000000000000, 1.000000000000000000, 0.000000000000000000 ) ) ;
#6615 = EDGE_CURVE ( 'NONE', #3682, #5799, #7784, .T. ) ;
#6616 = VECTOR ( 'NONE', #7932, 1000.000000000000000 ) ;
#6617 = ORIENTED_EDGE ( 'NONE', *, *, #7739, .T. ) ;
#6618 = CARTESIAN_POINT ( 'NONE',  ( -7.500000000000000000, 0.000000000000000000, 4.450000000000000178 ) ) ;
#6619 = PRESENTATION_LAYER_ASSIGNMENT (  '', '', ( #8586 ) ) ;
#6620 = VERTEX_POINT ( 'NONE', #5655 ) ;
#6621 =( NAMED_UNIT ( * ) SI_UNIT ( $, .STERADIAN. ) SOLID_ANGLE_UNIT ( ) );
#6622 = EDGE_LOOP ( 'NONE', ( #8095, #8050, #7889, #9101, #2143, #3443 ) ) ;
#6623 = CARTESIAN_POINT ( 'NONE',  ( 3.799999999999999822, 2.750000000000000000, 2.461620773443864874 ) ) ;
#6624 = VERTEX_POINT ( 'NONE', #7965 ) ;
#6625 = VECTOR ( 'NONE', #6977, 999.9999999999998863 ) ;
#6626 = LINE ( 'NONE', #2995, #3459 ) ;
#6627 = ADVANCED_FACE ( 'NONE', ( #2025 ), #549, .F. ) ;
#6628 = FACE_OUTER_BOUND ( 'NONE', #8625, .T. ) ;
#6629 = VECTOR ( 'NONE', #4829, 1000.000000000000114 ) ;
#6630 = CARTESIAN_POINT ( 'NONE',  ( -7.500000000000000000, 0.000000000000000000, 3.149999999999999911 ) ) ;
#6631 = EDGE_LOOP ( 'NONE', ( #2451, #4498, #5150, #4604 ) ) ;
#6632 = VECTOR ( 'NONE', #5011, 1000.000000000000000 ) ;
#6633 =( GEOMETRIC_REPRESENTATION_CONTEXT ( 3 ) GLOBAL_UNCERTAINTY_ASSIGNED_CONTEXT ( ( #2488 ) ) GLOBAL_UNIT_ASSIGNED_CONTEXT ( ( #1807, #4704, #3800 ) ) REPRESENTATION_CONTEXT ( 'NONE', 'WORKASPACE' ) );
#6634 = ORIENTED_EDGE ( 'NONE', *, *, #7247, .F. ) ;
#6635 = CARTESIAN_POINT ( 'NONE',  ( 3.799999999999999822, 3.750000000000000000, 2.461620773443864874 ) ) ;
#6636 = SURFACE_STYLE_USAGE ( .BOTH. , #8706 ) ;
#6637 = CARTESIAN_POINT ( 'NONE',  ( 0.000000000000000000, 0.5999999999999999778, 2.750000000000000000 ) ) ;
#6638 =( GEOMETRIC_REPRESENTATION_CONTEXT ( 3 ) GLOBAL_UNCERTAINTY_ASSIGNED_CONTEXT ( ( #5856 ) ) GLOBAL_UNIT_ASSIGNED_CONTEXT ( ( #7820, #7108, #5049 ) ) REPRESENTATION_CONTEXT ( 'NONE', 'WORKASPACE' ) );
#6639 = CARTESIAN_POINT ( 'NONE',  ( -7.500000000000000000, 2.900543414065470227, 2.550000000000000266 ) ) ;
#6640 = VECTOR ( 'NONE', #732, 1000.000000000000000 ) ;
#6641 = CARTESIAN_POINT ( 'NONE',  ( -3.799999999999999822, 3.750000000000000000, 1.121535720059525953 ) ) ;
#6642 = VECTOR ( 'NONE', #3857, 1000.000000000000000 ) ;
#6643 =( GEOMETRIC_REPRESENTATION_CONTEXT ( 3 ) GLOBAL_UNCERTAINTY_ASSIGNED_CONTEXT ( ( #1834 ) ) GLOBAL_UNIT_ASSIGNED_CONTEXT ( ( #9271, #478, #6958 ) ) REPRESENTATION_CONTEXT ( 'NONE', 'WORKASPACE' ) );
#6644 = CARTESIAN_POINT ( 'NONE',  ( 0.5999999999999999778, -2.455974827712295028, -1.620429051780690077 ) ) ;
#6645 = ADVANCED_FACE ( 'NONE', ( #4921 ), #2076, .T. ) ;
#6646 =( LENGTH_UNIT ( ) NAMED_UNIT ( * ) SI_UNIT ( .MILLI., .METRE. ) );
#6647 = EDGE_CURVE ( 'NONE', #6624, #1760, #8101, .T. ) ;
#6648 = VECTOR ( 'NONE', #1333, 1000.000000000000000 ) ;
#6649 = DIRECTION ( 'NONE',  ( 0.000000000000000000, 0.000000000000000000, -1.000000000000000000 ) ) ;
#6650 = VECTOR ( 'NONE', #2365, 1000.000000000000114 ) ;
#6651 = LINE ( 'NONE', #929, #3996 ) ;
#6652 = DIRECTION ( 'NONE',  ( 1.000000000000000000, 0.000000000000000000, 0.000000000000000000 ) ) ;
#6653 = VERTEX_POINT ( 'NONE', #3714 ) ;
#6654 = EDGE_CURVE ( 'NONE', #1815, #4653, #919, .T. ) ;
#6655 = EDGE_LOOP ( 'NONE', ( #146, #1564, #3454, #8723 ) ) ;
#6656 = APPLICATION_PROTOCOL_DEFINITION ( 'draft international standard', 'automotive_design', 1998, #8003 ) ;
#6657 = PRESENTATION_STYLE_ASSIGNMENT (( #8863 ) ) ;
#6658 = STYLED_ITEM ( 'NONE', ( #2066 ), #2387 ) ;
#6659 = STYLED_ITEM ( 'NONE', ( #3490 ), #4767 ) ;
#6660 = LINE ( 'NONE', #6081, #9357 ) ;
#6661 = DIRECTION ( 'NONE',  ( 0.000000000000000000, 1.000000000000000000, 0.000000000000000000 ) ) ;
#6662 = PRODUCT ( 'Boss-Extrude3[3]_1', 'Boss-Extrude3[3]_1', '', ( #8811 ) ) ;
#6663 = VECTOR ( 'NONE', #9342, 1000.000000000000000 ) ;
#6664 = ORIENTED_EDGE ( 'NONE', *, *, #7566, .F. ) ;
#6665 = CARTESIAN_POINT ( 'NONE',  ( -7.500000000000000000, 0.5999999999999999778, 4.649999999999999467 ) ) ;
#6666 = VERTEX_POINT ( 'NONE', #4474 ) ;
#6667 = ORIENTED_EDGE ( 'NONE', *, *, #4803, .T. ) ;
#6668 =( LENGTH_UNIT ( ) NAMED_UNIT ( * ) SI_UNIT ( .MILLI., .METRE. ) );
#6669 = EDGE_CURVE ( 'NONE', #658, #2801, #8667, .T. ) ;
#6670 = ORIENTED_EDGE ( 'NONE', *, *, #4102, .T. ) ;
#6671 = LINE ( 'NONE', #7274, #257 ) ;
#6672 = UNCERTAINTY_MEASURE_WITH_UNIT (LENGTH_MEASURE( 1.000000000000000082E-05 ), #5401, 'distance_accuracy_value', 'NONE');
#6673 = DIRECTION ( 'NONE',  ( -0.1736481776669305255, 0.000000000000000000, 0.9848077530122081313 ) ) ;
#6674 = CARTESIAN_POINT ( 'NONE',  ( -4.367819926235454453, 3.750000000000000000, -3.479139848689915215 ) ) ;
#6675 = ORIENTED_EDGE ( 'NONE', *, *, #1523, .F. ) ;
#6676 = DIRECTION ( 'NONE',  ( 0.000000000000000000, -1.000000000000000000, 0.000000000000000000 ) ) ;
#6677 = ORIENTED_EDGE ( 'NONE', *, *, #4884, .F. ) ;
#6678 = ORIENTED_EDGE ( 'NONE', *, *, #531, .F. ) ;
#6679 = DIRECTION ( 'NONE',  ( 0.7660444431189782355, 0.000000000000000000, -0.6427876096865390299 ) ) ;
#6680 =( LENGTH_UNIT ( ) NAMED_UNIT ( * ) SI_UNIT ( .MILLI., .METRE. ) );
#6681 = DIRECTION ( 'NONE',  ( 0.000000000000000000, 1.000000000000000000, 0.000000000000000000 ) ) ;
#6682 = CARTESIAN_POINT ( 'NONE',  ( -7.500000000000000000, 0.5999999999999999778, 4.899999999999999467 ) ) ;
#6683 = EDGE_CURVE ( 'NONE', #9034, #4914, #7065, .T. ) ;
#6684 = CARTESIAN_POINT ( 'NONE',  ( 5.950000000000000178, 0.000000000000000000, -2.750000000000000000 ) ) ;
#6685 = FILL_AREA_STYLE ('',( #8164 ) ) ;
#6686 = FILL_AREA_STYLE ('',( #7123 ) ) ;
#6687 = CARTESIAN_POINT ( 'NONE',  ( 7.500000000000000000, 0.5999999999999999778, -1.050000000000000044 ) ) ;
#6688 = CARTESIAN_POINT ( 'NONE',  ( -4.503459778706369931, 2.750000000000000000, 1.711808560920089928 ) ) ;
#6689 = DIRECTION ( 'NONE',  ( -1.232817212792323889E-16, 0.000000000000000000, -1.000000000000000000 ) ) ;
#6690 = CARTESIAN_POINT ( 'NONE',  ( -4.367819926235454453, 3.750000000000000000, -3.479139848689915215 ) ) ;
#6691 = CARTESIAN_POINT ( 'NONE',  ( -7.500000000000000000, 2.900543414065470227, 1.899999999999999911 ) ) ;
#6692 = DIRECTION ( 'NONE',  ( 0.000000000000000000, -1.000000000000000000, 0.000000000000000000 ) ) ;
#6693 = EDGE_CURVE ( 'NONE', #8737, #51, #3095, .T. ) ;
#6694 = ORIENTED_EDGE ( 'NONE', *, *, #8171, .T. ) ;
#6695 = APPLICATION_PROTOCOL_DEFINITION ( 'draft international standard', 'automotive_design', 1998, #4147 ) ;
#6696 = CARTESIAN_POINT ( 'NONE',  ( 7.500000000000000000, 0.5999999999999999778, -4.450000000000000178 ) ) ;
#6697 = SURFACE_STYLE_USAGE ( .BOTH. , #845 ) ;
#6698 = CARTESIAN_POINT ( 'NONE',  ( 5.950000000000000178, 0.5999999999999999778, -1.050000000000000044 ) ) ;
#6699 = VECTOR ( 'NONE', #1645, 1000.000000000000000 ) ;
#6700 =( NAMED_UNIT ( * ) SI_UNIT ( $, .STERADIAN. ) SOLID_ANGLE_UNIT ( ) );
#6701 = ADVANCED_FACE ( 'NONE', ( #5886 ), #3011, .F. ) ;
#6702 = CARTESIAN_POINT ( 'NONE',  ( -4.400000000000000355, 2.750000000000000000, 3.000000000000000000 ) ) ;
#6703 = ORIENTED_EDGE ( 'NONE', *, *, #3968, .T. ) ;
#6704 = DIRECTION ( 'NONE',  ( -0.7660444431189777914, 0.000000000000000000, 0.6427876096865398070 ) ) ;
#6705 = ORIENTED_EDGE ( 'NONE', *, *, #8553, .F. ) ;
#6706 = DIRECTION ( 'NONE',  ( 0.7660444431189777914, 0.000000000000000000, -0.6427876096865398070 ) ) ;
#6707 = ORIENTED_EDGE ( 'NONE', *, *, #8217, .T. ) ;
#6708 = CARTESIAN_POINT ( 'NONE',  ( -3.799999999999999822, 2.750000000000000000, 1.121535720059525953 ) ) ;
#6709 = SURFACE_SIDE_STYLE ('',( #3799 ) ) ;
#6710 = CARTESIAN_POINT ( 'NONE',  ( -5.950000000000000178, 0.000000000000000000, 4.649999999999999467 ) ) ;
#6711 = PRODUCT ( 'Boss-Extrude3[1]_1', 'Boss-Extrude3[1]_1', '', ( #1552 ) ) ;
#6712 = CARTESIAN_POINT ( 'NONE',  ( 4.432180073764544481, 2.750000000000000000, -1.927462418455420101 ) ) ;
#6713 = ORIENTED_EDGE ( 'NONE', *, *, #3296, .T. ) ;
#6714 = DIRECTION ( 'NONE',  ( 0.7660444431189777914, 0.000000000000000000, -0.6427876096865398070 ) ) ;
#6715 = AXIS2_PLACEMENT_3D ( 'NONE', #1517, #9368, #1759 ) ;
#6716 = VERTEX_POINT ( 'NONE', #2196 ) ;
#6717 = FILL_AREA_STYLE_COLOUR ( '', #726 ) ;
#6718 = ORIENTED_EDGE ( 'NONE', *, *, #1812, .T. ) ;
#6719 = CARTESIAN_POINT ( 'NONE',  ( 9.757819551890340433E-16, 2.750000000000000000, 2.400834213883145107 ) ) ;
#6720 = CARTESIAN_POINT ( 'NONE',  ( 0.000000000000000000, 0.5999999999999999778, -4.649999999999999467 ) ) ;
#6721 = CARTESIAN_POINT ( 'NONE',  ( -0.8000000000000000444, 3.750000000000000000, 1.788248978016145241 ) ) ;
#6722 = VECTOR ( 'NONE', #9305, 1000.000000000000000 ) ;
#6723 = LINE ( 'NONE', #3241, #1013 ) ;
#6724 = EDGE_CURVE ( 'NONE', #7890, #4016, #4776, .T. ) ;
#6725 = DIRECTION ( 'NONE',  ( 1.000000000000000000, 0.000000000000000000, 0.000000000000000000 ) ) ;
#6726 = CARTESIAN_POINT ( 'NONE',  ( 0.000000000000000000, 0.5999999999999999778, -0.8499999999999999778 ) ) ;
#6727 = DIRECTION ( 'NONE',  ( -0.7660444431189782355, 0.000000000000000000, 0.6427876096865390299 ) ) ;
#6728 = EDGE_CURVE ( 'NONE', #564, #148, #153, .T. ) ;
#6729 = EDGE_LOOP ( 'NONE', ( #5230, #2604, #5999, #8232, #555, #6466 ) ) ;
#6730 = DIRECTION ( 'NONE',  ( 0.000000000000000000, 1.000000000000000000, 0.000000000000000000 ) ) ;
#6731 = CARTESIAN_POINT ( 'NONE',  ( 5.950000000000000178, 0.000000000000000000, -1.050000000000000044 ) ) ;
#6732 = AXIS2_PLACEMENT_3D ( 'NONE', #1802, #7607, #1132 ) ;
#6733 = PLANE ( 'NONE',  #8626 ) ;
#6734 = CARTESIAN_POINT ( 'NONE',  ( -4.367819926235454453, 2.750000000000000000, -3.479139848689915215 ) ) ;
#6735 = LINE ( 'NONE', #4496, #74 ) ;
#6736 = ORIENTED_EDGE ( 'NONE', *, *, #3258, .T. ) ;
#6737 = EDGE_LOOP ( 'NONE', ( #4835, #6515, #7744, #2547 ) ) ;
#6738 = PRODUCT_CONTEXT ( 'NONE', #9000, 'mechanical' ) ;
#6739 = DIRECTION ( 'NONE',  ( 0.000000000000000000, 0.000000000000000000, 1.000000000000000000 ) ) ;
#6740 = DIRECTION ( 'NONE',  ( 0.000000000000000000, -1.000000000000000000, 0.000000000000000000 ) ) ;
#6741 = SURFACE_SIDE_STYLE ('',( #940 ) ) ;
#6742 = ORIENTED_EDGE ( 'NONE', *, *, #5498, .T. ) ;
#6743 = VECTOR ( 'NONE', #4084, 1000.000000000000000 ) ;
#6744 = FACE_OUTER_BOUND ( 'NONE', #3005, .T. ) ;
#6745 = SURFACE_STYLE_USAGE ( .BOTH. , #5326 ) ;
#6746 = ORIENTED_EDGE ( 'NONE', *, *, #6577, .F. ) ;
#6747 = EDGE_LOOP ( 'NONE', ( #4379, #786, #4525, #1551, #3845, #8339 ) ) ;
#6748 = LINE ( 'NONE', #6050, #7318 ) ;
#6749 = VECTOR ( 'NONE', #7457, 1000.000000000000000 ) ;
#6750 = ORIENTED_EDGE ( 'NONE', *, *, #8714, .F. ) ;
#6751 = CARTESIAN_POINT ( 'NONE',  ( 7.500000000000000000, 0.5999999999999999778, -0.8499999999999999778 ) ) ;
#6752 = EDGE_CURVE ( 'NONE', #3997, #5375, #6018, .T. ) ;
#6753 = ADVANCED_FACE ( 'NONE', ( #2386 ), #2165, .F. ) ;
#6754 = FILL_AREA_STYLE_COLOUR ( '', #4178 ) ;
#6755 = PRESENTATION_LAYER_ASSIGNMENT (  '', '', ( #1744 ) ) ;
#6756 = CARTESIAN_POINT ( 'NONE',  ( -4.503459778706369931, 3.750000000000000000, 1.711808560920089928 ) ) ;
#6757 = VECTOR ( 'NONE', #4041, 1000.000000000000000 ) ;
#6758 = EDGE_LOOP ( 'NONE', ( #7572, #946, #7791, #1758, #223, #7567 ) ) ;
#6759 = VECTOR ( 'NONE', #1840, 1000.000000000000000 ) ;
#6760 = CARTESIAN_POINT ( 'NONE',  ( 2.976659776242249813E-16, -2.455974827712295028, -2.335481207337215093 ) ) ;
#6761 = ORIENTED_EDGE ( 'NONE', *, *, #7971, .F. ) ;
#6762 = AXIS2_PLACEMENT_3D ( 'NONE', #5982, #784, #3169 ) ;
#6763 = ADVANCED_FACE ( 'NONE', ( #5183 ), #8078, .F. ) ;
#6764 = VECTOR ( 'NONE', #830, 1000.000000000000000 ) ;
#6765 = ORIENTED_EDGE ( 'NONE', *, *, #7427, .T. ) ;
#6766 = CARTESIAN_POINT ( 'NONE',  ( -3.600000000000000089, 3.750000000000000000, -2.564087693133389578 ) ) ;
#6767 = PRESENTATION_STYLE_ASSIGNMENT (( #2385 ) ) ;
#6768 = SURFACE_STYLE_FILL_AREA ( #1678 ) ;
#6769 = VECTOR ( 'NONE', #13, 1000.000000000000114 ) ;
#6770 = DIRECTION ( 'NONE',  ( 0.000000000000000000, -1.000000000000000000, 0.000000000000000000 ) ) ;
#6771 = LINE ( 'NONE', #8938, #8575 ) ;
#6772 = VECTOR ( 'NONE', #3030, 1000.000000000000000 ) ;
#6773 = CARTESIAN_POINT ( 'NONE',  ( 3.935639852470909972, -2.455974827712295028, 3.841781989187914803 ) ) ;
#6774 = ORIENTED_EDGE ( 'NONE', *, *, #8927, .T. ) ;
#6775 = PRESENTATION_LAYER_ASSIGNMENT (  '', '', ( #6025 ) ) ;
#6776 = LINE ( 'NONE', #8487, #1175 ) ;
#6777 = LINE ( 'NONE', #8249, #1766 ) ;
#6778 = ADVANCED_FACE ( 'NONE', ( #4349 ), #739, .F. ) ;
#6779 = CARTESIAN_POINT ( 'NONE',  ( 0.5999999999999999778, -2.455974827712295028, 1.897374435176775176 ) ) ;
#6780 = VECTOR ( 'NONE', #5936, 1000.000000000000000 ) ;
#6781 = UNCERTAINTY_MEASURE_WITH_UNIT (LENGTH_MEASURE( 1.000000000000000082E-05 ), #1576, 'distance_accuracy_value', 'NONE');
#6782 = DIRECTION ( 'NONE',  ( 0.000000000000000000, 0.000000000000000000, -1.000000000000000000 ) ) ;
#6783 = SURFACE_SIDE_STYLE ('',( #399 ) ) ;
#6784 = LINE ( 'NONE', #1922, #8121 ) ;
#6785 = STYLED_ITEM ( 'NONE', ( #8759 ), #2466 ) ;
#6786 = EDGE_LOOP ( 'NONE', ( #136, #4251, #3480, #934 ) ) ;
#6787 = EDGE_CURVE ( 'NONE', #4896, #6249, #2060, .T. ) ;
#6788 = ORIENTED_EDGE ( 'NONE', *, *, #7683, .T. ) ;
#6789 = APPLICATION_PROTOCOL_DEFINITION ( 'draft international standard', 'automotive_design', 1998, #1370 ) ;
#6790 = PRODUCT_DEFINITION_SHAPE ( 'NONE', 'NONE',  #9168 ) ;
#6791 = CARTESIAN_POINT ( 'NONE',  ( -0.8000000000000000444, -2.455974827712295028, 1.788248978016145241 ) ) ;
#6792 = FACE_OUTER_BOUND ( 'NONE', #1051, .T. ) ;
#6793 = MECHANICAL_DESIGN_GEOMETRIC_PRESENTATION_REPRESENTATION (  '', ( #8611 ), #7397 ) ;
#6794 = VECTOR ( 'NONE', #8781, 1000.000000000000000 ) ;
#6795 = DIRECTION ( 'NONE',  ( 0.000000000000000000, -1.000000000000000000, 0.000000000000000000 ) ) ;
#6796 = EDGE_CURVE ( 'NONE', #9283, #7869, #6031, .T. ) ;
#6797 = EDGE_LOOP ( 'NONE', ( #8693, #252, #2878, #2851 ) ) ;
#6798 = CARTESIAN_POINT ( 'NONE',  ( -5.950000000000000178, 3.750000000000000000, -0.8499999999999999778 ) ) ;
#6799 = AXIS2_PLACEMENT_3D ( 'NONE', #2940, #5870, #5372 ) ;
#6800 = ORIENTED_EDGE ( 'NONE', *, *, #8264, .F. ) ;
#6801 = PRESENTATION_LAYER_ASSIGNMENT (  '', '', ( #4053 ) ) ;
#6802 = ORIENTED_EDGE ( 'NONE', *, *, #3379, .T. ) ;
#6803 = DIRECTION ( 'NONE',  ( 1.000000000000000000, 0.000000000000000000, 0.000000000000000000 ) ) ;
#6804 = ORIENTED_EDGE ( 'NONE', *, *, #2467, .T. ) ;
#6805 = CARTESIAN_POINT ( 'NONE',  ( -7.500000000000000000, 0.000000000000000000, 1.899999999999999911 ) ) ;
#6806 = PRESENTATION_STYLE_ASSIGNMENT (( #5471 ) ) ;
#6807 = AXIS2_PLACEMENT_3D ( 'NONE', #5300, #6814, #8338 ) ;
#6808 = FACE_OUTER_BOUND ( 'NONE', #7714, .T. ) ;
#6809 = VERTEX_POINT ( 'NONE', #5220 ) ;
#6810 = DIRECTION ( 'NONE',  ( 0.000000000000000000, -1.000000000000000000, 0.000000000000000000 ) ) ;
#6811 = PRODUCT_DEFINITION ( 'UNKNOWN', '', #5056, #1469 ) ;
#6812 = ADVANCED_FACE ( 'NONE', ( #1547 ), #3066, .F. ) ;
#6813 = ORIENTED_EDGE ( 'NONE', *, *, #6363, .F. ) ;
#6814 = DIRECTION ( 'NONE',  ( 0.000000000000000000, 0.000000000000000000, -1.000000000000000000 ) ) ;
#6815 = ORIENTED_EDGE ( 'NONE', *, *, #6817, .T. ) ;
#6816 = LINE ( 'NONE', #6061, #3586 ) ;
#6817 = EDGE_CURVE ( 'NONE', #5626, #1323, #72, .T. ) ;
#6818 = DIRECTION ( 'NONE',  ( 0.000000000000000000, 0.000000000000000000, -1.000000000000000000 ) ) ;
#6819 = PRODUCT_DEFINITION ( 'UNKNOWN', '', #1713, #5084 ) ;
#6820 = SURFACE_STYLE_USAGE ( .BOTH. , #6106 ) ;
#6821 = PLANE ( 'NONE',  #2364 ) ;
#6822 = FACE_OUTER_BOUND ( 'NONE', #2799, .T. ) ;
#6823 = ORIENTED_EDGE ( 'NONE', *, *, #4507, .F. ) ;
#6824 = DIRECTION ( 'NONE',  ( 0.000000000000000000, 0.000000000000000000, -1.000000000000000000 ) ) ;
#6825 = DIRECTION ( 'NONE',  ( 0.000000000000000000, 0.000000000000000000, -1.000000000000000000 ) ) ;
#6826 = LINE ( 'NONE', #2474, #2803 ) ;
#6827 = PLANE ( 'NONE',  #5763 ) ;
#6828 = PLANE ( 'NONE',  #8325 ) ;
#6829 = CARTESIAN_POINT ( 'NONE',  ( -2.250000000000000000, 0.1000000000000000056, 0.000000000000000000 ) ) ;
#6830 = EDGE_CURVE ( 'NONE', #3905, #7327, #892, .T. ) ;
#6831 = DIRECTION ( 'NONE',  ( -0.7660444431189776804, 0.000000000000000000, 0.6427876096865396960 ) ) ;
#6832 = ORIENTED_EDGE ( 'NONE', *, *, #793, .T. ) ;
#6833 = ORIENTED_EDGE ( 'NONE', *, *, #1113, .T. ) ;
#6834 = DIRECTION ( 'NONE',  ( 0.000000000000000000, -1.000000000000000000, 0.000000000000000000 ) ) ;
#6835 = LINE ( 'NONE', #8958, #724 ) ;
#6836 = LINE ( 'NONE', #3317, #1432 ) ;
#6837 = CARTESIAN_POINT ( 'NONE',  ( -7.500000000000000000, 0.5999999999999999778, 2.949999999999999734 ) ) ;
#6838 =( NAMED_UNIT ( * ) SI_UNIT ( $, .STERADIAN. ) SOLID_ANGLE_UNIT ( ) );
#6839 = EDGE_CURVE ( 'NONE', #3270, #1487, #7352, .T. ) ;
#6840 = ORIENTED_EDGE ( 'NONE', *, *, #1901, .T. ) ;
#6841 = FACE_OUTER_BOUND ( 'NONE', #6385, .T. ) ;
#6842 = SURFACE_STYLE_USAGE ( .BOTH. , #993 ) ;
#6843 = ORIENTED_EDGE ( 'NONE', *, *, #8160, .F. ) ;
#6844 = PLANE ( 'NONE',  #1269 ) ;
#6845 =( NAMED_UNIT ( * ) PLANE_ANGLE_UNIT ( ) SI_UNIT ( $, .RADIAN. ) );
#6846 = ORIENTED_EDGE ( 'NONE', *, *, #7642, .T. ) ;
#6847 = LINE ( 'NONE', #8968, #7019 ) ;
#6848 = ORIENTED_EDGE ( 'NONE', *, *, #2611, .T. ) ;
#6849 = CARTESIAN_POINT ( 'NONE',  ( -7.500000000000000000, 0.000000000000000000, 4.899999999999999467 ) ) ;
#6850 = EDGE_CURVE ( 'NONE', #5184, #508, #6019, .T. ) ;
#6851 =( NAMED_UNIT ( * ) SI_UNIT ( $, .STERADIAN. ) SOLID_ANGLE_UNIT ( ) );
#6852 = VECTOR ( 'NONE', #3537, 1000.000000000000000 ) ;
#6853 = VERTEX_POINT ( 'NONE', #8953 ) ;
#6854 = ORIENTED_EDGE ( 'NONE', *, *, #3988, .T. ) ;
#6855 = SHAPE_REPRESENTATION_RELATIONSHIP ( 'NONE' , 'NONE' ,  #4954, #8522 ) ;
#6856 = FILL_AREA_STYLE ('',( #3946 ) ) ;
#6857 = ORIENTED_EDGE ( 'NONE', *, *, #7548, .F. ) ;
#6858 = DIRECTION ( 'NONE',  ( 0.000000000000000000, 1.000000000000000000, 0.000000000000000000 ) ) ;
#6859 = CARTESIAN_POINT ( 'NONE',  ( -3.799999999999999822, 2.750000000000000000, -2.396267766897934859 ) ) ;
#6860 = EDGE_CURVE ( 'NONE', #5134, #8280, #7407, .T. ) ;
#6861 = VECTOR ( 'NONE', #433, 1000.000000000000000 ) ;
#6862 = FACE_OUTER_BOUND ( 'NONE', #7788, .T. ) ;
#6863 = CARTESIAN_POINT ( 'NONE',  ( 2.250000000000000000, 0.000000000000000000, 0.5000000000000000000 ) ) ;
#6864 = PRODUCT_DEFINITION_SHAPE ( 'NONE', 'NONE',  #55 ) ;
#6865 = PLANE ( 'NONE',  #4485 ) ;
#6866 = PLANE ( 'NONE',  #7519 ) ;
#6867 = ORIENTED_EDGE ( 'NONE', *, *, #2408, .T. ) ;
#6868 = CARTESIAN_POINT ( 'NONE',  ( -5.200000000000000178, 0.000000000000000000, -3.000000000000000000 ) ) ;
#6869 = EDGE_CURVE ( 'NONE', #607, #5006, #1599, .T. ) ;
#6870 = UNCERTAINTY_MEASURE_WITH_UNIT (LENGTH_MEASURE( 1.000000000000000082E-05 ), #4666, 'distance_accuracy_value', 'NONE');
#6871 = ADVANCED_FACE ( 'NONE', ( #8114 ), #6602, .F. ) ;
#6872 = EDGE_CURVE ( 'NONE', #8228, #5586, #6735, .T. ) ;
#6873 =( NAMED_UNIT ( * ) PLANE_ANGLE_UNIT ( ) SI_UNIT ( $, .RADIAN. ) );
#6874 = DIRECTION ( 'NONE',  ( -1.000000000000000000, 0.000000000000000000, 0.000000000000000000 ) ) ;
#6875 = CARTESIAN_POINT ( 'NONE',  ( 2.250000000000000000, 0.000000000000000000, 1.099999999999999867 ) ) ;
#6876 = ORIENTED_EDGE ( 'NONE', *, *, #8045, .T. ) ;
#6877 = CONTEXT_DEPENDENT_SHAPE_REPRESENTATION ( #2820, #8622 ) ;
#6878 = EDGE_CURVE ( 'NONE', #3235, #9093, #3871, .T. ) ;
#6879 = UNCERTAINTY_MEASURE_WITH_UNIT (LENGTH_MEASURE( 1.000000000000000082E-05 ), #6070, 'distance_accuracy_value', 'NONE');
#6880 = PLANE ( 'NONE',  #5648 ) ;
#6881 = AXIS2_PLACEMENT_3D ( 'NONE', #2590, #2551, #8365 ) ;
#6882 = FACE_OUTER_BOUND ( 'NONE', #3555, .T. ) ;
#6883 = LINE ( 'NONE', #1796, #9332 ) ;
#6884 = DIRECTION ( 'NONE',  ( 0.000000000000000000, 0.000000000000000000, 1.000000000000000000 ) ) ;
#6885 = VECTOR ( 'NONE', #4772, 1000.000000000000000 ) ;
#6886 = ORIENTED_EDGE ( 'NONE', *, *, #5259, .T. ) ;
#6887 = CARTESIAN_POINT ( 'NONE',  ( -7.500000000000000000, 0.000000000000000000, 2.550000000000000266 ) ) ;
#6888 = DIRECTION ( 'NONE',  ( -1.232817212792323889E-16, 0.000000000000000000, -1.000000000000000000 ) ) ;
#6889 = EDGE_LOOP ( 'NONE', ( #3598, #3478, #1159, #4085 ) ) ;
#6890 = CARTESIAN_POINT ( 'NONE',  ( 0.000000000000000000, 0.000000000000000000, 0.000000000000000000 ) ) ;
#6891 = VERTEX_POINT ( 'NONE', #8772 ) ;
#6892 = FACE_OUTER_BOUND ( 'NONE', #1909, .T. ) ;
#6893 = ORIENTED_EDGE ( 'NONE', *, *, #5071, .T. ) ;
#6894 = DIRECTION ( 'NONE',  ( 0.000000000000000000, -1.000000000000000000, 0.000000000000000000 ) ) ;
#6895 = LINE ( 'NONE', #7654, #7225 ) ;
#6896 = ADVANCED_FACE ( 'NONE', ( #2264 ), #5173, .F. ) ;
#6897 = EDGE_CURVE ( 'NONE', #658, #3900, #3256, .T. ) ;
#6898 = EDGE_LOOP ( 'NONE', ( #2756, #1696, #7518, #4958 ) ) ;
#6899 = CLOSED_SHELL ( 'NONE', ( #1352, #4545, #1573, #8896, #4693, #133, #174, #5934 ) ) ;
#6900 = PLANE ( 'NONE',  #5379 ) ;
#6901 = EDGE_LOOP ( 'NONE', ( #6109, #9304, #8269, #706 ) ) ;
#6902 = MECHANICAL_DESIGN_GEOMETRIC_PRESENTATION_REPRESENTATION (  '', ( #2041 ), #4001 ) ;
#6903 = EDGE_CURVE ( 'NONE', #2728, #4988, #2540, .T. ) ;
#6904 = DIRECTION ( 'NONE',  ( -0.6427876096865396960, 0.000000000000000000, -0.7660444431189776804 ) ) ;
#6905 = VERTEX_POINT ( 'NONE', #6875 ) ;
#6906 = AXIS2_PLACEMENT_3D ( 'NONE', #8981, #8162, #7531 ) ;
#6907 = PLANE ( 'NONE',  #374 ) ;
#6908 =( NAMED_UNIT ( * ) SI_UNIT ( $, .STERADIAN. ) SOLID_ANGLE_UNIT ( ) );
#6909 = AXIS2_PLACEMENT_3D ( 'NONE', #699, #4990, #7169 ) ;
#6910 = DIRECTION ( 'NONE',  ( 1.000000000000000000, 0.000000000000000000, 0.000000000000000000 ) ) ;
#6911 = VECTOR ( 'NONE', #937, 1000.000000000000000 ) ;
#6912 = DIRECTION ( 'NONE',  ( -0.7660444431189782355, 0.000000000000000000, 0.6427876096865391409 ) ) ;
#6913 = PRESENTATION_LAYER_ASSIGNMENT (  '', '', ( #4320 ) ) ;
#6914 =( NAMED_UNIT ( * ) PLANE_ANGLE_UNIT ( ) SI_UNIT ( $, .RADIAN. ) );
#6915 = CARTESIAN_POINT ( 'NONE',  ( 4.432180073764544481, 3.750000000000000000, -1.927462418455420101 ) ) ;
#6916 = VECTOR ( 'NONE', #7612, 1000.000000000000000 ) ;
#6917 = ORIENTED_EDGE ( 'NONE', *, *, #5477, .T. ) ;
#6918 = PRESENTATION_STYLE_ASSIGNMENT (( #4719 ) ) ;
#6919 =( NAMED_UNIT ( * ) SI_UNIT ( $, .STERADIAN. ) SOLID_ANGLE_UNIT ( ) );
#6920 = VECTOR ( 'NONE', #8805, 1000.000000000000000 ) ;
#6921 =( NAMED_UNIT ( * ) PLANE_ANGLE_UNIT ( ) SI_UNIT ( $, .RADIAN. ) );
#6922 = DIRECTION ( 'NONE',  ( 0.000000000000000000, 1.000000000000000000, 0.000000000000000000 ) ) ;
#6923 = CARTESIAN_POINT ( 'NONE',  ( 5.950000000000000178, 0.5999999999999999778, 0.8499999999999999778 ) ) ;
#6924 = STYLED_ITEM ( 'NONE', ( #4188 ), #7339 ) ;
#6925 = EDGE_CURVE ( 'NONE', #3638, #1900, #2620, .T. ) ;
#6926 = EDGE_CURVE ( 'NONE', #7762, #3874, #5353, .T. ) ;
#6927 = ORIENTED_EDGE ( 'NONE', *, *, #5064, .F. ) ;
#6928 = CONTEXT_DEPENDENT_SHAPE_REPRESENTATION ( #4764, #187 ) ;
#6929 = DIRECTION ( 'NONE',  ( 1.000000000000000000, 0.000000000000000000, 0.000000000000000000 ) ) ;
#6930 = STYLED_ITEM ( 'NONE', ( #4101 ), #1171 ) ;
#6931 = CARTESIAN_POINT ( 'NONE',  ( -3.814359353944920095, 2.316601048851675060, -3.799999999999999822 ) ) ;
#6932 = VECTOR ( 'NONE', #7800, 999.9999999999998863 ) ;
#6933 = LINE ( 'NONE', #410, #2838 ) ;
#6934 = EDGE_CURVE ( 'NONE', #9058, #2216, #8448, .T. ) ;
#6935 = MECHANICAL_DESIGN_GEOMETRIC_PRESENTATION_REPRESENTATION (  '', ( #4965 ), #2986 ) ;
#6936 = ORIENTED_EDGE ( 'NONE', *, *, #9242, .F. ) ;
#6937 = CARTESIAN_POINT ( 'NONE',  ( -5.950000000000000178, 0.000000000000000000, 0.8499999999999999778 ) ) ;
#6938 = DIRECTION ( 'NONE',  ( -0.9848077530122079093, 0.000000000000000000, -0.1736481776669309696 ) ) ;
#6939 = ORIENTED_EDGE ( 'NONE', *, *, #7548, .T. ) ;
#6940 = DIRECTION ( 'NONE',  ( 1.000000000000000000, 0.000000000000000000, 0.000000000000000000 ) ) ;
#6941 = ORIENTED_EDGE ( 'NONE', *, *, #3890, .F. ) ;
#6942 = DIRECTION ( 'NONE',  ( 1.232817212792323889E-16, 0.000000000000000000, 1.000000000000000000 ) ) ;
#6943 = VECTOR ( 'NONE', #2012, 1000.000000000000000 ) ;
#6944 = ORIENTED_EDGE ( 'NONE', *, *, #9371, .T. ) ;
#6945 = FILL_AREA_STYLE ('',( #5515 ) ) ;
#6946 = CARTESIAN_POINT ( 'NONE',  ( -5.950000000000000178, 0.000000000000000000, -4.649999999999999467 ) ) ;
#6948 =( GEOMETRIC_REPRESENTATION_CONTEXT ( 3 ) GLOBAL_UNCERTAINTY_ASSIGNED_CONTEXT ( ( #3756 ) ) GLOBAL_UNIT_ASSIGNED_CONTEXT ( ( #9387, #8745, #1622 ) ) REPRESENTATION_CONTEXT ( 'NONE', 'WORKASPACE' ) );
#6947 = DIRECTION ( 'NONE',  ( 1.000000000000000000, 0.000000000000000000, 0.000000000000000000 ) ) ;
#6949 = PRODUCT_DEFINITION_SHAPE ( 'NONE', 'NONE',  #4409 ) ;
#6950 = LINE ( 'NONE', #5518, #7672 ) ;
#6951 = FACE_OUTER_BOUND ( 'NONE', #6786, .T. ) ;
#6952 = VECTOR ( 'NONE', #3832, 1000.000000000000000 ) ;
#6953 = PRESENTATION_STYLE_ASSIGNMENT (( #7804 ) ) ;
#6954 = ORIENTED_EDGE ( 'NONE', *, *, #4944, .F. ) ;
#6955 = EDGE_CURVE ( 'NONE', #73, #6505, #1925, .T. ) ;
#6956 = CARTESIAN_POINT ( 'NONE',  ( 7.500000000000000000, 2.900543414065470227, -2.550000000000000266 ) ) ;
#6957 = VERTEX_POINT ( 'NONE', #8255 ) ;
#6958 =( NAMED_UNIT ( * ) SI_UNIT ( $, .STERADIAN. ) SOLID_ANGLE_UNIT ( ) );
#6959 =( NAMED_UNIT ( * ) SI_UNIT ( $, .STERADIAN. ) SOLID_ANGLE_UNIT ( ) );
#6960 = AXIS2_PLACEMENT_3D ( 'NONE', #676, #4964, #4909 ) ;
#6961 = DIRECTION ( 'NONE',  ( 0.000000000000000000, 1.000000000000000000, 0.000000000000000000 ) ) ;
#6962 = VECTOR ( 'NONE', #7300, 1000.000000000000000 ) ;
#6963 = EDGE_CURVE ( 'NONE', #7869, #296, #7636, .T. ) ;
#6964 = PLANE ( 'NONE',  #7206 ) ;
#6965 = ORIENTED_EDGE ( 'NONE', *, *, #6195, .T. ) ;
#6966 = DIRECTION ( 'NONE',  ( 1.000000000000000000, 0.000000000000000000, 0.000000000000000000 ) ) ;
#6967 = CARTESIAN_POINT ( 'NONE',  ( 5.950000000000000178, 0.000000000000000000, 4.649999999999999467 ) ) ;
#6968 = VECTOR ( 'NONE', #1500, 1000.000000000000000 ) ;
#6969 = PRODUCT_DEFINITION_CONTEXT ( 'detailed design', #8660, 'design' ) ;
#6970 = VERTEX_POINT ( 'NONE', #9043 ) ;
#6971 = FACE_OUTER_BOUND ( 'NONE', #1433, .T. ) ;
#6972 = DIRECTION ( 'NONE',  ( 0.000000000000000000, -1.000000000000000000, 0.000000000000000000 ) ) ;
#6973 = ADVANCED_FACE ( 'NONE', ( #8351 ), #6309, .F. ) ;
#6974 = SURFACE_SIDE_STYLE ('',( #1172 ) ) ;
#6975 = DIRECTION ( 'NONE',  ( 0.7660444431189782355, 0.000000000000000000, -0.6427876096865391409 ) ) ;
#6976 = CARTESIAN_POINT ( 'NONE',  ( 0.8000000000000000444, 2.750000000000000000, -3.006760912279035303 ) ) ;
#6977 = DIRECTION ( 'NONE',  ( -0.9848077530122081313, 0.000000000000000000, -0.1736481776669305255 ) ) ;
#6978 = VERTEX_POINT ( 'NONE', #4822 ) ;
#6979 = CONTEXT_DEPENDENT_SHAPE_REPRESENTATION ( #32, #643 ) ;
#6980 = DIRECTION ( 'NONE',  ( 0.000000000000000000, 0.000000000000000000, 1.000000000000000000 ) ) ;
#6981 = DIRECTION ( 'NONE',  ( 0.000000000000000000, 0.000000000000000000, -1.000000000000000000 ) ) ;
#6982 = DIRECTION ( 'NONE',  ( 1.000000000000000000, 0.000000000000000000, 0.000000000000000000 ) ) ;
#6983 = EDGE_CURVE ( 'NONE', #8571, #9023, #1216, .T. ) ;
#6984 = ORIENTED_EDGE ( 'NONE', *, *, #4241, .F. ) ;
#6985 = LINE ( 'NONE', #4647, #8126 ) ;
#6986 = CARTESIAN_POINT ( 'NONE',  ( 7.500000000000000000, 0.000000000000000000, 2.750000000000000000 ) ) ;
#6987 = ORIENTED_EDGE ( 'NONE', *, *, #5166, .T. ) ;
#6988 = CARTESIAN_POINT ( 'NONE',  ( 0.000000000000000000, 0.000000000000000000, 0.000000000000000000 ) ) ;
#6989 = ORIENTED_EDGE ( 'NONE', *, *, #2395, .T. ) ;
#6990 = CARTESIAN_POINT ( 'NONE',  ( 3.664360147529090117, 2.750000000000000000, -1.283185001540684045 ) ) ;
#6991 = ORIENTED_EDGE ( 'NONE', *, *, #6588, .T. ) ;
#6992 = DIRECTION ( 'NONE',  ( -1.000000000000000000, 0.000000000000000000, 0.000000000000000000 ) ) ;
#6993 = PLANE ( 'NONE',  #3253 ) ;
#6994 = ADVANCED_FACE ( 'NONE', ( #8991 ), #2485, .F. ) ;
#6995 = CARTESIAN_POINT ( 'NONE',  ( -7.500000000000000000, 0.5999999999999999778, 4.899999999999999467 ) ) ;
#6996 = EDGE_CURVE ( 'NONE', #3171, #3468, #4637, .T. ) ;
#6997 = LINE ( 'NONE', #4848, #7978 ) ;
#6998 = LINE ( 'NONE', #7132, #6447 ) ;
#6999 = CARTESIAN_POINT ( 'NONE',  ( -5.950000000000000178, 0.5999999999999999778, -2.949999999999999734 ) ) ;
#7000 = ORIENTED_EDGE ( 'NONE', *, *, #5071, .F. ) ;
#7001 = DIRECTION ( 'NONE',  ( 1.000000000000000000, 0.000000000000000000, 0.000000000000000000 ) ) ;
#7002 = LINE ( 'NONE', #1151, #2742 ) ;
#7003 = ORIENTED_EDGE ( 'NONE', *, *, #2822, .F. ) ;
#7004 = CARTESIAN_POINT ( 'NONE',  ( 7.500000000000000000, 3.750000000000000000, -0.8499999999999999778 ) ) ;
#7005 =( LENGTH_UNIT ( ) NAMED_UNIT ( * ) SI_UNIT ( .MILLI., .METRE. ) );
#7006 = ORIENTED_EDGE ( 'NONE', *, *, #1233, .T. ) ;
#7007 = FACE_OUTER_BOUND ( 'NONE', #9127, .T. ) ;
#7008 = ORIENTED_EDGE ( 'NONE', *, *, #2722, .T. ) ;
#7009 = LINE ( 'NONE', #485, #8867 ) ;
#7010 = ORIENTED_EDGE ( 'NONE', *, *, #4186, .T. ) ;
#7011 = CARTESIAN_POINT ( 'NONE',  ( 5.950000000000000178, 0.000000000000000000, 0.8499999999999999778 ) ) ;
#7012 = FACE_OUTER_BOUND ( 'NONE', #9233, .T. ) ;
#7013 = DIRECTION ( 'NONE',  ( -0.7660444431189782355, 0.000000000000000000, 0.6427876096865391409 ) ) ;
#7014 = VECTOR ( 'NONE', #3010, 1000.000000000000000 ) ;
#7015 = CARTESIAN_POINT ( 'NONE',  ( -0.2000000000000000111, 2.750000000000000000, -2.573831925856055136 ) ) ;
#7016 = EDGE_CURVE ( 'NONE', #956, #274, #7682, .T. ) ;
#7017 = EDGE_CURVE ( 'NONE', #3024, #5919, #1118, .T. ) ;
#7018 = CARTESIAN_POINT ( 'NONE',  ( -7.500000000000000000, 2.900543414065470227, 3.799999999999999822 ) ) ;
#7019 = VECTOR ( 'NONE', #6803, 1000.000000000000000 ) ;
#7020 = ORIENTED_EDGE ( 'NONE', *, *, #1235, .F. ) ;
#7021 = ITEM_DEFINED_TRANSFORMATION ( 'NONE', 'NONE', #7331,  #3266 ) ;
#7022 = VECTOR ( 'NONE', #4434, 1000.000000000000000 ) ;
#7023 = CARTESIAN_POINT ( 'NONE',  ( 4.599999999999999645, 2.750000000000000000, -1.727462418455419924 ) ) ;
#7024 = FILL_AREA_STYLE_COLOUR ( '', #8517 ) ;
#7025 = PLANE ( 'NONE',  #7216 ) ;
#7026 = CARTESIAN_POINT ( 'NONE',  ( 7.500000000000000000, 0.000000000000000000, -2.750000000000000000 ) ) ;
#7027 = CARTESIAN_POINT ( 'NONE',  ( 3.664360147529090117, 3.750000000000000000, 2.575436123625144624 ) ) ;
#7028 = PRESENTATION_LAYER_ASSIGNMENT (  '', '', ( #641 ) ) ;
#7029 = APPLICATION_CONTEXT ( 'automotive_design' ) ;
#7030 = ORIENTED_EDGE ( 'NONE', *, *, #3688, .T. ) ;
#7031 = CARTESIAN_POINT ( 'NONE',  ( 0.000000000000000000, 0.5999999999999999778, 1.050000000000000044 ) ) ;
#7032 = CARTESIAN_POINT ( 'NONE',  ( -7.499999999999920064, 0.5999999999999999778, -2.949999999999999734 ) ) ;
#7033 = VERTEX_POINT ( 'NONE', #6923 ) ;
#7034 = PRODUCT_DEFINITION_FORMATION_WITH_SPECIFIED_SOURCE ( 'ANY', '', #482, .NOT_KNOWN. ) ;
#7035 = CARTESIAN_POINT ( 'NONE',  ( 0.000000000000000000, 0.000000000000000000, 0.000000000000000000 ) ) ;
#7036 = ORIENTED_EDGE ( 'NONE', *, *, #8826, .F. ) ;
#7037 = CARTESIAN_POINT ( 'NONE',  ( -4.400000000000000355, -2.455974827712295028, 4.200000000000000178 ) ) ;
#7038 = EDGE_LOOP ( 'NONE', ( #104, #5416, #5918, #1250, #7506, #3315 ) ) ;
#7039 = CARTESIAN_POINT ( 'NONE',  ( 5.000000000000000000, 2.750000000000000000, -1.250760981417740059 ) ) ;
#7040 = SURFACE_STYLE_USAGE ( .BOTH. , #567 ) ;
#7041 = CARTESIAN_POINT ( 'NONE',  ( 7.500000000000000000, 0.000000000000000000, 1.899999999999999911 ) ) ;
#7042 = CARTESIAN_POINT ( 'NONE',  ( 0.8000000000000000444, -2.455974827712295028, -1.788248978016140134 ) ) ;
#7043 = LINE ( 'NONE', #517, #4146 ) ;
#7044 = ORIENTED_EDGE ( 'NONE', *, *, #64, .T. ) ;
#7045 = EDGE_CURVE ( 'NONE', #5161, #2708, #401, .T. ) ;
#7046 = PRESENTATION_STYLE_ASSIGNMENT (( #4129 ) ) ;
#7047 = EDGE_CURVE ( 'NONE', #3847, #5003, #2578, .T. ) ;
#7048 = ORIENTED_EDGE ( 'NONE', *, *, #2024, .T. ) ;
#7049 =( LENGTH_UNIT ( ) NAMED_UNIT ( * ) SI_UNIT ( .MILLI., .METRE. ) );
#7050 = COLOUR_RGB ( '',0.7921568627450980005, 0.8196078431372548767, 0.9333333333333333481 ) ;
#7051 = ORIENTED_EDGE ( 'NONE', *, *, #3269, .T. ) ;
#7052 = VECTOR ( 'NONE', #3220, 1000.000000000000000 ) ;
#7053 = EDGE_CURVE ( 'NONE', #3623, #6343, #8396, .T. ) ;
#7054 = DIRECTION ( 'NONE',  ( 0.000000000000000000, 0.000000000000000000, 1.000000000000000000 ) ) ;
#7055 = VERTEX_POINT ( 'NONE', #450 ) ;
#7056 = LINE ( 'NONE', #5641, #4773 ) ;
#7057 = VECTOR ( 'NONE', #2005, 1000.000000000000000 ) ;
#7058 = VECTOR ( 'NONE', #572, 1000.000000000000000 ) ;
#7059 = VERTEX_POINT ( 'NONE', #2674 ) ;
#7060 = CARTESIAN_POINT ( 'NONE',  ( 0.000000000000000000, 0.5999999999999999778, 4.649999999999999467 ) ) ;
#7061 = FACE_OUTER_BOUND ( 'NONE', #4294, .T. ) ;
#7062 = SURFACE_STYLE_USAGE ( .BOTH. , #3489 ) ;
#7063 = VECTOR ( 'NONE', #5954, 1000.000000000000000 ) ;
#7064 = PRESENTATION_STYLE_ASSIGNMENT (( #2710 ) ) ;
#7065 = CIRCLE ( 'NONE', #524, 0.6500000000000000222 ) ;
#7066 = UNCERTAINTY_MEASURE_WITH_UNIT (LENGTH_MEASURE( 1.000000000000000082E-05 ), #4239, 'distance_accuracy_value', 'NONE');
#7067 = VECTOR ( 'NONE', #3619, 1000.000000000000000 ) ;
#7068 = VECTOR ( 'NONE', #317, 1000.000000000000000 ) ;
#7069 = CARTESIAN_POINT ( 'NONE',  ( -5.950000000000000178, 2.900543414065470227, 4.649999999999999467 ) ) ;
#7070 = ORIENTED_EDGE ( 'NONE', *, *, #8566, .F. ) ;
#7071 = EDGE_CURVE ( 'NONE', #2170, #2055, #1259, .T. ) ;
#7072 = VECTOR ( 'NONE', #6546, 1000.000000000000114 ) ;
#7073 = CARTESIAN_POINT ( 'NONE',  ( 1.192622389734053891E-15, 2.750000000000000000, 2.400834213883145107 ) ) ;
#7074 = CARTESIAN_POINT ( 'NONE',  ( 7.500000000000000000, 0.5999999999999999778, 1.050000000000000044 ) ) ;
#7075 = CARTESIAN_POINT ( 'NONE',  ( -3.871279704941819944, 3.750000000000000000, 2.465211434995460582 ) ) ;
#7076 = MECHANICAL_DESIGN_GEOMETRIC_PRESENTATION_REPRESENTATION (  '', ( #4169 ), #7526 ) ;
#7077 =( GEOMETRIC_REPRESENTATION_CONTEXT ( 3 ) GLOBAL_UNCERTAINTY_ASSIGNED_CONTEXT ( ( #6781 ) ) GLOBAL_UNIT_ASSIGNED_CONTEXT ( ( #1576, #6582, #1388 ) ) REPRESENTATION_CONTEXT ( 'NONE', 'WORKASPACE' ) );
#7078 = FACE_OUTER_BOUND ( 'NONE', #5708, .T. ) ;
#7079 = EDGE_CURVE ( 'NONE', #3684, #4412, #2197, .T. ) ;
#7080 = ORIENTED_EDGE ( 'NONE', *, *, #4527, .F. ) ;
#7081 = CARTESIAN_POINT ( 'NONE',  ( 0.000000000000000000, 0.000000000000000000, 0.000000000000000000 ) ) ;
#7082 = COLOUR_RGB ( '',0.7921568627450980005, 0.8196078431372548767, 0.9333333333333333481 ) ;
#7083 = LINE ( 'NONE', #415, #8301 ) ;
#7084 = ORIENTED_EDGE ( 'NONE', *, *, #5903, .F. ) ;
#7085 = DIRECTION ( 'NONE',  ( 1.000000000000000000, 0.000000000000000000, 0.000000000000000000 ) ) ;
#7086 = ORIENTED_EDGE ( 'NONE', *, *, #7194, .F. ) ;
#7087 = DIRECTION ( 'NONE',  ( -0.7660444431189782355, 0.000000000000000000, 0.6427876096865391409 ) ) ;
#7088 = VERTEX_POINT ( 'NONE', #7243 ) ;
#7089 = CARTESIAN_POINT ( 'NONE',  ( -3.799999999999999822, 3.750000000000000000, -2.396267766897934859 ) ) ;
#7090 = VECTOR ( 'NONE', #1498, 999.9999999999998863 ) ;
#7091 = ADVANCED_FACE ( 'NONE', ( #7776 ), #2157, .F. ) ;
#7092 = FACE_BOUND ( 'NONE', #7146, .T. ) ;
#7093 = DIRECTION ( 'NONE',  ( 0.7660444431189782355, 0.000000000000000000, -0.6427876096865390299 ) ) ;
#7094 = VECTOR ( 'NONE', #3050, 1000.000000000000000 ) ;
#7095 = LINE ( 'NONE', #6383, #7236 ) ;
#7096 = PRESENTATION_STYLE_ASSIGNMENT (( #2176 ) ) ;
#7097 = AXIS2_PLACEMENT_3D ( 'NONE', #5742, #537, #1349 ) ;
#7098 = EDGE_LOOP ( 'NONE', ( #6707, #6201, #4710, #3566 ) ) ;
#7099 = MECHANICAL_DESIGN_GEOMETRIC_PRESENTATION_REPRESENTATION (  '', ( #8161 ), #867 ) ;
#7100 = ORIENTED_EDGE ( 'NONE', *, *, #5386, .F. ) ;
#7101 = AXIS2_PLACEMENT_3D ( 'NONE', #8515, #6432, #5582 ) ;
#7102 = STYLED_ITEM ( 'NONE', ( #3205 ), #4128 ) ;
#7103 = PRODUCT_DEFINITION ( 'UNKNOWN', '', #7034, #705 ) ;
#7104 = ORIENTED_EDGE ( 'NONE', *, *, #2966, .F. ) ;
#7105 = EDGE_CURVE ( 'NONE', #8312, #8994, #7522, .T. ) ;
#7106 = LINE ( 'NONE', #2703, #4461 ) ;
#7107 = ORIENTED_EDGE ( 'NONE', *, *, #1418, .F. ) ;
#7108 =( NAMED_UNIT ( * ) PLANE_ANGLE_UNIT ( ) SI_UNIT ( $, .RADIAN. ) );
#7109 = LINE ( 'NONE', #591, #4465 ) ;
#7110 = ORIENTED_EDGE ( 'NONE', *, *, #6485, .F. ) ;
#7111 = VECTOR ( 'NONE', #6782, 1000.000000000000000 ) ;
#7112 = DIRECTION ( 'NONE',  ( -1.232817212792323889E-16, 0.000000000000000000, -1.000000000000000000 ) ) ;
#7113 = CARTESIAN_POINT ( 'NONE',  ( -7.500000000000000000, 2.900543414065470227, -0.8499999999999999778 ) ) ;
#7114 = EDGE_CURVE ( 'NONE', #103, #9369, #8587, .T. ) ;
#7115 = PRODUCT_DEFINITION ( 'UNKNOWN', '', #338, #6214 ) ;
#7116 = LINE ( 'NONE', #597, #112 ) ;
#7117 = COLOUR_RGB ( '',0.7921568627450980005, 0.8196078431372548767, 0.9333333333333333481 ) ;
#7118 = VERTEX_POINT ( 'NONE', #8670 ) ;
#7119 = CARTESIAN_POINT ( 'NONE',  ( 0.000000000000000000, 0.5999999999999999778, 0.000000000000000000 ) ) ;
#7120 = LINE ( 'NONE', #6408, #4786 ) ;
#7121 = PLANE ( 'NONE',  #3606 ) ;
#7122 = EDGE_LOOP ( 'NONE', ( #7697, #7255, #2504, #14 ) ) ;
#7123 = FILL_AREA_STYLE_COLOUR ( '', #1281 ) ;
#7124 = ORIENTED_EDGE ( 'NONE', *, *, #8581, .T. ) ;
#7125 = ORIENTED_EDGE ( 'NONE', *, *, #8451, .T. ) ;
#7126 = ORIENTED_EDGE ( 'NONE', *, *, #2254, .T. ) ;
#7127 = CARTESIAN_POINT ( 'NONE',  ( 7.500000000000000000, 0.5999999999999999778, -1.050000000000000044 ) ) ;
#7128 = LINE ( 'NONE', #2779, #2950 ) ;
#7129 =( NAMED_UNIT ( * ) SI_UNIT ( $, .STERADIAN. ) SOLID_ANGLE_UNIT ( ) );
#7130 = FILL_AREA_STYLE ('',( #1329 ) ) ;
#7131 = CARTESIAN_POINT ( 'NONE',  ( 5.950000000000000178, 0.000000000000000000, -4.649999999999999467 ) ) ;
#7132 = CARTESIAN_POINT ( 'NONE',  ( -5.000000000000000000, 2.750000000000000000, 1.120054968325876033 ) ) ;
#7133 = CARTESIAN_POINT ( 'NONE',  ( 7.500000000000000000, 0.5999999999999999778, 3.149999999999999911 ) ) ;
#7134 = EDGE_LOOP ( 'NONE', ( #7509, #2285, #7166, #2665, #4700, #801, #7521, #138, #4529, #2353, #1059, #4145, #6675, #5238, #443, #7381, #4565, #2053, #9201, #4079, #8662, #1180, #8403, #9255, #4114, #2990, #4894, #3033, #2369, #2062, #1055, #3936, #2901, #7368, #560, #4211, #6800, #6705, #7200, #4970, #4804, #8038, #6495, #2563 ) ) ;
#7135 = ORIENTED_EDGE ( 'NONE', *, *, #8616, .F. ) ;
#7136 = LINE ( 'NONE', #8422, #3515 ) ;
#7137 = VERTEX_POINT ( 'NONE', #6360 ) ;
#7138 = DIRECTION ( 'NONE',  ( 1.000000000000000000, 0.000000000000000000, 0.000000000000000000 ) ) ;
#7139 = DIRECTION ( 'NONE',  ( 0.9848077530122081313, 0.000000000000000000, 0.1736481776669305255 ) ) ;
#7140 = EDGE_LOOP ( 'NONE', ( #2327, #5422, #1720, #1206 ) ) ;
#7141 = LINE ( 'NONE', #4375, #4150 ) ;
#7142 = ORIENTED_EDGE ( 'NONE', *, *, #7276, .T. ) ;
#7143 =( NAMED_UNIT ( * ) SI_UNIT ( $, .STERADIAN. ) SOLID_ANGLE_UNIT ( ) );
#7144 = UNCERTAINTY_MEASURE_WITH_UNIT (LENGTH_MEASURE( 1.000000000000000082E-05 ), #119, 'distance_accuracy_value', 'NONE');
#7145 = SHAPE_REPRESENTATION_RELATIONSHIP ( 'NONE' , 'NONE' ,  #8194, #2957 ) ;
#7146 = EDGE_LOOP ( 'NONE', ( #6464, #2888, #4689 ) ) ;
#7147 = CARTESIAN_POINT ( 'NONE',  ( -5.950000000000000178, 2.900543414065470227, -1.050000000000000044 ) ) ;
#7148 = FILL_AREA_STYLE_COLOUR ( '', #7082 ) ;
#7149 =( NAMED_UNIT ( * ) PLANE_ANGLE_UNIT ( ) SI_UNIT ( $, .RADIAN. ) );
#7150 = SHAPE_REPRESENTATION ( 'Boss-Extrude6[8]_1', ( #3266 ), #8728 ) ;
#7151 =( NAMED_UNIT ( * ) PLANE_ANGLE_UNIT ( ) SI_UNIT ( $, .RADIAN. ) );
#7152 = ORIENTED_EDGE ( 'NONE', *, *, #2810, .F. ) ;
#7153 = SURFACE_SIDE_STYLE ('',( #7779 ) ) ;
#7154 = EDGE_CURVE ( 'NONE', #5134, #7564, #1393, .T. ) ;
#7155 = DIRECTION ( 'NONE',  ( 0.000000000000000000, -1.000000000000000000, 0.000000000000000000 ) ) ;
#7156 = LINE ( 'NONE', #7922, #5100 ) ;
#7157 = EDGE_CURVE ( 'NONE', #3609, #2946, #8531, .T. ) ;
#7158 = DIRECTION ( 'NONE',  ( 0.000000000000000000, -1.000000000000000000, 0.000000000000000000 ) ) ;
#7159 = CYLINDRICAL_SURFACE ( 'NONE', #8630, 0.6500000000000001332 ) ;
#7160 = LINE ( 'NONE', #5504, #4816 ) ;
#7161 = VECTOR ( 'NONE', #1241, 1000.000000000000000 ) ;
#7162 = ORIENTED_EDGE ( 'NONE', *, *, #8063, .T. ) ;
#7163 = EDGE_CURVE ( 'NONE', #4733, #1941, #2763, .T. ) ;
#7164 = VERTEX_POINT ( 'NONE', #5649 ) ;
#7165 = APPLICATION_PROTOCOL_DEFINITION ( 'draft international standard', 'automotive_design', 1998, #1014 ) ;
#7166 = ORIENTED_EDGE ( 'NONE', *, *, #4981, .F. ) ;
#7167 = CARTESIAN_POINT ( 'NONE',  ( -4.567819926235459960, 2.750000000000000000, -3.311319922454459608 ) ) ;
#7168 = CARTESIAN_POINT ( 'NONE',  ( -3.814359353944920095, 0.000000000000000000, -3.799999999999999822 ) ) ;
#7169 = DIRECTION ( 'NONE',  ( 0.000000000000000000, -1.000000000000000000, 0.000000000000000000 ) ) ;
#7170 = CARTESIAN_POINT ( 'NONE',  ( 7.500000000000000000, 0.5999999999999999778, 4.649999999999999467 ) ) ;
#7171 = MECHANICAL_DESIGN_GEOMETRIC_PRESENTATION_REPRESENTATION (  '', ( #5969 ), #6422 ) ;
#7172 = PLANE ( 'NONE',  #1727 ) ;
#7173 = CARTESIAN_POINT ( 'NONE',  ( 7.500000000000000000, 2.900543414065470227, 1.250000000000000000 ) ) ;
#7174 = ORIENTED_EDGE ( 'NONE', *, *, #8714, .T. ) ;
#7175 = CARTESIAN_POINT ( 'NONE',  ( -7.500000000000000000, 2.900543414065470227, 1.250000000000000000 ) ) ;
#7176 = ORIENTED_EDGE ( 'NONE', *, *, #1418, .T. ) ;
#7177 = ADVANCED_FACE ( 'NONE', ( #4282 ), #7916, .F. ) ;
#7178 = LINE ( 'NONE', #5151, #4419 ) ;
#7179 = EDGE_CURVE ( 'NONE', #3476, #7869, #7198, .T. ) ;
#7180 = EDGE_LOOP ( 'NONE', ( #7575, #2831, #7848, #308 ) ) ;
#7181 =( LENGTH_UNIT ( ) NAMED_UNIT ( * ) SI_UNIT ( .MILLI., .METRE. ) );
#7182 = FACE_OUTER_BOUND ( 'NONE', #8364, .T. ) ;
#7183 = PRODUCT_DEFINITION_FORMATION_WITH_SPECIFIED_SOURCE ( 'ANY', '', #4360, .NOT_KNOWN. ) ;
#7184 = DIRECTION ( 'NONE',  ( 0.000000000000000000, 0.000000000000000000, 1.000000000000000000 ) ) ;
#7185 = VERTEX_POINT ( 'NONE', #2866 ) ;
#7186 = ADVANCED_FACE ( 'NONE', ( #9386 ), #3535, .F. ) ;
#7187 = CARTESIAN_POINT ( 'NONE',  ( -5.950000000000000178, 0.5999999999999999778, 2.949999999999999734 ) ) ;
#7188 = ORIENTED_EDGE ( 'NONE', *, *, #2108, .T. ) ;
#7189 = CARTESIAN_POINT ( 'NONE',  ( 2.976659776242249813E-16, -2.455974827712295028, -2.335481207337215093 ) ) ;
#7190 = DIRECTION ( 'NONE',  ( 0.000000000000000000, -1.000000000000000000, 0.000000000000000000 ) ) ;
#7191 = EDGE_LOOP ( 'NONE', ( #2695, #3557, #8774, #6310 ) ) ;
#7192 = FACE_OUTER_BOUND ( 'NONE', #1231, .T. ) ;
#7193 = CARTESIAN_POINT ( 'NONE',  ( 0.000000000000000000, 3.750000000000000000, 0.000000000000000000 ) ) ;
#7194 = EDGE_CURVE ( 'NONE', #3609, #8505, #2815, .T. ) ;
#7195 = VECTOR ( 'NONE', #8832, 1000.000000000000000 ) ;
#7196 = CARTESIAN_POINT ( 'NONE',  ( 4.599999999999999645, -2.455974827712295028, -1.727462418455419924 ) ) ;
#7197 = CLOSED_SHELL ( 'NONE', ( #3472, #3520, #2933, #8211, #4824, #2600, #9137, #2832 ) ) ;
#7198 = LINE ( 'NONE', #683, #2956 ) ;
#7199 = PRODUCT_DEFINITION_CONTEXT ( 'detailed design', #5081, 'design' ) ;
#7200 = ORIENTED_EDGE ( 'NONE', *, *, #331, .F. ) ;
#7201 = CONTEXT_DEPENDENT_SHAPE_REPRESENTATION ( #5770, #4975 ) ;
#7202 = LINE ( 'NONE', #1397, #4029 ) ;
#7203 = PRESENTATION_STYLE_ASSIGNMENT (( #4973 ) ) ;
#7204 = VECTOR ( 'NONE', #147, 1000.000000000000000 ) ;
#7205 = CARTESIAN_POINT ( 'NONE',  ( 7.500000000000000000, 0.5999999999999999778, 4.899999999999999467 ) ) ;
#7206 = AXIS2_PLACEMENT_3D ( 'NONE', #7233, #2058, #4416 ) ;
#7207 = CARTESIAN_POINT ( 'NONE',  ( -5.950000000000000178, 2.900543414065470227, -1.050000000000000044 ) ) ;
#7208 = AXIS2_PLACEMENT_3D ( 'NONE', #8208, #3993, #5973 ) ;
#7209 = ADVANCED_FACE ( 'NONE', ( #60 ), #7481, .F. ) ;
#7210 = EDGE_CURVE ( 'NONE', #6853, #916, #4483, .T. ) ;
#7211 = ORIENTED_EDGE ( 'NONE', *, *, #2342, .T. ) ;
#7212 = VECTOR ( 'NONE', #8959, 1000.000000000000000 ) ;
#7213 = ORIENTED_EDGE ( 'NONE', *, *, #4195, .F. ) ;
#7214 = APPLICATION_PROTOCOL_DEFINITION ( 'draft international standard', 'automotive_design', 1998, #5447 ) ;
#7215 = ORIENTED_EDGE ( 'NONE', *, *, #8292, .F. ) ;
#7216 = AXIS2_PLACEMENT_3D ( 'NONE', #498, #9339, #3399 ) ;
#7217 = PLANE ( 'NONE',  #3065 ) ;
#7218 = EDGE_LOOP ( 'NONE', ( #4892, #9222, #7977, #2377 ) ) ;
#7219 = FACE_OUTER_BOUND ( 'NONE', #5246, .T. ) ;
#7220 = PRESENTATION_STYLE_ASSIGNMENT (( #794 ) ) ;
#7221 =( GEOMETRIC_REPRESENTATION_CONTEXT ( 3 ) GLOBAL_UNCERTAINTY_ASSIGNED_CONTEXT ( ( #6397 ) ) GLOBAL_UNIT_ASSIGNED_CONTEXT ( ( #8641, #9250, #5797 ) ) REPRESENTATION_CONTEXT ( 'NONE', 'WORKASPACE' ) );
#7222 = EDGE_CURVE ( 'NONE', #3409, #1344, #3100, .T. ) ;
#7223 = FACE_OUTER_BOUND ( 'NONE', #6605, .T. ) ;
#7224 = VECTOR ( 'NONE', #779, 1000.000000000000114 ) ;
#7225 = VECTOR ( 'NONE', #3940, 1000.000000000000000 ) ;
#7226 = ORIENTED_EDGE ( 'NONE', *, *, #5485, .T. ) ;
#7227 = CARTESIAN_POINT ( 'NONE',  ( 7.500000000000000000, 0.5999999999999999778, -2.949999999999999734 ) ) ;
#7228 = ORIENTED_EDGE ( 'NONE', *, *, #6983, .T. ) ;
#7229 = VERTEX_POINT ( 'NONE', #2200 ) ;
#7230 = DIRECTION ( 'NONE',  ( 0.000000000000000000, 0.000000000000000000, 1.000000000000000000 ) ) ;
#7231 = DIRECTION ( 'NONE',  ( 0.000000000000000000, 0.000000000000000000, -1.000000000000000000 ) ) ;
#7232 = PRESENTATION_LAYER_ASSIGNMENT (  '', '', ( #6658 ) ) ;
#7233 = CARTESIAN_POINT ( 'NONE',  ( 3.664360147529090117, 2.750000000000000000, -1.283185001540684045 ) ) ;
#7234 = ORIENTED_EDGE ( 'NONE', *, *, #4863, .T. ) ;
#7235 =( NAMED_UNIT ( * ) PLANE_ANGLE_UNIT ( ) SI_UNIT ( $, .RADIAN. ) );
#7236 = VECTOR ( 'NONE', #9265, 1000.000000000000000 ) ;
#7237 = EDGE_LOOP ( 'NONE', ( #190, #7551, #4182, #5697 ) ) ;
#7238 = VERTEX_POINT ( 'NONE', #1537 ) ;
#7239 = PRESENTATION_STYLE_ASSIGNMENT (( #5202 ) ) ;
#7240 = DIRECTION ( 'NONE',  ( 0.000000000000000000, 0.000000000000000000, -1.000000000000000000 ) ) ;
#7241 = MANIFOLD_SOLID_BREP ( 'Boss-Extrude3[4][1]', #6899 ) ;
#7242 = VECTOR ( 'NONE', #281, 1000.000000000000000 ) ;
#7243 = CARTESIAN_POINT ( 'NONE',  ( 7.500000000000000000, 0.000000000000000000, 4.450000000000000178 ) ) ;
#7244 = VECTOR ( 'NONE', #6982, 1000.000000000000000 ) ;
#7245 = EDGE_LOOP ( 'NONE', ( #3862, #6833, #942, #4406, #4737, #4139 ) ) ;
#7246 = DIRECTION ( 'NONE',  ( -0.6427876096865396960, 0.000000000000000000, -0.7660444431189776804 ) ) ;
#7247 = EDGE_CURVE ( 'NONE', #9326, #3623, #2255, .T. ) ;
#7248 = DIRECTION ( 'NONE',  ( 0.000000000000000000, 0.000000000000000000, -1.000000000000000000 ) ) ;
#7249 = LINE ( 'NONE', #5211, #7224 ) ;
#7250 = CARTESIAN_POINT ( 'NONE',  ( 0.5999999999999999778, 2.750000000000000000, 1.897374435176775176 ) ) ;
#7251 = VECTOR ( 'NONE', #5744, 1000.000000000000000 ) ;
#7252 = CARTESIAN_POINT ( 'NONE',  ( -5.950000000000000178, 0.000000000000000000, 1.050000000000000044 ) ) ;
#7253 = CARTESIAN_POINT ( 'NONE',  ( 2.976659776242249813E-16, 2.750000000000000000, -2.335481207337215093 ) ) ;
#7254 = DIRECTION ( 'NONE',  ( 0.7660444431189777914, 0.000000000000000000, -0.6427876096865398070 ) ) ;
#7255 = ORIENTED_EDGE ( 'NONE', *, *, #4971, .T. ) ;
#7256 = ORIENTED_EDGE ( 'NONE', *, *, #8741, .F. ) ;
#7257 = DIRECTION ( 'NONE',  ( 0.000000000000000000, 0.000000000000000000, 1.000000000000000000 ) ) ;
#7258 = AXIS2_PLACEMENT_3D ( 'NONE', #4304, #132, #3689 ) ;
#7259 = ORIENTED_EDGE ( 'NONE', *, *, #518, .T. ) ;
#7260 = DIRECTION ( 'NONE',  ( 0.000000000000000000, -1.000000000000000000, 0.000000000000000000 ) ) ;
#7261 = ORIENTED_EDGE ( 'NONE', *, *, #6291, .F. ) ;
#7262 = CARTESIAN_POINT ( 'NONE',  ( -3.814359353944920095, 0.000000000000000000, -3.799999999999999822 ) ) ;
#7263 = DIRECTION ( 'NONE',  ( 0.000000000000000000, 0.000000000000000000, -1.000000000000000000 ) ) ;
#7264 = ADVANCED_FACE ( 'NONE', ( #3770 ), #4427, .F. ) ;
#7265 = UNCERTAINTY_MEASURE_WITH_UNIT (LENGTH_MEASURE( 1.000000000000000082E-05 ), #2959, 'distance_accuracy_value', 'NONE');
#7266 = PRODUCT_DEFINITION_CONTEXT ( 'detailed design', #2335, 'design' ) ;
#7267 = DIRECTION ( 'NONE',  ( 0.000000000000000000, 0.000000000000000000, 1.000000000000000000 ) ) ;
#7268 = ORIENTED_EDGE ( 'NONE', *, *, #4946, .F. ) ;
#7269 = ORIENTED_EDGE ( 'NONE', *, *, #4518, .T. ) ;
#7270 = ADVANCED_FACE ( 'NONE', ( #8982 ), #6865, .F. ) ;
#7271 = ORIENTED_EDGE ( 'NONE', *, *, #2677, .F. ) ;
#7272 = PLANE ( 'NONE',  #6258 ) ;
#7273 = EDGE_LOOP ( 'NONE', ( #2789, #480, #7743, #8752 ) ) ;
#7274 = CARTESIAN_POINT ( 'NONE',  ( 0.2000000000000000111, -2.455974827712295028, 2.573831925856055136 ) ) ;
#7275 = ADVANCED_FACE ( 'NONE', ( #8939 ), #9082, .T. ) ;
#7276 = EDGE_CURVE ( 'NONE', #2554, #9320, #1018, .T. ) ;
#7277 = SURFACE_STYLE_FILL_AREA ( #5097 ) ;
#7278 = SURFACE_SIDE_STYLE ('',( #3041 ) ) ;
#7279 = CARTESIAN_POINT ( 'NONE',  ( 7.500000000000000000, 0.000000000000000000, -4.336808689942014778E-16 ) ) ;
#7280 = ORIENTED_EDGE ( 'NONE', *, *, #2108, .F. ) ;
#7281 = LINE ( 'NONE', #9322, #826 ) ;
#7282 = EDGE_LOOP ( 'NONE', ( #2615, #6287, #7084, #238, #1425, #6539 ) ) ;
#7283 = DIRECTION ( 'NONE',  ( 0.000000000000000000, -1.000000000000000000, 0.000000000000000000 ) ) ;
#7284 = ADVANCED_FACE ( 'NONE', ( #6252 ), #6821, .F. ) ;
#7285 = ORIENTED_EDGE ( 'NONE', *, *, #785, .F. ) ;
#7286 = CARTESIAN_POINT ( 'NONE',  ( -0.8000000000000000444, 2.750000000000000000, 1.788248978016145241 ) ) ;
#7287 = LINE ( 'NONE', #770, #4177 ) ;
#7288 =( NAMED_UNIT ( * ) PLANE_ANGLE_UNIT ( ) SI_UNIT ( $, .RADIAN. ) );
#7289 = DIRECTION ( 'NONE',  ( 0.000000000000000000, -1.000000000000000000, 0.000000000000000000 ) ) ;
#7290 = MANIFOLD_SOLID_BREP ( 'Boss-Extrude6[3][1]', #8854 ) ;
#7291 = CARTESIAN_POINT ( 'NONE',  ( 4.400000000000000355, 3.750000000000000000, 3.452137560662829951 ) ) ;
#7292 = PRODUCT_DEFINITION_CONTEXT ( 'detailed design', #3320, 'design' ) ;
#7293 = CARTESIAN_POINT ( 'NONE',  ( 7.500000000000000000, 0.000000000000000000, 0.6500000000000000222 ) ) ;
#7294 = CARTESIAN_POINT ( 'NONE',  ( -4.400000000000000355, 2.750000000000000000, 3.600000000000000089 ) ) ;
#7295 = LINE ( 'NONE', #1593, #5873 ) ;
#7296 = ADVANCED_FACE ( 'NONE', ( #4045 ), #7586, .F. ) ;
#7297 = SURFACE_SIDE_STYLE ('',( #4389 ) ) ;
#7298 = CARTESIAN_POINT ( 'NONE',  ( -7.500000000000000000, 0.5999999999999999778, 4.899999999999999467 ) ) ;
#7299 = EDGE_CURVE ( 'NONE', #5044, #3638, #2525, .T. ) ;
#7300 = DIRECTION ( 'NONE',  ( 0.000000000000000000, 1.000000000000000000, 0.000000000000000000 ) ) ;
#7301 = CARTESIAN_POINT ( 'NONE',  ( -2.250000000000000000, 0.1000000000000000056, -0.5000000000000000000 ) ) ;
#7302 = CARTESIAN_POINT ( 'NONE',  ( -7.500000000000000000, 0.000000000000000000, -3.799999999999999822 ) ) ;
#7303 = ORIENTED_EDGE ( 'NONE', *, *, #1222, .T. ) ;
#7304 = ORIENTED_EDGE ( 'NONE', *, *, #1511, .T. ) ;
#7305 = APPLICATION_PROTOCOL_DEFINITION ( 'draft international standard', 'automotive_design', 1998, #3797 ) ;
#7306 = ORIENTED_EDGE ( 'NONE', *, *, #6654, .T. ) ;
#7307 = SURFACE_SIDE_STYLE ('',( #4354 ) ) ;
#7308 =( NAMED_UNIT ( * ) PLANE_ANGLE_UNIT ( ) SI_UNIT ( $, .RADIAN. ) );
#7309 = DIRECTION ( 'NONE',  ( 1.000000000000000000, 0.000000000000000000, 0.000000000000000000 ) ) ;
#7310 = CARTESIAN_POINT ( 'NONE',  ( -5.950000000000000178, 0.5999999999999999778, -2.750000000000000000 ) ) ;
#7311 = MECHANICAL_DESIGN_GEOMETRIC_PRESENTATION_REPRESENTATION (  '', ( #4108 ), #7920 ) ;
#7312 = CARTESIAN_POINT ( 'NONE',  ( -0.8000000000000000444, 3.750000000000000000, 3.006760912279035303 ) ) ;
#7313 = VERTEX_POINT ( 'NONE', #8344 ) ;
#7314 =( NAMED_UNIT ( * ) SI_UNIT ( $, .STERADIAN. ) SOLID_ANGLE_UNIT ( ) );
#7315 = VERTEX_POINT ( 'NONE', #1820 ) ;
#7316 =( NAMED_UNIT ( * ) PLANE_ANGLE_UNIT ( ) SI_UNIT ( $, .RADIAN. ) );
#7317 = ORIENTED_EDGE ( 'NONE', *, *, #3988, .F. ) ;
#7318 = VECTOR ( 'NONE', #4515, 1000.000000000000000 ) ;
#7319 = CARTESIAN_POINT ( 'NONE',  ( 3.664360147529090117, 3.750000000000000000, -1.283185001540684045 ) ) ;
#7320 = EDGE_LOOP ( 'NONE', ( #4374, #6353, #1875, #8549 ) ) ;
#7321 = LINE ( 'NONE', #3750, #1321 ) ;
#7322 = UNCERTAINTY_MEASURE_WITH_UNIT (LENGTH_MEASURE( 1.000000000000000082E-05 ), #2163, 'distance_accuracy_value', 'NONE');
#7323 = FACE_OUTER_BOUND ( 'NONE', #1470, .T. ) ;
#7324 = SURFACE_STYLE_USAGE ( .BOTH. , #4460 ) ;
#7325 = MANIFOLD_SOLID_BREP ( 'Boss-Extrude6[4][1]', #3245 ) ;
#7326 = LINE ( 'NONE', #49, #3102 ) ;
#7327 = VERTEX_POINT ( 'NONE', #484 ) ;
#7328 =( NAMED_UNIT ( * ) SI_UNIT ( $, .STERADIAN. ) SOLID_ANGLE_UNIT ( ) );
#7329 = ADVANCED_FACE ( 'NONE', ( #9231 ), #7624, .T. ) ;
#7330 = EDGE_CURVE ( 'NONE', #3468, #8604, #3390, .T. ) ;
#7331 = AXIS2_PLACEMENT_3D ( 'NONE', #3223, #5560, #2501 ) ;
#7332 = ORIENTED_EDGE ( 'NONE', *, *, #5285, .T. ) ;
#7333 = PLANE ( 'NONE',  #3149 ) ;
#7334 = LINE ( 'NONE', #7954, #4640 ) ;
#7335 = LINE ( 'NONE', #2954, #8076 ) ;
#7336 = AXIS2_PLACEMENT_3D ( 'NONE', #543, #2069, #2865 ) ;
#7337 = EDGE_CURVE ( 'NONE', #613, #3983, #4905, .T. ) ;
#7338 = CARTESIAN_POINT ( 'NONE',  ( 7.500000000000000000, 0.000000000000000000, 2.550000000000000266 ) ) ;
#7339 = MANIFOLD_SOLID_BREP ( 'Boss-Extrude5[2][1]', #3094 ) ;
#7340 = CARTESIAN_POINT ( 'NONE',  ( -4.503459778706369931, 2.750000000000000000, 1.711808560920089928 ) ) ;
#7341 = DIRECTION ( 'NONE',  ( 0.000000000000000000, 0.000000000000000000, -1.000000000000000000 ) ) ;
#7342 = CARTESIAN_POINT ( 'NONE',  ( 0.000000000000000000, 0.5999999999999999778, -4.649999999999999467 ) ) ;
#7343 = CARTESIAN_POINT ( 'NONE',  ( 0.5999999999999999778, -2.455974827712295028, 1.897374435176775176 ) ) ;
#7344 = FACE_OUTER_BOUND ( 'NONE', #5393, .T. ) ;
#7345 = DIRECTION ( 'NONE',  ( 0.000000000000000000, -1.000000000000000000, 0.000000000000000000 ) ) ;
#7346 = VECTOR ( 'NONE', #4672, 1000.000000000000114 ) ;
#7347 = CARTESIAN_POINT ( 'NONE',  ( 4.599999999999999645, 3.750000000000000000, -1.727462418455419924 ) ) ;
#7348 = VECTOR ( 'NONE', #1652, 1000.000000000000114 ) ;
#7349 = DIRECTION ( 'NONE',  ( 0.000000000000000000, 1.000000000000000000, 0.000000000000000000 ) ) ;
#7350 = EDGE_CURVE ( 'NONE', #6186, #3593, #1345, .T. ) ;
#7351 = VECTOR ( 'NONE', #1952, 1000.000000000000000 ) ;
#7352 = LINE ( 'NONE', #2436, #3116 ) ;
#7353 = ORIENTED_EDGE ( 'NONE', *, *, #2228, .F. ) ;
#7354 = ORIENTED_EDGE ( 'NONE', *, *, #9298, .T. ) ;
#7355 = SHAPE_DEFINITION_REPRESENTATION ( #5588, #336 ) ;
#7356 = MANIFOLD_SOLID_BREP ( 'Boss-Extrude3[9][1]', #202 ) ;
#7357 = AXIS2_PLACEMENT_3D ( 'NONE', #871, #6676, #5376 ) ;
#7358 = SURFACE_STYLE_FILL_AREA ( #4444 ) ;
#7359 = VECTOR ( 'NONE', #9041, 1000.000000000000000 ) ;
#7360 = CARTESIAN_POINT ( 'NONE',  ( 0.000000000000000000, 0.5999999999999999778, -2.750000000000000000 ) ) ;
#7361 = PRESENTATION_LAYER_ASSIGNMENT (  '', '', ( #2507 ) ) ;
#7362 = CARTESIAN_POINT ( 'NONE',  ( -4.335639852470909439, -2.455974827712295028, 1.911808560920089883 ) ) ;
#7363 = LINE ( 'NONE', #6523, #4491 ) ;
#7364 = EDGE_CURVE ( 'NONE', #9256, #3913, #4601, .T. ) ;
#7365 = DIRECTION ( 'NONE',  ( 0.000000000000000000, 0.000000000000000000, -1.000000000000000000 ) ) ;
#7366 = VECTOR ( 'NONE', #8205, 1000.000000000000000 ) ;
#7367 = VECTOR ( 'NONE', #628, 1000.000000000000000 ) ;
#7368 = ORIENTED_EDGE ( 'NONE', *, *, #1723, .F. ) ;
#7369 = VECTOR ( 'NONE', #6392, 1000.000000000000114 ) ;
#7370 = ORIENTED_EDGE ( 'NONE', *, *, #7337, .T. ) ;
#7371 =( GEOMETRIC_REPRESENTATION_CONTEXT ( 3 ) GLOBAL_UNCERTAINTY_ASSIGNED_CONTEXT ( ( #3163 ) ) GLOBAL_UNIT_ASSIGNED_CONTEXT ( ( #1060, #4526, #1008 ) ) REPRESENTATION_CONTEXT ( 'NONE', 'WORKASPACE' ) );
#7372 = ORIENTED_EDGE ( 'NONE', *, *, #6588, .F. ) ;
#7373 = VERTEX_POINT ( 'NONE', #2860 ) ;
#7374 = CARTESIAN_POINT ( 'NONE',  ( -3.600000000000000089, 2.750000000000000000, 1.294533432032439979 ) ) ;
#7375 = CARTESIAN_POINT ( 'NONE',  ( -7.500000000000000000, 3.750000000000000000, 1.050000000000000044 ) ) ;
#7376 = DIRECTION ( 'NONE',  ( 0.000000000000000000, 1.000000000000000000, 0.000000000000000000 ) ) ;
#7377 = MANIFOLD_SOLID_BREP ( 'Boss-Extrude3[7][1]', #2626 ) ;
#7378 = AXIS2_PLACEMENT_3D ( 'NONE', #5395, #4677, #8212 ) ;
#7379 = UNCERTAINTY_MEASURE_WITH_UNIT (LENGTH_MEASURE( 1.000000000000000082E-05 ), #4133, 'distance_accuracy_value', 'NONE');
#7380 = CARTESIAN_POINT ( 'NONE',  ( -4.400000000000000355, 3.750000000000000000, 3.600000000000000089 ) ) ;
#7381 = ORIENTED_EDGE ( 'NONE', *, *, #3567, .F. ) ;
#7382 = LINE ( 'NONE', #8794, #8710 ) ;
#7383 = EDGE_LOOP ( 'NONE', ( #6135, #2675, #653, #3126 ) ) ;
#7384 = ADVANCED_BREP_SHAPE_REPRESENTATION ( '', ( #7290, #3266 ), #7077 ) ;
#7385 =( NAMED_UNIT ( * ) PLANE_ANGLE_UNIT ( ) SI_UNIT ( $, .RADIAN. ) );
#7386 = EDGE_LOOP ( 'NONE', ( #2591, #9063, #4078, #4999, #7467, #8613 ) ) ;
#7387 = LINE ( 'NONE', #8010, #8901 ) ;
#7388 = CARTESIAN_POINT ( 'NONE',  ( 4.432180073764544481, 2.750000000000000000, -1.927462418455420101 ) ) ;
#7389 = DIRECTION ( 'NONE',  ( 0.000000000000000000, -1.000000000000000000, 0.000000000000000000 ) ) ;
#7390 =( GEOMETRIC_REPRESENTATION_CONTEXT ( 3 ) GLOBAL_UNCERTAINTY_ASSIGNED_CONTEXT ( ( #8034 ) ) GLOBAL_UNIT_ASSIGNED_CONTEXT ( ( #2685, #459, #4111 ) ) REPRESENTATION_CONTEXT ( 'NONE', 'WORKASPACE' ) );
#7391 = CARTESIAN_POINT ( 'NONE',  ( 7.500000000000000000, 0.5999999999999999778, 3.799999999999999822 ) ) ;
#7392 = EDGE_CURVE ( 'NONE', #1577, #8876, #6, .T. ) ;
#7393 = LINE ( 'NONE', #8842, #3444 ) ;
#7394 = VECTOR ( 'NONE', #5098, 1000.000000000000114 ) ;
#7395 = FILL_AREA_STYLE_COLOUR ( '', #4757 ) ;
#7396 = CARTESIAN_POINT ( 'NONE',  ( -7.500000000000000000, 0.000000000000000000, -2.750000000000000000 ) ) ;
#7397 =( GEOMETRIC_REPRESENTATION_CONTEXT ( 3 ) GLOBAL_UNCERTAINTY_ASSIGNED_CONTEXT ( ( #6879 ) ) GLOBAL_UNIT_ASSIGNED_CONTEXT ( ( #6070, #4761, #1729 ) ) REPRESENTATION_CONTEXT ( 'NONE', 'WORKASPACE' ) );
#7398 = CARTESIAN_POINT ( 'NONE',  ( 0.000000000000000000, 0.5999999999999999778, -2.949999999999999734 ) ) ;
#7399 = EDGE_CURVE ( 'NONE', #8923, #3428, #6045, .T. ) ;
#7400 = CARTESIAN_POINT ( 'NONE',  ( 7.500000000000000000, 2.900543414065470227, -4.336808689942014778E-16 ) ) ;
#7401 = STYLED_ITEM ( 'NONE', ( #7426 ), #888 ) ;
#7402 = PRODUCT_RELATED_PRODUCT_CATEGORY ( 'part', '', ( #5430 ) ) ;
#7403 = LINE ( 'NONE', #6731, #1943 ) ;
#7404 = CARTESIAN_POINT ( 'NONE',  ( 5.950000000000000178, 0.000000000000000000, 2.949999999999999734 ) ) ;
#7405 = VECTOR ( 'NONE', #8263, 1000.000000000000000 ) ;
#7406 = LINE ( 'NONE', #4495, #7824 ) ;
#7407 = LINE ( 'NONE', #2301, #3568 ) ;
#7408 = ORIENTED_EDGE ( 'NONE', *, *, #6869, .T. ) ;
#7409 = ORIENTED_EDGE ( 'NONE', *, *, #2024, .F. ) ;
#7410 = SHAPE_DEFINITION_REPRESENTATION ( #4524, #7577 ) ;
#7411 = FACE_OUTER_BOUND ( 'NONE', #6901, .T. ) ;
#7412 = STYLED_ITEM ( 'NONE', ( #422 ), #2123 ) ;
#7413 = CARTESIAN_POINT ( 'NONE',  ( 5.950000000000000178, 0.5999999999999999778, -1.050000000000000044 ) ) ;
#7414 = LINE ( 'NONE', #1700, #8128 ) ;
#7415 = PRESENTATION_STYLE_ASSIGNMENT (( #3603 ) ) ;
#7416 = STYLED_ITEM ( 'NONE', ( #4564 ), #4105 ) ;
#7417 = ORIENTED_EDGE ( 'NONE', *, *, #1455, .T. ) ;
#7418 = LINE ( 'NONE', #3178, #6749 ) ;
#7419 = ORIENTED_EDGE ( 'NONE', *, *, #4293, .T. ) ;
#7420 = ORIENTED_EDGE ( 'NONE', *, *, #228, .T. ) ;
#7421 = FILL_AREA_STYLE_COLOUR ( '', #1702 ) ;
#7422 = ORIENTED_EDGE ( 'NONE', *, *, #7840, .T. ) ;
#7423 = EDGE_CURVE ( 'NONE', #41, #7637, #3886, .T. ) ;
#7424 = CARTESIAN_POINT ( 'NONE',  ( -5.950000000000000178, 0.5999999999999999778, -0.8499999999999999778 ) ) ;
#7425 = FILL_AREA_STYLE_COLOUR ( '', #7050 ) ;
#7426 = PRESENTATION_STYLE_ASSIGNMENT (( #7324 ) ) ;
#7427 = EDGE_CURVE ( 'NONE', #6158, #4896, #5880, .T. ) ;
#7428 = EDGE_CURVE ( 'NONE', #1844, #1344, #2449, .T. ) ;
#7429 = LINE ( 'NONE', #2323, #526 ) ;
#7430 = EDGE_LOOP ( 'NONE', ( #1757, #3104, #2174, #9230 ) ) ;
#7431 = LINE ( 'NONE', #3187, #7823 ) ;
#7432 = ORIENTED_EDGE ( 'NONE', *, *, #4242, .T. ) ;
#7433 = SURFACE_SIDE_STYLE ('',( #3987 ) ) ;
#7434 = VERTEX_POINT ( 'NONE', #9005 ) ;
#7435 = DIRECTION ( 'NONE',  ( 0.7660444431189782355, 0.000000000000000000, -0.6427876096865390299 ) ) ;
#7436 = DIRECTION ( 'NONE',  ( 0.000000000000000000, 0.000000000000000000, -1.000000000000000000 ) ) ;
#7437 = CARTESIAN_POINT ( 'NONE',  ( -5.200000000000000178, 0.2000000000000000111, -4.599999999999999645 ) ) ;
#7438 = MANIFOLD_SOLID_BREP ( 'Boss-Extrude3[8][1]', #7197 ) ;
#7439 = DIRECTION ( 'NONE',  ( -1.000000000000000000, 0.000000000000000000, 0.000000000000000000 ) ) ;
#7440 = FACE_BOUND ( 'NONE', #6758, .T. ) ;
#7441 = CARTESIAN_POINT ( 'NONE',  ( 5.950000000000000178, 0.5999999999999999778, -2.750000000000000000 ) ) ;
#7442 = CARTESIAN_POINT ( 'NONE',  ( 3.799999999999999822, 2.750000000000000000, 2.461620773443864874 ) ) ;
#7443 = CARTESIAN_POINT ( 'NONE',  ( -5.950000000000000178, 0.000000000000000000, -1.050000000000000044 ) ) ;
#7444 = FACE_OUTER_BOUND ( 'NONE', #952, .T. ) ;
#7445 = ORIENTED_EDGE ( 'NONE', *, *, #6035, .F. ) ;
#7446 = ADVANCED_FACE ( 'NONE', ( #8051 ), #1046, .T. ) ;
#7447 = ADVANCED_FACE ( 'NONE', ( #6581 ), #2248, .T. ) ;
#7448 = ORIENTED_EDGE ( 'NONE', *, *, #7528, .T. ) ;
#7449 = SHAPE_DEFINITION_REPRESENTATION ( #6196, #3970 ) ;
#7450 =( NAMED_UNIT ( * ) PLANE_ANGLE_UNIT ( ) SI_UNIT ( $, .RADIAN. ) );
#7451 = LINE ( 'NONE', #214, #3755 ) ;
#7452 = LINE ( 'NONE', #846, #6911 ) ;
#7453 = AXIS2_PLACEMENT_3D ( 'NONE', #3456, #686, #2119 ) ;
#7454 = PRESENTATION_STYLE_ASSIGNMENT (( #8962 ) ) ;
#7455 = EDGE_CURVE ( 'NONE', #6343, #178, #2725, .T. ) ;
#7456 = VERTEX_POINT ( 'NONE', #8405 ) ;
#7457 = DIRECTION ( 'NONE',  ( 0.000000000000000000, 0.000000000000000000, 1.000000000000000000 ) ) ;
#7458 = EDGE_CURVE ( 'NONE', #634, #1575, #7083, .T. ) ;
#7459 = FILL_AREA_STYLE_COLOUR ( '', #2659 ) ;
#7460 = VERTEX_POINT ( 'NONE', #8363 ) ;
#7461 = VERTEX_POINT ( 'NONE', #6986 ) ;
#7462 = CARTESIAN_POINT ( 'NONE',  ( 0.000000000000000000, 3.750000000000000000, 0.000000000000000000 ) ) ;
#7463 = EDGE_LOOP ( 'NONE', ( #4614, #6893, #981, #4236 ) ) ;
#7464 = LINE ( 'NONE', #6849, #1183 ) ;
#7465 = AXIS2_PLACEMENT_3D ( 'NONE', #6430, #5867, #8740 ) ;
#7466 = FILL_AREA_STYLE ('',( #2458 ) ) ;
#7467 = ORIENTED_EDGE ( 'NONE', *, *, #5857, .F. ) ;
#7468 = CARTESIAN_POINT ( 'NONE',  ( 0.8000000000000000444, 2.750000000000000000, -3.006760912279035303 ) ) ;
#7469 =( GEOMETRIC_REPRESENTATION_CONTEXT ( 3 ) GLOBAL_UNCERTAINTY_ASSIGNED_CONTEXT ( ( #4866 ) ) GLOBAL_UNIT_ASSIGNED_CONTEXT ( ( #6668, #907, #2371 ) ) REPRESENTATION_CONTEXT ( 'NONE', 'WORKASPACE' ) );
#7470 = VERTEX_POINT ( 'NONE', #6324 ) ;
#7471 = ADVANCED_FACE ( 'NONE', ( #6272 ), #9146, .F. ) ;
#7472 = PLANE ( 'NONE',  #6807 ) ;
#7473 = ORIENTED_EDGE ( 'NONE', *, *, #7364, .T. ) ;
#7474 = LINE ( 'NONE', #6719, #4329 ) ;
#7475 = DIRECTION ( 'NONE',  ( 0.000000000000000000, 0.000000000000000000, 1.000000000000000000 ) ) ;
#7476 = SURFACE_STYLE_USAGE ( .BOTH. , #4568 ) ;
#7477 = AXIS2_PLACEMENT_3D ( 'NONE', #6468, #2220, #9352 ) ;
#7478 = EDGE_CURVE ( 'NONE', #3368, #6051, #557, .T. ) ;
#7479 = LINE ( 'NONE', #961, #6642 ) ;
#7480 = CARTESIAN_POINT ( 'NONE',  ( -5.950000000000000178, 0.5999999999999999778, 0.000000000000000000 ) ) ;
#7481 = PLANE ( 'NONE',  #8449 ) ;
#7482 = PLANE ( 'NONE',  #8580 ) ;
#7483 = ORIENTED_EDGE ( 'NONE', *, *, #4275, .T. ) ;
#7484 = LINE ( 'NONE', #1022, #4957 ) ;
#7485 = LINE ( 'NONE', #4762, #5407 ) ;
#7486 = AXIS2_PLACEMENT_3D ( 'NONE', #6890, #4159, #3975 ) ;
#7487 = CARTESIAN_POINT ( 'NONE',  ( -7.500000000000000000, 0.5999999999999999778, 3.799999999999999822 ) ) ;
#7488 = SURFACE_STYLE_USAGE ( .BOTH. , #4582 ) ;
#7489 = CARTESIAN_POINT ( 'NONE',  ( -5.950000000000000178, 2.900543414065470227, -2.949999999999999734 ) ) ;
#7490 = DIRECTION ( 'NONE',  ( 1.232817212792323889E-16, 0.000000000000000000, 1.000000000000000000 ) ) ;
#7491 = VERTEX_POINT ( 'NONE', #7032 ) ;
#7492 = ORIENTED_EDGE ( 'NONE', *, *, #1837, .F. ) ;
#7493 = APPLICATION_PROTOCOL_DEFINITION ( 'draft international standard', 'automotive_design', 1998, #5692 ) ;
#7494 = LINE ( 'NONE', #3173, #4730 ) ;
#7495 = CARTESIAN_POINT ( 'NONE',  ( 0.000000000000000000, 0.5999999999999999778, -0.8499999999999999778 ) ) ;
#7496 = VECTOR ( 'NONE', #5569, 1000.000000000000000 ) ;
#7497 = DIRECTION ( 'NONE',  ( 0.000000000000000000, 0.000000000000000000, 1.000000000000000000 ) ) ;
#7498 = PRODUCT_RELATED_PRODUCT_CATEGORY ( 'part', '', ( #8163 ) ) ;
#7499 = ADVANCED_FACE ( 'NONE', ( #363 ), #2634, .F. ) ;
#7500 = VERTEX_POINT ( 'NONE', #4157 ) ;
#7501 = VECTOR ( 'NONE', #3194, 1000.000000000000000 ) ;
#7502 = EDGE_CURVE ( 'NONE', #8816, #3363, #2971, .T. ) ;
#7503 = PRESENTATION_STYLE_ASSIGNMENT (( #6842 ) ) ;
#7504 = ORIENTED_EDGE ( 'NONE', *, *, #2581, .T. ) ;
#7505 = VECTOR ( 'NONE', #4438, 1000.000000000000000 ) ;
#7506 = ORIENTED_EDGE ( 'NONE', *, *, #3833, .F. ) ;
#7507 = PLANE ( 'NONE',  #4119 ) ;
#7508 = VECTOR ( 'NONE', #3836, 1000.000000000000227 ) ;
#7509 = ORIENTED_EDGE ( 'NONE', *, *, #2706, .F. ) ;
#7510 = APPLICATION_CONTEXT ( 'automotive_design' ) ;
#7511 = FACE_OUTER_BOUND ( 'NONE', #7038, .T. ) ;
#7512 = EDGE_CURVE ( 'NONE', #5650, #7491, #1090, .T. ) ;
#7513 = SURFACE_STYLE_USAGE ( .BOTH. , #1001 ) ;
#7514 = AXIS2_PLACEMENT_3D ( 'NONE', #5502, #4831, #6082 ) ;
#7515 = PRODUCT_DEFINITION ( 'UNKNOWN', '', #7183, #1496 ) ;
#7516 = PLANE ( 'NONE',  #2193 ) ;
#7517 = AXIS2_PLACEMENT_3D ( 'NONE', #3340, #8342, #5484 ) ;
#7518 = ORIENTED_EDGE ( 'NONE', *, *, #5118, .F. ) ;
#7519 = AXIS2_PLACEMENT_3D ( 'NONE', #8940, #8246, #3054 ) ;
#7520 = LINE ( 'NONE', #3086, #7195 ) ;
#7521 = ORIENTED_EDGE ( 'NONE', *, *, #3909, .F. ) ;
#7522 = CIRCLE ( 'NONE', #3417, 0.6500000000000000222 ) ;
#7523 = DIRECTION ( 'NONE',  ( 0.000000000000000000, -1.000000000000000000, 0.000000000000000000 ) ) ;
#7524 = STYLED_ITEM ( 'NONE', ( #3360 ), #3719 ) ;
#7525 = ORIENTED_EDGE ( 'NONE', *, *, #5691, .T. ) ;
#7526 =( GEOMETRIC_REPRESENTATION_CONTEXT ( 3 ) GLOBAL_UNCERTAINTY_ASSIGNED_CONTEXT ( ( #5640 ) ) GLOBAL_UNIT_ASSIGNED_CONTEXT ( ( #3059, #5268, #3820 ) ) REPRESENTATION_CONTEXT ( 'NONE', 'WORKASPACE' ) );
#7527 = DIRECTION ( 'NONE',  ( 0.000000000000000000, 0.000000000000000000, -1.000000000000000000 ) ) ;
#7528 = EDGE_CURVE ( 'NONE', #4154, #7819, #1984, .T. ) ;
#7529 = VECTOR ( 'NONE', #880, 1000.000000000000000 ) ;
#7530 = CARTESIAN_POINT ( 'NONE',  ( -5.949999999999919353, 0.000000000000000000, -4.649999999999999467 ) ) ;
#7531 = DIRECTION ( 'NONE',  ( 0.000000000000000000, 1.000000000000000000, 0.000000000000000000 ) ) ;
#7532 = VECTOR ( 'NONE', #423, 1000.000000000000000 ) ;
#7533 = VECTOR ( 'NONE', #5517, 1000.000000000000000 ) ;
#7534 =( LENGTH_UNIT ( ) NAMED_UNIT ( * ) SI_UNIT ( .MILLI., .METRE. ) );
#7535 = FACE_BOUND ( 'NONE', #6557, .T. ) ;
#7536 = ORIENTED_EDGE ( 'NONE', *, *, #7210, .F. ) ;
#7537 = COLOUR_RGB ( '',1.000000000000000000, 0.8117647058823529438, 0.5019607843137254832 ) ;
#7538 = CARTESIAN_POINT ( 'NONE',  ( 7.500000000000000000, 0.5999999999999999778, 0.6500000000000000222 ) ) ;
#7539 = CARTESIAN_POINT ( 'NONE',  ( 5.949999999999919353, 0.5999999999999999778, -2.949999999999999734 ) ) ;
#7540 = UNCERTAINTY_MEASURE_WITH_UNIT (LENGTH_MEASURE( 1.000000000000000082E-05 ), #2513, 'distance_accuracy_value', 'NONE');
#7541 = CARTESIAN_POINT ( 'NONE',  ( -4.503459778706369931, 2.750000000000000000, 1.711808560920089928 ) ) ;
#7542 =( GEOMETRIC_REPRESENTATION_CONTEXT ( 3 ) GLOBAL_UNCERTAINTY_ASSIGNED_CONTEXT ( ( #3261 ) ) GLOBAL_UNIT_ASSIGNED_CONTEXT ( ( #9191, #4827, #2868 ) ) REPRESENTATION_CONTEXT ( 'NONE', 'WORKASPACE' ) );
#7543 = UNCERTAINTY_MEASURE_WITH_UNIT (LENGTH_MEASURE( 1.000000000000000082E-05 ), #9253, 'distance_accuracy_value', 'NONE');
#7544 = DIRECTION ( 'NONE',  ( 0.7660444431189782355, 0.000000000000000000, -0.6427876096865390299 ) ) ;
#7545 = AXIS2_PLACEMENT_3D ( 'NONE', #1066, #6818, #8206 ) ;
#7546 = FILL_AREA_STYLE ('',( #1828 ) ) ;
#7547 = CARTESIAN_POINT ( 'NONE',  ( -5.950000000000000178, 0.5999999999999999778, -2.949999999999999734 ) ) ;
#7548 = EDGE_CURVE ( 'NONE', #4697, #3219, #4735, .T. ) ;
#7549 = CARTESIAN_POINT ( 'NONE',  ( 3.664360147529090117, 2.750000000000000000, -1.283185001540684045 ) ) ;
#7550 = ORIENTED_EDGE ( 'NONE', *, *, #5311, .F. ) ;
#7551 = ORIENTED_EDGE ( 'NONE', *, *, #1466, .T. ) ;
#7552 = VECTOR ( 'NONE', #2156, 1000.000000000000000 ) ;
#7553 = DIRECTION ( 'NONE',  ( 0.000000000000000000, 1.000000000000000000, 0.000000000000000000 ) ) ;
#7554 = LINE ( 'NONE', #7413, #8624 ) ;
#7555 = DIRECTION ( 'NONE',  ( 0.000000000000000000, -1.000000000000000000, 0.000000000000000000 ) ) ;
#7556 = PRESENTATION_LAYER_ASSIGNMENT (  '', '', ( #3140 ) ) ;
#7557 = AXIS2_PLACEMENT_3D ( 'NONE', #1872, #3352, #6260 ) ;
#7558 = DIRECTION ( 'NONE',  ( 0.000000000000000000, 0.000000000000000000, 1.000000000000000000 ) ) ;
#7559 = EDGE_LOOP ( 'NONE', ( #994, #5676, #2246, #8465 ) ) ;
#7560 = LINE ( 'NONE', #4695, #217 ) ;
#7561 = AXIS2_PLACEMENT_3D ( 'NONE', #6805, #8824, #5239 ) ;
#7562 = EDGE_LOOP ( 'NONE', ( #8677, #7176, #6140, #5631, #2146, #5916 ) ) ;
#7563 = VECTOR ( 'NONE', #1451, 1000.000000000000000 ) ;
#7564 = VERTEX_POINT ( 'NONE', #504 ) ;
#7565 = CARTESIAN_POINT ( 'NONE',  ( 7.500000000000000000, 2.900543414065470227, -0.6500000000000000222 ) ) ;
#7566 = EDGE_CURVE ( 'NONE', #3219, #7059, #2588, .T. ) ;
#7567 = ORIENTED_EDGE ( 'NONE', *, *, #5968, .F. ) ;
#7568 = LINE ( 'NONE', #909, #9049 ) ;
#7569 = PLANE ( 'NONE',  #1906 ) ;
#7570 = VECTOR ( 'NONE', #8109, 1000.000000000000000 ) ;
#7571 = DIRECTION ( 'NONE',  ( -1.000000000000000000, 0.000000000000000000, 0.000000000000000000 ) ) ;
#7572 = ORIENTED_EDGE ( 'NONE', *, *, #6963, .F. ) ;
#7573 = LINE ( 'NONE', #6097, #5534 ) ;
#7574 = ADVANCED_FACE ( 'NONE', ( #5508 ), #5558, .F. ) ;
#7575 = ORIENTED_EDGE ( 'NONE', *, *, #7686, .F. ) ;
#7576 = APPLICATION_CONTEXT ( 'automotive_design' ) ;
#7577 = SHAPE_REPRESENTATION ( 'Boss-Extrude6[5]_1', ( #3266 ), #2797 ) ;
#7578 = ADVANCED_FACE ( 'NONE', ( #3592 ), #609, .F. ) ;
#7579 = ADVANCED_FACE ( 'NONE', ( #7092, #2134, #9263, #5085 ), #7984, .T. ) ;
#7580 = ORIENTED_EDGE ( 'NONE', *, *, #4886, .T. ) ;
#7581 = CYLINDRICAL_SURFACE ( 'NONE', #4248, 0.6500000000000000222 ) ;
#7582 = DIRECTION ( 'NONE',  ( 0.000000000000000000, -1.000000000000000000, 0.000000000000000000 ) ) ;
#7583 = PLANE ( 'NONE',  #7859 ) ;
#7584 = ADVANCED_FACE ( 'NONE', ( #3474 ), #9362, .F. ) ;
#7585 = CARTESIAN_POINT ( 'NONE',  ( 7.500000000000000000, 0.000000000000000000, 3.149999999999999911 ) ) ;
#7586 = PLANE ( 'NONE',  #4025 ) ;
#7587 =( LENGTH_UNIT ( ) NAMED_UNIT ( * ) SI_UNIT ( .MILLI., .METRE. ) );
#7588 = ORIENTED_EDGE ( 'NONE', *, *, #5034, .T. ) ;
#7589 = DIRECTION ( 'NONE',  ( -0.7660444431189782355, 0.000000000000000000, 0.6427876096865391409 ) ) ;
#7590 = DIRECTION ( 'NONE',  ( 0.000000000000000000, 0.000000000000000000, -1.000000000000000000 ) ) ;
#7591 = CARTESIAN_POINT ( 'NONE',  ( -2.250000000000000000, 0.000000000000000000, 0.000000000000000000 ) ) ;
#7592 = CARTESIAN_POINT ( 'NONE',  ( -3.814359353944920095, 2.316601048851675060, -3.799999999999999822 ) ) ;
#7593 = CARTESIAN_POINT ( 'NONE',  ( -4.567819926235459960, 2.750000000000000000, -3.311319922454459608 ) ) ;
#7594 = ORIENTED_EDGE ( 'NONE', *, *, #2920, .F. ) ;
#7595 = EDGE_CURVE ( 'NONE', #1710, #3655, #619, .T. ) ;
#7596 = ITEM_DEFINED_TRANSFORMATION ( 'NONE', 'NONE', #6732,  #3266 ) ;
#7597 = FACE_OUTER_BOUND ( 'NONE', #4694, .T. ) ;
#7598 = LINE ( 'NONE', #3965, #8455 ) ;
#7599 = DIRECTION ( 'NONE',  ( 0.000000000000000000, -1.000000000000000000, 0.000000000000000000 ) ) ;
#7600 = EDGE_CURVE ( 'NONE', #7825, #3983, #571, .T. ) ;
#7601 = LINE ( 'NONE', #8357, #3745 ) ;
#7602 = ADVANCED_FACE ( 'NONE', ( #8650 ), #4994, .F. ) ;
#7603 = VERTEX_POINT ( 'NONE', #7131 ) ;
#7604 = CARTESIAN_POINT ( 'NONE',  ( -7.500000000000000000, 0.000000000000000000, 3.799999999999999822 ) ) ;
#7605 = CARTESIAN_POINT ( 'NONE',  ( 5.950000000000000178, 3.750000000000000000, -1.050000000000000044 ) ) ;
#7606 = ORIENTED_EDGE ( 'NONE', *, *, #4333, .T. ) ;
#7607 = DIRECTION ( 'NONE',  ( 0.000000000000000000, 0.000000000000000000, 1.000000000000000000 ) ) ;
#7608 = ORIENTED_EDGE ( 'NONE', *, *, #2908, .F. ) ;
#7609 = FACE_OUTER_BOUND ( 'NONE', #6374, .T. ) ;
#7610 = VERTEX_POINT ( 'NONE', #4938 ) ;
#7611 = DIRECTION ( 'NONE',  ( 0.000000000000000000, -1.000000000000000000, 0.000000000000000000 ) ) ;
#7612 = DIRECTION ( 'NONE',  ( 0.000000000000000000, 0.000000000000000000, -1.000000000000000000 ) ) ;
#7613 = EDGE_LOOP ( 'NONE', ( #4225, #8647, #5506, #7408 ) ) ;
#7614 = DIRECTION ( 'NONE',  ( -0.6427876096865408062, 0.000000000000000000, -0.7660444431189766812 ) ) ;
#7615 = ORIENTED_EDGE ( 'NONE', *, *, #633, .T. ) ;
#7616 = VERTEX_POINT ( 'NONE', #749 ) ;
#7617 = CARTESIAN_POINT ( 'NONE',  ( -0.8000000000000000444, 2.750000000000000000, -2.070372147149684761 ) ) ;
#7618 = PRESENTATION_STYLE_ASSIGNMENT (( #8341 ) ) ;
#7619 = ADVANCED_FACE ( 'NONE', ( #7899 ), #1330, .F. ) ;
#7620 = DIRECTION ( 'NONE',  ( 0.000000000000000000, 1.000000000000000000, 0.000000000000000000 ) ) ;
#7621 = ADVANCED_FACE ( 'NONE', ( #878 ), #7583, .F. ) ;
#7622 = DIRECTION ( 'NONE',  ( 0.000000000000000000, 0.000000000000000000, -1.000000000000000000 ) ) ;
#7623 = PRODUCT ( 'Cut-Extrude4_1', 'Cut-Extrude4_1', '', ( #5711 ) ) ;
#7624 = PLANE ( 'NONE',  #2809 ) ;
#7625 = FACE_BOUND ( 'NONE', #4843, .T. ) ;
#7626 = UNCERTAINTY_MEASURE_WITH_UNIT (LENGTH_MEASURE( 1.000000000000000082E-05 ), #5037, 'distance_accuracy_value', 'NONE');
#7627 = ORIENTED_EDGE ( 'NONE', *, *, #3354, .T. ) ;
#7628 = CARTESIAN_POINT ( 'NONE',  ( -2.250000000000000000, 0.1000000000000000056, 0.000000000000000000 ) ) ;
#7629 = DIRECTION ( 'NONE',  ( 0.000000000000000000, 0.000000000000000000, -1.000000000000000000 ) ) ;
#7630 = VECTOR ( 'NONE', #3027, 1000.000000000000000 ) ;
#7631 =( NAMED_UNIT ( * ) SI_UNIT ( $, .STERADIAN. ) SOLID_ANGLE_UNIT ( ) );
#7632 = EDGE_CURVE ( 'NONE', #2593, #3684, #3097, .T. ) ;
#7633 = FILL_AREA_STYLE ('',( #259 ) ) ;
#7634 = CIRCLE ( 'NONE', #849, 0.5999999999999999778 ) ;
#7635 = PLANE ( 'NONE',  #9325 ) ;
#7636 = LINE ( 'NONE', #4723, #1290 ) ;
#7637 = VERTEX_POINT ( 'NONE', #8980 ) ;
#7638 = UNCERTAINTY_MEASURE_WITH_UNIT (LENGTH_MEASURE( 1.000000000000000082E-05 ), #5141, 'distance_accuracy_value', 'NONE');
#7639 = CARTESIAN_POINT ( 'NONE',  ( 1.829290586016054950E-16, 2.750000000000000000, -2.335481207337215093 ) ) ;
#7640 = FACE_OUTER_BOUND ( 'NONE', #2845, .T. ) ;
#7641 = SURFACE_STYLE_FILL_AREA ( #5286 ) ;
#7642 = EDGE_CURVE ( 'NONE', #3226, #8136, #6723, .T. ) ;
#7643 = ORIENTED_EDGE ( 'NONE', *, *, #7745, .F. ) ;
#7644 = LINE ( 'NONE', #3271, #7068 ) ;
#7645 = CARTESIAN_POINT ( 'NONE',  ( 0.2000000000000000111, 3.750000000000000000, -2.503301133572669812 ) ) ;
#7646 = VERTEX_POINT ( 'NONE', #3768 ) ;
#7647 = DIRECTION ( 'NONE',  ( 0.000000000000000000, 0.000000000000000000, 1.000000000000000000 ) ) ;
#7648 = VERTEX_POINT ( 'NONE', #6020 ) ;
#7649 = CARTESIAN_POINT ( 'NONE',  ( -0.8000000000000000444, -2.455974827712295028, -3.288884081412580151 ) ) ;
#7650 = ORIENTED_EDGE ( 'NONE', *, *, #7427, .F. ) ;
#7651 = FACE_OUTER_BOUND ( 'NONE', #6584, .T. ) ;
#7652 = CARTESIAN_POINT ( 'NONE',  ( -5.950000000000000178, 0.5999999999999999778, 0.000000000000000000 ) ) ;
#7653 = EDGE_CURVE ( 'NONE', #7088, #8069, #3888, .T. ) ;
#7654 = CARTESIAN_POINT ( 'NONE',  ( -0.8000000000000000444, 3.750000000000000000, -3.288884081412580151 ) ) ;
#7655 = EDGE_CURVE ( 'NONE', #7909, #3038, #3950, .T. ) ;
#7656 = AXIS2_PLACEMENT_3D ( 'NONE', #8139, #6574, #5241 ) ;
#7657 = CARTESIAN_POINT ( 'NONE',  ( -7.500000000000000000, 0.000000000000000000, 2.550000000000000266 ) ) ;
#7658 = AXIS2_PLACEMENT_3D ( 'NONE', #5218, #8112, #1597 ) ;
#7659 = CARTESIAN_POINT ( 'NONE',  ( 5.950000000000000178, 0.000000000000000000, 0.8499999999999999778 ) ) ;
#7660 = ORIENTED_EDGE ( 'NONE', *, *, #602, .T. ) ;
#7661 = DIRECTION ( 'NONE',  ( -1.000000000000000000, 0.000000000000000000, 0.000000000000000000 ) ) ;
#7662 = ORIENTED_EDGE ( 'NONE', *, *, #1862, .T. ) ;
#7663 = ADVANCED_FACE ( 'NONE', ( #6862 ), #5206, .F. ) ;
#7664 = VECTOR ( 'NONE', #1006, 1000.000000000000114 ) ;
#7665 = LINE ( 'NONE', #1154, #4631 ) ;
#7666 = PLANE ( 'NONE',  #2375 ) ;
#7667 = VECTOR ( 'NONE', #8434, 1000.000000000000000 ) ;
#7668 = FACE_OUTER_BOUND ( 'NONE', #2328, .T. ) ;
#7669 = VERTEX_POINT ( 'NONE', #6682 ) ;
#7670 = CARTESIAN_POINT ( 'NONE',  ( -0.2000000000000000111, 2.750000000000000000, 2.503301133572669812 ) ) ;
#7671 = CARTESIAN_POINT ( 'NONE',  ( 5.000000000000000000, -2.455974827712295028, -1.250760981417740059 ) ) ;
#7672 = VECTOR ( 'NONE', #8468, 1000.000000000000000 ) ;
#7673 = ORIENTED_EDGE ( 'NONE', *, *, #9242, .T. ) ;
#7674 = LINE ( 'NONE', #3199, #5584 ) ;
#7675 = CARTESIAN_POINT ( 'NONE',  ( 7.500000000000000000, 0.5999999999999999778, 1.899999999999999911 ) ) ;
#7676 = ADVANCED_FACE ( 'NONE', ( #4619 ), #246, .F. ) ;
#7677 = VECTOR ( 'NONE', #5546, 1000.000000000000000 ) ;
#7678 = SURFACE_STYLE_FILL_AREA ( #1870 ) ;
#7679 = AXIS2_PLACEMENT_3D ( 'NONE', #8111, #3457, #6365 ) ;
#7680 = STYLED_ITEM ( 'NONE', ( #6806 ), #957 ) ;
#7681 = LINE ( 'NONE', #400, #1131 ) ;
#7682 = LINE ( 'NONE', #3961, #5554 ) ;
#7683 = EDGE_CURVE ( 'NONE', #1282, #4653, #7393, .T. ) ;
#7684 = EDGE_LOOP ( 'NONE', ( #9204, #6431, #763, #6436, #3170, #3327 ) ) ;
#7685 = CONTEXT_DEPENDENT_SHAPE_REPRESENTATION ( #6242, #1328 ) ;
#7686 = EDGE_CURVE ( 'NONE', #4464, #6101, #5341, .T. ) ;
#7687 = DIRECTION ( 'NONE',  ( 0.000000000000000000, -1.000000000000000000, 0.000000000000000000 ) ) ;
#7688 = STYLED_ITEM ( 'NONE', ( #3786 ), #1087 ) ;
#7689 = DIRECTION ( 'NONE',  ( 0.000000000000000000, 1.000000000000000000, 0.000000000000000000 ) ) ;
#7690 = AXIS2_PLACEMENT_3D ( 'NONE', #2900, #5107, #764 ) ;
#7691 = PRESENTATION_LAYER_ASSIGNMENT (  '', '', ( #7412 ) ) ;
#7692 = CARTESIAN_POINT ( 'NONE',  ( -5.950000000000000178, 0.000000000000000000, -2.750000000000000000 ) ) ;
#7693 = APPLICATION_CONTEXT ( 'automotive_design' ) ;
#7694 = CIRCLE ( 'NONE', #9199, 0.5000000000000000000 ) ;
#7695 = ORIENTED_EDGE ( 'NONE', *, *, #290, .F. ) ;
#7696 = CARTESIAN_POINT ( 'NONE',  ( -5.950000000000000178, 0.5999999999999999778, -4.649999999999999467 ) ) ;
#7697 = ORIENTED_EDGE ( 'NONE', *, *, #5684, .F. ) ;
#7698 = ORIENTED_EDGE ( 'NONE', *, *, #4944, .T. ) ;
#7699 = DIRECTION ( 'NONE',  ( 0.7660444431189777914, 0.000000000000000000, -0.6427876096865398070 ) ) ;
#7700 = MECHANICAL_DESIGN_GEOMETRIC_PRESENTATION_REPRESENTATION (  '', ( #1776 ), #2378 ) ;
#7701 = ORIENTED_EDGE ( 'NONE', *, *, #5728, .F. ) ;
#7702 = LINE ( 'NONE', #4881, #8015 ) ;
#7703 = SURFACE_SIDE_STYLE ('',( #1894 ) ) ;
#7704 = SURFACE_STYLE_FILL_AREA ( #6237 ) ;
#7705 = PRODUCT_DEFINITION_SHAPE ( 'NONE', 'NONE',  #6811 ) ;
#7706 = DIRECTION ( 'NONE',  ( -0.8660254037844387076, 0.000000000000000000, 0.4999999999999998890 ) ) ;
#7707 = VECTOR ( 'NONE', #4703, 1000.000000000000000 ) ;
#7708 = AXIS2_PLACEMENT_3D ( 'NONE', #7207, #3636, #9344 ) ;
#7709 = CARTESIAN_POINT ( 'NONE',  ( 2.976659776242249813E-16, 2.750000000000000000, -2.335481207337215093 ) ) ;
#7710 = EDGE_LOOP ( 'NONE', ( #6713, #6832, #2059, #6181 ) ) ;
#7711 = SHAPE_REPRESENTATION_RELATIONSHIP ( 'NONE' , 'NONE' ,  #336, #7719 ) ;
#7712 = DIRECTION ( 'NONE',  ( 0.000000000000000000, 1.000000000000000000, 0.000000000000000000 ) ) ;
#7713 = EDGE_CURVE ( 'NONE', #1323, #7616, #8103, .T. ) ;
#7714 = EDGE_LOOP ( 'NONE', ( #229, #2751, #413, #5033, #3693, #5628 ) ) ;
#7715 = AXIS2_PLACEMENT_3D ( 'NONE', #130, #2444, #899 ) ;
#7716 = CARTESIAN_POINT ( 'NONE',  ( -3.600000000000000089, 3.750000000000000000, -2.564087693133389578 ) ) ;
#7717 = VECTOR ( 'NONE', #7544, 1000.000000000000114 ) ;
#7718 = ORIENTED_EDGE ( 'NONE', *, *, #5452, .F. ) ;
#7719 = ADVANCED_BREP_SHAPE_REPRESENTATION ( '', ( #7438, #3266 ), #6317 ) ;
#7720 = DIRECTION ( 'NONE',  ( 0.7660444431189782355, 0.000000000000000000, -0.6427876096865390299 ) ) ;
#7721 = ORIENTED_EDGE ( 'NONE', *, *, #9029, .F. ) ;
#7722 =( NAMED_UNIT ( * ) PLANE_ANGLE_UNIT ( ) SI_UNIT ( $, .RADIAN. ) );
#7723 = CARTESIAN_POINT ( 'NONE',  ( -5.949999999999919353, 0.000000000000000000, -4.649999999999999467 ) ) ;
#7724 = MECHANICAL_DESIGN_GEOMETRIC_PRESENTATION_REPRESENTATION (  '', ( #3467 ), #3008 ) ;
#7725 = EDGE_LOOP ( 'NONE', ( #457, #4112, #5221, #8409 ) ) ;
#7726 = CARTESIAN_POINT ( 'NONE',  ( 5.950000000000000178, 0.000000000000000000, 1.050000000000000044 ) ) ;
#7727 = FILL_AREA_STYLE ('',( #7148 ) ) ;
#7728 = PRESENTATION_STYLE_ASSIGNMENT (( #5448 ) ) ;
#7729 = UNCERTAINTY_MEASURE_WITH_UNIT (LENGTH_MEASURE( 1.000000000000000082E-05 ), #1656, 'distance_accuracy_value', 'NONE');
#7730 = DIRECTION ( 'NONE',  ( 0.000000000000000000, 0.000000000000000000, -1.000000000000000000 ) ) ;
#7731 = DIRECTION ( 'NONE',  ( 0.000000000000000000, -1.000000000000000000, 0.000000000000000000 ) ) ;
#7732 = VERTEX_POINT ( 'NONE', #3153 ) ;
#7733 = FILL_AREA_STYLE_COLOUR ( '', #3283 ) ;
#7734 = CARTESIAN_POINT ( 'NONE',  ( -6.500000000000000000, 23.78004913997499870, -4.899999999999999467 ) ) ;
#7735 = DIRECTION ( 'NONE',  ( -1.000000000000000000, 0.000000000000000000, 0.000000000000000000 ) ) ;
#7736 = DIRECTION ( 'NONE',  ( 0.000000000000000000, 0.000000000000000000, -1.000000000000000000 ) ) ;
#7737 = CARTESIAN_POINT ( 'NONE',  ( 0.8000000000000000444, 2.750000000000000000, -3.006760912279035303 ) ) ;
#7738 = PRODUCT_DEFINITION ( 'UNKNOWN', '', #8547, #6969 ) ;
#7739 = EDGE_CURVE ( 'NONE', #7327, #3024, #2292, .T. ) ;
#7740 = VERTEX_POINT ( 'NONE', #5260 ) ;
#7741 = CARTESIAN_POINT ( 'NONE',  ( 5.950000000000000178, 2.900543414065470227, 2.750000000000000000 ) ) ;
#7742 = SURFACE_STYLE_FILL_AREA ( #4787 ) ;
#7743 = ORIENTED_EDGE ( 'NONE', *, *, #8834, .T. ) ;
#7744 = ORIENTED_EDGE ( 'NONE', *, *, #4263, .F. ) ;
#7745 = EDGE_CURVE ( 'NONE', #3382, #4513, #2425, .T. ) ;
#7746 = CARTESIAN_POINT ( 'NONE',  ( 5.950000000000000178, 0.000000000000000000, -0.8499999999999999778 ) ) ;
#7747 = ORIENTED_EDGE ( 'NONE', *, *, #1718, .T. ) ;
#7748 = CARTESIAN_POINT ( 'NONE',  ( 2.976659776242249813E-16, 2.750000000000000000, -2.335481207337215093 ) ) ;
#7749 =( LENGTH_UNIT ( ) NAMED_UNIT ( * ) SI_UNIT ( .MILLI., .METRE. ) );
#7750 = DIRECTION ( 'NONE',  ( 0.000000000000000000, 1.000000000000000000, 0.000000000000000000 ) ) ;
#7751 = EDGE_CURVE ( 'NONE', #7238, #50, #4534, .T. ) ;
#7752 = CARTESIAN_POINT ( 'NONE',  ( -4.567819926235459960, 2.750000000000000000, -3.311319922454459608 ) ) ;
#7753 = DIRECTION ( 'NONE',  ( 0.6427876096865390299, 0.000000000000000000, 0.7660444431189782355 ) ) ;
#7754 = DIRECTION ( 'NONE',  ( 0.7660444431189782355, 0.000000000000000000, -0.6427876096865390299 ) ) ;
#7755 = DIRECTION ( 'NONE',  ( 1.000000000000000000, 0.000000000000000000, 0.000000000000000000 ) ) ;
#7756 = EDGE_LOOP ( 'NONE', ( #3499, #4403 ) ) ;
#7757 =( NAMED_UNIT ( * ) PLANE_ANGLE_UNIT ( ) SI_UNIT ( $, .RADIAN. ) );
#7758 = ORIENTED_EDGE ( 'NONE', *, *, #6903, .T. ) ;
#7759 = DIRECTION ( 'NONE',  ( 0.6427876096865391409, 0.000000000000000000, 0.7660444431189782355 ) ) ;
#7760 = VECTOR ( 'NONE', #3239, 1000.000000000000000 ) ;
#7761 = CARTESIAN_POINT ( 'NONE',  ( 9.757819551890340433E-16, 3.750000000000000000, 2.400834213883145107 ) ) ;
#7762 = VERTEX_POINT ( 'NONE', #920 ) ;
#7763 = EDGE_CURVE ( 'NONE', #416, #7603, #7479, .T. ) ;
#7764 = CARTESIAN_POINT ( 'NONE',  ( -5.000000000000000000, -2.455974827712295028, 1.120054968325876033 ) ) ;
#7765 = ORIENTED_EDGE ( 'NONE', *, *, #8196, .T. ) ;
#7766 = DIRECTION ( 'NONE',  ( 1.000000000000000000, 0.000000000000000000, 0.000000000000000000 ) ) ;
#7767 = LINE ( 'NONE', #1210, #8273 ) ;
#7768 = ORIENTED_EDGE ( 'NONE', *, *, #8993, .F. ) ;
#7769 =( NAMED_UNIT ( * ) PLANE_ANGLE_UNIT ( ) SI_UNIT ( $, .RADIAN. ) );
#7770 = PRESENTATION_STYLE_ASSIGNMENT (( #4908 ) ) ;
#7771 = DIRECTION ( 'NONE',  ( 0.1736481776669314692, 0.000000000000000000, -0.9848077530122079093 ) ) ;
#7772 = DIRECTION ( 'NONE',  ( -0.1736481776669309973, 0.000000000000000000, 0.9848077530122080203 ) ) ;
#7773 = EDGE_CURVE ( 'NONE', #1110, #8326, #8243, .T. ) ;
#7774 = AXIS2_PLACEMENT_3D ( 'NONE', #771, #7389, #8056 ) ;
#7775 = FACE_OUTER_BOUND ( 'NONE', #8388, .T. ) ;
#7776 = FACE_OUTER_BOUND ( 'NONE', #7386, .T. ) ;
#7777 = VECTOR ( 'NONE', #2592, 1000.000000000000114 ) ;
#7778 = ORIENTED_EDGE ( 'NONE', *, *, #2021, .F. ) ;
#7779 = SURFACE_STYLE_FILL_AREA ( #601 ) ;
#7780 = DIRECTION ( 'NONE',  ( 0.000000000000000000, 0.000000000000000000, 1.000000000000000000 ) ) ;
#7781 = CARTESIAN_POINT ( 'NONE',  ( -2.250000000000000000, 0.1000000000000000056, -0.5000000000000000000 ) ) ;
#7782 = PRODUCT ( 'Boss-Extrude3[7]_1', 'Boss-Extrude3[7]_1', '', ( #7891 ) ) ;
#7783 = EDGE_CURVE ( 'NONE', #9258, #5435, #3193, .T. ) ;
#7784 = LINE ( 'NONE', #6440, #6463 ) ;
#7785 = DIRECTION ( 'NONE',  ( -0.9848077530122081313, 0.000000000000000000, -0.1736481776669305255 ) ) ;
#7786 = ORIENTED_EDGE ( 'NONE', *, *, #2013, .T. ) ;
#7787 = PLANE ( 'NONE',  #9012 ) ;
#7788 = EDGE_LOOP ( 'NONE', ( #2696, #4508, #5559, #6848 ) ) ;
#7789 = AXIS2_PLACEMENT_3D ( 'NONE', #8754, #287, #7001 ) ;
#7790 = SHAPE_REPRESENTATION_RELATIONSHIP ( 'NONE' , 'NONE' ,  #4588, #3848 ) ;
#7791 = ORIENTED_EDGE ( 'NONE', *, *, #5717, .F. ) ;
#7792 = CARTESIAN_POINT ( 'NONE',  ( 5.950000000000000178, 0.5999999999999999778, -1.050000000000000044 ) ) ;
#7793 = DIRECTION ( 'NONE',  ( -1.000000000000000000, 0.000000000000000000, 0.000000000000000000 ) ) ;
#7794 = DIRECTION ( 'NONE',  ( 0.000000000000000000, -1.000000000000000000, 0.000000000000000000 ) ) ;
#7795 = PRODUCT_RELATED_PRODUCT_CATEGORY ( 'part', '', ( #407 ) ) ;
#7796 = VECTOR ( 'NONE', #3870, 1000.000000000000114 ) ;
#7797 = EDGE_CURVE ( 'NONE', #5741, #280, #1949, .T. ) ;
#7798 = FILL_AREA_STYLE ('',( #5622 ) ) ;
#7799 = CARTESIAN_POINT ( 'NONE',  ( 6.500000000000000000, 23.78004913997499870, -4.899999999999999467 ) ) ;
#7800 = DIRECTION ( 'NONE',  ( 0.9848077530122081313, 0.000000000000000000, 0.1736481776669305255 ) ) ;
#7801 = CARTESIAN_POINT ( 'NONE',  ( 5.950000000000000178, 2.900543414065470227, -1.050000000000000044 ) ) ;
#7802 = EDGE_CURVE ( 'NONE', #4259, #7118, #9262, .T. ) ;
#7803 = DIRECTION ( 'NONE',  ( -0.7660444431189785686, 0.000000000000000000, 0.6427876096865385858 ) ) ;
#7804 = SURFACE_STYLE_USAGE ( .BOTH. , #2562 ) ;
#7805 = ORIENTED_EDGE ( 'NONE', *, *, #5782, .F. ) ;
#7806 = SHAPE_REPRESENTATION_RELATIONSHIP ( 'NONE' , 'NONE' ,  #8536, #809 ) ;
#7807 = ADVANCED_FACE ( 'NONE', ( #6380 ), #4123, .F. ) ;
#7808 = ORIENTED_EDGE ( 'NONE', *, *, #7655, .F. ) ;
#7809 = CARTESIAN_POINT ( 'NONE',  ( -2.250000000000000000, 0.1000000000000000056, -1.000000000000000000 ) ) ;
#7810 = ORIENTED_EDGE ( 'NONE', *, *, #850, .T. ) ;
#7811 = PRODUCT_DEFINITION ( 'UNKNOWN', '', #2311, #2883 ) ;
#7812 = FACE_OUTER_BOUND ( 'NONE', #8873, .T. ) ;
#7813 =( NAMED_UNIT ( * ) PLANE_ANGLE_UNIT ( ) SI_UNIT ( $, .RADIAN. ) );
#7814 = MECHANICAL_DESIGN_GEOMETRIC_PRESENTATION_REPRESENTATION (  '', ( #3244 ), #3691 ) ;
#7815 = CARTESIAN_POINT ( 'NONE',  ( 0.2000000000000000111, 3.750000000000000000, 2.573831925856055136 ) ) ;
#7816 = VERTEX_POINT ( 'NONE', #6335 ) ;
#7817 = VECTOR ( 'NONE', #4747, 1000.000000000000000 ) ;
#7818 = FACE_OUTER_BOUND ( 'NONE', #2847, .T. ) ;
#7819 = VERTEX_POINT ( 'NONE', #1237 ) ;
#7820 =( LENGTH_UNIT ( ) NAMED_UNIT ( * ) SI_UNIT ( .MILLI., .METRE. ) );
#7821 = UNCERTAINTY_MEASURE_WITH_UNIT (LENGTH_MEASURE( 1.000000000000000082E-05 ), #3048, 'distance_accuracy_value', 'NONE');
#7822 = DIRECTION ( 'NONE',  ( 0.7660444431189777914, 0.000000000000000000, -0.6427876096865398070 ) ) ;
#7823 = VECTOR ( 'NONE', #3846, 1000.000000000000114 ) ;
#7824 = VECTOR ( 'NONE', #6030, 1000.000000000000000 ) ;
#7825 = VERTEX_POINT ( 'NONE', #1373 ) ;
#7826 = AXIS2_PLACEMENT_3D ( 'NONE', #9180, #5743, #5595 ) ;
#7827 = CARTESIAN_POINT ( 'NONE',  ( -0.5999999999999999778, 3.750000000000000000, 1.685782058326620092 ) ) ;
#7828 = LINE ( 'NONE', #1299, #8477 ) ;
#7829 = AXIS2_PLACEMENT_3D ( 'NONE', #9004, #1187, #362 ) ;
#7830 = SHAPE_REPRESENTATION ( 'Boss-Extrude6[1]_1', ( #3266 ), #7371 ) ;
#7831 = VECTOR ( 'NONE', #7555, 1000.000000000000000 ) ;
#7832 = SURFACE_STYLE_FILL_AREA ( #1303 ) ;
#7833 = MECHANICAL_DESIGN_GEOMETRIC_PRESENTATION_REPRESENTATION (  '', ( #1889 ), #1288 ) ;
#7834 =( NAMED_UNIT ( * ) SI_UNIT ( $, .STERADIAN. ) SOLID_ANGLE_UNIT ( ) );
#7835 = ORIENTED_EDGE ( 'NONE', *, *, #1492, .F. ) ;
#7836 = ADVANCED_FACE ( 'NONE', ( #2735 ), #7172, .T. ) ;
#7837 = LINE ( 'NONE', #7023, #1612 ) ;
#7838 = CARTESIAN_POINT ( 'NONE',  ( -3.871279704941819944, -2.455974827712295028, 2.465211434995460582 ) ) ;
#7839 = CARTESIAN_POINT ( 'NONE',  ( 0.8000000000000000444, 2.750000000000000000, 3.288884081412580151 ) ) ;
#7840 = EDGE_CURVE ( 'NONE', #5576, #3428, #5623, .T. ) ;
#7841 = COLOUR_RGB ( '',0.7921568627450980005, 0.8196078431372548767, 0.9333333333333333481 ) ;
#7842 = DIRECTION ( 'NONE',  ( 0.000000000000000000, -1.000000000000000000, 0.000000000000000000 ) ) ;
#7843 = ADVANCED_FACE ( 'NONE', ( #3473 ), #618, .F. ) ;
#7844 = DIRECTION ( 'NONE',  ( -0.9848077530122079093, 0.000000000000000000, -0.1736481776669309696 ) ) ;
#7845 = ORIENTED_EDGE ( 'NONE', *, *, #8668, .F. ) ;
#7846 = LINE ( 'NONE', #4207, #6152 ) ;
#7847 = AXIS2_PLACEMENT_3D ( 'NONE', #2194, #106, #3627 ) ;
#7848 = ORIENTED_EDGE ( 'NONE', *, *, #3632, .T. ) ;
#7849 = PRODUCT_CONTEXT ( 'NONE', #5323, 'mechanical' ) ;
#7850 = VERTEX_POINT ( 'NONE', #2785 ) ;
#7851 = DIRECTION ( 'NONE',  ( 0.6427876096865390299, 0.000000000000000000, 0.7660444431189782355 ) ) ;
#7852 = PRESENTATION_LAYER_ASSIGNMENT (  '', '', ( #545 ) ) ;
#7853 = PLANE ( 'NONE',  #5897 ) ;
#7854 = FACE_OUTER_BOUND ( 'NONE', #3067, .T. ) ;
#7855 = CARTESIAN_POINT ( 'NONE',  ( -7.500000000000000000, 0.000000000000000000, 4.649999999999999467 ) ) ;
#7856 = VECTOR ( 'NONE', #4431, 1000.000000000000000 ) ;
#7857 = CARTESIAN_POINT ( 'NONE',  ( 7.500000000000000000, 2.900543414065470227, 2.550000000000000266 ) ) ;
#7858 = LINE ( 'NONE', #4798, #6298 ) ;
#7859 = AXIS2_PLACEMENT_3D ( 'NONE', #3908, #3814, #2388 ) ;
#7860 = CARTESIAN_POINT ( 'NONE',  ( 5.950000000000000178, 2.900543414065470227, -2.750000000000000000 ) ) ;
#7861 =( LENGTH_UNIT ( ) NAMED_UNIT ( * ) SI_UNIT ( .MILLI., .METRE. ) );
#7862 = VECTOR ( 'NONE', #5310, 1000.000000000000000 ) ;
#7863 = VERTEX_POINT ( 'NONE', #5720 ) ;
#7864 = CARTESIAN_POINT ( 'NONE',  ( 0.8000000000000000444, 3.750000000000000000, 2.070372147149684761 ) ) ;
#7865 = ORIENTED_EDGE ( 'NONE', *, *, #8213, .F. ) ;
#7866 = DIRECTION ( 'NONE',  ( 0.000000000000000000, 1.000000000000000000, 0.000000000000000000 ) ) ;
#7867 = VECTOR ( 'NONE', #46, 999.9999999999998863 ) ;
#7868 =( NAMED_UNIT ( * ) SI_UNIT ( $, .STERADIAN. ) SOLID_ANGLE_UNIT ( ) );
#7869 = VERTEX_POINT ( 'NONE', #8608 ) ;
#7870 = EDGE_CURVE ( 'NONE', #1882, #4740, #2093, .T. ) ;
#7871 = PRESENTATION_STYLE_ASSIGNMENT (( #5878 ) ) ;
#7872 = ADVANCED_FACE ( 'NONE', ( #8828 ), #4459, .F. ) ;
#7873 = ADVANCED_FACE ( 'NONE', ( #757 ), #1621, .T. ) ;
#7874 = EDGE_LOOP ( 'NONE', ( #1223, #8643, #5866, #7594 ) ) ;
#7875 =( NAMED_UNIT ( * ) PLANE_ANGLE_UNIT ( ) SI_UNIT ( $, .RADIAN. ) );
#7876 = CARTESIAN_POINT ( 'NONE',  ( 7.500000000000000000, 0.000000000000000000, -2.949999999999999734 ) ) ;
#7877 = EDGE_LOOP ( 'NONE', ( #1513, #4276 ) ) ;
#7878 = MECHANICAL_DESIGN_GEOMETRIC_PRESENTATION_REPRESENTATION (  '', ( #6659 ), #5544 ) ;
#7879 = CARTESIAN_POINT ( 'NONE',  ( 3.799999999999999822, 2.750000000000000000, 2.461620773443864874 ) ) ;
#7880 = PLANE ( 'NONE',  #5733 ) ;
#7881 = ADVANCED_FACE ( 'NONE', ( #7323 ), #3751, .F. ) ;
#7882 = PRESENTATION_LAYER_ASSIGNMENT (  '', '', ( #3467 ) ) ;
#7883 = CARTESIAN_POINT ( 'NONE',  ( -3.871279704941819944, 2.750000000000000000, 2.465211434995460582 ) ) ;
#7884 = EDGE_LOOP ( 'NONE', ( #4420, #2530, #1475, #99, #997, #4562 ) ) ;
#7885 =( NAMED_UNIT ( * ) PLANE_ANGLE_UNIT ( ) SI_UNIT ( $, .RADIAN. ) );
#7886 = CARTESIAN_POINT ( 'NONE',  ( 2.250000000000000000, 0.1000000000000000056, 0.5000000000000000000 ) ) ;
#7887 = DIRECTION ( 'NONE',  ( 0.000000000000000000, 0.000000000000000000, -1.000000000000000000 ) ) ;
#7888 = ADVANCED_FACE ( 'NONE', ( #8528 ), #3616, .T. ) ;
#7889 = ORIENTED_EDGE ( 'NONE', *, *, #3381, .F. ) ;
#7890 = VERTEX_POINT ( 'NONE', #4765 ) ;
#7891 = PRODUCT_CONTEXT ( 'NONE', #8415, 'mechanical' ) ;
#7892 = VERTEX_POINT ( 'NONE', #5598 ) ;
#7893 = EDGE_CURVE ( 'NONE', #9258, #5290, #4002, .T. ) ;
#7894 = FILL_AREA_STYLE_COLOUR ( '', #2602 ) ;
#7895 = EDGE_LOOP ( 'NONE', ( #1407, #9076, #6013, #86, #5783, #2070 ) ) ;
#7896 = DIRECTION ( 'NONE',  ( 0.000000000000000000, -1.000000000000000000, 0.000000000000000000 ) ) ;
#7897 = ADVANCED_FACE ( 'NONE', ( #4142 ), #4051, .F. ) ;
#7898 = DIRECTION ( 'NONE',  ( 0.000000000000000000, -1.000000000000000000, 0.000000000000000000 ) ) ;
#7899 = FACE_OUTER_BOUND ( 'NONE', #2166, .T. ) ;
#7900 = PLANE ( 'NONE',  #4915 ) ;
#7901 = VERTEX_POINT ( 'NONE', #715 ) ;
#7902 = CARTESIAN_POINT ( 'NONE',  ( -4.503459778706369931, -2.455974827712295028, 1.711808560920089928 ) ) ;
#7903 = ORIENTED_EDGE ( 'NONE', *, *, #5355, .T. ) ;
#7904 = DIRECTION ( 'NONE',  ( 0.000000000000000000, -1.000000000000000000, 0.000000000000000000 ) ) ;
#7905 = DIRECTION ( 'NONE',  ( 0.000000000000000000, 0.000000000000000000, 1.000000000000000000 ) ) ;
#7906 = CARTESIAN_POINT ( 'NONE',  ( 0.8000000000000000444, 2.750000000000000000, 3.288884081412580151 ) ) ;
#7907 = ORIENTED_EDGE ( 'NONE', *, *, #4094, .F. ) ;
#7908 = ORIENTED_EDGE ( 'NONE', *, *, #4596, .F. ) ;
#7909 = VERTEX_POINT ( 'NONE', #446 ) ;
#7910 = CARTESIAN_POINT ( 'NONE',  ( -7.500000000000000000, 0.5999999999999999778, -1.250000000000000000 ) ) ;
#7911 = VECTOR ( 'NONE', #2296, 1000.000000000000114 ) ;
#7912 = CARTESIAN_POINT ( 'NONE',  ( -7.500000000000000000, 0.5999999999999999778, -1.250000000000000000 ) ) ;
#7913 = PLANE ( 'NONE',  #6960 ) ;
#7914 = EDGE_CURVE ( 'NONE', #3807, #4983, #1214, .T. ) ;
#7915 = ADVANCED_FACE ( 'NONE', ( #1421 ), #9181, .F. ) ;
#7916 = PLANE ( 'NONE',  #6162 ) ;
#7917 = ORIENTED_EDGE ( 'NONE', *, *, #8330, .T. ) ;
#7918 = PRESENTATION_STYLE_ASSIGNMENT (( #6406 ) ) ;
#7919 = EDGE_CURVE ( 'NONE', #8810, #7669, #4318, .T. ) ;
#7920 =( GEOMETRIC_REPRESENTATION_CONTEXT ( 3 ) GLOBAL_UNCERTAINTY_ASSIGNED_CONTEXT ( ( #3450 ) ) GLOBAL_UNIT_ASSIGNED_CONTEXT ( ( #5478, #7757, #2603 ) ) REPRESENTATION_CONTEXT ( 'NONE', 'WORKASPACE' ) );
#7921 = DIRECTION ( 'NONE',  ( 0.000000000000000000, 0.000000000000000000, 1.000000000000000000 ) ) ;
#7922 = CARTESIAN_POINT ( 'NONE',  ( -7.500000000000000000, 0.000000000000000000, -1.250000000000000000 ) ) ;
#7923 = FACE_OUTER_BOUND ( 'NONE', #8656, .T. ) ;
#7924 = FILL_AREA_STYLE_COLOUR ( '', #1480 ) ;
#7925 = CARTESIAN_POINT ( 'NONE',  ( 3.799999999999999822, 2.750000000000000000, -1.056182713513598159 ) ) ;
#7926 = AXIS2_PLACEMENT_3D ( 'NONE', #8135, #5996, #3037 ) ;
#7927 = VERTEX_POINT ( 'NONE', #1801 ) ;
#7928 = ORIENTED_EDGE ( 'NONE', *, *, #3949, .F. ) ;
#7929 = APPLICATION_PROTOCOL_DEFINITION ( 'draft international standard', 'automotive_design', 1998, #9190 ) ;
#7930 = ORIENTED_EDGE ( 'NONE', *, *, #2677, .T. ) ;
#7931 =( NAMED_UNIT ( * ) PLANE_ANGLE_UNIT ( ) SI_UNIT ( $, .RADIAN. ) );
#7932 = DIRECTION ( 'NONE',  ( 0.000000000000000000, -1.000000000000000000, 0.000000000000000000 ) ) ;
#7933 =( NAMED_UNIT ( * ) SI_UNIT ( $, .STERADIAN. ) SOLID_ANGLE_UNIT ( ) );
#7934 = VECTOR ( 'NONE', #1365, 1000.000000000000000 ) ;
#7935 = LINE ( 'NONE', #7983, #251 ) ;
#7936 = PRODUCT_DEFINITION_CONTEXT ( 'detailed design', #5577, 'design' ) ;
#7937 = CARTESIAN_POINT ( 'NONE',  ( 3.799999999999999822, 2.750000000000000000, 2.461620773443864874 ) ) ;
#7938 = ORIENTED_EDGE ( 'NONE', *, *, #125, .F. ) ;
#7939 = EDGE_LOOP ( 'NONE', ( #1405, #4325, #6840, #7701 ) ) ;
#7940 = ORIENTED_EDGE ( 'NONE', *, *, #2052, .F. ) ;
#7941 = ADVANCED_FACE ( 'NONE', ( #4698 ), #6844, .F. ) ;
#7942 = DIRECTION ( 'NONE',  ( 0.000000000000000000, 1.000000000000000000, 0.000000000000000000 ) ) ;
#7943 = VERTEX_POINT ( 'NONE', #6159 ) ;
#7944 = DIRECTION ( 'NONE',  ( -1.232817212792323889E-16, 0.000000000000000000, -1.000000000000000000 ) ) ;
#7945 = SURFACE_STYLE_FILL_AREA ( #6217 ) ;
#7946 = AXIS2_PLACEMENT_3D ( 'NONE', #1986, #417, #9102 ) ;
#7947 = LINE ( 'NONE', #1424, #835 ) ;
#7948 = ORIENTED_EDGE ( 'NONE', *, *, #9358, .T. ) ;
#7949 = FILL_AREA_STYLE ('',( #2144 ) ) ;
#7950 = ADVANCED_FACE ( 'NONE', ( #2472 ), #8300, .F. ) ;
#7951 = ORIENTED_EDGE ( 'NONE', *, *, #2780, .T. ) ;
#7952 = ORIENTED_EDGE ( 'NONE', *, *, #2714, .T. ) ;
#7953 = PRESENTATION_LAYER_ASSIGNMENT (  '', '', ( #1121 ) ) ;
#7954 = CARTESIAN_POINT ( 'NONE',  ( -5.200000000000000178, 2.316601048851675060, -4.599999999999999645 ) ) ;
#7955 = SURFACE_SIDE_STYLE ('',( #5054 ) ) ;
#7956 = VECTOR ( 'NONE', #9081, 1000.000000000000000 ) ;
#7957 = VECTOR ( 'NONE', #7754, 1000.000000000000114 ) ;
#7958 = DIRECTION ( 'NONE',  ( 0.7660444431189790127, 0.000000000000000000, -0.6427876096865380307 ) ) ;
#7959 = EDGE_CURVE ( 'NONE', #1882, #719, #3579, .T. ) ;
#7960 = ORIENTED_EDGE ( 'NONE', *, *, #3031, .T. ) ;
#7961 = CONTEXT_DEPENDENT_SHAPE_REPRESENTATION ( #6423, #2750 ) ;
#7962 = CARTESIAN_POINT ( 'NONE',  ( 0.5999999999999999778, 2.750000000000000000, 1.897374435176775176 ) ) ;
#7963 = LINE ( 'NONE', #4343, #9275 ) ;
#7964 = CIRCLE ( 'NONE', #8582, 0.5999999999999999778 ) ;
#7965 = CARTESIAN_POINT ( 'NONE',  ( 7.500000000000000000, 0.5999999999999999778, -1.250000000000000000 ) ) ;
#7966 = DIRECTION ( 'NONE',  ( 0.000000000000000000, 1.000000000000000000, 0.000000000000000000 ) ) ;
#7967 = CIRCLE ( 'NONE', #1897, 0.6500000000000001332 ) ;
#7968 = LINE ( 'NONE', #3678, #6962 ) ;
#7969 = PRESENTATION_LAYER_ASSIGNMENT (  '', '', ( #5247 ) ) ;
#7970 = DIRECTION ( 'NONE',  ( 0.000000000000000000, 1.000000000000000000, 0.000000000000000000 ) ) ;
#7971 = EDGE_CURVE ( 'NONE', #5864, #419, #621, .T. ) ;
#7972 = ORIENTED_EDGE ( 'NONE', *, *, #3182, .T. ) ;
#7973 = VECTOR ( 'NONE', #9092, 1000.000000000000114 ) ;
#7974 = ADVANCED_FACE ( 'NONE', ( #6066 ), #8207, .T. ) ;
#7975 = ORIENTED_EDGE ( 'NONE', *, *, #8037, .T. ) ;
#7976 = DIRECTION ( 'NONE',  ( 1.000000000000000000, 0.000000000000000000, 0.000000000000000000 ) ) ;
#7977 = ORIENTED_EDGE ( 'NONE', *, *, #467, .T. ) ;
#7978 = VECTOR ( 'NONE', #4030, 1000.000000000000000 ) ;
#7979 = LINE ( 'NONE', #1461, #6269 ) ;
#7980 = ORIENTED_EDGE ( 'NONE', *, *, #6475, .T. ) ;
#7981 = DIRECTION ( 'NONE',  ( 0.000000000000000000, 0.000000000000000000, -1.000000000000000000 ) ) ;
#7982 = COLOUR_RGB ( '',0.7529411764705882248, 0.000000000000000000, 0.000000000000000000 ) ;
#7983 = CARTESIAN_POINT ( 'NONE',  ( -0.5999999999999999778, 2.750000000000000000, -1.832021428630845161 ) ) ;
#7984 = PLANE ( 'NONE',  #5736 ) ;
#7985 = VECTOR ( 'NONE', #2113, 1000.000000000000000 ) ;
#7986 = PRESENTATION_LAYER_ASSIGNMENT (  '', '', ( #2657 ) ) ;
#7987 = ORIENTED_EDGE ( 'NONE', *, *, #6878, .F. ) ;
#7988 = SURFACE_SIDE_STYLE ('',( #4941 ) ) ;
#7989 = EDGE_LOOP ( 'NONE', ( #6024, #2471, #6189, #4802 ) ) ;
#7990 = VECTOR ( 'NONE', #1841, 1000.000000000000000 ) ;
#7991 = ORIENTED_EDGE ( 'NONE', *, *, #6151, .F. ) ;
#7992 = CARTESIAN_POINT ( 'NONE',  ( -0.8000000000000000444, 3.750000000000000000, 1.788248978016145241 ) ) ;
#7993 = VERTEX_POINT ( 'NONE', #3910 ) ;
#7994 = CARTESIAN_POINT ( 'NONE',  ( -3.600000000000000089, 2.750000000000000000, -2.564087693133389578 ) ) ;
#7995 = PRESENTATION_STYLE_ASSIGNMENT (( #807 ) ) ;
#7997 = CARTESIAN_POINT ( 'NONE',  ( -5.950000000000000178, 0.000000000000000000, 4.649999999999999467 ) ) ;
#7996 = AXIS2_PLACEMENT_3D ( 'NONE', #3818, #5209, #829 ) ;
#7998 = VECTOR ( 'NONE', #2705, 1000.000000000000000 ) ;
#7999 = PRESENTATION_LAYER_ASSIGNMENT (  '', '', ( #6785 ) ) ;
#8000 = DIRECTION ( 'NONE',  ( 1.000000000000000000, 0.000000000000000000, 0.000000000000000000 ) ) ;
#8001 = VERTEX_POINT ( 'NONE', #6684 ) ;
#8002 = ADVANCED_FACE ( 'NONE', ( #3052 ), #293, .F. ) ;
#8003 = APPLICATION_CONTEXT ( 'automotive_design' ) ;
#8004 = FACE_OUTER_BOUND ( 'NONE', #2688, .T. ) ;
#8005 = AXIS2_PLACEMENT_3D ( 'NONE', #2424, #8204, #1858 ) ;
#8006 = ORIENTED_EDGE ( 'NONE', *, *, #8553, .T. ) ;
#8007 = EDGE_CURVE ( 'NONE', #8619, #5792, #1779, .T. ) ;
#8008 = DIRECTION ( 'NONE',  ( 0.000000000000000000, 1.000000000000000000, 0.000000000000000000 ) ) ;
#8009 = ORIENTED_EDGE ( 'NONE', *, *, #8620, .T. ) ;
#8010 = CARTESIAN_POINT ( 'NONE',  ( -5.200000000000000178, 0.000000000000000000, -4.599999999999999645 ) ) ;
#8011 = ADVANCED_FACE ( 'NONE', ( #4621 ), #5261, .F. ) ;
#8012 = FACE_OUTER_BOUND ( 'NONE', #1415, .T. ) ;
#8013 = VECTOR ( 'NONE', #4402, 1000.000000000000000 ) ;
#8014 = DIRECTION ( 'NONE',  ( 0.000000000000000000, 1.000000000000000000, 0.000000000000000000 ) ) ;
#8015 = VECTOR ( 'NONE', #4072, 1000.000000000000000 ) ;
#8016 = CARTESIAN_POINT ( 'NONE',  ( 7.500000000000000000, 2.900543414065470227, 1.050000000000000044 ) ) ;
#8017 = CARTESIAN_POINT ( 'NONE',  ( 0.000000000000000000, 0.5999999999999999778, 0.000000000000000000 ) ) ;
#8018 = STYLED_ITEM ( 'NONE', ( #5400 ), #4738 ) ;
#8019 = DIRECTION ( 'NONE',  ( 0.000000000000000000, 1.000000000000000000, 0.000000000000000000 ) ) ;
#8020 = PRODUCT_DEFINITION_SHAPE ( 'NONE', 'NONE',  #5731 ) ;
#8021 = CARTESIAN_POINT ( 'NONE',  ( -7.500000000000000000, 2.900543414065470227, 0.6500000000000000222 ) ) ;
#8022 = COLOUR_RGB ( '',0.7921568627450980005, 0.8196078431372548767, 0.9333333333333333481 ) ;
#8023 = CARTESIAN_POINT ( 'NONE',  ( -7.500000000000000000, 0.000000000000000000, 2.949999999999999734 ) ) ;
#8024 = CARTESIAN_POINT ( 'NONE',  ( 7.500000000000000000, 0.5999999999999999778, -2.750000000000000000 ) ) ;
#8025 = DIRECTION ( 'NONE',  ( 0.000000000000000000, -1.000000000000000000, 0.000000000000000000 ) ) ;
#8026 = EDGE_LOOP ( 'NONE', ( #8987, #8633, #7107, #6788 ) ) ;
#8027 = ORIENTED_EDGE ( 'NONE', *, *, #2154, .T. ) ;
#8028 =( NAMED_UNIT ( * ) SI_UNIT ( $, .STERADIAN. ) SOLID_ANGLE_UNIT ( ) );
#8029 = EDGE_LOOP ( 'NONE', ( #3837, #6049, #911, #4222 ) ) ;
#8030 = LINE ( 'NONE', #1410, #5352 ) ;
#8031 = LINE ( 'NONE', #7262, #5437 ) ;
#8032 = CARTESIAN_POINT ( 'NONE',  ( -7.500000000000000000, 0.000000000000000000, -0.6500000000000000222 ) ) ;
#8033 =( NAMED_UNIT ( * ) PLANE_ANGLE_UNIT ( ) SI_UNIT ( $, .RADIAN. ) );
#8034 = UNCERTAINTY_MEASURE_WITH_UNIT (LENGTH_MEASURE( 1.000000000000000082E-05 ), #2685, 'distance_accuracy_value', 'NONE');
#8035 = EDGE_CURVE ( 'NONE', #1888, #2177, #2524, .T. ) ;
#8036 = CARTESIAN_POINT ( 'NONE',  ( -5.949999999999919353, 0.5999999999999999778, 0.000000000000000000 ) ) ;
#8037 = EDGE_CURVE ( 'NONE', #8560, #3038, #156, .T. ) ;
#8038 = ORIENTED_EDGE ( 'NONE', *, *, #4333, .F. ) ;
#8039 = DIRECTION ( 'NONE',  ( 1.000000000000000000, 0.000000000000000000, 0.000000000000000000 ) ) ;
#8040 = ORIENTED_EDGE ( 'NONE', *, *, #3495, .T. ) ;
#8041 =( LENGTH_UNIT ( ) NAMED_UNIT ( * ) SI_UNIT ( .MILLI., .METRE. ) );
#8042 = VERTEX_POINT ( 'NONE', #5307 ) ;
#8043 = DIRECTION ( 'NONE',  ( 1.232817212792323889E-16, 0.000000000000000000, 1.000000000000000000 ) ) ;
#8044 = ORIENTED_EDGE ( 'NONE', *, *, #6235, .F. ) ;
#8045 = EDGE_CURVE ( 'NONE', #7137, #2512, #2469, .T. ) ;
#8046 = FACE_OUTER_BOUND ( 'NONE', #7320, .T. ) ;
#8047 = CARTESIAN_POINT ( 'NONE',  ( 5.950000000000000178, 2.900543414065470227, 2.949999999999999734 ) ) ;
#8048 = ORIENTED_EDGE ( 'NONE', *, *, #7105, .T. ) ;
#8049 = DIRECTION ( 'NONE',  ( 0.000000000000000000, 0.000000000000000000, -1.000000000000000000 ) ) ;
#8050 = ORIENTED_EDGE ( 'NONE', *, *, #2581, .F. ) ;
#8051 = FACE_OUTER_BOUND ( 'NONE', #9173, .T. ) ;
#8052 = DIRECTION ( 'NONE',  ( -1.000000000000000000, 0.000000000000000000, 0.000000000000000000 ) ) ;
#8053 = ORIENTED_EDGE ( 'NONE', *, *, #5213, .F. ) ;
#8054 = FACE_OUTER_BOUND ( 'NONE', #7884, .T. ) ;
#8055 = DIRECTION ( 'NONE',  ( -0.000000000000000000, 1.000000000000000000, 0.000000000000000000 ) ) ;
#8056 = DIRECTION ( 'NONE',  ( 0.000000000000000000, 0.000000000000000000, -1.000000000000000000 ) ) ;
#8057 = EDGE_CURVE ( 'NONE', #1710, #752, #5389, .T. ) ;
#8058 = APPLICATION_CONTEXT ( 'automotive_design' ) ;
#8059 = CARTESIAN_POINT ( 'NONE',  ( -0.8000000000000000444, 2.750000000000000000, -3.288884081412580151 ) ) ;
#8060 = CARTESIAN_POINT ( 'NONE',  ( -7.500000000000000000, 2.900543414065470227, 4.450000000000000178 ) ) ;
#8061 = PRODUCT_DEFINITION_CONTEXT ( 'detailed design', #1201, 'design' ) ;
#8062 = DIRECTION ( 'NONE',  ( 1.000000000000000000, 0.000000000000000000, -1.232817212792323889E-16 ) ) ;
#8063 = EDGE_CURVE ( 'NONE', #6098, #2368, #6771, .T. ) ;
#8064 = LINE ( 'NONE', #2259, #8288 ) ;
#8065 = CARTESIAN_POINT ( 'NONE',  ( 5.950000000000000178, 0.5999999999999999778, 4.649999999999999467 ) ) ;
#8066 = DIRECTION ( 'NONE',  ( -1.000000000000000000, 0.000000000000000000, 0.000000000000000000 ) ) ;
#8067 = LINE ( 'NONE', #8855, #7505 ) ;
#8068 = VERTEX_POINT ( 'NONE', #922 ) ;
#8069 = VERTEX_POINT ( 'NONE', #7585 ) ;
#8070 = PRODUCT_CONTEXT ( 'NONE', #3189, 'mechanical' ) ;
#8071 = EDGE_CURVE ( 'NONE', #3306, #4038, #248, .T. ) ;
#8072 = DIRECTION ( 'NONE',  ( 0.000000000000000000, 0.000000000000000000, -1.000000000000000000 ) ) ;
#8073 = CARTESIAN_POINT ( 'NONE',  ( -5.950000000000000178, 2.900543414065470227, -2.949999999999999734 ) ) ;
#8074 = LINE ( 'NONE', #7362, #1895 ) ;
#8075 = FILL_AREA_STYLE_COLOUR ( '', #4797 ) ;
#8076 = VECTOR ( 'NONE', #1635, 1000.000000000000000 ) ;
#8077 = LINE ( 'NONE', #8732, #8013 ) ;
#8078 = PLANE ( 'NONE',  #1601 ) ;
#8079 = ORIENTED_EDGE ( 'NONE', *, *, #8543, .T. ) ;
#8080 = ORIENTED_EDGE ( 'NONE', *, *, #4823, .T. ) ;
#8081 = ORIENTED_EDGE ( 'NONE', *, *, #2282, .T. ) ;
#8082 = PRODUCT_RELATED_PRODUCT_CATEGORY ( 'part', '', ( #8467 ) ) ;
#8083 = FACE_OUTER_BOUND ( 'NONE', #8144, .T. ) ;
#8084 = EDGE_CURVE ( 'NONE', #4440, #7646, #3155, .T. ) ;
#8085 = VERTEX_POINT ( 'NONE', #1725 ) ;
#8086 = CARTESIAN_POINT ( 'NONE',  ( -7.500000000000000000, 0.000000000000000000, -3.149999999999999911 ) ) ;
#8087 = UNCERTAINTY_MEASURE_WITH_UNIT (LENGTH_MEASURE( 1.000000000000000082E-05 ), #4680, 'distance_accuracy_value', 'NONE');
#8088 = PRESENTATION_STYLE_ASSIGNMENT (( #4414 ) ) ;
#8089 = CARTESIAN_POINT ( 'NONE',  ( -0.2000000000000000111, 3.750000000000000000, 2.503301133572669812 ) ) ;
#8090 = DIRECTION ( 'NONE',  ( 0.000000000000000000, 0.000000000000000000, -1.000000000000000000 ) ) ;
#8091 = ORIENTED_EDGE ( 'NONE', *, *, #1734, .F. ) ;
#8092 = ADVANCED_FACE ( 'NONE', ( #1017 ), #4754, .T. ) ;
#8093 = CARTESIAN_POINT ( 'NONE',  ( -5.950000000000000178, 0.000000000000000000, -2.750000000000000000 ) ) ;
#8094 = PRODUCT ( 'Boss-Extrude5[2]_1', 'Boss-Extrude5[2]_1', '', ( #265 ) ) ;
#8095 = ORIENTED_EDGE ( 'NONE', *, *, #4509, .F. ) ;
#8096 = PRODUCT_DEFINITION ( 'UNKNOWN', '', #5979, #4306 ) ;
#8097 = PRODUCT_DEFINITION_FORMATION_WITH_SPECIFIED_SOURCE ( 'ANY', '', #6662, .NOT_KNOWN. ) ;
#8098 = ORIENTED_EDGE ( 'NONE', *, *, #3404, .T. ) ;
#8099 = CARTESIAN_POINT ( 'NONE',  ( 0.000000000000000000, 3.750000000000000000, 0.000000000000000000 ) ) ;
#8100 = CARTESIAN_POINT ( 'NONE',  ( 0.2000000000000000111, 3.750000000000000000, 2.573831925856055136 ) ) ;
#8101 = LINE ( 'NONE', #3811, #8424 ) ;
#8102 = VECTOR ( 'NONE', #305, 1000.000000000000114 ) ;
#8103 = LINE ( 'NONE', #7530, #5889 ) ;
#8104 = DIRECTION ( 'NONE',  ( 0.8660254037844383745, 0.000000000000000000, 0.5000000000000003331 ) ) ;
#8105 = FACE_OUTER_BOUND ( 'NONE', #1096, .T. ) ;
#8106 = CARTESIAN_POINT ( 'NONE',  ( 6.500000000000000000, 0.5999999999999999778, -4.899999999999999467 ) ) ;
#8107 = LINE ( 'NONE', #1539, #1229 ) ;
#8108 = CARTESIAN_POINT ( 'NONE',  ( 3.935639852470909972, 2.750000000000000000, 3.841781989187914803 ) ) ;
#8109 = DIRECTION ( 'NONE',  ( 1.000000000000000000, 0.000000000000000000, 0.000000000000000000 ) ) ;
#8110 = VECTOR ( 'NONE', #4076, 1000.000000000000000 ) ;
#8111 = CARTESIAN_POINT ( 'NONE',  ( -2.250000000000000000, 0.1000000000000000056, -0.5000000000000000000 ) ) ;
#8112 = DIRECTION ( 'NONE',  ( 0.000000000000000000, -1.000000000000000000, 0.000000000000000000 ) ) ;
#8113 = COLOUR_RGB ( '',0.7921568627450980005, 0.8196078431372548767, 0.9333333333333333481 ) ;
#8114 = FACE_OUTER_BOUND ( 'NONE', #5531, .T. ) ;
#8115 = VERTEX_POINT ( 'NONE', #3992 ) ;
#8116 = ORIENTED_EDGE ( 'NONE', *, *, #4290, .T. ) ;
#8117 = ADVANCED_FACE ( 'NONE', ( #1247 ), #3387, .F. ) ;
#8118 = APPLICATION_PROTOCOL_DEFINITION ( 'draft international standard', 'automotive_design', 1998, #1201 ) ;
#8119 = STYLED_ITEM ( 'NONE', ( #7871 ), #8354 ) ;
#8120 = CARTESIAN_POINT ( 'NONE',  ( 2.976659776242249813E-16, -2.455974827712295028, -2.335481207337215093 ) ) ;
#8121 = VECTOR ( 'NONE', #5402, 1000.000000000000000 ) ;
#8122 = PRESENTATION_STYLE_ASSIGNMENT (( #6697 ) ) ;
#8123 = AXIS2_PLACEMENT_3D ( 'NONE', #2322, #7896, #2839 ) ;
#8124 = CARTESIAN_POINT ( 'NONE',  ( -5.200000000000000178, 2.316601048851675060, -3.000000000000000000 ) ) ;
#8125 = ADVANCED_FACE ( 'NONE', ( #1107 ), #4903, .F. ) ;
#8126 = VECTOR ( 'NONE', #5507, 1000.000000000000000 ) ;
#8127 = DIRECTION ( 'NONE',  ( 1.000000000000000000, 0.000000000000000000, 0.000000000000000000 ) ) ;
#8128 = VECTOR ( 'NONE', #8865, 1000.000000000000000 ) ;
#8129 = COLOUR_RGB ( '',0.7921568627450980005, 0.8196078431372548767, 0.9333333333333333481 ) ;
#8130 = VERTEX_POINT ( 'NONE', #1963 ) ;
#8131 = DIRECTION ( 'NONE',  ( 0.6427876096865391409, 0.000000000000000000, 0.7660444431189782355 ) ) ;
#8132 = VECTOR ( 'NONE', #5431, 1000.000000000000000 ) ;
#8133 =( GEOMETRIC_REPRESENTATION_CONTEXT ( 3 ) GLOBAL_UNCERTAINTY_ASSIGNED_CONTEXT ( ( #1073 ) ) GLOBAL_UNIT_ASSIGNED_CONTEXT ( ( #1200, #5627, #2740 ) ) REPRESENTATION_CONTEXT ( 'NONE', 'WORKASPACE' ) );
#8134 = EDGE_LOOP ( 'NONE', ( #7908, #7987, #6936, #4602, #8044, #4646 ) ) ;
#8135 = CARTESIAN_POINT ( 'NONE',  ( 5.950000000000000178, 3.750000000000000000, 2.949999999999999734 ) ) ;
#8136 = VERTEX_POINT ( 'NONE', #481 ) ;
#8137 = MECHANICAL_DESIGN_GEOMETRIC_PRESENTATION_REPRESENTATION (  '', ( #1744 ), #7221 ) ;
#8138 = CYLINDRICAL_SURFACE ( 'NONE', #4047, 0.6500000000000000222 ) ;
#8139 = CARTESIAN_POINT ( 'NONE',  ( 0.2000000000000000111, 2.750000000000000000, -2.503301133572669812 ) ) ;
#8140 = AXIS2_PLACEMENT_3D ( 'NONE', #3999, #6161, #7590 ) ;
#8141 = VECTOR ( 'NONE', #3136, 1000.000000000000000 ) ;
#8142 =( GEOMETRIC_REPRESENTATION_CONTEXT ( 3 ) GLOBAL_UNCERTAINTY_ASSIGNED_CONTEXT ( ( #5443 ) ) GLOBAL_UNIT_ASSIGNED_CONTEXT ( ( #8041, #7316, #87 ) ) REPRESENTATION_CONTEXT ( 'NONE', 'WORKASPACE' ) );
#8143 =( NAMED_UNIT ( * ) SI_UNIT ( $, .STERADIAN. ) SOLID_ANGLE_UNIT ( ) );
#8144 = EDGE_LOOP ( 'NONE', ( #2885, #1957, #611, #4982 ) ) ;
#8145 = PRESENTATION_LAYER_ASSIGNMENT (  '', '', ( #6924 ) ) ;
#8146 = CARTESIAN_POINT ( 'NONE',  ( -4.400000000000000355, 2.750000000000000000, 4.200000000000000178 ) ) ;
#8147 = EDGE_LOOP ( 'NONE', ( #4497, #6263, #3620, #3259 ) ) ;
#8148 = VECTOR ( 'NONE', #6972, 1000.000000000000000 ) ;
#8149 = DIRECTION ( 'NONE',  ( 0.000000000000000000, -1.000000000000000000, 0.000000000000000000 ) ) ;
#8150 = VECTOR ( 'NONE', #4916, 1000.000000000000000 ) ;
#8151 = VERTEX_POINT ( 'NONE', #3483 ) ;
#8152 = DIRECTION ( 'NONE',  ( 0.000000000000000000, 0.000000000000000000, 1.000000000000000000 ) ) ;
#8153 = LINE ( 'NONE', #8757, #6170 ) ;
#8154 = DIRECTION ( 'NONE',  ( 0.6427876096865390299, 0.000000000000000000, 0.7660444431189782355 ) ) ;
#8155 =( GEOMETRIC_REPRESENTATION_CONTEXT ( 3 ) GLOBAL_UNCERTAINTY_ASSIGNED_CONTEXT ( ( #795 ) ) GLOBAL_UNIT_ASSIGNED_CONTEXT ( ( #4959, #7875, #7143 ) ) REPRESENTATION_CONTEXT ( 'NONE', 'WORKASPACE' ) );
#8156 = CARTESIAN_POINT ( 'NONE',  ( 5.950000000000000178, 0.000000000000000000, 2.949999999999999734 ) ) ;
#8157 = MECHANICAL_DESIGN_GEOMETRIC_PRESENTATION_REPRESENTATION (  '', ( #7412 ), #6488 ) ;
#8158 = EDGE_CURVE ( 'NONE', #592, #8871, #1819, .T. ) ;
#8159 = DIRECTION ( 'NONE',  ( -0.7660444431189786796, 0.000000000000000000, 0.6427876096865385858 ) ) ;
#8160 = EDGE_CURVE ( 'NONE', #3874, #5044, #530, .T. ) ;
#8161 = STYLED_ITEM ( 'NONE', ( #5680 ), #824 ) ;
#8162 = DIRECTION ( 'NONE',  ( -0.7660444431189782355, 0.000000000000000000, 0.6427876096865391409 ) ) ;
#8163 = PRODUCT ( 'Boss-Extrude3[9]_1', 'Boss-Extrude3[9]_1', '', ( #2727 ) ) ;
#8164 = FILL_AREA_STYLE_COLOUR ( '', #5564 ) ;
#8165 = LINE ( 'NONE', #4536, #3255 ) ;
#8166 = VECTOR ( 'NONE', #5967, 1000.000000000000000 ) ;
#8167 = CARTESIAN_POINT ( 'NONE',  ( -5.949999999999919353, 0.000000000000000000, -4.649999999999999467 ) ) ;
#8168 = DIRECTION ( 'NONE',  ( 0.000000000000000000, 1.000000000000000000, 0.000000000000000000 ) ) ;
#8169 = CARTESIAN_POINT ( 'NONE',  ( 0.000000000000000000, 0.5999999999999999778, -2.750000000000000000 ) ) ;
#8170 = STYLED_ITEM ( 'NONE', ( #2142 ), #884 ) ;
#8171 = EDGE_CURVE ( 'NONE', #2312, #3409, #3438, .T. ) ;
#8172 = CARTESIAN_POINT ( 'NONE',  ( 0.2000000000000000111, 3.750000000000000000, -2.503301133572669812 ) ) ;
#8173 = VECTOR ( 'NONE', #998, 1000.000000000000000 ) ;
#8174 = CARTESIAN_POINT ( 'NONE',  ( -0.8000000000000000444, -2.455974827712295028, 1.788248978016145241 ) ) ;
#8175 = CARTESIAN_POINT ( 'NONE',  ( 5.950000000000000178, 3.750000000000000000, 2.750000000000000000 ) ) ;
#8176 = DIRECTION ( 'NONE',  ( 0.000000000000000000, 1.000000000000000000, 0.000000000000000000 ) ) ;
#8177 = ORIENTED_EDGE ( 'NONE', *, *, #1307, .T. ) ;
#8178 = VERTEX_POINT ( 'NONE', #5587 ) ;
#8179 = APPLICATION_PROTOCOL_DEFINITION ( 'draft international standard', 'automotive_design', 1998, #521 ) ;
#8180 = CARTESIAN_POINT ( 'NONE',  ( 5.950000000000000178, 2.900543414065470227, -2.949999999999999734 ) ) ;
#8181 = DIRECTION ( 'NONE',  ( 0.000000000000000000, 0.000000000000000000, 1.000000000000000000 ) ) ;
#8182 = CARTESIAN_POINT ( 'NONE',  ( -0.5999999999999999778, 2.750000000000000000, 1.685782058326620092 ) ) ;
#8183 = EDGE_CURVE ( 'NONE', #1577, #4792, #9279, .T. ) ;
#8184 = ADVANCED_BREP_SHAPE_REPRESENTATION ( '', ( #1076, #3266 ), #6165 ) ;
#8185 = AXIS2_PLACEMENT_3D ( 'NONE', #6779, #1595, #255 ) ;
#8186 = EDGE_LOOP ( 'NONE', ( #2402, #8817, #2392, #2106 ) ) ;
#8187 = LINE ( 'NONE', #3034, #7063 ) ;
#8188 = ORIENTED_EDGE ( 'NONE', *, *, #2585, .F. ) ;
#8189 =( NAMED_UNIT ( * ) PLANE_ANGLE_UNIT ( ) SI_UNIT ( $, .RADIAN. ) );
#8190 = ORIENTED_EDGE ( 'NONE', *, *, #5313, .F. ) ;
#8191 = LINE ( 'NONE', #2452, #5816 ) ;
#8192 = ORIENTED_EDGE ( 'NONE', *, *, #2202, .T. ) ;
#8193 =( REPRESENTATION_RELATIONSHIP ('NONE','NONE', #3559, #6190 ) REPRESENTATION_RELATIONSHIP_WITH_TRANSFORMATION ( #8534 )SHAPE_REPRESENTATION_RELATIONSHIP( ) );
#8194 = SHAPE_REPRESENTATION ( 'Boss-Extrude3[3]_1', ( #3266 ), #5258 ) ;
#8195 = CARTESIAN_POINT ( 'NONE',  ( 0.5999999999999999778, 3.750000000000000000, 1.897374435176775176 ) ) ;
#8196 = EDGE_CURVE ( 'NONE', #5925, #3378, #4715, .T. ) ;
#8197 = CYLINDRICAL_SURFACE ( 'NONE', #8295, 0.6500000000000000222 ) ;
#8198 = CARTESIAN_POINT ( 'NONE',  ( -7.500000000000000000, 0.000000000000000000, 1.250000000000000000 ) ) ;
#8199 = VERTEX_POINT ( 'NONE', #7670 ) ;
#8200 = DIRECTION ( 'NONE',  ( 0.000000000000000000, -1.000000000000000000, 0.000000000000000000 ) ) ;
#8201 = SURFACE_SIDE_STYLE ('',( #2381 ) ) ;
#8202 = VERTEX_POINT ( 'NONE', #8481 ) ;
#8203 = DIRECTION ( 'NONE',  ( 0.000000000000000000, 1.000000000000000000, 0.000000000000000000 ) ) ;
#8204 = DIRECTION ( 'NONE',  ( -0.6427876096865391409, 0.000000000000000000, -0.7660444431189782355 ) ) ;
#8205 = DIRECTION ( 'NONE',  ( 0.000000000000000000, 0.000000000000000000, -1.000000000000000000 ) ) ;
#8206 = DIRECTION ( 'NONE',  ( 0.000000000000000000, -1.000000000000000000, 0.000000000000000000 ) ) ;
#8207 = PLANE ( 'NONE',  #5231 ) ;
#8208 = CARTESIAN_POINT ( 'NONE',  ( 7.500000000000000000, 2.900543414065470227, 0.6500000000000000222 ) ) ;
#8209 = VERTEX_POINT ( 'NONE', #4858 ) ;
#8210 = DIRECTION ( 'NONE',  ( 1.000000000000000000, 0.000000000000000000, 0.000000000000000000 ) ) ;
#8211 = ADVANCED_FACE ( 'NONE', ( #7818 ), #8343, .F. ) ;
#8212 = DIRECTION ( 'NONE',  ( 0.000000000000000000, 0.000000000000000000, -1.000000000000000000 ) ) ;
#8213 = EDGE_CURVE ( 'NONE', #2430, #7185, #4809, .T. ) ;
#8214 = FACE_OUTER_BOUND ( 'NONE', #1456, .T. ) ;
#8215 = UNCERTAINTY_MEASURE_WITH_UNIT (LENGTH_MEASURE( 1.000000000000000082E-05 ), #8695, 'distance_accuracy_value', 'NONE');
#8216 = DIRECTION ( 'NONE',  ( 0.000000000000000000, 1.000000000000000000, 0.000000000000000000 ) ) ;
#8217 = EDGE_CURVE ( 'NONE', #4811, #2140, #7106, .T. ) ;
#8218 = PLANE ( 'NONE',  #2989 ) ;
#8219 = PLANE ( 'NONE',  #2034 ) ;
#8220 = DIRECTION ( 'NONE',  ( 0.000000000000000000, 0.000000000000000000, 1.000000000000000000 ) ) ;
#8221 = ORIENTED_EDGE ( 'NONE', *, *, #3230, .T. ) ;
#8222 = EDGE_CURVE ( 'NONE', #7732, #8818, #8519, .T. ) ;
#8223 = ORIENTED_EDGE ( 'NONE', *, *, #4992, .T. ) ;
#8224 = PRODUCT_CONTEXT ( 'NONE', #92, 'mechanical' ) ;
#8225 = LINE ( 'NONE', #3121, #2454 ) ;
#8226 = PLANE ( 'NONE',  #9056 ) ;
#8227 = DIRECTION ( 'NONE',  ( 0.000000000000000000, -1.000000000000000000, 0.000000000000000000 ) ) ;
#8228 = VERTEX_POINT ( 'NONE', #6394 ) ;
#8229 = SURFACE_STYLE_FILL_AREA ( #5993 ) ;
#8230 = ORIENTED_EDGE ( 'NONE', *, *, #596, .T. ) ;
#8231 =( LENGTH_UNIT ( ) NAMED_UNIT ( * ) SI_UNIT ( .MILLI., .METRE. ) );
#8232 = ORIENTED_EDGE ( 'NONE', *, *, #4584, .F. ) ;
#8233 = VERTEX_POINT ( 'NONE', #5439 ) ;
#8234 = CARTESIAN_POINT ( 'NONE',  ( -3.871279704941819944, 2.750000000000000000, 2.465211434995460582 ) ) ;
#8235 = VECTOR ( 'NONE', #876, 1000.000000000000000 ) ;
#8236 = ORIENTED_EDGE ( 'NONE', *, *, #8713, .T. ) ;
#8237 = CARTESIAN_POINT ( 'NONE',  ( 0.8000000000000000444, 3.750000000000000000, 3.288884081412580151 ) ) ;
#8238 =( NAMED_UNIT ( * ) SI_UNIT ( $, .STERADIAN. ) SOLID_ANGLE_UNIT ( ) );
#8239 = CARTESIAN_POINT ( 'NONE',  ( -7.500000000000000000, 3.750000000000000000, -1.050000000000000044 ) ) ;
#8240 = ORIENTED_EDGE ( 'NONE', *, *, #8543, .F. ) ;
#8241 = DIRECTION ( 'NONE',  ( 1.000000000000000000, 0.000000000000000000, 0.000000000000000000 ) ) ;
#8242 = MECHANICAL_DESIGN_GEOMETRIC_PRESENTATION_REPRESENTATION (  '', ( #641 ), #8391 ) ;
#8243 = LINE ( 'NONE', #1724, #8408 ) ;
#8245 = PRESENTATION_STYLE_ASSIGNMENT (( #5390 ) ) ;
#8244 = PRODUCT_DEFINITION_FORMATION_WITH_SPECIFIED_SOURCE ( 'ANY', '', #5212, .NOT_KNOWN. ) ;
#8246 = DIRECTION ( 'NONE',  ( 0.000000000000000000, -1.000000000000000000, 0.000000000000000000 ) ) ;
#8247 = ORIENTED_EDGE ( 'NONE', *, *, #4361, .T. ) ;
#8248 = SURFACE_SIDE_STYLE ('',( #8389 ) ) ;
#8249 = CARTESIAN_POINT ( 'NONE',  ( -0.8000000000000000444, 3.750000000000000000, -3.288884081412580151 ) ) ;
#8250 = FACE_OUTER_BOUND ( 'NONE', #694, .T. ) ;
#8251 = DIRECTION ( 'NONE',  ( 0.000000000000000000, 1.000000000000000000, 0.000000000000000000 ) ) ;
#8252 = SURFACE_STYLE_USAGE ( .BOTH. , #6029 ) ;
#8253 = DIRECTION ( 'NONE',  ( 0.4999999999999998890, 0.000000000000000000, 0.8660254037844387076 ) ) ;
#8254 = EDGE_CURVE ( 'NONE', #8602, #333, #2610, .T. ) ;
#8255 = CARTESIAN_POINT ( 'NONE',  ( -5.200000000000000178, 0.000000000000000000, -3.000000000000000000 ) ) ;
#8256 = ORIENTED_EDGE ( 'NONE', *, *, #6035, .T. ) ;
#8257 = ORIENTED_EDGE ( 'NONE', *, *, #8992, .T. ) ;
#8258 = APPLICATION_PROTOCOL_DEFINITION ( 'draft international standard', 'automotive_design', 1998, #7576 ) ;
#8259 = PLANE ( 'NONE',  #1709 ) ;
#8260 = CARTESIAN_POINT ( 'NONE',  ( -3.600000000000000089, 3.750000000000000000, -2.564087693133389578 ) ) ;
#8261 = VECTOR ( 'NONE', #1993, 1000.000000000000000 ) ;
#8262 = CARTESIAN_POINT ( 'NONE',  ( 7.500000000000000000, 0.5999999999999999778, 4.450000000000000178 ) ) ;
#8263 = DIRECTION ( 'NONE',  ( 0.000000000000000000, -1.000000000000000000, 0.000000000000000000 ) ) ;
#8264 = EDGE_CURVE ( 'NONE', #1508, #564, #3342, .T. ) ;
#8265 = EDGE_CURVE ( 'NONE', #8130, #3147, #1910, .T. ) ;
#8266 = ORIENTED_EDGE ( 'NONE', *, *, #5378, .F. ) ;
#8267 =( GEOMETRIC_REPRESENTATION_CONTEXT ( 3 ) GLOBAL_UNCERTAINTY_ASSIGNED_CONTEXT ( ( #4580 ) ) GLOBAL_UNIT_ASSIGNED_CONTEXT ( ( #3524, #7235, #7328 ) ) REPRESENTATION_CONTEXT ( 'NONE', 'WORKASPACE' ) );
#8268 = LINE ( 'NONE', #4785, #8719 ) ;
#8269 = ORIENTED_EDGE ( 'NONE', *, *, #4384, .F. ) ;
#8270 = CLOSED_SHELL ( 'NONE', ( #8820, #1763, #3049, #8689, #6179, #5788, #4283, #1179 ) ) ;
#8271 = ORIENTED_EDGE ( 'NONE', *, *, #5857, .T. ) ;
#8272 = FACE_OUTER_BOUND ( 'NONE', #4516, .T. ) ;
#8273 = VECTOR ( 'NONE', #9232, 1000.000000000000000 ) ;
#8274 = ORIENTED_EDGE ( 'NONE', *, *, #930, .T. ) ;
#8275 = CARTESIAN_POINT ( 'NONE',  ( 7.500000000000000000, 2.900543414065470227, -3.799999999999999822 ) ) ;
#8276 = LINE ( 'NONE', #950, #8141 ) ;
#8277 = VECTOR ( 'NONE', #1491, 1000.000000000000000 ) ;
#8278 = ADVANCED_FACE ( 'NONE', ( #7007 ), #9172, .T. ) ;
#8279 = CARTESIAN_POINT ( 'NONE',  ( 0.2000000000000000111, 2.750000000000000000, -2.503301133572669812 ) ) ;
#8280 = VERTEX_POINT ( 'NONE', #5685 ) ;
#8281 = COLOUR_RGB ( '',0.5019607843137254832, 0.5019607843137254832, 0.5019607843137254832 ) ;
#8282 = CARTESIAN_POINT ( 'NONE',  ( -0.2000000000000000111, 2.750000000000000000, -2.573831925856055136 ) ) ;
#8283 = ORIENTED_EDGE ( 'NONE', *, *, #2417, .F. ) ;
#8284 =( LENGTH_UNIT ( ) NAMED_UNIT ( * ) SI_UNIT ( .MILLI., .METRE. ) );
#8285 = COLOUR_RGB ( '',0.7921568627450980005, 0.8196078431372548767, 0.9333333333333333481 ) ;
#8286 = FACE_OUTER_BOUND ( 'NONE', #2702, .T. ) ;
#8287 = ORIENTED_EDGE ( 'NONE', *, *, #3192, .T. ) ;
#8288 = VECTOR ( 'NONE', #66, 1000.000000000000114 ) ;
#8289 = DIRECTION ( 'NONE',  ( 0.000000000000000000, -1.000000000000000000, 0.000000000000000000 ) ) ;
#8290 = MECHANICAL_DESIGN_GEOMETRIC_PRESENTATION_REPRESENTATION (  '', ( #5404 ), #2203 ) ;
#8291 = DIRECTION ( 'NONE',  ( 0.000000000000000000, 0.000000000000000000, -1.000000000000000000 ) ) ;
#8292 = EDGE_CURVE ( 'NONE', #8209, #4736, #7281, .T. ) ;
#8293 = CARTESIAN_POINT ( 'NONE',  ( -3.600000000000000089, 2.750000000000000000, -2.564087693133389578 ) ) ;
#8294 = AXIS2_PLACEMENT_3D ( 'NONE', #6278, #5303, #8203 ) ;
#8295 = AXIS2_PLACEMENT_3D ( 'NONE', #3842, #4743, #1667 ) ;
#8296 = CARTESIAN_POINT ( 'NONE',  ( -0.2000000000000000111, -2.455974827712295028, 2.503301133572669812 ) ) ;
#8297 = FACE_OUTER_BOUND ( 'NONE', #6655, .T. ) ;
#8298 = ADVANCED_FACE ( 'NONE', ( #5159 ), #6491, .F. ) ;
#8299 = EDGE_LOOP ( 'NONE', ( #5287, #307, #6405, #696 ) ) ;
#8300 = PLANE ( 'NONE',  #9317 ) ;
#8301 = VECTOR ( 'NONE', #3324, 1000.000000000000000 ) ;
#8302 = DIRECTION ( 'NONE',  ( 0.000000000000000000, -1.000000000000000000, 0.000000000000000000 ) ) ;
#8303 = CARTESIAN_POINT ( 'NONE',  ( -5.949999999999919353, 0.5999999999999999778, -2.949999999999999734 ) ) ;
#8304 = UNCERTAINTY_MEASURE_WITH_UNIT (LENGTH_MEASURE( 1.000000000000000082E-05 ), #8284, 'distance_accuracy_value', 'NONE');
#8305 = ADVANCED_FACE ( 'NONE', ( #8004 ), #2107, .T. ) ;
#8306 = DIRECTION ( 'NONE',  ( 1.000000000000000000, 0.000000000000000000, 0.000000000000000000 ) ) ;
#8307 = VECTOR ( 'NONE', #7246, 1000.000000000000000 ) ;
#8308 = LINE ( 'NONE', #3204, #2391 ) ;
#8309 = LINE ( 'NONE', #1738, #5243 ) ;
#8310 = VECTOR ( 'NONE', #2666, 1000.000000000000000 ) ;
#8311 = DIRECTION ( 'NONE',  ( -1.000000000000000000, 0.000000000000000000, 0.000000000000000000 ) ) ;
#8312 = VERTEX_POINT ( 'NONE', #6630 ) ;
#8313 = UNCERTAINTY_MEASURE_WITH_UNIT (LENGTH_MEASURE( 1.000000000000000082E-05 ), #6562, 'distance_accuracy_value', 'NONE');
#8314 = PRODUCT_DEFINITION_SHAPE ( 'NONE', 'NONE',  #5840 ) ;
#8315 = FACE_OUTER_BOUND ( 'NONE', #6889, .T. ) ;
#8316 = CARTESIAN_POINT ( 'NONE',  ( 5.949999999999919353, 3.750000000000000000, -4.649999999999999467 ) ) ;
#8317 = VECTOR ( 'NONE', #3330, 1000.000000000000000 ) ;
#8318 =( LENGTH_UNIT ( ) NAMED_UNIT ( * ) SI_UNIT ( .MILLI., .METRE. ) );
#8319 = ORIENTED_EDGE ( 'NONE', *, *, #3289, .T. ) ;
#8320 = CARTESIAN_POINT ( 'NONE',  ( -3.871279704941819944, 3.750000000000000000, 2.465211434995460582 ) ) ;
#8321 = VECTOR ( 'NONE', #3506, 1000.000000000000000 ) ;
#8322 = DIRECTION ( 'NONE',  ( -0.7660444431189786796, 0.000000000000000000, 0.6427876096865385858 ) ) ;
#8323 = ORIENTED_EDGE ( 'NONE', *, *, #126, .F. ) ;
#8324 = DIRECTION ( 'NONE',  ( 1.000000000000000000, 0.000000000000000000, 0.000000000000000000 ) ) ;
#8325 = AXIS2_PLACEMENT_3D ( 'NONE', #5494, #8393, #2673 ) ;
#8326 = VERTEX_POINT ( 'NONE', #7187 ) ;
#8327 = DIRECTION ( 'NONE',  ( 0.000000000000000000, 0.000000000000000000, 1.000000000000000000 ) ) ;
#8328 = VERTEX_POINT ( 'NONE', #667 ) ;
#8329 = CARTESIAN_POINT ( 'NONE',  ( 7.500000000000000000, 0.000000000000000000, 1.250000000000000000 ) ) ;
#8330 = EDGE_CURVE ( 'NONE', #5051, #4464, #7141, .T. ) ;
#8331 = ADVANCED_FACE ( 'NONE', ( #1483 ), #4324, .F. ) ;
#8332 = CARTESIAN_POINT ( 'NONE',  ( -7.500000000000000000, 0.5999999999999999778, 4.899999999999999467 ) ) ;
#8333 = CARTESIAN_POINT ( 'NONE',  ( 3.664360147529090117, 2.750000000000000000, 2.575436123625144624 ) ) ;
#8334 = ORIENTED_EDGE ( 'NONE', *, *, #2857, .T. ) ;
#8335 = DIRECTION ( 'NONE',  ( 0.000000000000000000, 1.000000000000000000, 0.000000000000000000 ) ) ;
#8336 = ORIENTED_EDGE ( 'NONE', *, *, #2215, .T. ) ;
#8337 = ADVANCED_FACE ( 'NONE', ( #8570 ), #3622, .F. ) ;
#8338 = DIRECTION ( 'NONE',  ( 0.000000000000000000, -1.000000000000000000, 0.000000000000000000 ) ) ;
#8339 = ORIENTED_EDGE ( 'NONE', *, *, #345, .T. ) ;
#8340 = CARTESIAN_POINT ( 'NONE',  ( 3.664360147529090117, -2.455974827712295028, -1.283185001540684045 ) ) ;
#8341 = SURFACE_STYLE_USAGE ( .BOTH. , #2519 ) ;
#8342 = DIRECTION ( 'NONE',  ( 1.000000000000000000, 0.000000000000000000, -1.232817212792323889E-16 ) ) ;
#8343 = PLANE ( 'NONE',  #513 ) ;
#8344 = CARTESIAN_POINT ( 'NONE',  ( 2.976659776242249813E-16, 3.750000000000000000, -2.335481207337215093 ) ) ;
#8345 = DIRECTION ( 'NONE',  ( 2.131773678003834915E-16, 0.000000000000000000, 1.000000000000000000 ) ) ;
#8346 = ORIENTED_EDGE ( 'NONE', *, *, #6872, .F. ) ;
#8347 = CARTESIAN_POINT ( 'NONE',  ( -5.950000000000000178, 0.5999999999999999778, 2.949999999999999734 ) ) ;
#8348 = FACE_OUTER_BOUND ( 'NONE', #5749, .T. ) ;
#8349 = EDGE_CURVE ( 'NONE', #7434, #6033, #5780, .T. ) ;
#8350 = DIRECTION ( 'NONE',  ( 0.000000000000000000, -1.000000000000000000, 0.000000000000000000 ) ) ;
#8351 = FACE_OUTER_BOUND ( 'NONE', #8576, .T. ) ;
#8352 = ORIENTED_EDGE ( 'NONE', *, *, #8222, .F. ) ;
#8353 = CONTEXT_DEPENDENT_SHAPE_REPRESENTATION ( #1548, #3761 ) ;
#8354 = ADVANCED_FACE ( 'NONE', ( #6437 ), #5005, .F. ) ;
#8355 = DIRECTION ( 'NONE',  ( -0.6427876096865396960, 0.000000000000000000, -0.7660444431189776804 ) ) ;
#8356 = DIRECTION ( 'NONE',  ( 0.1736481776669305255, 0.000000000000000000, -0.9848077530122081313 ) ) ;
#8357 = CARTESIAN_POINT ( 'NONE',  ( -7.500000000000000000, 0.000000000000000000, 4.899999999999999467 ) ) ;
#8358 =( REPRESENTATION_RELATIONSHIP ('NONE','NONE', #3559, #3924 ) REPRESENTATION_RELATIONSHIP_WITH_TRANSFORMATION ( #6548 )SHAPE_REPRESENTATION_RELATIONSHIP( ) );
#8359 = EDGE_CURVE ( 'NONE', #4038, #4160, #6578, .T. ) ;
#8360 = ADVANCED_FACE ( 'NONE', ( #1528 ), #4418, .T. ) ;
#8361 = ORIENTED_EDGE ( 'NONE', *, *, #5166, .F. ) ;
#8362 = CARTESIAN_POINT ( 'NONE',  ( 5.000000000000000000, 3.750000000000000000, -1.250760981417740059 ) ) ;
#8363 = CARTESIAN_POINT ( 'NONE',  ( 7.500000000000000000, 0.000000000000000000, 4.899999999999999467 ) ) ;
#8364 = EDGE_LOOP ( 'NONE', ( #6917, #894, #2280, #2 ) ) ;
#8365 = DIRECTION ( 'NONE',  ( 1.000000000000000000, 0.000000000000000000, 0.000000000000000000 ) ) ;
#8366 = ORIENTED_EDGE ( 'NONE', *, *, #6357, .F. ) ;
#8367 = MECHANICAL_DESIGN_GEOMETRIC_PRESENTATION_REPRESENTATION (  '', ( #1378 ), #3953 ) ;
#8368 = LINE ( 'NONE', #4791, #31 ) ;
#8369 = ORIENTED_EDGE ( 'NONE', *, *, #1236, .T. ) ;
#8370 = FACE_OUTER_BOUND ( 'NONE', #1152, .T. ) ;
#8371 = LINE ( 'NONE', #7652, #7532 ) ;
#8372 = DIRECTION ( 'NONE',  ( -0.7660444431189776804, 0.000000000000000000, 0.6427876096865396960 ) ) ;
#8373 = CARTESIAN_POINT ( 'NONE',  ( -0.2000000000000000111, 3.750000000000000000, -2.573831925856055136 ) ) ;
#8374 = LINE ( 'NONE', #1899, #8999 ) ;
#8375 = EDGE_CURVE ( 'NONE', #6186, #3838, #3400, .T. ) ;
#8376 = ORIENTED_EDGE ( 'NONE', *, *, #2202, .F. ) ;
#8377 = DIRECTION ( 'NONE',  ( 0.000000000000000000, 0.000000000000000000, -1.000000000000000000 ) ) ;
#8378 = ORIENTED_EDGE ( 'NONE', *, *, #1814, .F. ) ;
#8379 = SURFACE_SIDE_STYLE ('',( #5481 ) ) ;
#8380 = PLANE ( 'NONE',  #8005 ) ;
#8381 = EDGE_CURVE ( 'NONE', #1527, #4412, #3760, .T. ) ;
#8382 = AXIS2_PLACEMENT_3D ( 'NONE', #1568, #5920, #2889 ) ;
#8383 = CARTESIAN_POINT ( 'NONE',  ( -0.5999999999999999778, -2.455974827712295028, 1.685782058326620092 ) ) ;
#8384 = DIRECTION ( 'NONE',  ( 1.000000000000000000, 0.000000000000000000, 0.000000000000000000 ) ) ;
#8385 = DIRECTION ( 'NONE',  ( 1.000000000000000000, 0.000000000000000000, 0.000000000000000000 ) ) ;
#8386 = DIRECTION ( 'NONE',  ( -2.065422993075124858E-16, 0.000000000000000000, -1.000000000000000000 ) ) ;
#8387 = UNCERTAINTY_MEASURE_WITH_UNIT (LENGTH_MEASURE( 1.000000000000000082E-05 ), #4209, 'distance_accuracy_value', 'NONE');
#8388 = EDGE_LOOP ( 'NONE', ( #5024, #2931, #5277, #1047 ) ) ;
#8389 = SURFACE_STYLE_FILL_AREA ( #3998 ) ;
#8390 = DIRECTION ( 'NONE',  ( -1.000000000000000000, 0.000000000000000000, 0.000000000000000000 ) ) ;
#8391 =( GEOMETRIC_REPRESENTATION_CONTEXT ( 3 ) GLOBAL_UNCERTAINTY_ASSIGNED_CONTEXT ( ( #7729 ) ) GLOBAL_UNIT_ASSIGNED_CONTEXT ( ( #1656, #7450, #9139 ) ) REPRESENTATION_CONTEXT ( 'NONE', 'WORKASPACE' ) );
#8392 = FILL_AREA_STYLE ('',( #4819 ) ) ;
#8393 = DIRECTION ( 'NONE',  ( 0.6427876096865391409, 0.000000000000000000, 0.7660444431189782355 ) ) ;
#8394 = FACE_OUTER_BOUND ( 'NONE', #464, .T. ) ;
#8395 = CARTESIAN_POINT ( 'NONE',  ( -4.567819926235459960, 3.750000000000000000, -3.311319922454459608 ) ) ;
#8396 = LINE ( 'NONE', #1177, #6625 ) ;
#8397 = ORIENTED_EDGE ( 'NONE', *, *, #9274, .T. ) ;
#8398 = ITEM_DEFINED_TRANSFORMATION ( 'NONE', 'NONE', #2761,  #3266 ) ;
#8399 = AXIS2_PLACEMENT_3D ( 'NONE', #6988, #8504, #365 ) ;
#8400 = CARTESIAN_POINT ( 'NONE',  ( 5.950000000000000178, 2.900543414065470227, 0.8499999999999999778 ) ) ;
#8401 = LINE ( 'NONE', #606, #4521 ) ;
#8402 = ADVANCED_FACE ( 'NONE', ( #5963 ), #3943, .F. ) ;
#8403 = ORIENTED_EDGE ( 'NONE', *, *, #2453, .F. ) ;
#8404 = DIRECTION ( 'NONE',  ( 0.000000000000000000, 0.000000000000000000, -1.000000000000000000 ) ) ;
#8405 = CARTESIAN_POINT ( 'NONE',  ( -2.250000000000000000, 0.000000000000000000, -1.000000000000000000 ) ) ;
#8406 = ORIENTED_EDGE ( 'NONE', *, *, #6787, .T. ) ;
#8407 = DIRECTION ( 'NONE',  ( 0.000000000000000000, 0.000000000000000000, 1.000000000000000000 ) ) ;
#8408 = VECTOR ( 'NONE', #1015, 1000.000000000000000 ) ;
#8409 = ORIENTED_EDGE ( 'NONE', *, *, #4242, .F. ) ;
#8410 = ADVANCED_FACE ( 'NONE', ( #186 ), #4611, .T. ) ;
#8411 = PLANE ( 'NONE',  #5039 ) ;
#8412 = ORIENTED_EDGE ( 'NONE', *, *, #8590, .F. ) ;
#8413 = DIRECTION ( 'NONE',  ( 0.000000000000000000, 1.000000000000000000, 0.000000000000000000 ) ) ;
#8414 = FACE_OUTER_BOUND ( 'NONE', #2859, .T. ) ;
#8415 = APPLICATION_CONTEXT ( 'automotive_design' ) ;
#8416 = LINE ( 'NONE', #470, #8880 ) ;
#8417 = LINE ( 'NONE', #1898, #2944 ) ;
#8418 = CLOSED_SHELL ( 'NONE', ( #6072, #7177, #3002, #4173, #6973, #4477, #7807, #8978 ) ) ;
#8419 = FILL_AREA_STYLE_COLOUR ( '', #8113 ) ;
#8420 = ORIENTED_EDGE ( 'NONE', *, *, #22, .F. ) ;
#8421 = VECTOR ( 'NONE', #2694, 1000.000000000000000 ) ;
#8422 = CARTESIAN_POINT ( 'NONE',  ( 5.950000000000000178, 0.5999999999999999778, 2.949999999999999734 ) ) ;
#8423 = VERTEX_POINT ( 'NONE', #7468 ) ;
#8424 = VECTOR ( 'NONE', #1584, 1000.000000000000000 ) ;
#8425 = FACE_OUTER_BOUND ( 'NONE', #8026, .T. ) ;
#8426 = LINE ( 'NONE', #4805, #398 ) ;
#8427 = AXIS2_PLACEMENT_3D ( 'NONE', #8047, #9319, #8000 ) ;
#8428 = VECTOR ( 'NONE', #8458, 1000.000000000000000 ) ;
#8429 = DIRECTION ( 'NONE',  ( 0.9848077530122079093, 0.000000000000000000, 0.1736481776669309696 ) ) ;
#8430 = ORIENTED_EDGE ( 'NONE', *, *, #1518, .T. ) ;
#8431 = CARTESIAN_POINT ( 'NONE',  ( 5.950000000000000178, 0.000000000000000000, 4.649999999999999467 ) ) ;
#8432 = VERTEX_POINT ( 'NONE', #2420 ) ;
#8433 = MECHANICAL_DESIGN_GEOMETRIC_PRESENTATION_REPRESENTATION (  '', ( #8870 ), #9333 ) ;
#8434 = DIRECTION ( 'NONE',  ( 0.000000000000000000, -1.000000000000000000, 0.000000000000000000 ) ) ;
#8435 = VECTOR ( 'NONE', #5570, 1000.000000000000000 ) ;
#8436 =( GEOMETRIC_REPRESENTATION_CONTEXT ( 3 ) GLOBAL_UNCERTAINTY_ASSIGNED_CONTEXT ( ( #1731 ) ) GLOBAL_UNIT_ASSIGNED_CONTEXT ( ( #473, #2178, #4407 ) ) REPRESENTATION_CONTEXT ( 'NONE', 'WORKASPACE' ) );
#8437 = ORIENTED_EDGE ( 'NONE', *, *, #125, .T. ) ;
#8438 = CARTESIAN_POINT ( 'NONE',  ( -5.950000000000000178, 0.5999999999999999778, 0.8499999999999999778 ) ) ;
#8439 = CARTESIAN_POINT ( 'NONE',  ( 7.500000000000000000, 2.900543414065470227, 0.8499999999999999778 ) ) ;
#8440 = AXIS2_PLACEMENT_3D ( 'NONE', #8857, #8176, #2973 ) ;
#8441 = EDGE_CURVE ( 'NONE', #7762, #5454, #4561, .T. ) ;
#8442 = EDGE_CURVE ( 'NONE', #7055, #4811, #7520, .T. ) ;
#8443 = DIRECTION ( 'NONE',  ( 0.6427876096865398070, 0.000000000000000000, 0.7660444431189777914 ) ) ;
#8444 = VECTOR ( 'NONE', #9129, 1000.000000000000000 ) ;
#8445 = MECHANICAL_DESIGN_GEOMETRIC_PRESENTATION_REPRESENTATION (  '', ( #3572 ), #6022 ) ;
#8446 = CARTESIAN_POINT ( 'NONE',  ( 7.500000000000000000, 0.000000000000000000, -2.750000000000000000 ) ) ;
#8447 = EDGE_CURVE ( 'NONE', #4665, #623, #1572, .T. ) ;
#8448 = LINE ( 'NONE', #1791, #7677 ) ;
#8449 = AXIS2_PLACEMENT_3D ( 'NONE', #965, #1494, #3014 ) ;
#8450 = ORIENTED_EDGE ( 'NONE', *, *, #5479, .F. ) ;
#8451 = EDGE_CURVE ( 'NONE', #7610, #39, #8930, .T. ) ;
#8452 = DIRECTION ( 'NONE',  ( 0.000000000000000000, -1.000000000000000000, 0.000000000000000000 ) ) ;
#8453 = DIRECTION ( 'NONE',  ( -1.000000000000000000, 0.000000000000000000, 0.000000000000000000 ) ) ;
#8454 = VECTOR ( 'NONE', #5463, 1000.000000000000114 ) ;
#8455 = VECTOR ( 'NONE', #5597, 1000.000000000000000 ) ;
#8456 = CARTESIAN_POINT ( 'NONE',  ( -0.5999999999999999778, 2.750000000000000000, 1.685782058326620092 ) ) ;
#8457 = ORIENTED_EDGE ( 'NONE', *, *, #290, .T. ) ;
#8458 = DIRECTION ( 'NONE',  ( 1.000000000000000000, 0.000000000000000000, 0.000000000000000000 ) ) ;
#8459 = VERTEX_POINT ( 'NONE', #953 ) ;
#8460 = CARTESIAN_POINT ( 'NONE',  ( 0.000000000000000000, 0.000000000000000000, 0.000000000000000000 ) ) ;
#8461 = ORIENTED_EDGE ( 'NONE', *, *, #1585, .T. ) ;
#8462 = CARTESIAN_POINT ( 'NONE',  ( 0.5999999999999999778, 2.750000000000000000, 1.897374435176775176 ) ) ;
#8463 = AXIS2_PLACEMENT_3D ( 'NONE', #6544, #5255, #8152 ) ;
#8464 = PRESENTATION_LAYER_ASSIGNMENT (  '', '', ( #2232 ) ) ;
#8465 = ORIENTED_EDGE ( 'NONE', *, *, #425, .F. ) ;
#8466 = CARTESIAN_POINT ( 'NONE',  ( 0.000000000000000000, 0.2000000000000000111, 0.000000000000000000 ) ) ;
#8467 = PRODUCT ( 'Boss-Extrude4_1', 'Boss-Extrude4_1', '', ( #5762 ) ) ;
#8468 = DIRECTION ( 'NONE',  ( 0.000000000000000000, 0.000000000000000000, 1.000000000000000000 ) ) ;
#8469 = DIRECTION ( 'NONE',  ( 0.000000000000000000, 1.000000000000000000, 0.000000000000000000 ) ) ;
#8470 = STYLED_ITEM ( 'NONE', ( #6534 ), #1703 ) ;
#8471 = VECTOR ( 'NONE', #2261, 1000.000000000000000 ) ;
#8472 = CARTESIAN_POINT ( 'NONE',  ( -4.567819926235459960, 2.750000000000000000, -3.311319922454459608 ) ) ;
#8473 = ORIENTED_EDGE ( 'NONE', *, *, #8349, .T. ) ;
#8474 = EDGE_CURVE ( 'NONE', #1602, #1914, #7431, .T. ) ;
#8475 = DIRECTION ( 'NONE',  ( -1.000000000000000000, 0.000000000000000000, 0.000000000000000000 ) ) ;
#8476 = ORIENTED_EDGE ( 'NONE', *, *, #5596, .T. ) ;
#8477 = VECTOR ( 'NONE', #8489, 1000.000000000000114 ) ;
#8478 = DIRECTION ( 'NONE',  ( 0.7660444431189782355, 0.000000000000000000, -0.6427876096865390299 ) ) ;
#8479 = VECTOR ( 'NONE', #5214, 1000.000000000000114 ) ;
#8480 = ORIENTED_EDGE ( 'NONE', *, *, #1115, .F. ) ;
#8481 = CARTESIAN_POINT ( 'NONE',  ( 5.950000000000000178, 0.5999999999999999778, 2.750000000000000000 ) ) ;
#8482 = EDGE_CURVE ( 'NONE', #8929, #3905, #7382, .T. ) ;
#8483 = ORIENTED_EDGE ( 'NONE', *, *, #6398, .F. ) ;
#8484 = DIRECTION ( 'NONE',  ( 0.000000000000000000, 0.000000000000000000, -1.000000000000000000 ) ) ;
#8485 = PRESENTATION_LAYER_ASSIGNMENT (  '', '', ( #729 ) ) ;
#8486 = ORIENTED_EDGE ( 'NONE', *, *, #4713, .T. ) ;
#8487 = CARTESIAN_POINT ( 'NONE',  ( 5.950000000000000178, 0.000000000000000000, -2.750000000000000000 ) ) ;
#8488 = CARTESIAN_POINT ( 'NONE',  ( -7.500000000000000000, 0.5999999999999999778, 4.899999999999999467 ) ) ;
#8489 = DIRECTION ( 'NONE',  ( -0.7660444431189782355, 0.000000000000000000, 0.6427876096865390299 ) ) ;
#8490 = APPLICATION_CONTEXT ( 'automotive_design' ) ;
#8491 = SHAPE_REPRESENTATION ( 'Boss-Extrude5[1]_1', ( #3266 ), #8133 ) ;
#8492 = UNCERTAINTY_MEASURE_WITH_UNIT (LENGTH_MEASURE( 1.000000000000000082E-05 ), #4503, 'distance_accuracy_value', 'NONE');
#8493 = CARTESIAN_POINT ( 'NONE',  ( -7.500000000000000000, 0.000000000000000000, -1.899999999999999911 ) ) ;
#8494 = ADVANCED_FACE ( 'NONE', ( #5336 ), #2286, .T. ) ;
#8495 = VERTEX_POINT ( 'NONE', #8237 ) ;
#8496 = CONTEXT_DEPENDENT_SHAPE_REPRESENTATION ( #4092, #2162 ) ;
#8497 = LINE ( 'NONE', #4246, #992 ) ;
#8498 = LINE ( 'NONE', #3498, #4671 ) ;
#8499 = ADVANCED_FACE ( 'NONE', ( #4664 ), #3003, .F. ) ;
#8500 = ORIENTED_EDGE ( 'NONE', *, *, #6830, .T. ) ;
#8501 = PRODUCT_RELATED_PRODUCT_CATEGORY ( 'part', '', ( #4122 ) ) ;
#8502 = LINE ( 'NONE', #111, #1891 ) ;
#8503 = ORIENTED_EDGE ( 'NONE', *, *, #6151, .T. ) ;
#8504 = DIRECTION ( 'NONE',  ( 0.000000000000000000, 0.000000000000000000, 1.000000000000000000 ) ) ;
#8505 = VERTEX_POINT ( 'NONE', #5298 ) ;
#8506 = CARTESIAN_POINT ( 'NONE',  ( 0.8000000000000000444, 2.750000000000000000, -3.006760912279035303 ) ) ;
#8507 = ORIENTED_EDGE ( 'NONE', *, *, #5950, .T. ) ;
#8508 = FACE_OUTER_BOUND ( 'NONE', #4174, .T. ) ;
#8509 = DIRECTION ( 'NONE',  ( 0.000000000000000000, 0.000000000000000000, 1.000000000000000000 ) ) ;
#8510 = SURFACE_STYLE_USAGE ( .BOTH. , #2645 ) ;
#8511 = CARTESIAN_POINT ( 'NONE',  ( -3.600000000000000089, 3.750000000000000000, 1.294533432032439979 ) ) ;
#8512 = ORIENTED_EDGE ( 'NONE', *, *, #7210, .T. ) ;
#8513 = EDGE_LOOP ( 'NONE', ( #4116, #1240, #3526, #6857 ) ) ;
#8514 = ORIENTED_EDGE ( 'NONE', *, *, #7299, .F. ) ;
#8515 = CARTESIAN_POINT ( 'NONE',  ( 0.8000000000000000444, -2.455974827712295028, -3.006760912279035303 ) ) ;
#8516 = FILL_AREA_STYLE_COLOUR ( '', #5428 ) ;
#8517 = COLOUR_RGB ( '',0.7921568627450980005, 0.8196078431372548767, 0.9333333333333333481 ) ;
#8518 = ORIENTED_EDGE ( 'NONE', *, *, #6209, .T. ) ;
#8519 = LINE ( 'NONE', #587, #7057 ) ;
#8520 = VERTEX_POINT ( 'NONE', #8146 ) ;
#8521 = EDGE_CURVE ( 'NONE', #508, #8816, #7573, .T. ) ;
#8522 = ADVANCED_BREP_SHAPE_REPRESENTATION ( '', ( #1087, #3266 ), #6017 ) ;
#8523 = CARTESIAN_POINT ( 'NONE',  ( -5.950000000000000178, 0.000000000000000000, 2.750000000000000000 ) ) ;
#8524 = DIRECTION ( 'NONE',  ( -0.7660444431189782355, 0.000000000000000000, 0.6427876096865390299 ) ) ;
#8525 = VERTEX_POINT ( 'NONE', #237 ) ;
#8526 = DIRECTION ( 'NONE',  ( -1.000000000000000000, 0.000000000000000000, 0.000000000000000000 ) ) ;
#8527 = EDGE_CURVE ( 'NONE', #8818, #7825, #1672, .T. ) ;
#8528 = FACE_OUTER_BOUND ( 'NONE', #3085, .T. ) ;
#8529 = VECTOR ( 'NONE', #8798, 1000.000000000000114 ) ;
#8530 = CARTESIAN_POINT ( 'NONE',  ( 5.950000000000000178, 0.5999999999999999778, -1.050000000000000044 ) ) ;
#8531 = LINE ( 'NONE', #2116, #2494 ) ;
#8532 = VECTOR ( 'NONE', #6942, 1000.000000000000000 ) ;
#8533 = VERTEX_POINT ( 'NONE', #2460 ) ;
#8534 = ITEM_DEFINED_TRANSFORMATION ( 'NONE', 'NONE', #3389,  #3266 ) ;
#8535 = APPLICATION_CONTEXT ( 'automotive_design' ) ;
#8536 = SHAPE_REPRESENTATION ( 'Boss-Extrude5[2]_1', ( #3266 ), #4634 ) ;
#8537 = LINE ( 'NONE', #2766, #8150 ) ;
#8538 = CARTESIAN_POINT ( 'NONE',  ( -7.500000000000000000, 0.5999999999999999778, 4.899999999999999467 ) ) ;
#8539 = CARTESIAN_POINT ( 'NONE',  ( 5.000000000000000000, 2.750000000000000000, 2.948677781956460464 ) ) ;
#8540 = PRODUCT_DEFINITION_SHAPE ( 'NONE', 'NONE',  #9408 ) ;
#8541 = DIRECTION ( 'NONE',  ( 1.000000000000000000, 0.000000000000000000, 0.000000000000000000 ) ) ;
#8542 = DIRECTION ( 'NONE',  ( 1.000000000000000000, 0.000000000000000000, 0.000000000000000000 ) ) ;
#8543 = EDGE_CURVE ( 'NONE', #4394, #2593, #1056, .T. ) ;
#8544 = VERTEX_POINT ( 'NONE', #4125 ) ;
#8545 = FACE_OUTER_BOUND ( 'NONE', #4815, .T. ) ;
#8546 = ORIENTED_EDGE ( 'NONE', *, *, #3587, .F. ) ;
#8547 = PRODUCT_DEFINITION_FORMATION_WITH_SPECIFIED_SOURCE ( 'ANY', '', #6107, .NOT_KNOWN. ) ;
#8548 = APPLICATION_PROTOCOL_DEFINITION ( 'draft international standard', 'automotive_design', 1998, #4456 ) ;
#8549 = ORIENTED_EDGE ( 'NONE', *, *, #7330, .T. ) ;
#8550 = CARTESIAN_POINT ( 'NONE',  ( 7.500000000000000000, 2.900543414065470227, 3.799999999999999822 ) ) ;
#8551 = ORIENTED_EDGE ( 'NONE', *, *, #2896, .T. ) ;
#8552 = DIRECTION ( 'NONE',  ( 0.7660444431189786796, 0.000000000000000000, -0.6427876096865385858 ) ) ;
#8553 = EDGE_CURVE ( 'NONE', #7460, #1508, #5434, .T. ) ;
#8554 = EDGE_CURVE ( 'NONE', #5943, #4469, #8374, .T. ) ;
#8555 = EDGE_CURVE ( 'NONE', #7732, #607, #328, .T. ) ;
#8556 = SURFACE_STYLE_FILL_AREA ( #7130 ) ;
#8557 = CARTESIAN_POINT ( 'NONE',  ( -5.950000000000000178, 2.900543414065470227, -0.8499999999999999778 ) ) ;
#8558 = CARTESIAN_POINT ( 'NONE',  ( 5.950000000000000178, 0.000000000000000000, -1.050000000000000044 ) ) ;
#8559 = CARTESIAN_POINT ( 'NONE',  ( 0.2000000000000000111, 2.750000000000000000, 2.573831925856055136 ) ) ;
#8560 = VERTEX_POINT ( 'NONE', #9112 ) ;
#8561 =( NAMED_UNIT ( * ) PLANE_ANGLE_UNIT ( ) SI_UNIT ( $, .RADIAN. ) );
#8562 = ORIENTED_EDGE ( 'NONE', *, *, #5104, .F. ) ;
#8563 = CARTESIAN_POINT ( 'NONE',  ( -7.500000000000000000, 0.000000000000000000, -2.750000000000000000 ) ) ;
#8564 = EDGE_LOOP ( 'NONE', ( #3649, #651, #8236, #5760 ) ) ;
#8565 = LINE ( 'NONE', #3432, #1896 ) ;
#8566 = EDGE_CURVE ( 'NONE', #7610, #6480, #1995, .T. ) ;
#8567 =( NAMED_UNIT ( * ) PLANE_ANGLE_UNIT ( ) SI_UNIT ( $, .RADIAN. ) );
#8568 = EDGE_LOOP ( 'NONE', ( #2818, #5902, #6078, #5254 ) ) ;
#8569 = MECHANICAL_DESIGN_GEOMETRIC_PRESENTATION_REPRESENTATION (  '', ( #3696 ), #5998 ) ;
#8570 = FACE_OUTER_BOUND ( 'NONE', #1805, .T. ) ;
#8571 = VERTEX_POINT ( 'NONE', #3233 ) ;
#8572 = CARTESIAN_POINT ( 'NONE',  ( -5.000000000000000000, 2.750000000000000000, -2.948677781956460464 ) ) ;
#8573 = UNCERTAINTY_MEASURE_WITH_UNIT (LENGTH_MEASURE( 1.000000000000000082E-05 ), #205, 'distance_accuracy_value', 'NONE');
#8574 = CARTESIAN_POINT ( 'NONE',  ( -5.200000000000000178, 0.2000000000000000111, -3.000000000000000000 ) ) ;
#8575 = VECTOR ( 'NONE', #7439, 1000.000000000000000 ) ;
#8576 = EDGE_LOOP ( 'NONE', ( #945, #3583, #7420, #8048 ) ) ;
#8577 = LINE ( 'NONE', #4817, #9042 ) ;
#8578 = SURFACE_SIDE_STYLE ('',( #5690 ) ) ;
#8579 = CARTESIAN_POINT ( 'NONE',  ( -4.367819926235454453, -2.455974827712295028, -3.479139848689915215 ) ) ;
#8580 = AXIS2_PLACEMENT_3D ( 'NONE', #2428, #5344, #6108 ) ;
#8581 = EDGE_CURVE ( 'NONE', #9369, #4469, #3424, .T. ) ;
#8582 = AXIS2_PLACEMENT_3D ( 'NONE', #5948, #6740, #3880 ) ;
#8583 =( NAMED_UNIT ( * ) PLANE_ANGLE_UNIT ( ) SI_UNIT ( $, .RADIAN. ) );
#8584 = FACE_OUTER_BOUND ( 'NONE', #75, .T. ) ;
#8585 = EDGE_CURVE ( 'NONE', #3503, #2302, #3377, .T. ) ;
#8586 = STYLED_ITEM ( 'NONE', ( #4463 ), #5004 ) ;
#8587 = LINE ( 'NONE', #2712, #529 ) ;
#8588 = EDGE_LOOP ( 'NONE', ( #4639, #3884, #5369, #7370 ) ) ;
#8589 = PRESENTATION_LAYER_ASSIGNMENT (  '', '', ( #5719 ) ) ;
#8590 = EDGE_CURVE ( 'NONE', #4038, #3802, #2650, .T. ) ;
#8591 = CARTESIAN_POINT ( 'NONE',  ( -0.8000000000000000444, 3.750000000000000000, -3.288884081412580151 ) ) ;
#8592 = LINE ( 'NONE', #7189, #9177 ) ;
#8593 = DIRECTION ( 'NONE',  ( 0.000000000000000000, -1.000000000000000000, 0.000000000000000000 ) ) ;
#8594 = AXIS2_PLACEMENT_3D ( 'NONE', #8174, #7254, #5844 ) ;
#8595 = FACE_OUTER_BOUND ( 'NONE', #5070, .T. ) ;
#8596 = CARTESIAN_POINT ( 'NONE',  ( -3.935639852470909972, 2.750000000000000000, -3.841781989187914803 ) ) ;
#8597 = ORIENTED_EDGE ( 'NONE', *, *, #2395, .F. ) ;
#8598 = LINE ( 'NONE', #3501, #5385 ) ;
#8599 = EDGE_LOOP ( 'NONE', ( #4292, #1846, #5616, #6703 ) ) ;
#8600 =( GEOMETRIC_REPRESENTATION_CONTEXT ( 3 ) GLOBAL_UNCERTAINTY_ASSIGNED_CONTEXT ( ( #7638 ) ) GLOBAL_UNIT_ASSIGNED_CONTEXT ( ( #5141, #8033, #1465 ) ) REPRESENTATION_CONTEXT ( 'NONE', 'WORKASPACE' ) );
#8601 = CARTESIAN_POINT ( 'NONE',  ( 0.000000000000000000, 0.000000000000000000, 0.000000000000000000 ) ) ;
#8602 = VERTEX_POINT ( 'NONE', #5625 ) ;
#8603 = CARTESIAN_POINT ( 'NONE',  ( -3.935639852470909972, 3.750000000000000000, -3.841781989187914803 ) ) ;
#8604 = VERTEX_POINT ( 'NONE', #9158 ) ;
#8605 = LINE ( 'NONE', #80, #4978 ) ;
#8606 = CARTESIAN_POINT ( 'NONE',  ( 0.8000000000000000444, 3.750000000000000000, -1.788248978016140134 ) ) ;
#8607 = AXIS2_PLACEMENT_3D ( 'NONE', #3617, #2942, #96 ) ;
#8608 = CARTESIAN_POINT ( 'NONE',  ( -3.935639852470909972, 3.750000000000000000, -3.841781989187914803 ) ) ;
#8609 = FILL_AREA_STYLE_COLOUR ( '', #9195 ) ;
#8610 = CARTESIAN_POINT ( 'NONE',  ( 7.500000000000000000, 2.900543414065470227, 2.949999999999999734 ) ) ;
#8611 = STYLED_ITEM ( 'NONE', ( #6918 ), #1398 ) ;
#8612 = EDGE_LOOP ( 'NONE', ( #9054, #9300, #6954, #624 ) ) ;
#8613 = ORIENTED_EDGE ( 'NONE', *, *, #411, .F. ) ;
#8614 = EDGE_CURVE ( 'NONE', #6891, #546, #6338, .T. ) ;
#8615 = PLANE ( 'NONE',  #777 ) ;
#8616 = EDGE_CURVE ( 'NONE', #2135, #3210, #430, .T. ) ;
#8617 = VERTEX_POINT ( 'NONE', #6141 ) ;
#8618 = AXIS2_PLACEMENT_3D ( 'NONE', #5524, #6288, #9164 ) ;
#8619 = VERTEX_POINT ( 'NONE', #4706 ) ;
#8620 = EDGE_CURVE ( 'NONE', #3038, #859, #3984, .T. ) ;
#8621 = CARTESIAN_POINT ( 'NONE',  ( 0.000000000000000000, 3.750000000000000000, 0.000000000000000000 ) ) ;
#8622 = PRODUCT_DEFINITION_SHAPE ( 'NONE', 'NONE',  #9401 ) ;
#8623 = VERTEX_POINT ( 'NONE', #2599 ) ;
#8624 = VECTOR ( 'NONE', #6038, 1000.000000000000000 ) ;
#8625 = EDGE_LOOP ( 'NONE', ( #6944, #6009, #4089, #1886 ) ) ;
#8626 = AXIS2_PLACEMENT_3D ( 'NONE', #5271, #2399, #8216 ) ;
#8627 = DIRECTION ( 'NONE',  ( 0.000000000000000000, 0.000000000000000000, 1.000000000000000000 ) ) ;
#8628 = CARTESIAN_POINT ( 'NONE',  ( 5.950000000000000178, 0.000000000000000000, -2.750000000000000000 ) ) ;
#8629 = FILL_AREA_STYLE ('',( #3532 ) ) ;
#8630 = AXIS2_PLACEMENT_3D ( 'NONE', #3728, #4288, #780 ) ;
#8631 = DIRECTION ( 'NONE',  ( 0.000000000000000000, 0.000000000000000000, 1.000000000000000000 ) ) ;
#8632 = DIRECTION ( 'NONE',  ( 0.000000000000000000, -1.000000000000000000, 0.000000000000000000 ) ) ;
#8633 = ORIENTED_EDGE ( 'NONE', *, *, #4655, .F. ) ;
#8634 = ADVANCED_FACE ( 'NONE', ( #4033 ), #6900, .F. ) ;
#8635 = CARTESIAN_POINT ( 'NONE',  ( -3.600000000000000089, 2.750000000000000000, -2.564087693133389578 ) ) ;
#8636 = DIRECTION ( 'NONE',  ( 0.000000000000000000, 1.000000000000000000, 0.000000000000000000 ) ) ;
#8637 = DIRECTION ( 'NONE',  ( 0.6427876096865398070, 0.000000000000000000, 0.7660444431189777914 ) ) ;
#8638 = CARTESIAN_POINT ( 'NONE',  ( 7.500000000000000000, 0.000000000000000000, 4.899999999999999467 ) ) ;
#8639 = CARTESIAN_POINT ( 'NONE',  ( 5.950000000000000178, 0.000000000000000000, 2.750000000000000000 ) ) ;
#8640 = LINE ( 'NONE', #326, #8132 ) ;
#8641 =( LENGTH_UNIT ( ) NAMED_UNIT ( * ) SI_UNIT ( .MILLI., .METRE. ) );
#8642 = ORIENTED_EDGE ( 'NONE', *, *, #6996, .F. ) ;
#8643 = ORIENTED_EDGE ( 'NONE', *, *, #6363, .T. ) ;
#8644 = APPLICATION_PROTOCOL_DEFINITION ( 'draft international standard', 'automotive_design', 1998, #2335 ) ;
#8645 = EDGE_LOOP ( 'NONE', ( #873, #579, #7080, #2415 ) ) ;
#8646 = CARTESIAN_POINT ( 'NONE',  ( 5.950000000000000178, 0.000000000000000000, -4.649999999999999467 ) ) ;
#8647 = ORIENTED_EDGE ( 'NONE', *, *, #5613, .T. ) ;
#8648 = LINE ( 'NONE', #8073, #3131 ) ;
#8649 = DIRECTION ( 'NONE',  ( 0.000000000000000000, 0.000000000000000000, -1.000000000000000000 ) ) ;
#8650 = FACE_OUTER_BOUND ( 'NONE', #510, .T. ) ;
#8651 = ORIENTED_EDGE ( 'NONE', *, *, #6564, .F. ) ;
#8652 = DIRECTION ( 'NONE',  ( 0.000000000000000000, -1.000000000000000000, 0.000000000000000000 ) ) ;
#8653 = ORIENTED_EDGE ( 'NONE', *, *, #5093, .F. ) ;
#8654 =( LENGTH_UNIT ( ) NAMED_UNIT ( * ) SI_UNIT ( .MILLI., .METRE. ) );
#8655 = VERTEX_POINT ( 'NONE', #6999 ) ;
#8656 = EDGE_LOOP ( 'NONE', ( #8006, #5663, #5766, #8461 ) ) ;
#8657 = DIRECTION ( 'NONE',  ( 0.1736481776669305255, 0.000000000000000000, -0.9848077530122081313 ) ) ;
#8658 = DIRECTION ( 'NONE',  ( 0.000000000000000000, 0.000000000000000000, 1.000000000000000000 ) ) ;
#8659 = EDGE_CURVE ( 'NONE', #3171, #419, #6240, .T. ) ;
#8660 = APPLICATION_CONTEXT ( 'automotive_design' ) ;
#8661 = CARTESIAN_POINT ( 'NONE',  ( -7.500000000000000000, 0.5999999999999999778, 4.450000000000000178 ) ) ;
#8662 = ORIENTED_EDGE ( 'NONE', *, *, #8063, .F. ) ;
#8663 = SURFACE_STYLE_FILL_AREA ( #6441 ) ;
#8664 = ORIENTED_EDGE ( 'NONE', *, *, #3753, .T. ) ;
#8665 = CARTESIAN_POINT ( 'NONE',  ( 5.950000000000000178, 0.000000000000000000, -1.050000000000000044 ) ) ;
#8666 = DIRECTION ( 'NONE',  ( 1.232817212792323889E-16, 0.000000000000000000, 1.000000000000000000 ) ) ;
#8667 = LINE ( 'NONE', #4383, #2347 ) ;
#8668 = EDGE_CURVE ( 'NONE', #8818, #7943, #7043, .T. ) ;
#8669 = ADVANCED_FACE ( 'NONE', ( #9073 ), #4800, .F. ) ;
#8670 = CARTESIAN_POINT ( 'NONE',  ( 5.950000000000000178, 0.000000000000000000, 2.750000000000000000 ) ) ;
#8671 = EDGE_LOOP ( 'NONE', ( #5337, #4880, #6483, #3827 ) ) ;
#8672 = LINE ( 'NONE', #1540, #6021 ) ;
#8673 = SURFACE_SIDE_STYLE ('',( #6511 ) ) ;
#8674 = CARTESIAN_POINT ( 'NONE',  ( -5.950000000000000178, 3.750000000000000000, 1.050000000000000044 ) ) ;
#8675 = LINE ( 'NONE', #7347, #5593 ) ;
#8676 = VECTOR ( 'NONE', #5562, 1000.000000000000000 ) ;
#8677 = ORIENTED_EDGE ( 'NONE', *, *, #5630, .T. ) ;
#8678 = ORIENTED_EDGE ( 'NONE', *, *, #9114, .F. ) ;
#8679 = DIRECTION ( 'NONE',  ( 1.000000000000000000, 0.000000000000000000, 0.000000000000000000 ) ) ;
#8680 = EDGE_LOOP ( 'NONE', ( #558, #6330, #2355, #8883 ) ) ;
#8681 = FACE_OUTER_BOUND ( 'NONE', #277, .T. ) ;
#8682 = ORIENTED_EDGE ( 'NONE', *, *, #5781, .T. ) ;
#8683 = DIRECTION ( 'NONE',  ( 0.000000000000000000, 0.000000000000000000, 1.000000000000000000 ) ) ;
#8684 = LINE ( 'NONE', #5806, #9327 ) ;
#8685 = FILL_AREA_STYLE_COLOUR ( '', #3452 ) ;
#8686 = EDGE_CURVE ( 'NONE', #1616, #9034, #2738, .T. ) ;
#8687 = PRODUCT_DEFINITION_CONTEXT ( 'detailed design', #6549, 'design' ) ;
#8688 = ORIENTED_EDGE ( 'NONE', *, *, #4852, .F. ) ;
#8689 = ADVANCED_FACE ( 'NONE', ( #4260 ), #1414, .T. ) ;
#8690 = FACE_OUTER_BOUND ( 'NONE', #8513, .T. ) ;
#8691 = ORIENTED_EDGE ( 'NONE', *, *, #8521, .T. ) ;
#8692 = DIRECTION ( 'NONE',  ( 0.000000000000000000, 0.000000000000000000, 1.000000000000000000 ) ) ;
#8693 = ORIENTED_EDGE ( 'NONE', *, *, #2078, .F. ) ;
#8694 = DIRECTION ( 'NONE',  ( -0.6427876096865386968, 0.000000000000000000, -0.7660444431189786796 ) ) ;
#8695 =( LENGTH_UNIT ( ) NAMED_UNIT ( * ) SI_UNIT ( .MILLI., .METRE. ) );
#8696 = PRODUCT_DEFINITION_FORMATION_WITH_SPECIFIED_SOURCE ( 'ANY', '', #6711, .NOT_KNOWN. ) ;
#8697 = LINE ( 'NONE', #2747, #4932 ) ;
#8698 = ORIENTED_EDGE ( 'NONE', *, *, #3192, .F. ) ;
#8699 = CARTESIAN_POINT ( 'NONE',  ( 5.950000000000000178, 2.900543414065470227, 2.750000000000000000 ) ) ;
#8700 = ORIENTED_EDGE ( 'NONE', *, *, #5606, .T. ) ;
#8701 = ITEM_DEFINED_TRANSFORMATION ( 'NONE', 'NONE', #6280,  #3266 ) ;
#8702 = SHAPE_REPRESENTATION_RELATIONSHIP ( 'NONE' , 'NONE' ,  #7150, #1360 ) ;
#8703 = ORIENTED_EDGE ( 'NONE', *, *, #7870, .F. ) ;
#8704 = VECTOR ( 'NONE', #8790, 1000.000000000000000 ) ;
#8705 =( LENGTH_UNIT ( ) NAMED_UNIT ( * ) SI_UNIT ( .MILLI., .METRE. ) );
#8706 = SURFACE_SIDE_STYLE ('',( #2331 ) ) ;
#8707 = DIRECTION ( 'NONE',  ( 0.000000000000000000, 0.000000000000000000, 1.000000000000000000 ) ) ;
#8708 = DIRECTION ( 'NONE',  ( 0.000000000000000000, 1.000000000000000000, 0.000000000000000000 ) ) ;
#8709 = APPLICATION_CONTEXT ( 'automotive_design' ) ;
#8710 = VECTOR ( 'NONE', #3899, 1000.000000000000000 ) ;
#8711 = EDGE_LOOP ( 'NONE', ( #1336, #2609, #4262, #9061 ) ) ;
#8712 = DIRECTION ( 'NONE',  ( 0.000000000000000000, -1.000000000000000000, 0.000000000000000000 ) ) ;
#8713 = EDGE_CURVE ( 'NONE', #5184, #3363, #5813, .T. ) ;
#8714 = EDGE_CURVE ( 'NONE', #438, #6299, #1125, .T. ) ;
#8715 = CIRCLE ( 'NONE', #2791, 0.6500000000000000222 ) ;
#8716 = DIRECTION ( 'NONE',  ( 0.000000000000000000, 1.000000000000000000, 0.000000000000000000 ) ) ;
#8717 = VECTOR ( 'NONE', #4559, 1000.000000000000000 ) ;
#8718 = CARTESIAN_POINT ( 'NONE',  ( -5.950000000000000178, 2.900543414065470227, -2.750000000000000000 ) ) ;
#8719 = VECTOR ( 'NONE', #1939, 1000.000000000000000 ) ;
#8720 = CARTESIAN_POINT ( 'NONE',  ( 3.935639852470909972, 2.750000000000000000, 3.841781989187914803 ) ) ;
#8721 = EDGE_LOOP ( 'NONE', ( #2586, #4668, #5660, #134 ) ) ;
#8722 = ADVANCED_FACE ( 'NONE', ( #6428 ), #9312, .F. ) ;
#8723 = ORIENTED_EDGE ( 'NONE', *, *, #1255, .T. ) ;
#8724 = SHAPE_DEFINITION_REPRESENTATION ( #4502, #6603 ) ;
#8725 = ORIENTED_EDGE ( 'NONE', *, *, #1235, .T. ) ;
#8726 = VECTOR ( 'NONE', #8849, 1000.000000000000000 ) ;
#8727 =( NAMED_UNIT ( * ) PLANE_ANGLE_UNIT ( ) SI_UNIT ( $, .RADIAN. ) );
#8728 =( GEOMETRIC_REPRESENTATION_CONTEXT ( 3 ) GLOBAL_UNCERTAINTY_ASSIGNED_CONTEXT ( ( #2475 ) ) GLOBAL_UNIT_ASSIGNED_CONTEXT ( ( #2147, #5007, #4327 ) ) REPRESENTATION_CONTEXT ( 'NONE', 'WORKASPACE' ) );
#8729 = DIRECTION ( 'NONE',  ( 0.000000000000000000, -1.000000000000000000, 0.000000000000000000 ) ) ;
#8730 = CARTESIAN_POINT ( 'NONE',  ( -5.950000000000000178, 0.000000000000000000, -1.050000000000000044 ) ) ;
#8731 = VECTOR ( 'NONE', #2427, 1000.000000000000000 ) ;
#8732 = CARTESIAN_POINT ( 'NONE',  ( -5.950000000000000178, 0.000000000000000000, 2.949999999999999734 ) ) ;
#8733 = CARTESIAN_POINT ( 'NONE',  ( -7.500000000000000000, 2.900543414065470227, -3.149999999999999911 ) ) ;
#8734 = VECTOR ( 'NONE', #8797, 1000.000000000000000 ) ;
#8735 = VERTEX_POINT ( 'NONE', #576 ) ;
#8736 = DIRECTION ( 'NONE',  ( -0.9848077530122079093, 0.000000000000000000, -0.1736481776669314692 ) ) ;
#8737 = VERTEX_POINT ( 'NONE', #6384 ) ;
#8738 = VECTOR ( 'NONE', #8008, 1000.000000000000000 ) ;
#8739 = VERTEX_POINT ( 'NONE', #7227 ) ;
#8740 = DIRECTION ( 'NONE',  ( 0.000000000000000000, 0.000000000000000000, -1.000000000000000000 ) ) ;
#8741 = EDGE_CURVE ( 'NONE', #3363, #8816, #2476, .T. ) ;
#8742 = EDGE_LOOP ( 'NONE', ( #6558, #8518, #1774, #2050 ) ) ;
#8743 = DIRECTION ( 'NONE',  ( 0.000000000000000000, -1.000000000000000000, 0.000000000000000000 ) ) ;
#8745 =( NAMED_UNIT ( * ) PLANE_ANGLE_UNIT ( ) SI_UNIT ( $, .RADIAN. ) );
#8744 = AXIS2_PLACEMENT_3D ( 'NONE', #1039, #5990, #3932 ) ;
#8746 = PRESENTATION_LAYER_ASSIGNMENT (  '', '', ( #4191 ) ) ;
#8747 = LINE ( 'NONE', #2418, #8717 ) ;
#8748 = EDGE_LOOP ( 'NONE', ( #5555, #2843, #8323, #9178 ) ) ;
#8749 = EDGE_CURVE ( 'NONE', #4469, #4901, #6478, .T. ) ;
#8750 = DIRECTION ( 'NONE',  ( 0.000000000000000000, 0.000000000000000000, 1.000000000000000000 ) ) ;
#8751 = VECTOR ( 'NONE', #5001, 1000.000000000000000 ) ;
#8752 = ORIENTED_EDGE ( 'NONE', *, *, #4732, .F. ) ;
#8753 =( NAMED_UNIT ( * ) SI_UNIT ( $, .STERADIAN. ) SOLID_ANGLE_UNIT ( ) );
#8754 = CARTESIAN_POINT ( 'NONE',  ( 0.000000000000000000, 0.000000000000000000, 0.000000000000000000 ) ) ;
#8755 = ORIENTED_EDGE ( 'NONE', *, *, #3632, .F. ) ;
#8756 = LINE ( 'NONE', #2251, #4040 ) ;
#8757 = CARTESIAN_POINT ( 'NONE',  ( -7.500000000000000000, 2.900543414065470227, 1.250000000000000000 ) ) ;
#8758 = VECTOR ( 'NONE', #8868, 1000.000000000000000 ) ;
#8759 = PRESENTATION_STYLE_ASSIGNMENT (( #7062 ) ) ;
#8760 = DIRECTION ( 'NONE',  ( 0.000000000000000000, 0.000000000000000000, -1.000000000000000000 ) ) ;
#8761 = EDGE_CURVE ( 'NONE', #1616, #3942, #2230, .T. ) ;
#8762 = ADVANCED_FACE ( 'NONE', ( #8690 ), #7900, .T. ) ;
#8763 = DIRECTION ( 'NONE',  ( -1.000000000000000000, 0.000000000000000000, 0.000000000000000000 ) ) ;
#8764 = VECTOR ( 'NONE', #4346, 1000.000000000000000 ) ;
#8765 = DIRECTION ( 'NONE',  ( 0.000000000000000000, 1.000000000000000000, 0.000000000000000000 ) ) ;
#8766 = DIRECTION ( 'NONE',  ( -0.000000000000000000, 1.000000000000000000, 0.000000000000000000 ) ) ;
#8767 = PLANE ( 'NONE',  #5008 ) ;
#8768 = CARTESIAN_POINT ( 'NONE',  ( -0.5999999999999999778, 2.750000000000000000, 1.685782058326620092 ) ) ;
#8769 = LINE ( 'NONE', #4821, #1583 ) ;
#8770 = PRODUCT_RELATED_PRODUCT_CATEGORY ( 'part', '', ( #3214 ) ) ;
#8771 = ADVANCED_FACE ( 'NONE', ( #9363 ), #1377, .F. ) ;
#8772 = CARTESIAN_POINT ( 'NONE',  ( 5.950000000000000178, 0.000000000000000000, 2.949999999999999734 ) ) ;
#8773 = ORIENTED_EDGE ( 'NONE', *, *, #7512, .T. ) ;
#8774 = ORIENTED_EDGE ( 'NONE', *, *, #3212, .T. ) ;
#8775 = APPLICATION_PROTOCOL_DEFINITION ( 'draft international standard', 'automotive_design', 1998, #3621 ) ;
#8776 = EDGE_CURVE ( 'NONE', #316, #4042, #7418, .T. ) ;
#8777 = FILL_AREA_STYLE_COLOUR ( '', #5205 ) ;
#8778 = CARTESIAN_POINT ( 'NONE',  ( -4.400000000000000355, 2.750000000000000000, 3.000000000000000000 ) ) ;
#8779 = UNCERTAINTY_MEASURE_WITH_UNIT (LENGTH_MEASURE( 1.000000000000000082E-05 ), #8921, 'distance_accuracy_value', 'NONE');
#8780 = EDGE_CURVE ( 'NONE', #4792, #6273, #8920, .T. ) ;
#8781 = DIRECTION ( 'NONE',  ( 0.000000000000000000, -1.000000000000000000, 0.000000000000000000 ) ) ;
#8782 = DIRECTION ( 'NONE',  ( -0.7660444431189767922, 0.000000000000000000, 0.6427876096865408062 ) ) ;
#8783 = ORIENTED_EDGE ( 'NONE', *, *, #8620, .F. ) ;
#8784 = LINE ( 'NONE', #5232, #1426 ) ;
#8785 = VERTEX_POINT ( 'NONE', #2410 ) ;
#8786 =( NAMED_UNIT ( * ) SI_UNIT ( $, .STERADIAN. ) SOLID_ANGLE_UNIT ( ) );
#8787 = VERTEX_POINT ( 'NONE', #3790 ) ;
#8788 = EDGE_LOOP ( 'NONE', ( #1685, #8334, #6987, #8287 ) ) ;
#8789 = CARTESIAN_POINT ( 'NONE',  ( -5.950000000000000178, 3.750000000000000000, 1.050000000000000044 ) ) ;
#8790 = DIRECTION ( 'NONE',  ( 0.000000000000000000, -1.000000000000000000, 0.000000000000000000 ) ) ;
#8791 = UNCERTAINTY_MEASURE_WITH_UNIT (LENGTH_MEASURE( 1.000000000000000082E-05 ), #1677, 'distance_accuracy_value', 'NONE');
#8792 = ORIENTED_EDGE ( 'NONE', *, *, #1185, .F. ) ;
#8793 = ADVANCED_FACE ( 'NONE', ( #2313 ), #991, .F. ) ;
#8794 = CARTESIAN_POINT ( 'NONE',  ( -5.950000000000000178, 0.5999999999999999778, 0.8499999999999999778 ) ) ;
#8795 = ORIENTED_EDGE ( 'NONE', *, *, #6564, .T. ) ;
#8796 = FACE_OUTER_BOUND ( 'NONE', #5464, .T. ) ;
#8797 = DIRECTION ( 'NONE',  ( -1.000000000000000000, 0.000000000000000000, 0.000000000000000000 ) ) ;
#8798 = DIRECTION ( 'NONE',  ( -0.7660444431189782355, 0.000000000000000000, 0.6427876096865390299 ) ) ;
#8799 = ADVANCED_FACE ( 'NONE', ( #8965 ), #3885, .F. ) ;
#8800 = SURFACE_STYLE_FILL_AREA ( #6023 ) ;
#8801 = DIRECTION ( 'NONE',  ( 0.000000000000000000, 0.000000000000000000, 1.000000000000000000 ) ) ;
#8802 = EDGE_CURVE ( 'NONE', #5086, #4612, #8784, .T. ) ;
#8803 = CARTESIAN_POINT ( 'NONE',  ( -0.8000000000000000444, 2.750000000000000000, -2.070372147149684761 ) ) ;
#8804 = LINE ( 'NONE', #1063, #4867 ) ;
#8805 = DIRECTION ( 'NONE',  ( 0.000000000000000000, 0.000000000000000000, 1.000000000000000000 ) ) ;
#8806 = LINE ( 'NONE', #5269, #2250 ) ;
#8807 = CARTESIAN_POINT ( 'NONE',  ( 2.976659776242249813E-16, 2.750000000000000000, -2.335481207337215093 ) ) ;
#8808 = CYLINDRICAL_SURFACE ( 'NONE', #7658, 0.6500000000000000222 ) ;
#8809 = ORIENTED_EDGE ( 'NONE', *, *, #5415, .F. ) ;
#8810 = VERTEX_POINT ( 'NONE', #6665 ) ;
#8811 = PRODUCT_CONTEXT ( 'NONE', #1370, 'mechanical' ) ;
#8812 = CARTESIAN_POINT ( 'NONE',  ( 0.8000000000000000444, 3.750000000000000000, 3.288884081412580151 ) ) ;
#8813 = LINE ( 'NONE', #5989, #4468 ) ;
#8814 = SURFACE_STYLE_FILL_AREA ( #5949 ) ;
#8815 = LINE ( 'NONE', #7312, #6650 ) ;
#8816 = VERTEX_POINT ( 'NONE', #1661 ) ;
#8817 = ORIENTED_EDGE ( 'NONE', *, *, #8886, .T. ) ;
#8818 = VERTEX_POINT ( 'NONE', #1514 ) ;
#8819 = SURFACE_STYLE_FILL_AREA ( #3183 ) ;
#8820 = ADVANCED_FACE ( 'NONE', ( #6744 ), #4552, .T. ) ;
#8821 =( GEOMETRIC_REPRESENTATION_CONTEXT ( 3 ) GLOBAL_UNCERTAINTY_ASSIGNED_CONTEXT ( ( #2014 ) ) GLOBAL_UNIT_ASSIGNED_CONTEXT ( ( #6080, #3877, #213 ) ) REPRESENTATION_CONTEXT ( 'NONE', 'WORKASPACE' ) );
#8822 = VERTEX_POINT ( 'NONE', #6043 ) ;
#8823 =( REPRESENTATION_RELATIONSHIP ('NONE','NONE', #3559, #4893 ) REPRESENTATION_RELATIONSHIP_WITH_TRANSFORMATION ( #2819 )SHAPE_REPRESENTATION_RELATIONSHIP( ) );
#8824 = DIRECTION ( 'NONE',  ( -0.000000000000000000, 1.000000000000000000, 0.000000000000000000 ) ) ;
#8825 = UNCERTAINTY_MEASURE_WITH_UNIT (LENGTH_MEASURE( 1.000000000000000082E-05 ), #1772, 'distance_accuracy_value', 'NONE');
#8826 = EDGE_CURVE ( 'NONE', #5051, #7819, #8187, .T. ) ;
#8827 = EDGE_CURVE ( 'NONE', #8994, #969, #800, .T. ) ;
#8828 = FACE_OUTER_BOUND ( 'NONE', #6245, .T. ) ;
#8829 = LINE ( 'NONE', #8089, #7394 ) ;
#8830 = AXIS2_PLACEMENT_3D ( 'NONE', #7298, #2871, #7966 ) ;
#8831 = ORIENTED_EDGE ( 'NONE', *, *, #5986, .T. ) ;
#8832 = DIRECTION ( 'NONE',  ( 0.000000000000000000, 1.000000000000000000, 0.000000000000000000 ) ) ;
#8833 = EDGE_LOOP ( 'NONE', ( #3025, #4906 ) ) ;
#8834 = EDGE_CURVE ( 'NONE', #9326, #8525, #943, .T. ) ;
#8835 =( LENGTH_UNIT ( ) NAMED_UNIT ( * ) SI_UNIT ( .MILLI., .METRE. ) );
#8836 = AXIS2_PLACEMENT_3D ( 'NONE', #1190, #4699, #6185 ) ;
#8837 = EDGE_LOOP ( 'NONE', ( #6815, #9150, #5094, #5089 ) ) ;
#8838 = DIRECTION ( 'NONE',  ( 0.000000000000000000, -1.000000000000000000, 0.000000000000000000 ) ) ;
#8839 = DIRECTION ( 'NONE',  ( 1.000000000000000000, 0.000000000000000000, 0.000000000000000000 ) ) ;
#8840 = DIRECTION ( 'NONE',  ( 0.000000000000000000, 1.000000000000000000, 0.000000000000000000 ) ) ;
#8841 =( LENGTH_UNIT ( ) NAMED_UNIT ( * ) SI_UNIT ( .MILLI., .METRE. ) );
#8842 = CARTESIAN_POINT ( 'NONE',  ( -0.8000000000000000444, 2.750000000000000000, 1.788248978016145241 ) ) ;
#8843 = DIRECTION ( 'NONE',  ( 0.000000000000000000, -1.000000000000000000, 0.000000000000000000 ) ) ;
#8844 = SURFACE_STYLE_USAGE ( .BOTH. , #3859 ) ;
#8845 = PLANE ( 'NONE',  #7208 ) ;
#8846 = LINE ( 'NONE', #3630, #2516 ) ;
#8847 = EDGE_CURVE ( 'NONE', #3889, #7229, #2367, .T. ) ;
#8848 = LINE ( 'NONE', #5267, #7911 ) ;
#8849 = DIRECTION ( 'NONE',  ( 1.000000000000000000, 0.000000000000000000, 0.000000000000000000 ) ) ;
#8850 = EDGE_CURVE ( 'NONE', #3835, #1011, #6271, .T. ) ;
#8851 = AXIS2_PLACEMENT_3D ( 'NONE', #5645, #1826, #6356 ) ;
#8852 = EDGE_CURVE ( 'NONE', #4996, #8130, #3323, .T. ) ;
#8853 = DIRECTION ( 'NONE',  ( 0.000000000000000000, 0.000000000000000000, -1.000000000000000000 ) ) ;
#8854 = CLOSED_SHELL ( 'NONE', ( #122, #6007, #1695, #6118, #812, #595, #5914, #1427 ) ) ;
#8855 = CARTESIAN_POINT ( 'NONE',  ( 5.950000000000000178, 0.5999999999999999778, 0.000000000000000000 ) ) ;
#8856 = VECTOR ( 'NONE', #7614, 1000.000000000000114 ) ;
#8857 = CARTESIAN_POINT ( 'NONE',  ( -2.250000000000000000, 0.1000000000000000056, -0.5000000000000000000 ) ) ;
#8858 = ORIENTED_EDGE ( 'NONE', *, *, #4913, .F. ) ;
#8859 = EDGE_CURVE ( 'NONE', #8328, #296, #6226, .T. ) ;
#8860 = ORIENTED_EDGE ( 'NONE', *, *, #3701, .F. ) ;
#8861 = APPLICATION_PROTOCOL_DEFINITION ( 'draft international standard', 'automotive_design', 1998, #586 ) ;
#8862 = AXIS2_PLACEMENT_3D ( 'NONE', #6760, #6714, #6008 ) ;
#8863 = SURFACE_STYLE_USAGE ( .BOTH. , #266 ) ;
#8864 = DIRECTION ( 'NONE',  ( -1.000000000000000000, 0.000000000000000000, 0.000000000000000000 ) ) ;
#8865 = DIRECTION ( 'NONE',  ( 0.000000000000000000, 0.000000000000000000, 1.000000000000000000 ) ) ;
#8866 = CARTESIAN_POINT ( 'NONE',  ( -0.5999999999999999778, 2.750000000000000000, -1.832021428630845161 ) ) ;
#8867 = VECTOR ( 'NONE', #4137, 1000.000000000000000 ) ;
#8868 = DIRECTION ( 'NONE',  ( 0.000000000000000000, 0.000000000000000000, 1.000000000000000000 ) ) ;
#8869 = AXIS2_PLACEMENT_3D ( 'NONE', #6267, #3359, #455 ) ;
#8870 = STYLED_ITEM ( 'NONE', ( #4751 ), #3658 ) ;
#8871 = VERTEX_POINT ( 'NONE', #3407 ) ;
#8872 = AXIS2_PLACEMENT_3D ( 'NONE', #5245, #145, #3084 ) ;
#8873 = EDGE_LOOP ( 'NONE', ( #1457, #6604, #8984, #5953 ) ) ;
#8874 = VERTEX_POINT ( 'NONE', #8320 ) ;
#8875 = DIRECTION ( 'NONE',  ( 0.000000000000000000, -1.000000000000000000, 0.000000000000000000 ) ) ;
#8876 = VERTEX_POINT ( 'NONE', #6937 ) ;
#8877 = VECTOR ( 'NONE', #4099, 999.9999999999998863 ) ;
#8878 = CARTESIAN_POINT ( 'NONE',  ( 2.976659776242249813E-16, 3.750000000000000000, -2.335481207337215093 ) ) ;
#8879 = SURFACE_STYLE_FILL_AREA ( #9067 ) ;
#8880 = VECTOR ( 'NONE', #7753, 1000.000000000000114 ) ;
#8881 = PRESENTATION_LAYER_ASSIGNMENT (  '', '', ( #3878 ) ) ;
#8882 = LINE ( 'NONE', #951, #1747 ) ;
#8883 = ORIENTED_EDGE ( 'NONE', *, *, #2389, .F. ) ;
#8884 = MECHANICAL_DESIGN_GEOMETRIC_PRESENTATION_REPRESENTATION (  '', ( #1907 ), #5103 ) ;
#8885 = DIRECTION ( 'NONE',  ( 1.000000000000000000, 0.000000000000000000, 0.000000000000000000 ) ) ;
#8886 = EDGE_CURVE ( 'NONE', #6809, #7927, #1754, .T. ) ;
#8887 = EDGE_CURVE ( 'NONE', #1867, #1803, #7644, .T. ) ;
#8888 = ORIENTED_EDGE ( 'NONE', *, *, #8859, .T. ) ;
#8889 = PRESENTATION_STYLE_ASSIGNMENT (( #2515 ) ) ;
#8890 = VECTOR ( 'NONE', #5750, 1000.000000000000000 ) ;
#8891 = ORIENTED_EDGE ( 'NONE', *, *, #6284, .T. ) ;
#8892 = PLANE ( 'NONE',  #5109 ) ;
#8893 = FILL_AREA_STYLE ('',( #6016 ) ) ;
#8894 = CARTESIAN_POINT ( 'NONE',  ( 4.535639852470909616, 2.750000000000000000, 3.338322210481544872 ) ) ;
#8895 = PRESENTATION_LAYER_ASSIGNMENT (  '', '', ( #3156 ) ) ;
#8896 = ADVANCED_FACE ( 'NONE', ( #6841 ), #9202, .F. ) ;
#8897 = CARTESIAN_POINT ( 'NONE',  ( 5.950000000000000178, 2.900543414065470227, -2.750000000000000000 ) ) ;
#8898 = AXIS2_PLACEMENT_3D ( 'NONE', #5340, #8241, #959 ) ;
#8899 =( NAMED_UNIT ( * ) SI_UNIT ( $, .STERADIAN. ) SOLID_ANGLE_UNIT ( ) );
#8900 = CARTESIAN_POINT ( 'NONE',  ( -4.567819926235459960, 3.750000000000000000, -3.311319922454459608 ) ) ;
#8901 = VECTOR ( 'NONE', #673, 1000.000000000000114 ) ;
#8902 =( GEOMETRIC_REPRESENTATION_CONTEXT ( 3 ) GLOBAL_UNCERTAINTY_ASSIGNED_CONTEXT ( ( #4458 ) ) GLOBAL_UNIT_ASSIGNED_CONTEXT ( ( #1651, #3112, #8989 ) ) REPRESENTATION_CONTEXT ( 'NONE', 'WORKASPACE' ) );
#8903 = ORIENTED_EDGE ( 'NONE', *, *, #1406, .T. ) ;
#8904 = PLANE ( 'NONE',  #9037 ) ;
#8905 = DIRECTION ( 'NONE',  ( -0.6427876096865396960, 0.000000000000000000, -0.7660444431189776804 ) ) ;
#8906 = CARTESIAN_POINT ( 'NONE',  ( -7.500000000000000000, 3.750000000000000000, 4.649999999999999467 ) ) ;
#8907 = VECTOR ( 'NONE', #6000, 1000.000000000000114 ) ;
#8908 = VECTOR ( 'NONE', #4924, 1000.000000000000114 ) ;
#8909 = CARTESIAN_POINT ( 'NONE',  ( -4.367819926235454453, 3.750000000000000000, -3.479139848689915215 ) ) ;
#8910 = CARTESIAN_POINT ( 'NONE',  ( -3.935639852470909972, 2.750000000000000000, -3.841781989187914803 ) ) ;
#8911 = EDGE_LOOP ( 'NONE', ( #1781, #5405, #6230, #3502 ) ) ;
#8912 = ORIENTED_EDGE ( 'NONE', *, *, #64, .F. ) ;
#8913 = PRODUCT_CONTEXT ( 'NONE', #2629, 'mechanical' ) ;
#8914 = CARTESIAN_POINT ( 'NONE',  ( 4.535639852470909616, 2.750000000000000000, 3.338322210481544872 ) ) ;
#8915 = AXIS2_PLACEMENT_3D ( 'NONE', #3122, #6739, #4641 ) ;
#8916 = PRESENTATION_LAYER_ASSIGNMENT (  '', '', ( #9225 ) ) ;
#8917 = FACE_OUTER_BOUND ( 'NONE', #1134, .T. ) ;
#8918 =( NAMED_UNIT ( * ) PLANE_ANGLE_UNIT ( ) SI_UNIT ( $, .RADIAN. ) );
#8919 = ORIENTED_EDGE ( 'NONE', *, *, #411, .T. ) ;
#8920 = LINE ( 'NONE', #3692, #2334 ) ;
#8921 =( LENGTH_UNIT ( ) NAMED_UNIT ( * ) SI_UNIT ( .MILLI., .METRE. ) );
#8922 = VERTEX_POINT ( 'NONE', #5462 ) ;
#8923 = VERTEX_POINT ( 'NONE', #503 ) ;
#8924 = DIRECTION ( 'NONE',  ( 0.000000000000000000, -1.000000000000000000, 0.000000000000000000 ) ) ;
#8925 = ORIENTED_EDGE ( 'NONE', *, *, #5757, .F. ) ;
#8926 = DIRECTION ( 'NONE',  ( 0.000000000000000000, 0.000000000000000000, 1.000000000000000000 ) ) ;
#8927 = EDGE_CURVE ( 'NONE', #7470, #4261, #2498, .T. ) ;
#8928 = FILL_AREA_STYLE_COLOUR ( '', #5263 ) ;
#8929 = VERTEX_POINT ( 'NONE', #4067 ) ;
#8930 = LINE ( 'NONE', #8282, #3552 ) ;
#8931 = ORIENTED_EDGE ( 'NONE', *, *, #3615, .T. ) ;
#8932 =( NAMED_UNIT ( * ) SI_UNIT ( $, .STERADIAN. ) SOLID_ANGLE_UNIT ( ) );
#8933 = LINE ( 'NONE', #5338, #3764 ) ;
#8934 = ORIENTED_EDGE ( 'NONE', *, *, #4065, .F. ) ;
#8935 = LINE ( 'NONE', #3990, #5279 ) ;
#8936 = EDGE_CURVE ( 'NONE', #5689, #1888, #8268, .T. ) ;
#8937 = DIRECTION ( 'NONE',  ( 0.000000000000000000, 0.000000000000000000, -1.000000000000000000 ) ) ;
#8938 = CARTESIAN_POINT ( 'NONE',  ( 5.949999999999919353, 0.000000000000000000, -2.949999999999999734 ) ) ;
#8939 = FACE_OUTER_BOUND ( 'NONE', #3181, .T. ) ;
#8940 = CARTESIAN_POINT ( 'NONE',  ( 7.500000000000000000, 0.000000000000000000, -1.899999999999999911 ) ) ;
#8941 = ORIENTED_EDGE ( 'NONE', *, *, #236, .F. ) ;
#8942 = FILL_AREA_STYLE_COLOUR ( '', #552 ) ;
#8943 = EDGE_CURVE ( 'NONE', #3983, #7943, #6985, .T. ) ;
#8944 = DIRECTION ( 'NONE',  ( 0.000000000000000000, -1.000000000000000000, 0.000000000000000000 ) ) ;
#8945 = UNCERTAINTY_MEASURE_WITH_UNIT (LENGTH_MEASURE( 1.000000000000000082E-05 ), #765, 'distance_accuracy_value', 'NONE');
#8946 = ADVANCED_BREP_SHAPE_REPRESENTATION ( '', ( #4328, #3266 ), #8142 ) ;
#8947 = EDGE_CURVE ( 'NONE', #316, #431, #7560, .T. ) ;
#8948 = EDGE_CURVE ( 'NONE', #8328, #1710, #1045, .T. ) ;
#8949 = DIRECTION ( 'NONE',  ( 0.000000000000000000, -1.000000000000000000, 0.000000000000000000 ) ) ;
#8950 = UNCERTAINTY_MEASURE_WITH_UNIT (LENGTH_MEASURE( 1.000000000000000082E-05 ), #1431, 'distance_accuracy_value', 'NONE');
#8951 = DIRECTION ( 'NONE',  ( -0.000000000000000000, 1.000000000000000000, 0.000000000000000000 ) ) ;
#8952 = LINE ( 'NONE', #260, #8102 ) ;
#8953 = CARTESIAN_POINT ( 'NONE',  ( -7.500000000000000000, 0.5999999999999999778, -0.8499999999999999778 ) ) ;
#8954 = APPLICATION_CONTEXT ( 'automotive_design' ) ;
#8955 = ORIENTED_EDGE ( 'NONE', *, *, #761, .T. ) ;
#8956 = ORIENTED_EDGE ( 'NONE', *, *, #2670, .T. ) ;
#8957 = PRODUCT_CONTEXT ( 'NONE', #3668, 'mechanical' ) ;
#8958 = CARTESIAN_POINT ( 'NONE',  ( 0.000000000000000000, 0.5999999999999999778, -1.050000000000000044 ) ) ;
#8959 = DIRECTION ( 'NONE',  ( 0.000000000000000000, -1.000000000000000000, 0.000000000000000000 ) ) ;
#8960 = VECTOR ( 'NONE', #4103, 1000.000000000000000 ) ;
#8961 = FACE_OUTER_BOUND ( 'NONE', #1630, .T. ) ;
#8962 = SURFACE_STYLE_USAGE ( .BOTH. , #5322 ) ;
#8963 = DIRECTION ( 'NONE',  ( 0.000000000000000000, 1.000000000000000000, 0.000000000000000000 ) ) ;
#8964 = ORIENTED_EDGE ( 'NONE', *, *, #2558, .F. ) ;
#8965 = FACE_OUTER_BOUND ( 'NONE', #7559, .T. ) ;
#8966 = ORIENTED_EDGE ( 'NONE', *, *, #5356, .F. ) ;
#8967 = EDGE_LOOP ( 'NONE', ( #8551, #207, #6414, #3208 ) ) ;
#8968 = CARTESIAN_POINT ( 'NONE',  ( 5.950000000000000178, 0.5999999999999999778, -4.649999999999999467 ) ) ;
#8969 = ORIENTED_EDGE ( 'NONE', *, *, #437, .F. ) ;
#8970 = LINE ( 'NONE', #4517, #8907 ) ;
#8971 = AXIS2_PLACEMENT_3D ( 'NONE', #3380, #9221, #6286 ) ;
#8972 = CARTESIAN_POINT ( 'NONE',  ( -5.950000000000000178, 0.5999999999999999778, -0.8499999999999999778 ) ) ;
#8973 = ADVANCED_FACE ( 'NONE', ( #5417 ), #414, .F. ) ;
#8974 = ORIENTED_EDGE ( 'NONE', *, *, #1810, .F. ) ;
#8975 = DIRECTION ( 'NONE',  ( 0.000000000000000000, 0.000000000000000000, 1.000000000000000000 ) ) ;
#8976 = VECTOR ( 'NONE', #6329, 1000.000000000000000 ) ;
#8977 = VERTEX_POINT ( 'NONE', #458 ) ;
#8978 = ADVANCED_FACE ( 'NONE', ( #2633 ), #2587, .F. ) ;
#8979 = ORIENTED_EDGE ( 'NONE', *, *, #4667, .T. ) ;
#8980 = CARTESIAN_POINT ( 'NONE',  ( -5.000000000000000000, 2.750000000000000000, -2.948677781956460464 ) ) ;
#8981 = CARTESIAN_POINT ( 'NONE',  ( -5.000000000000000000, 2.750000000000000000, 1.120054968325876033 ) ) ;
#8982 = FACE_OUTER_BOUND ( 'NONE', #8788, .T. ) ;
#8983 = PLANE ( 'NONE',  #527 ) ;
#8984 = ORIENTED_EDGE ( 'NONE', *, *, #5837, .T. ) ;
#8985 = LINE ( 'NONE', #1166, #4652 ) ;
#8986 = VECTOR ( 'NONE', #3254, 1000.000000000000000 ) ;
#8987 = ORIENTED_EDGE ( 'NONE', *, *, #4447, .T. ) ;
#8988 = CARTESIAN_POINT ( 'NONE',  ( -7.500000000000000000, 0.5999999999999999778, -2.750000000000000000 ) ) ;
#8989 =( NAMED_UNIT ( * ) SI_UNIT ( $, .STERADIAN. ) SOLID_ANGLE_UNIT ( ) );
#8990 = FACE_OUTER_BOUND ( 'NONE', #6898, .T. ) ;
#8991 = FACE_OUTER_BOUND ( 'NONE', #4599, .T. ) ;
#8992 = EDGE_CURVE ( 'NONE', #51, #613, #3972, .T. ) ;
#8993 = EDGE_CURVE ( 'NONE', #5003, #3397, #1224, .T. ) ;
#8994 = VERTEX_POINT ( 'NONE', #4734 ) ;
#8995 = DIRECTION ( 'NONE',  ( 0.000000000000000000, 0.000000000000000000, 1.000000000000000000 ) ) ;
#8996 = LINE ( 'NONE', #8812, #2536 ) ;
#8997 = AXIS2_PLACEMENT_3D ( 'NONE', #7752, #570, #5672 ) ;
#8998 = LINE ( 'NONE', #8316, #5083 ) ;
#8999 = VECTOR ( 'NONE', #8335, 1000.000000000000000 ) ;
#9000 = APPLICATION_CONTEXT ( 'automotive_design' ) ;
#9001 = EDGE_CURVE ( 'NONE', #1903, #2098, #1128, .T. ) ;
#9002 = EDGE_LOOP ( 'NONE', ( #7353, #2316, #1728, #7588 ) ) ;
#9003 = VECTOR ( 'NONE', #7720, 1000.000000000000114 ) ;
#9004 = CARTESIAN_POINT ( 'NONE',  ( -5.950000000000000178, 2.900543414065470227, -2.750000000000000000 ) ) ;
#9005 = CARTESIAN_POINT ( 'NONE',  ( -7.500000000000000000, 0.5999999999999999778, 4.649999999999999467 ) ) ;
#9006 = ORIENTED_EDGE ( 'NONE', *, *, #1307, .F. ) ;
#9007 = VECTOR ( 'NONE', #1851, 1000.000000000000000 ) ;
#9008 = CARTESIAN_POINT ( 'NONE',  ( 0.000000000000000000, 0.000000000000000000, 0.000000000000000000 ) ) ;
#9009 = VECTOR ( 'NONE', #1848, 1000.000000000000000 ) ;
#9010 = ORIENTED_EDGE ( 'NONE', *, *, #4083, .T. ) ;
#9011 = SURFACE_SIDE_STYLE ('',( #8819 ) ) ;
#9012 = AXIS2_PLACEMENT_3D ( 'NONE', #9301, #1266, #3771 ) ;
#9013 = ORIENTED_EDGE ( 'NONE', *, *, #3152, .F. ) ;
#9014 = LINE ( 'NONE', #6708, #2087 ) ;
#9015 = VECTOR ( 'NONE', #986, 1000.000000000000000 ) ;
#9016 = VECTOR ( 'NONE', #7184, 1000.000000000000000 ) ;
#9017 = ORIENTED_EDGE ( 'NONE', *, *, #8686, .F. ) ;
#9018 = CARTESIAN_POINT ( 'NONE',  ( 7.500000000000000000, 0.000000000000000000, 4.899999999999999467 ) ) ;
#9019 = ORIENTED_EDGE ( 'NONE', *, *, #3841, .T. ) ;
#9020 = EDGE_CURVE ( 'NONE', #7033, #3226, #1884, .T. ) ;
#9021 = MECHANICAL_DESIGN_GEOMETRIC_PRESENTATION_REPRESENTATION (  '', ( #5396 ), #1149 ) ;
#9022 = CARTESIAN_POINT ( 'NONE',  ( 7.500000000000000000, 2.900543414065470227, -0.6500000000000000222 ) ) ;
#9023 = VERTEX_POINT ( 'NONE', #4428 ) ;
#9024 = CARTESIAN_POINT ( 'NONE',  ( -0.8000000000000000444, 2.750000000000000000, -3.288884081412580151 ) ) ;
#9025 = AXIS2_PLACEMENT_3D ( 'NONE', #3063, #2211, #1502 ) ;
#9027 = SURFACE_STYLE_FILL_AREA ( #9078 ) ;
#9026 = VECTOR ( 'NONE', #1369, 1000.000000000000000 ) ;
#9028 =( GEOMETRIC_REPRESENTATION_CONTEXT ( 3 ) GLOBAL_UNCERTAINTY_ASSIGNED_CONTEXT ( ( #1822 ) ) GLOBAL_UNIT_ASSIGNED_CONTEXT ( ( #8231, #2412, #5187 ) ) REPRESENTATION_CONTEXT ( 'NONE', 'WORKASPACE' ) );
#9029 = EDGE_CURVE ( 'NONE', #1208, #2775, #8598, .T. ) ;
#9030 = STYLED_ITEM ( 'NONE', ( #4073 ), #6093 ) ;
#9031 = DIRECTION ( 'NONE',  ( 0.6427876096865391409, 0.000000000000000000, 0.7660444431189782355 ) ) ;
#9032 = SURFACE_STYLE_FILL_AREA ( #6157 ) ;
#9033 = UNCERTAINTY_MEASURE_WITH_UNIT (LENGTH_MEASURE( 1.000000000000000082E-05 ), #5957, 'distance_accuracy_value', 'NONE');
#9034 = VERTEX_POINT ( 'NONE', #2294 ) ;
#9035 = VECTOR ( 'NONE', #6938, 1000.000000000000114 ) ;
#9036 = DIRECTION ( 'NONE',  ( -0.6427876096865390299, 0.000000000000000000, -0.7660444431189782355 ) ) ;
#9037 = AXIS2_PLACEMENT_3D ( 'NONE', #4576, #2531, #253 ) ;
#9038 = ADVANCED_FACE ( 'NONE', ( #5935 ), #7787, .F. ) ;
#9039 = CARTESIAN_POINT ( 'NONE',  ( -4.335639852470909439, 2.750000000000000000, 1.911808560920089883 ) ) ;
#9040 = DIRECTION ( 'NONE',  ( 1.000000000000000000, 0.000000000000000000, 0.000000000000000000 ) ) ;
#9041 = DIRECTION ( 'NONE',  ( -1.000000000000000000, 0.000000000000000000, 0.000000000000000000 ) ) ;
#9042 = VECTOR ( 'NONE', #6401, 1000.000000000000114 ) ;
#9043 = CARTESIAN_POINT ( 'NONE',  ( -4.567819926235459960, 3.750000000000000000, -3.311319922454459608 ) ) ;
#9044 = EDGE_LOOP ( 'NONE', ( #1362, #2631, #3198, #3934, #5679, #8366 ) ) ;
#9045 = STYLED_ITEM ( 'NONE', ( #6767 ), #646 ) ;
#9046 = UNCERTAINTY_MEASURE_WITH_UNIT (LENGTH_MEASURE( 1.000000000000000082E-05 ), #9234, 'distance_accuracy_value', 'NONE');
#9047 = LINE ( 'NONE', #1083, #1684 ) ;
#9048 = CARTESIAN_POINT ( 'NONE',  ( -5.950000000000000178, 0.000000000000000000, 0.8499999999999999778 ) ) ;
#9049 = VECTOR ( 'NONE', #1619, 1000.000000000000114 ) ;
#9050 =( GEOMETRIC_REPRESENTATION_CONTEXT ( 3 ) GLOBAL_UNCERTAINTY_ASSIGNED_CONTEXT ( ( #5922 ) ) GLOBAL_UNIT_ASSIGNED_CONTEXT ( ( #6074, #6921, #2434 ) ) REPRESENTATION_CONTEXT ( 'NONE', 'WORKASPACE' ) );
#9051 = EDGE_CURVE ( 'NONE', #8544, #3226, #4156, .T. ) ;
#9052 = PRESENTATION_STYLE_ASSIGNMENT (( #6128 ) ) ;
#9053 = ADVANCED_FACE ( 'NONE', ( #8545 ), #1495, .F. ) ;
#9054 = ORIENTED_EDGE ( 'NONE', *, *, #8993, .T. ) ;
#9055 = DIRECTION ( 'NONE',  ( 0.000000000000000000, 0.000000000000000000, 1.000000000000000000 ) ) ;
#9056 = AXIS2_PLACEMENT_3D ( 'NONE', #8180, #1657, #5319 ) ;
#9057 = DIRECTION ( 'NONE',  ( 0.000000000000000000, 0.000000000000000000, 1.000000000000000000 ) ) ;
#9058 = VERTEX_POINT ( 'NONE', #7396 ) ;
#9059 = CARTESIAN_POINT ( 'NONE',  ( 0.000000000000000000, 0.000000000000000000, 0.000000000000000000 ) ) ;
#9060 = VECTOR ( 'NONE', #7844, 1000.000000000000114 ) ;
#9061 = ORIENTED_EDGE ( 'NONE', *, *, #7478, .F. ) ;
#9062 = DIRECTION ( 'NONE',  ( 0.000000000000000000, -1.000000000000000000, 0.000000000000000000 ) ) ;
#9063 = ORIENTED_EDGE ( 'NONE', *, *, #1756, .F. ) ;
#9064 = DIRECTION ( 'NONE',  ( 0.000000000000000000, 0.000000000000000000, 1.000000000000000000 ) ) ;
#9065 = LINE ( 'NONE', #5516, #5557 ) ;
#9066 = EDGE_CURVE ( 'NONE', #7055, #5299, #7846, .T. ) ;
#9067 = FILL_AREA_STYLE ('',( #8928 ) ) ;
#9068 = ADVANCED_BREP_SHAPE_REPRESENTATION ( '', ( #4287, #3266 ), #2797 ) ;
#9069 = APPLICATION_CONTEXT ( 'automotive_design' ) ;
#9070 = PRODUCT_RELATED_PRODUCT_CATEGORY ( 'part', '', ( #3301 ) ) ;
#9071 = CARTESIAN_POINT ( 'NONE',  ( 5.950000000000000178, 0.000000000000000000, 2.949999999999999734 ) ) ;
#9072 = CARTESIAN_POINT ( 'NONE',  ( 3.935639852470909972, 3.750000000000000000, 3.841781989187914803 ) ) ;
#9073 = FACE_OUTER_BOUND ( 'NONE', #854, .T. ) ;
#9074 = ORIENTED_EDGE ( 'NONE', *, *, #6395, .T. ) ;
#9075 = DIRECTION ( 'NONE',  ( 0.000000000000000000, 0.000000000000000000, 1.000000000000000000 ) ) ;
#9076 = ORIENTED_EDGE ( 'NONE', *, *, #6144, .F. ) ;
#9077 = FACE_OUTER_BOUND ( 'NONE', #198, .T. ) ;
#9078 = FILL_AREA_STYLE ('',( #3294 ) ) ;
#9079 = ADVANCED_FACE ( 'NONE', ( #2201 ), #5120, .F. ) ;
#9080 = CARTESIAN_POINT ( 'NONE',  ( 7.500000000000000000, 0.5999999999999999778, -1.899999999999999911 ) ) ;
#9081 = DIRECTION ( 'NONE',  ( 1.000000000000000000, 0.000000000000000000, 0.000000000000000000 ) ) ;
#9082 = PLANE ( 'NONE',  #1300 ) ;
#9083 = CARTESIAN_POINT ( 'NONE',  ( 0.2000000000000000111, 3.750000000000000000, 2.573831925856055136 ) ) ;
#9084 = ORIENTED_EDGE ( 'NONE', *, *, #5891, .T. ) ;
#9085 = DIRECTION ( 'NONE',  ( 0.6427876096865390299, 0.000000000000000000, 0.7660444431189782355 ) ) ;
#9086 = FILL_AREA_STYLE_COLOUR ( '', #2031 ) ;
#9087 = CARTESIAN_POINT ( 'NONE',  ( 7.500000000000000000, 0.5999999999999999778, 2.949999999999999734 ) ) ;
#9088 = EDGE_CURVE ( 'NONE', #6033, #8994, #5208, .T. ) ;
#9089 = PRESENTATION_STYLE_ASSIGNMENT (( #7488 ) ) ;
#9090 = LINE ( 'NONE', #1117, #9307 ) ;
#9091 = ADVANCED_FACE ( 'NONE', ( #8105 ), #2960, .F. ) ;
#9092 = DIRECTION ( 'NONE',  ( 0.7660444431189782355, 0.000000000000000000, -0.6427876096865390299 ) ) ;
#9093 = VERTEX_POINT ( 'NONE', #7291 ) ;
#9094 = ITEM_DEFINED_TRANSFORMATION ( 'NONE', 'NONE', #8836,  #3266 ) ;
#9095 = CARTESIAN_POINT ( 'NONE',  ( -0.8000000000000000444, 2.750000000000000000, 3.006760912279035303 ) ) ;
#9096 = CARTESIAN_POINT ( 'NONE',  ( -7.500000000000000000, 0.5999999999999999778, -3.799999999999999822 ) ) ;
#9097 =( NAMED_UNIT ( * ) PLANE_ANGLE_UNIT ( ) SI_UNIT ( $, .RADIAN. ) );
#9098 = ORIENTED_EDGE ( 'NONE', *, *, #3904, .F. ) ;
#9099 = DIRECTION ( 'NONE',  ( 0.6427876096865390299, 0.000000000000000000, 0.7660444431189782355 ) ) ;
#9100 = CARTESIAN_POINT ( 'NONE',  ( -4.335639852470909439, 3.750000000000000000, 1.911808560920089883 ) ) ;
#9101 = ORIENTED_EDGE ( 'NONE', *, *, #6925, .F. ) ;
#9102 = DIRECTION ( 'NONE',  ( 1.000000000000000000, 0.000000000000000000, 0.000000000000000000 ) ) ;
#9103 = EDGE_LOOP ( 'NONE', ( #9366, #2875, #7086, #5773, #3625, #2419 ) ) ;
#9104 = AXIS2_PLACEMENT_3D ( 'NONE', #5607, #6265, #547 ) ;
#9105 = CARTESIAN_POINT ( 'NONE',  ( -5.950000000000000178, 2.900543414065470227, 2.949999999999999734 ) ) ;
#9106 = VERTEX_POINT ( 'NONE', #6641 ) ;
#9107 = LINE ( 'NONE', #7089, #573 ) ;
#9108 = LINE ( 'NONE', #6192, #2811 ) ;
#9109 = CARTESIAN_POINT ( 'NONE',  ( 3.664360147529090117, 3.750000000000000000, -1.283185001540684045 ) ) ;
#9110 = CARTESIAN_POINT ( 'NONE',  ( 5.950000000000000178, 3.750000000000000000, -2.750000000000000000 ) ) ;
#9111 =( NAMED_UNIT ( * ) SI_UNIT ( $, .STERADIAN. ) SOLID_ANGLE_UNIT ( ) );
#9112 = CARTESIAN_POINT ( 'NONE',  ( 7.500000000000000000, 0.000000000000000000, -0.8499999999999999778 ) ) ;
#9113 = ORIENTED_EDGE ( 'NONE', *, *, #7802, .F. ) ;
#9114 = EDGE_CURVE ( 'NONE', #5375, #3847, #8502, .T. ) ;
#9115 = CARTESIAN_POINT ( 'NONE',  ( 5.950000000000000178, 0.000000000000000000, -2.750000000000000000 ) ) ;
#9116 = ADVANCED_FACE ( 'NONE', ( #2256 ), #6591, .T. ) ;
#9117 = ORIENTED_EDGE ( 'NONE', *, *, #8776, .F. ) ;
#9118 =( NAMED_UNIT ( * ) SI_UNIT ( $, .STERADIAN. ) SOLID_ANGLE_UNIT ( ) );
#9119 = PRESENTATION_LAYER_ASSIGNMENT (  '', '', ( #4577 ) ) ;
#9120 = FILL_AREA_STYLE_COLOUR ( '', #3860 ) ;
#9121 = ORIENTED_EDGE ( 'NONE', *, *, #6693, .T. ) ;
#9122 = EDGE_CURVE ( 'NONE', #419, #8604, #295, .T. ) ;
#9123 = CARTESIAN_POINT ( 'NONE',  ( 4.432180073764544481, 2.750000000000000000, -1.927462418455420101 ) ) ;
#9124 = ORIENTED_EDGE ( 'NONE', *, *, #6294, .T. ) ;
#9125 = DIRECTION ( 'NONE',  ( 0.000000000000000000, 0.000000000000000000, -1.000000000000000000 ) ) ;
#9126 = LINE ( 'NONE', #6967, #6460 ) ;
#9127 = EDGE_LOOP ( 'NONE', ( #5309, #6886, #1663, #4606 ) ) ;
#9128 = PRESENTATION_STYLE_ASSIGNMENT (( #1390 ) ) ;
#9129 = DIRECTION ( 'NONE',  ( 0.000000000000000000, 0.000000000000000000, -1.000000000000000000 ) ) ;
#9130 = AXIS2_PLACEMENT_3D ( 'NONE', #4213, #6559, #4987 ) ;
#9131 = APPLICATION_CONTEXT ( 'automotive_design' ) ;
#9132 = SHAPE_REPRESENTATION ( 'Boss-Extrude6[3]_1', ( #3266 ), #7077 ) ;
#9133 = LINE ( 'NONE', #5229, #107 ) ;
#9134 = LINE ( 'NONE', #2619, #7796 ) ;
#9135 = CARTESIAN_POINT ( 'NONE',  ( -4.335639852470909439, 3.750000000000000000, 1.911808560920089883 ) ) ;
#9136 = ORIENTED_EDGE ( 'NONE', *, *, #4540, .F. ) ;
#9137 = ADVANCED_FACE ( 'NONE', ( #8297 ), #8845, .F. ) ;
#9138 = CONTEXT_DEPENDENT_SHAPE_REPRESENTATION ( #3969, #2006 ) ;
#9139 =( NAMED_UNIT ( * ) SI_UNIT ( $, .STERADIAN. ) SOLID_ANGLE_UNIT ( ) );
#9140 = AXIS2_PLACEMENT_3D ( 'NONE', #2687, #5617, #5465 ) ;
#9141 = FACE_OUTER_BOUND ( 'NONE', #4702, .T. ) ;
#9142 = DIRECTION ( 'NONE',  ( 0.000000000000000000, -1.000000000000000000, 0.000000000000000000 ) ) ;
#9143 = ADVANCED_FACE ( 'NONE', ( #3196, #5264, #7440, #196, #966, #5441, #7625, #7535, #1780 ), #3816, .T. ) ;
#9144 = EDGE_LOOP ( 'NONE', ( #4323, #2413, #4878, #9019 ) ) ;
#9145 = DIRECTION ( 'NONE',  ( 0.000000000000000000, -1.000000000000000000, 0.000000000000000000 ) ) ;
#9146 = PLANE ( 'NONE',  #697 ) ;
#9147 = ORIENTED_EDGE ( 'NONE', *, *, #5031, .F. ) ;
#9148 = DIRECTION ( 'NONE',  ( 0.000000000000000000, 0.000000000000000000, 1.000000000000000000 ) ) ;
#9149 = PRESENTATION_LAYER_ASSIGNMENT (  '', '', ( #3843 ) ) ;
#9150 = ORIENTED_EDGE ( 'NONE', *, *, #7713, .T. ) ;
#9151 = LINE ( 'NONE', #4739, #8976 ) ;
#9152 = ORIENTED_EDGE ( 'NONE', *, *, #1869, .F. ) ;
#9153 = LINE ( 'NONE', #7039, #6198 ) ;
#9154 = DIRECTION ( 'NONE',  ( 0.9848077530122079093, 0.000000000000000000, 0.1736481776669309696 ) ) ;
#9155 =( LENGTH_UNIT ( ) NAMED_UNIT ( * ) SI_UNIT ( .MILLI., .METRE. ) );
#9156 = DIRECTION ( 'NONE',  ( -0.7660444431189782355, 0.000000000000000000, 0.6427876096865390299 ) ) ;
#9157 = DIRECTION ( 'NONE',  ( 1.000000000000000000, 0.000000000000000000, 0.000000000000000000 ) ) ;
#9158 = CARTESIAN_POINT ( 'NONE',  ( -5.000000000000000000, 3.750000000000000000, -2.948677781956460464 ) ) ;
#9159 = ORIENTED_EDGE ( 'NONE', *, *, #4507, .T. ) ;
#9160 = PRESENTATION_LAYER_ASSIGNMENT (  '', '', ( #3856 ) ) ;
#9161 = LINE ( 'NONE', #6956, #4874 ) ;
#9162 = ORIENTED_EDGE ( 'NONE', *, *, #2496, .T. ) ;
#9163 = VECTOR ( 'NONE', #8355, 1000.000000000000000 ) ;
#9164 = DIRECTION ( 'NONE',  ( 0.000000000000000000, 0.000000000000000000, -1.000000000000000000 ) ) ;
#9165 = CARTESIAN_POINT ( 'NONE',  ( -5.950000000000000178, 0.000000000000000000, -2.750000000000000000 ) ) ;
#9166 = AXIS2_PLACEMENT_3D ( 'NONE', #8383, #1861, #1245 ) ;
#9167 = AXIS2_PLACEMENT_3D ( 'NONE', #7604, #2548, #1089 ) ;
#9168 = PRODUCT_DEFINITION ( 'UNKNOWN', '', #4435, #3995 ) ;
#9169 = ORIENTED_EDGE ( 'NONE', *, *, #2153, .T. ) ;
#9170 = EDGE_CURVE ( 'NONE', #5944, #3638, #1821, .T. ) ;
#9171 = VECTOR ( 'NONE', #4586, 1000.000000000000000 ) ;
#9172 = PLANE ( 'NONE',  #361 ) ;
#9173 = EDGE_LOOP ( 'NONE', ( #6295, #9206 ) ) ;
#9174 = COLOUR_RGB ( '',0.7921568627450980005, 0.8196078431372548767, 0.9333333333333333481 ) ;
#9175 =( LENGTH_UNIT ( ) NAMED_UNIT ( * ) SI_UNIT ( .MILLI., .METRE. ) );
#9176 = LINE ( 'NONE', #4813, #3558 ) ;
#9177 = VECTOR ( 'NONE', #4919, 1000.000000000000000 ) ;
#9178 = ORIENTED_EDGE ( 'NONE', *, *, #3088, .T. ) ;
#9179 = CARTESIAN_POINT ( 'NONE',  ( 7.500000000000000000, 0.000000000000000000, 4.649999999999999467 ) ) ;
#9180 = CARTESIAN_POINT ( 'NONE',  ( -3.600000000000000089, -2.455974827712295028, -2.564087693133389578 ) ) ;
#9181 = CYLINDRICAL_SURFACE ( 'NONE', #3994, 0.5000000000000000000 ) ;
#9182 = MECHANICAL_DESIGN_GEOMETRIC_PRESENTATION_REPRESENTATION (  '', ( #6025 ), #2961 ) ;
#9183 = ADVANCED_FACE ( 'NONE', ( #6068 ), #6866, .T. ) ;
#9184 = PRODUCT_RELATED_PRODUCT_CATEGORY ( 'part', '', ( #8094 ) ) ;
#9185 = AXIS2_PLACEMENT_3D ( 'NONE', #2691, #3415, #4118 ) ;
#9186 =( GEOMETRIC_REPRESENTATION_CONTEXT ( 3 ) GLOBAL_UNCERTAINTY_ASSIGNED_CONTEXT ( ( #2998 ) ) GLOBAL_UNIT_ASSIGNED_CONTEXT ( ( #2853, #5043, #2374 ) ) REPRESENTATION_CONTEXT ( 'NONE', 'WORKASPACE' ) );
#9187 = DIRECTION ( 'NONE',  ( 0.6427876096865381417, 0.000000000000000000, 0.7660444431189790127 ) ) ;
#9188 = STYLED_ITEM ( 'NONE', ( #5687 ), #7356 ) ;
#9189 = ORIENTED_EDGE ( 'NONE', *, *, #1598, .T. ) ;
#9190 = APPLICATION_CONTEXT ( 'automotive_design' ) ;
#9191 =( LENGTH_UNIT ( ) NAMED_UNIT ( * ) SI_UNIT ( .MILLI., .METRE. ) );
#9192 = CARTESIAN_POINT ( 'NONE',  ( -2.250000000000000000, 0.000000000000000000, -1.000000000000000000 ) ) ;
#9193 = LINE ( 'NONE', #604, #384 ) ;
#9194 = COLOUR_RGB ( '',0.7529411764705882248, 0.000000000000000000, 0.000000000000000000 ) ;
#9195 = COLOUR_RGB ( '',0.7921568627450980005, 0.8196078431372548767, 0.9333333333333333481 ) ;
#9196 = COLOUR_RGB ( '',0.7921568627450980005, 0.8196078431372548767, 0.9333333333333333481 ) ;
#9197 = LINE ( 'NONE', #7737, #8908 ) ;
#9198 = EDGE_CURVE ( 'NONE', #7637, #8068, #8165, .T. ) ;
#9199 = AXIS2_PLACEMENT_3D ( 'NONE', #1287, #583, #1205 ) ;
#9200 = DIRECTION ( 'NONE',  ( 0.000000000000000000, -1.000000000000000000, 0.000000000000000000 ) ) ;
#9201 = ORIENTED_EDGE ( 'NONE', *, *, #4361, .F. ) ;
#9202 = PLANE ( 'NONE',  #7829 ) ;
#9203 = DIRECTION ( 'NONE',  ( 1.000000000000000000, 0.000000000000000000, 0.000000000000000000 ) ) ;
#9204 = ORIENTED_EDGE ( 'NONE', *, *, #4623, .T. ) ;
#9205 = DIRECTION ( 'NONE',  ( 0.000000000000000000, 0.000000000000000000, 1.000000000000000000 ) ) ;
#9206 = ORIENTED_EDGE ( 'NONE', *, *, #3418, .T. ) ;
#9207 = LINE ( 'NONE', #5619, #3667 ) ;
#9208 =( GEOMETRIC_REPRESENTATION_CONTEXT ( 3 ) GLOBAL_UNCERTAINTY_ASSIGNED_CONTEXT ( ( #5456 ) ) GLOBAL_UNIT_ASSIGNED_CONTEXT ( ( #8705, #5884, #768 ) ) REPRESENTATION_CONTEXT ( 'NONE', 'WORKASPACE' ) );
#9209 = COLOUR_RGB ( '',0.7921568627450980005, 0.8196078431372548767, 0.9333333333333333481 ) ;
#9210 = ORIENTED_EDGE ( 'NONE', *, *, #1113, .F. ) ;
#9211 = CARTESIAN_POINT ( 'NONE',  ( -5.950000000000000178, 0.5999999999999999778, 4.649999999999999467 ) ) ;
#9212 = FACE_OUTER_BOUND ( 'NONE', #8967, .T. ) ;
#9213 = LINE ( 'NONE', #2734, #4330 ) ;
#9214 = DIRECTION ( 'NONE',  ( 0.000000000000000000, 0.000000000000000000, -1.000000000000000000 ) ) ;
#9215 = DIRECTION ( 'NONE',  ( 0.000000000000000000, 0.000000000000000000, -1.000000000000000000 ) ) ;
#9216 = PRESENTATION_LAYER_ASSIGNMENT (  '', '', ( #8470 ) ) ;
#9217 = EDGE_CURVE ( 'NONE', #5528, #103, #3243, .T. ) ;
#9218 = FILL_AREA_STYLE ('',( #8419 ) ) ;
#9219 = ORIENTED_EDGE ( 'NONE', *, *, #4509, .T. ) ;
#9220 = ORIENTED_EDGE ( 'NONE', *, *, #3144, .T. ) ;
#9221 = DIRECTION ( 'NONE',  ( 0.000000000000000000, 0.000000000000000000, -1.000000000000000000 ) ) ;
#9222 = ORIENTED_EDGE ( 'NONE', *, *, #240, .T. ) ;
#9223 = FACE_OUTER_BOUND ( 'NONE', #84, .T. ) ;
#9224 = CARTESIAN_POINT ( 'NONE',  ( -7.500000000000000000, 0.5999999999999999778, 4.899999999999999467 ) ) ;
#9225 = STYLED_ITEM ( 'NONE', ( #8889 ), #4088 ) ;
#9226 = CARTESIAN_POINT ( 'NONE',  ( 3.935639852470909972, 2.750000000000000000, 3.841781989187914803 ) ) ;
#9227 = ORIENTED_EDGE ( 'NONE', *, *, #5613, .F. ) ;
#9228 = DIRECTION ( 'NONE',  ( 0.000000000000000000, 0.000000000000000000, 1.000000000000000000 ) ) ;
#9229 = DIRECTION ( 'NONE',  ( 0.000000000000000000, 0.000000000000000000, 1.000000000000000000 ) ) ;
#9230 = ORIENTED_EDGE ( 'NONE', *, *, #2638, .T. ) ;
#9231 = FACE_OUTER_BOUND ( 'NONE', #7877, .T. ) ;
#9232 = DIRECTION ( 'NONE',  ( 0.000000000000000000, -1.000000000000000000, 0.000000000000000000 ) ) ;
#9233 = EDGE_LOOP ( 'NONE', ( #7907, #4854, #656, #2976 ) ) ;
#9234 =( LENGTH_UNIT ( ) NAMED_UNIT ( * ) SI_UNIT ( .MILLI., .METRE. ) );
#9235 = LINE ( 'NONE', #6301, #7985 ) ;
#9236 = ADVANCED_FACE ( 'NONE', ( #1683 ), #7482, .T. ) ;
#9237 =( NAMED_UNIT ( * ) SI_UNIT ( $, .STERADIAN. ) SOLID_ANGLE_UNIT ( ) );
#9238 = CARTESIAN_POINT ( 'NONE',  ( 3.935639852470909972, -2.455974827712295028, 3.841781989187914803 ) ) ;
#9239 = UNCERTAINTY_MEASURE_WITH_UNIT (LENGTH_MEASURE( 1.000000000000000082E-05 ), #5767, 'distance_accuracy_value', 'NONE');
#9240 = DIRECTION ( 'NONE',  ( -1.000000000000000000, 0.000000000000000000, 0.000000000000000000 ) ) ;
#9241 =( LENGTH_UNIT ( ) NAMED_UNIT ( * ) SI_UNIT ( .MILLI., .METRE. ) );
#9242 = EDGE_CURVE ( 'NONE', #2140, #3235, #1726, .T. ) ;
#9243 = ORIENTED_EDGE ( 'NONE', *, *, #714, .T. ) ;
#9244 = DIRECTION ( 'NONE',  ( 0.000000000000000000, -1.000000000000000000, 0.000000000000000000 ) ) ;
#9245 = ADVANCED_FACE ( 'NONE', ( #6822 ), #8983, .T. ) ;
#9246 = LINE ( 'NONE', #7838, #6852 ) ;
#9247 = CARTESIAN_POINT ( 'NONE',  ( 7.500000000000000000, 0.5999999999999999778, -3.799999999999999822 ) ) ;
#9248 = ADVANCED_FACE ( 'NONE', ( #6297 ), #1347, .T. ) ;
#9249 = CARTESIAN_POINT ( 'NONE',  ( 0.8000000000000000444, 3.750000000000000000, -1.788248978016140134 ) ) ;
#9250 =( NAMED_UNIT ( * ) PLANE_ANGLE_UNIT ( ) SI_UNIT ( $, .RADIAN. ) );
#9251 = ORIENTED_EDGE ( 'NONE', *, *, #3517, .T. ) ;
#9252 = EDGE_CURVE ( 'NONE', #1941, #3366, #7109, .T. ) ;
#9253 =( LENGTH_UNIT ( ) NAMED_UNIT ( * ) SI_UNIT ( .MILLI., .METRE. ) );
#9254 = CARTESIAN_POINT ( 'NONE',  ( 0.000000000000000000, 0.5999999999999999778, -2.949999999999999734 ) ) ;
#9255 = ORIENTED_EDGE ( 'NONE', *, *, #1466, .F. ) ;
#9256 = VERTEX_POINT ( 'NONE', #5688 ) ;
#9257 = DIRECTION ( 'NONE',  ( 0.000000000000000000, 1.000000000000000000, 0.000000000000000000 ) ) ;
#9258 = VERTEX_POINT ( 'NONE', #1966 ) ;
#9259 = CARTESIAN_POINT ( 'NONE',  ( -7.500000000000000000, 0.000000000000000000, -4.336808689942014778E-16 ) ) ;
#9260 = LINE ( 'NONE', #2733, #6616 ) ;
#9261 = PLANE ( 'NONE',  #5110 ) ;
#9262 = LINE ( 'NONE', #2647, #7496 ) ;
#9263 = FACE_BOUND ( 'NONE', #2029, .T. ) ;
#9264 = DIRECTION ( 'NONE',  ( 1.000000000000000000, 0.000000000000000000, 0.000000000000000000 ) ) ;
#9265 = DIRECTION ( 'NONE',  ( 0.000000000000000000, 0.000000000000000000, -1.000000000000000000 ) ) ;
#9266 = DIRECTION ( 'NONE',  ( 0.000000000000000000, 1.000000000000000000, 0.000000000000000000 ) ) ;
#9267 = ORIENTED_EDGE ( 'NONE', *, *, #7566, .T. ) ;
#9268 = VERTEX_POINT ( 'NONE', #1162 ) ;
#9269 = EDGE_CURVE ( 'NONE', #1110, #2663, #2755, .T. ) ;
#9270 = EDGE_LOOP ( 'NONE', ( #1839, #5929, #7422, #709 ) ) ;
#9271 =( LENGTH_UNIT ( ) NAMED_UNIT ( * ) SI_UNIT ( .MILLI., .METRE. ) );
#9272 = CARTESIAN_POINT ( 'NONE',  ( 4.599999999999999645, 2.750000000000000000, -1.727462418455419924 ) ) ;
#9273 = FACE_OUTER_BOUND ( 'NONE', #5354, .T. ) ;
#9274 = EDGE_CURVE ( 'NONE', #536, #8923, #4756, .T. ) ;
#9275 = VECTOR ( 'NONE', #7921, 1000.000000000000000 ) ;
#9276 = SURFACE_SIDE_STYLE ('',( #5527 ) ) ;
#9277 = EDGE_LOOP ( 'NONE', ( #9074, #1126 ) ) ;
#9278 = EDGE_CURVE ( 'NONE', #5678, #1323, #3391, .T. ) ;
#9279 = LINE ( 'NONE', #6348, #1274 ) ;
#9280 = ORIENTED_EDGE ( 'NONE', *, *, #3587, .T. ) ;
#9281 = SURFACE_SIDE_STYLE ('',( #8663 ) ) ;
#9282 = DIRECTION ( 'NONE',  ( 1.000000000000000000, 0.000000000000000000, 0.000000000000000000 ) ) ;
#9283 = VERTEX_POINT ( 'NONE', #3344 ) ;
#9284 = PLANE ( 'NONE',  #4505 ) ;
#9285 = FACE_OUTER_BOUND ( 'NONE', #3926, .T. ) ;
#9286 = LINE ( 'NONE', #2760, #1940 ) ;
#9287 = CIRCLE ( 'NONE', #637, 0.5999999999999998668 ) ;
#9288 =( LENGTH_UNIT ( ) NAMED_UNIT ( * ) SI_UNIT ( .MILLI., .METRE. ) );
#9289 = DIRECTION ( 'NONE',  ( -1.000000000000000000, 0.000000000000000000, 0.000000000000000000 ) ) ;
#9290 = DIRECTION ( 'NONE',  ( -0.9848077530122079093, 0.000000000000000000, -0.1736481776669314692 ) ) ;
#9291 = ORIENTED_EDGE ( 'NONE', *, *, #3117, .T. ) ;
#9292 = COLOUR_RGB ( '',0.7921568627450980005, 0.8196078431372548767, 0.9333333333333333481 ) ;
#9293 = CARTESIAN_POINT ( 'NONE',  ( -5.000000000000000000, 2.750000000000000000, -2.948677781956460464 ) ) ;
#9294 = DIRECTION ( 'NONE',  ( 0.000000000000000000, 1.000000000000000000, 0.000000000000000000 ) ) ;
#9295 = CARTESIAN_POINT ( 'NONE',  ( -2.250000000000000000, 0.1000000000000000056, 0.000000000000000000 ) ) ;
#9296 = DIRECTION ( 'NONE',  ( 0.000000000000000000, -1.000000000000000000, 0.000000000000000000 ) ) ;
#9297 = DIRECTION ( 'NONE',  ( 0.6427876096865396960, 0.000000000000000000, 0.7660444431189776804 ) ) ;
#9298 = EDGE_CURVE ( 'NONE', #5521, #8202, #4234, .T. ) ;
#9299 = EDGE_CURVE ( 'NONE', #6978, #5814, #7767, .T. ) ;
#9300 = ORIENTED_EDGE ( 'NONE', *, *, #1981, .F. ) ;
#9301 = CARTESIAN_POINT ( 'NONE',  ( -7.500000000000000000, 0.5999999999999999778, 4.899999999999999467 ) ) ;
#9302 = ORIENTED_EDGE ( 'NONE', *, *, #4667, .F. ) ;
#9303 = AXIS2_PLACEMENT_3D ( 'NONE', #1843, #6416, #7976 ) ;
#9304 = ORIENTED_EDGE ( 'NONE', *, *, #439, .F. ) ;
#9305 = DIRECTION ( 'NONE',  ( -1.000000000000000000, 0.000000000000000000, 0.000000000000000000 ) ) ;
#9306 = PLANE ( 'NONE',  #678 ) ;
#9307 = VECTOR ( 'NONE', #2539, 1000.000000000000000 ) ;
#9308 = DIRECTION ( 'NONE',  ( 0.000000000000000000, -1.000000000000000000, 0.000000000000000000 ) ) ;
#9309 = EDGE_CURVE ( 'NONE', #742, #3440, #534, .T. ) ;
#9310 = DIRECTION ( 'NONE',  ( 0.000000000000000000, 0.000000000000000000, -1.000000000000000000 ) ) ;
#9311 = FILL_AREA_STYLE ('',( #6427 ) ) ;
#9312 = PLANE ( 'NONE',  #2628 ) ;
#9313 = EDGE_LOOP ( 'NONE', ( #2003, #3782, #7044, #5511 ) ) ;
#9314 = DIRECTION ( 'NONE',  ( 0.000000000000000000, 0.000000000000000000, -1.000000000000000000 ) ) ;
#9315 = VERTEX_POINT ( 'NONE', #7876 ) ;
#9316 = DIRECTION ( 'NONE',  ( 0.6427876096865390299, 0.000000000000000000, 0.7660444431189782355 ) ) ;
#9317 = AXIS2_PLACEMENT_3D ( 'NONE', #5160, #8052, #9228 ) ;
#9318 = VECTOR ( 'NONE', #9264, 1000.000000000000000 ) ;
#9319 = DIRECTION ( 'NONE',  ( 0.000000000000000000, 0.000000000000000000, 1.000000000000000000 ) ) ;
#9320 = VERTEX_POINT ( 'NONE', #8574 ) ;
#9321 = AXIS2_PLACEMENT_3D ( 'NONE', #2844, #1471, #5724 ) ;
#9322 = CARTESIAN_POINT ( 'NONE',  ( -7.500000000000000000, 0.5999999999999999778, -2.550000000000000266 ) ) ;
#9323 = ORIENTED_EDGE ( 'NONE', *, *, #6178, .F. ) ;
#9324 = UNCERTAINTY_MEASURE_WITH_UNIT (LENGTH_MEASURE( 1.000000000000000082E-05 ), #1625, 'distance_accuracy_value', 'NONE');
#9325 = AXIS2_PLACEMENT_3D ( 'NONE', #7592, #8253, #8350 ) ;
#9326 = VERTEX_POINT ( 'NONE', #4046 ) ;
#9327 = VECTOR ( 'NONE', #2037, 1000.000000000000000 ) ;
#9328 = LINE ( 'NONE', #5830, #8734 ) ;
#9329 = FACE_OUTER_BOUND ( 'NONE', #7245, .T. ) ;
#9330 = AXIS2_PLACEMENT_3D ( 'NONE', #7671, #5590, #8386 ) ;
#9331 = EDGE_CURVE ( 'NONE', #546, #2801, #9126, .T. ) ;
#9332 = VECTOR ( 'NONE', #7689, 1000.000000000000000 ) ;
#9333 =( GEOMETRIC_REPRESENTATION_CONTEXT ( 3 ) GLOBAL_UNCERTAINTY_ASSIGNED_CONTEXT ( ( #1521 ) ) GLOBAL_UNIT_ASSIGNED_CONTEXT ( ( #6646, #7813, #6959 ) ) REPRESENTATION_CONTEXT ( 'NONE', 'WORKASPACE' ) );
#9334 = DIRECTION ( 'NONE',  ( -0.7660444431189776804, 0.000000000000000000, 0.6427876096865396960 ) ) ;
#9335 = ORIENTED_EDGE ( 'NONE', *, *, #6683, .F. ) ;
#9336 = AXIS2_PLACEMENT_3D ( 'NONE', #1504, #6652, #1691 ) ;
#9337 = ADVANCED_FACE ( 'NONE', ( #2707 ), #391, .T. ) ;
#9338 = DIRECTION ( 'NONE',  ( 1.000000000000000000, 0.000000000000000000, 0.000000000000000000 ) ) ;
#9339 = DIRECTION ( 'NONE',  ( 0.000000000000000000, -1.000000000000000000, 0.000000000000000000 ) ) ;
#9340 = EDGE_CURVE ( 'NONE', #2312, #6270, #5533, .T. ) ;
#9341 = CIRCLE ( 'NONE', #842, 0.6500000000000000222 ) ;
#9342 = DIRECTION ( 'NONE',  ( 0.6427876096865396960, 0.000000000000000000, 0.7660444431189776804 ) ) ;
#9343 = VECTOR ( 'NONE', #5373, 1000.000000000000000 ) ;
#9344 = DIRECTION ( 'NONE',  ( 0.000000000000000000, -1.000000000000000000, 0.000000000000000000 ) ) ;
#9345 = DIRECTION ( 'NONE',  ( 0.000000000000000000, -1.000000000000000000, 0.000000000000000000 ) ) ;
#9346 = VERTEX_POINT ( 'NONE', #9083 ) ;
#9347 =( GEOMETRIC_REPRESENTATION_CONTEXT ( 3 ) GLOBAL_UNCERTAINTY_ASSIGNED_CONTEXT ( ( #2009 ) ) GLOBAL_UNIT_ASSIGNED_CONTEXT ( ( #1213, #4091, #6355 ) ) REPRESENTATION_CONTEXT ( 'NONE', 'WORKASPACE' ) );
#9348 = ORIENTED_EDGE ( 'NONE', *, *, #596, .F. ) ;
#9349 = PRESENTATION_LAYER_ASSIGNMENT (  '', '', ( #6930 ) ) ;
#9350 = DIRECTION ( 'NONE',  ( 1.000000000000000000, 0.000000000000000000, 0.000000000000000000 ) ) ;
#9351 = VERTEX_POINT ( 'NONE', #2664 ) ;
#9352 = DIRECTION ( 'NONE',  ( 0.000000000000000000, 0.000000000000000000, -1.000000000000000000 ) ) ;
#9353 = ORIENTED_EDGE ( 'NONE', *, *, #6963, .T. ) ;
#9354 = VECTOR ( 'NONE', #8322, 1000.000000000000114 ) ;
#9355 = PRESENTATION_STYLE_ASSIGNMENT (( #2980 ) ) ;
#9356 = CARTESIAN_POINT ( 'NONE',  ( 5.950000000000000178, 3.750000000000000000, 2.949999999999999734 ) ) ;
#9357 = VECTOR ( 'NONE', #2307, 1000.000000000000114 ) ;
#9358 = EDGE_CURVE ( 'NONE', #5730, #7033, #2570, .T. ) ;
#9359 =( NAMED_UNIT ( * ) SI_UNIT ( $, .STERADIAN. ) SOLID_ANGLE_UNIT ( ) );
#9360 =( GEOMETRIC_REPRESENTATION_CONTEXT ( 3 ) GLOBAL_UNCERTAINTY_ASSIGNED_CONTEXT ( ( #8791 ) ) GLOBAL_UNIT_ASSIGNED_CONTEXT ( ( #1677, #2568, #6908 ) ) REPRESENTATION_CONTEXT ( 'NONE', 'WORKASPACE' ) );
#9361 = PRODUCT_DEFINITION_CONTEXT ( 'detailed design', #4271, 'design' ) ;
#9362 = PLANE ( 'NONE',  #1615 ) ;
#9363 = FACE_OUTER_BOUND ( 'NONE', #1532, .T. ) ;
#9364 = VECTOR ( 'NONE', #8838, 1000.000000000000000 ) ;
#9365 = PRESENTATION_LAYER_ASSIGNMENT (  '', '', ( #4663 ) ) ;
#9366 = ORIENTED_EDGE ( 'NONE', *, *, #1838, .F. ) ;
#9367 = EDGE_CURVE ( 'NONE', #3607, #6957, #9176, .T. ) ;
#9368 = DIRECTION ( 'NONE',  ( 0.000000000000000000, -1.000000000000000000, 0.000000000000000000 ) ) ;
#9369 = VERTEX_POINT ( 'NONE', #1249 ) ;
#9370 = DIRECTION ( 'NONE',  ( 0.000000000000000000, 1.000000000000000000, 0.000000000000000000 ) ) ;
#9371 = EDGE_CURVE ( 'NONE', #5730, #8544, #7009, .T. ) ;
#9372 = VECTOR ( 'NONE', #7904, 1000.000000000000000 ) ;
#9373 = DIRECTION ( 'NONE',  ( 0.000000000000000000, 1.000000000000000000, 0.000000000000000000 ) ) ;
#9374 = EDGE_LOOP ( 'NONE', ( #5850, #990, #8420, #1004 ) ) ;
#9375 = DIRECTION ( 'NONE',  ( 0.000000000000000000, 0.000000000000000000, -1.000000000000000000 ) ) ;
#9376 = ORIENTED_EDGE ( 'NONE', *, *, #4955, .F. ) ;
#9377 = CARTESIAN_POINT ( 'NONE',  ( -2.250000000000000000, 0.1000000000000000056, -0.5000000000000000000 ) ) ;
#9378 =( LENGTH_UNIT ( ) NAMED_UNIT ( * ) SI_UNIT ( .MILLI., .METRE. ) );
#9379 =( GEOMETRIC_REPRESENTATION_CONTEXT ( 3 ) GLOBAL_UNCERTAINTY_ASSIGNED_CONTEXT ( ( #8492 ) ) GLOBAL_UNIT_ASSIGNED_CONTEXT ( ( #4503, #1351, #9237 ) ) REPRESENTATION_CONTEXT ( 'NONE', 'WORKASPACE' ) );
#9380 = ORIENTED_EDGE ( 'NONE', *, *, #7502, .T. ) ;
#9381 = PRESENTATION_LAYER_ASSIGNMENT (  '', '', ( #8018 ) ) ;
#9382 = DIRECTION ( 'NONE',  ( -0.000000000000000000, 1.000000000000000000, 0.000000000000000000 ) ) ;
#9383 = PLANE ( 'NONE',  #7847 ) ;
#9384 = APPLICATION_CONTEXT ( 'automotive_design' ) ;
#9385 = CARTESIAN_POINT ( 'NONE',  ( 5.950000000000000178, 0.000000000000000000, 4.649999999999999467 ) ) ;
#9386 = FACE_OUTER_BOUND ( 'NONE', #4750, .T. ) ;
#9387 =( LENGTH_UNIT ( ) NAMED_UNIT ( * ) SI_UNIT ( .MILLI., .METRE. ) );
#9388 = NEXT_ASSEMBLY_USAGE_OCCURRENCE ( 'NAUO1', ' ', ' ', #7738, #5731, $ ) ;
#9389 = NEXT_ASSEMBLY_USAGE_OCCURRENCE ( 'NAUO2', ' ', ' ', #7738, #2724, $ ) ;
#9390 = NEXT_ASSEMBLY_USAGE_OCCURRENCE ( 'NAUO3', ' ', ' ', #7738, #2441, $ ) ;
#9391 = NEXT_ASSEMBLY_USAGE_OCCURRENCE ( 'NAUO4', ' ', ' ', #7738, #4131, $ ) ;
#9392 = NEXT_ASSEMBLY_USAGE_OCCURRENCE ( 'NAUO5', ' ', ' ', #7738, #6124, $ ) ;
#9393 = NEXT_ASSEMBLY_USAGE_OCCURRENCE ( 'NAUO6', ' ', ' ', #7738, #7515, $ ) ;
#9394 = NEXT_ASSEMBLY_USAGE_OCCURRENCE ( 'NAUO7', ' ', ' ', #7738, #6819, $ ) ;
#9395 = NEXT_ASSEMBLY_USAGE_OCCURRENCE ( 'NAUO8', ' ', ' ', #7738, #7811, $ ) ;
#9396 = NEXT_ASSEMBLY_USAGE_OCCURRENCE ( 'NAUO9', ' ', ' ', #7738, #1468, $ ) ;
#9397 = NEXT_ASSEMBLY_USAGE_OCCURRENCE ( 'NAUO10', ' ', ' ', #7738, #5429, $ ) ;
#9398 = NEXT_ASSEMBLY_USAGE_OCCURRENCE ( 'NAUO11', ' ', ' ', #7738, #7103, $ ) ;
#9399 = NEXT_ASSEMBLY_USAGE_OCCURRENCE ( 'NAUO12', ' ', ' ', #7738, #6111, $ ) ;
#9400 = NEXT_ASSEMBLY_USAGE_OCCURRENCE ( 'NAUO13', ' ', ' ', #7738, #1765, $ ) ;
#9401 = NEXT_ASSEMBLY_USAGE_OCCURRENCE ( 'NAUO14', ' ', ' ', #7738, #8096, $ ) ;
#9402 = NEXT_ASSEMBLY_USAGE_OCCURRENCE ( 'NAUO15', ' ', ' ', #7738, #6811, $ ) ;
#9403 = NEXT_ASSEMBLY_USAGE_OCCURRENCE ( 'NAUO16', ' ', ' ', #7738, #4836, $ ) ;
#9404 = NEXT_ASSEMBLY_USAGE_OCCURRENCE ( 'NAUO17', ' ', ' ', #7738, #55, $ ) ;
#9405 = NEXT_ASSEMBLY_USAGE_OCCURRENCE ( 'NAUO18', ' ', ' ', #7738, #4409, $ ) ;
#9406 = NEXT_ASSEMBLY_USAGE_OCCURRENCE ( 'NAUO19', ' ', ' ', #7738, #5840, $ ) ;
#9407 = NEXT_ASSEMBLY_USAGE_OCCURRENCE ( 'NAUO20', ' ', ' ', #7738, #6542, $ ) ;
#9408 = NEXT_ASSEMBLY_USAGE_OCCURRENCE ( 'NAUO21', ' ', ' ', #7738, #7115, $ ) ;
#9409 = NEXT_ASSEMBLY_USAGE_OCCURRENCE ( 'NAUO22', ' ', ' ', #7738, #766, $ ) ;
#9410 = NEXT_ASSEMBLY_USAGE_OCCURRENCE ( 'NAUO23', ' ', ' ', #7738, #9168, $ ) ;
ENDSEC;
END-ISO-10303-21;
